target,window,seed,best_epoch,val_loss,test_loss,top1,top5
RN50__attnpool,0_100,0,11,7.1859,4.7316,0.045,0.175
RN50__attnpool,0_100,1,10,7.1974,4.7626,0.035,0.16
RN50__attnpool,0_100,2,9,7.2395,4.8198,0.035,0.115
RN50__attnpool,0_100,3,11,7.2095,4.7187,0.045,0.18
RN50__attnpool,0_100,4,12,7.1756,4.7533,0.045,0.155
RN50__attnpool,100_200,0,19,6.4405,3.4029,0.205,0.5
RN50__attnpool,100_200,1,18,6.4277,3.4111,0.2,0.48
RN50__attnpool,100_200,2,17,6.4649,3.3925,0.2,0.52
RN50__attnpool,100_200,3,19,6.4953,3.4092,0.195,0.495
RN50__attnpool,100_200,4,17,6.4674,3.4585,0.18,0.465
RN50__attnpool,200_300,0,18,6.4206,3.3571,0.205,0.5
RN50__attnpool,200_300,1,17,6.4095,3.3693,0.225,0.45
RN50__attnpool,200_300,2,19,6.4279,3.3402,0.205,0.49
RN50__attnpool,200_300,3,17,6.4522,3.3599,0.22,0.485
RN50__attnpool,200_300,4,17,6.4594,3.3701,0.22,0.495
RN50__attnpool,300_400,0,14,6.8362,3.8325,0.12,0.36
RN50__attnpool,300_400,1,15,6.8706,3.8483,0.11,0.38
RN50__attnpool,300_400,2,13,6.8726,3.794,0.145,0.365
RN50__attnpool,300_400,3,15,6.8726,3.8338,0.115,0.35
RN50__attnpool,300_400,4,12,6.9051,3.8784,0.105,0.345
RN50__attnpool,400_500,0,10,7.2658,4.4754,0.05,0.17
RN50__attnpool,400_500,1,12,7.2405,4.4615,0.045,0.2
RN50__attnpool,400_500,2,9,7.2919,4.493,0.065,0.205
RN50__attnpool,400_500,3,9,7.2417,4.5532,0.045,0.14
RN50__attnpool,400_500,4,10,7.2482,4.4736,0.055,0.205
RN50__attnpool,500_600,0,5,7.4609,5.0821,0.025,0.055
RN50__attnpool,500_600,1,3,7.4576,5.2017,0.025,0.075
RN50__attnpool,500_600,2,4,7.4773,5.1046,0.005,0.08
RN50__attnpool,500_600,3,3,7.438,5.1897,0.02,0.06
RN50__attnpool,500_600,4,6,7.4342,5.0841,0.015,0.07
RN50__attnpool,600_700,0,2,7.4807,5.2822,0.005,0.02
RN50__attnpool,600_700,1,2,7.4571,5.2745,0.01,0.035
RN50__attnpool,600_700,2,2,7.4586,5.264,0.015,0.035
RN50__attnpool,600_700,3,2,7.4646,5.2657,0.0,0.065
RN50__attnpool,600_700,4,3,7.4593,5.2214,0.0,0.03
RN50__attnpool,700_800,0,2,7.4796,5.2977,0.0,0.01
RN50__attnpool,700_800,1,2,7.4825,5.297,0.0,0.005
RN50__attnpool,700_800,2,2,7.4936,5.2812,0.015,0.03
RN50__attnpool,700_800,3,2,7.4774,5.2838,0.01,0.03
RN50__attnpool,700_800,4,2,7.4722,5.3024,0.015,0.04
RN50__attnpool,800_900,0,2,7.4928,5.3121,0.005,0.02
RN50__attnpool,800_900,1,2,7.4957,5.3074,0.005,0.03
RN50__attnpool,800_900,2,2,7.4876,5.284,0.005,0.035
RN50__attnpool,800_900,3,2,7.4866,5.291,0.0,0.025
RN50__attnpool,800_900,4,2,7.4774,5.3033,0.005,0.045
RN50__attnpool,900_1000,0,2,7.5022,5.3206,0.005,0.01
RN50__attnpool,900_1000,1,2,7.4985,5.3199,0.0,0.005
RN50__attnpool,900_1000,2,2,7.4989,5.2908,0.01,0.04
RN50__attnpool,900_1000,3,2,7.478,5.2982,0.005,0.03
RN50__attnpool,900_1000,4,2,7.4949,5.3068,0.005,0.025
RN50__attnpool__fov,0_100,0,11,7.1813,4.7496,0.045,0.18
RN50__attnpool__fov,0_100,1,11,7.2184,4.7734,0.03,0.15
RN50__attnpool__fov,0_100,2,11,7.199,4.74,0.055,0.17
RN50__attnpool__fov,0_100,3,10,7.2021,4.7397,0.045,0.15
RN50__attnpool__fov,0_100,4,13,7.1518,4.7331,0.065,0.185
RN50__attnpool__fov,100_200,0,19,6.4343,3.3974,0.23,0.495
RN50__attnpool__fov,100_200,1,18,6.4012,3.376,0.22,0.485
RN50__attnpool__fov,100_200,2,21,6.4225,3.3448,0.215,0.51
RN50__attnpool__fov,100_200,3,19,6.47,3.3677,0.195,0.5
RN50__attnpool__fov,100_200,4,16,6.4348,3.4353,0.22,0.47
RN50__attnpool__fov,200_300,0,18,6.4151,3.3259,0.225,0.51
RN50__attnpool__fov,200_300,1,18,6.3792,3.3003,0.24,0.52
RN50__attnpool__fov,200_300,2,18,6.4071,3.3158,0.225,0.49
RN50__attnpool__fov,200_300,3,19,6.4259,3.2913,0.23,0.515
RN50__attnpool__fov,200_300,4,17,6.4556,3.3368,0.205,0.5
RN50__attnpool__fov,300_400,0,12,6.834,3.8365,0.11,0.39
RN50__attnpool__fov,300_400,1,15,6.8791,3.8334,0.14,0.365
RN50__attnpool__fov,300_400,2,16,6.8881,3.7643,0.14,0.395
RN50__attnpool__fov,300_400,3,14,6.8813,3.8298,0.1,0.355
RN50__attnpool__fov,300_400,4,13,6.9229,3.8376,0.1,0.34
RN50__attnpool__fov,400_500,0,10,7.277,4.482,0.06,0.185
RN50__attnpool__fov,400_500,1,11,7.2451,4.4904,0.045,0.205
RN50__attnpool__fov,400_500,2,10,7.2651,4.476,0.055,0.17
RN50__attnpool__fov,400_500,3,9,7.2369,4.5125,0.06,0.225
RN50__attnpool__fov,400_500,4,10,7.2248,4.4746,0.055,0.19
RN50__attnpool__fov,500_600,0,5,7.4437,5.1133,0.005,0.05
RN50__attnpool__fov,500_600,1,6,7.4595,5.0727,0.02,0.06
RN50__attnpool__fov,500_600,2,4,7.4486,5.0968,0.015,0.085
RN50__attnpool__fov,500_600,3,3,7.4519,5.1881,0.015,0.06
RN50__attnpool__fov,500_600,4,5,7.4478,5.0765,0.015,0.065
RN50__attnpool__fov,600_700,0,2,7.458,5.259,0.005,0.045
RN50__attnpool__fov,600_700,1,2,7.4771,5.2719,0.01,0.03
RN50__attnpool__fov,600_700,2,3,7.4498,5.232,0.01,0.025
RN50__attnpool__fov,600_700,3,2,7.4629,5.272,0.005,0.03
RN50__attnpool__fov,600_700,4,3,7.4494,5.2133,0.005,0.04
RN50__attnpool__fov,700_800,0,2,7.4695,5.29,0.0,0.03
RN50__attnpool__fov,700_800,1,2,7.4787,5.3055,0.0,0.015
RN50__attnpool__fov,700_800,2,2,7.4843,5.2851,0.005,0.035
RN50__attnpool__fov,700_800,3,2,7.4757,5.2852,0.01,0.025
RN50__attnpool__fov,700_800,4,2,7.4696,5.2882,0.0,0.01
RN50__attnpool__fov,800_900,0,2,7.4707,5.3009,0.005,0.02
RN50__attnpool__fov,800_900,1,2,7.4772,5.3157,0.005,0.02
RN50__attnpool__fov,800_900,2,2,7.4584,5.2873,0.005,0.045
RN50__attnpool__fov,800_900,3,2,7.4912,5.3041,0.01,0.02
RN50__attnpool__fov,800_900,4,2,7.4716,5.2792,0.01,0.035
RN50__attnpool__fov,900_1000,0,2,7.4774,5.3086,0.005,0.03
RN50__attnpool__fov,900_1000,1,2,7.4957,5.3233,0.005,0.025
RN50__attnpool__fov,900_1000,2,2,7.4785,5.2993,0.005,0.03
RN50__attnpool__fov,900_1000,3,2,7.4891,5.2921,0.005,0.015
RN50__attnpool__fov,900_1000,4,2,7.4817,5.294,0.005,0.035
RN50__layer1,0_100,0,14,6.9536,4.1365,0.075,0.245
RN50__layer1,0_100,1,17,6.9185,4.0819,0.085,0.28
RN50__layer1,0_100,2,17,6.9201,4.1451,0.06,0.275
RN50__layer1,0_100,3,17,6.9481,4.116,0.055,0.275
RN50__layer1,0_100,4,15,6.9216,4.088,0.085,0.29
RN50__layer1,100_200,0,22,6.3612,2.9974,0.265,0.615
RN50__layer1,100_200,1,26,6.3092,2.9338,0.285,0.615
RN50__layer1,100_200,2,27,6.2967,2.9543,0.28,0.61
RN50__layer1,100_200,3,22,6.3825,3.0705,0.25,0.57
RN50__layer1,100_200,4,22,6.282,3.0193,0.265,0.61
RN50__layer1,200_300,0,20,6.4942,3.4074,0.14,0.455
RN50__layer1,200_300,1,18,6.4813,3.4313,0.145,0.43
RN50__layer1,200_300,2,18,6.4936,3.4542,0.135,0.43
RN50__layer1,200_300,3,22,6.4818,3.4154,0.12,0.435
RN50__layer1,200_300,4,19,6.4801,3.478,0.125,0.405
RN50__layer1,300_400,0,10,7.0563,4.2283,0.06,0.195
RN50__layer1,300_400,1,10,7.113,4.2246,0.05,0.235
RN50__layer1,300_400,2,9,7.1105,4.2651,0.09,0.24
RN50__layer1,300_400,3,10,7.0615,4.2147,0.055,0.225
RN50__layer1,300_400,4,8,7.1704,4.3633,0.055,0.19
RN50__layer1,400_500,0,4,7.3566,5.0127,0.035,0.185
RN50__layer1,400_500,1,6,7.3427,4.8919,0.035,0.13
RN50__layer1,400_500,2,6,7.332,4.8596,0.035,0.145
RN50__layer1,400_500,3,4,7.3587,5.0522,0.03,0.14
RN50__layer1,400_500,4,4,7.3737,5.0461,0.035,0.11
RN50__layer1,500_600,0,3,7.4319,5.2419,0.02,0.04
RN50__layer1,500_600,1,3,7.4292,5.2405,0.025,0.045
RN50__layer1,500_600,2,3,7.4246,5.237,0.005,0.04
RN50__layer1,500_600,3,4,7.429,5.2207,0.005,0.065
RN50__layer1,500_600,4,3,7.4439,5.2467,0.01,0.035
RN50__layer1,600_700,0,3,7.4502,5.2794,0.01,0.035
RN50__layer1,600_700,1,3,7.4494,5.2887,0.0,0.045
RN50__layer1,600_700,2,3,7.4452,5.2794,0.0,0.02
RN50__layer1,600_700,3,3,7.4475,5.2722,0.01,0.02
RN50__layer1,600_700,4,3,7.4627,5.2746,0.01,0.055
RN50__layer1,700_800,0,3,7.4714,5.2752,0.005,0.035
RN50__layer1,700_800,1,3,7.4653,5.2891,0.005,0.04
RN50__layer1,700_800,2,3,7.4583,5.2917,0.0,0.02
RN50__layer1,700_800,3,4,7.4666,5.2888,0.005,0.02
RN50__layer1,700_800,4,3,7.468,5.2826,0.005,0.025
RN50__layer1,800_900,0,3,7.4754,5.2938,0.0,0.02
RN50__layer1,800_900,1,3,7.459,5.2948,0.005,0.025
RN50__layer1,800_900,2,3,7.4634,5.29,0.0,0.035
RN50__layer1,800_900,3,4,7.4483,5.2863,0.005,0.01
RN50__layer1,800_900,4,3,7.4736,5.2947,0.005,0.02
RN50__layer1,900_1000,0,3,7.4693,5.2986,0.005,0.035
RN50__layer1,900_1000,1,3,7.4576,5.3081,0.0,0.04
RN50__layer1,900_1000,2,3,7.4452,5.2957,0.0,0.015
RN50__layer1,900_1000,3,3,7.4562,5.3028,0.01,0.025
RN50__layer1,900_1000,4,3,7.4579,5.302,0.0,0.015
RN50__layer1__fov,0_100,0,15,6.9161,4.0554,0.08,0.28
RN50__layer1__fov,0_100,1,17,6.8693,3.9822,0.085,0.32
RN50__layer1__fov,0_100,2,17,6.8797,4.0902,0.09,0.27
RN50__layer1__fov,0_100,3,15,6.8802,4.0736,0.065,0.29
RN50__layer1__fov,0_100,4,18,6.8714,3.9517,0.09,0.33
RN50__layer1__fov,100_200,0,23,6.3263,2.9276,0.275,0.64
RN50__layer1__fov,100_200,1,26,6.2587,2.9036,0.26,0.63
RN50__layer1__fov,100_200,2,27,6.2417,2.9078,0.265,0.63
RN50__layer1__fov,100_200,3,23,6.3413,2.9815,0.245,0.61
RN50__layer1__fov,100_200,4,29,6.2551,2.8649,0.275,0.645
RN50__layer1__fov,200_300,0,21,6.4631,3.3718,0.12,0.45
RN50__layer1__fov,200_300,1,18,6.4488,3.3741,0.145,0.44
RN50__layer1__fov,200_300,2,18,6.4632,3.4038,0.11,0.44
RN50__layer1__fov,200_300,3,22,6.4439,3.329,0.13,0.465
RN50__layer1__fov,200_300,4,19,6.4505,3.3976,0.12,0.425
RN50__layer1__fov,300_400,0,10,7.0457,4.2365,0.07,0.235
RN50__layer1__fov,300_400,1,10,7.1042,4.2124,0.05,0.225
RN50__layer1__fov,300_400,2,10,7.1054,4.2225,0.075,0.235
RN50__layer1__fov,300_400,3,10,7.0513,4.2185,0.055,0.245
RN50__layer1__fov,300_400,4,8,7.1659,4.3192,0.065,0.215
RN50__layer1__fov,400_500,0,4,7.3602,5.0194,0.02,0.155
RN50__layer1__fov,400_500,1,7,7.3435,4.8234,0.025,0.135
RN50__layer1__fov,400_500,2,6,7.3383,4.8581,0.025,0.15
RN50__layer1__fov,400_500,3,4,7.3452,5.0368,0.04,0.135
RN50__layer1__fov,400_500,4,4,7.3581,5.0363,0.03,0.11
RN50__layer1__fov,500_600,0,3,7.4348,5.2397,0.01,0.04
RN50__layer1__fov,500_600,1,3,7.4345,5.2401,0.015,0.045
RN50__layer1__fov,500_600,2,3,7.4274,5.2432,0.01,0.04
RN50__layer1__fov,500_600,3,4,7.4179,5.2189,0.015,0.06
RN50__layer1__fov,500_600,4,3,7.4409,5.242,0.01,0.03
RN50__layer1__fov,600_700,0,3,7.4423,5.2781,0.005,0.03
RN50__layer1__fov,600_700,1,3,7.4475,5.2861,0.005,0.035
RN50__layer1__fov,600_700,2,3,7.4629,5.2832,0.0,0.06
RN50__layer1__fov,600_700,3,3,7.4457,5.2814,0.015,0.045
RN50__layer1__fov,600_700,4,3,7.4545,5.2815,0.005,0.015
RN50__layer1__fov,700_800,0,3,7.4695,5.2805,0.01,0.03
RN50__layer1__fov,700_800,1,3,7.4515,5.2965,0.005,0.03
RN50__layer1__fov,700_800,2,3,7.4733,5.2895,0.01,0.02
RN50__layer1__fov,700_800,3,3,7.4571,5.2947,0.0,0.015
RN50__layer1__fov,700_800,4,3,7.4603,5.2872,0.0,0.035
RN50__layer1__fov,800_900,0,3,7.475,5.2928,0.005,0.035
RN50__layer1__fov,800_900,1,3,7.4468,5.2989,0.01,0.035
RN50__layer1__fov,800_900,2,3,7.4786,5.2868,0.01,0.03
RN50__layer1__fov,800_900,3,4,7.4474,5.2775,0.015,0.03
RN50__layer1__fov,800_900,4,3,7.4672,5.3015,0.0,0.015
RN50__layer1__fov,900_1000,0,3,7.466,5.2973,0.01,0.035
RN50__layer1__fov,900_1000,1,3,7.4582,5.308,0.01,0.02
RN50__layer1__fov,900_1000,2,3,7.4672,5.2947,0.0,0.025
RN50__layer1__fov,900_1000,3,3,7.4611,5.3027,0.005,0.01
RN50__layer1__fov,900_1000,4,3,7.4542,5.3006,0.005,0.01
RN50__layer2,0_100,0,17,6.9171,4.0567,0.075,0.295
RN50__layer2,0_100,1,17,6.8727,4.0326,0.08,0.285
RN50__layer2,0_100,2,16,6.8889,4.0778,0.105,0.28
RN50__layer2,0_100,3,16,6.8904,4.0323,0.1,0.29
RN50__layer2,0_100,4,16,6.866,4.0542,0.075,0.28
RN50__layer2,100_200,0,26,6.1032,2.6737,0.325,0.695
RN50__layer2,100_200,1,27,6.0617,2.7015,0.32,0.705
RN50__layer2,100_200,2,31,6.0574,2.6725,0.29,0.72
RN50__layer2,100_200,3,37,6.1171,2.6369,0.335,0.73
RN50__layer2,100_200,4,28,6.0683,2.6723,0.31,0.715
RN50__layer2,200_300,0,21,6.2763,3.1998,0.215,0.49
RN50__layer2,200_300,1,21,6.2679,3.1601,0.205,0.475
RN50__layer2,200_300,2,20,6.3083,3.2179,0.195,0.475
RN50__layer2,200_300,3,21,6.2646,3.1934,0.195,0.495
RN50__layer2,200_300,4,19,6.2892,3.2363,0.19,0.475
RN50__layer2,300_400,0,10,6.9333,4.0331,0.13,0.31
RN50__layer2,300_400,1,10,6.9785,4.0292,0.09,0.295
RN50__layer2,300_400,2,12,6.977,3.9651,0.11,0.29
RN50__layer2,300_400,3,12,6.9374,4.0405,0.105,0.275
RN50__layer2,300_400,4,10,7.0379,4.0367,0.115,0.29
RN50__layer2,400_500,0,7,7.3075,4.6199,0.07,0.18
RN50__layer2,400_500,1,8,7.2792,4.6217,0.025,0.135
RN50__layer2,400_500,2,7,7.3098,4.5829,0.06,0.195
RN50__layer2,400_500,3,6,7.2976,4.6761,0.035,0.14
RN50__layer2,400_500,4,6,7.3081,4.67,0.055,0.17
RN50__layer2,500_600,0,3,7.4322,5.1899,0.01,0.045
RN50__layer2,500_600,1,3,7.4403,5.2231,0.005,0.025
RN50__layer2,500_600,2,2,7.4329,5.2454,0.0,0.03
RN50__layer2,500_600,3,3,7.4273,5.1913,0.015,0.075
RN50__layer2,500_600,4,2,7.44,5.24,0.005,0.035
RN50__layer2,600_700,0,2,7.451,5.2665,0.0,0.015
RN50__layer2,600_700,1,3,7.4316,5.2836,0.005,0.03
RN50__layer2,600_700,2,2,7.4441,5.281,0.015,0.04
RN50__layer2,600_700,3,3,7.4277,5.2603,0.0,0.04
RN50__layer2,600_700,4,2,7.4487,5.272,0.01,0.05
RN50__layer2,700_800,0,2,7.4711,5.294,0.005,0.03
RN50__layer2,700_800,1,2,7.4524,5.3072,0.005,0.03
RN50__layer2,700_800,2,2,7.4559,5.3069,0.015,0.03
RN50__layer2,700_800,3,2,7.4623,5.2932,0.005,0.04
RN50__layer2,700_800,4,2,7.4497,5.3041,0.0,0.025
RN50__layer2,800_900,0,2,7.4612,5.2938,0.01,0.03
RN50__layer2,800_900,1,2,7.4629,5.3027,0.005,0.045
RN50__layer2,800_900,2,2,7.4678,5.2943,0.005,0.03
RN50__layer2,800_900,3,2,7.4526,5.3069,0.005,0.03
RN50__layer2,800_900,4,2,7.4553,5.2997,0.0,0.02
RN50__layer2,900_1000,0,2,7.4648,5.3019,0.0,0.03
RN50__layer2,900_1000,1,2,7.449,5.3166,0.005,0.04
RN50__layer2,900_1000,2,2,7.4609,5.3131,0.0,0.02
RN50__layer2,900_1000,3,2,7.4544,5.3071,0.0,0.025
RN50__layer2,900_1000,4,2,7.459,5.3069,0.005,0.02
RN50__layer2__fov,0_100,0,16,6.8988,3.9711,0.08,0.3
RN50__layer2__fov,0_100,1,17,6.8363,3.9447,0.115,0.325
RN50__layer2__fov,0_100,2,16,6.841,4.0004,0.095,0.3
RN50__layer2__fov,0_100,3,16,6.8556,3.9775,0.115,0.335
RN50__layer2__fov,0_100,4,16,6.8271,3.9954,0.115,0.295
RN50__layer2__fov,100_200,0,35,6.0748,2.5498,0.38,0.705
RN50__layer2__fov,100_200,1,30,6.007,2.5831,0.345,0.705
RN50__layer2__fov,100_200,2,31,6.0185,2.5917,0.32,0.7
RN50__layer2__fov,100_200,3,37,6.0762,2.5692,0.325,0.73
RN50__layer2__fov,100_200,4,28,6.0421,2.6232,0.33,0.715
RN50__layer2__fov,200_300,0,17,6.2575,3.1965,0.215,0.49
RN50__layer2__fov,200_300,1,21,6.2324,3.1029,0.205,0.52
RN50__layer2__fov,200_300,2,20,6.2791,3.1534,0.22,0.485
RN50__layer2__fov,200_300,3,22,6.2408,3.104,0.195,0.525
RN50__layer2__fov,200_300,4,19,6.2669,3.1708,0.175,0.52
RN50__layer2__fov,300_400,0,10,6.9217,4.029,0.115,0.27
RN50__layer2__fov,300_400,1,12,6.9611,3.9726,0.075,0.315
RN50__layer2__fov,300_400,2,12,6.9699,3.9506,0.11,0.32
RN50__layer2__fov,300_400,3,12,6.9166,3.9939,0.115,0.29
RN50__layer2__fov,300_400,4,10,7.0161,4.0219,0.11,0.31
RN50__layer2__fov,400_500,0,7,7.3015,4.6006,0.07,0.18
RN50__layer2__fov,400_500,1,8,7.285,4.6209,0.045,0.17
RN50__layer2__fov,400_500,2,7,7.2993,4.6102,0.045,0.18
RN50__layer2__fov,400_500,3,6,7.2935,4.6497,0.055,0.15
RN50__layer2__fov,400_500,4,6,7.31,4.6471,0.04,0.16
RN50__layer2__fov,500_600,0,3,7.4348,5.1983,0.01,0.05
RN50__layer2__fov,500_600,1,3,7.4339,5.2136,0.01,0.05
RN50__layer2__fov,500_600,2,2,7.4402,5.2458,0.0,0.03
RN50__layer2__fov,500_600,3,3,7.4309,5.1836,0.01,0.07
RN50__layer2__fov,500_600,4,2,7.4289,5.2393,0.015,0.045
RN50__layer2__fov,600_700,0,2,7.4512,5.2741,0.01,0.02
RN50__layer2__fov,600_700,1,3,7.4274,5.2637,0.005,0.06
RN50__layer2__fov,600_700,2,2,7.4421,5.2924,0.005,0.025
RN50__layer2__fov,600_700,3,3,7.4366,5.2543,0.01,0.035
RN50__layer2__fov,600_700,4,2,7.439,5.2677,0.015,0.04
RN50__layer2__fov,700_800,0,2,7.4696,5.2955,0.005,0.025
RN50__layer2__fov,700_800,1,2,7.4483,5.2933,0.005,0.025
RN50__layer2__fov,700_800,2,2,7.4564,5.3005,0.005,0.04
RN50__layer2__fov,700_800,3,2,7.4592,5.286,0.005,0.025
RN50__layer2__fov,700_800,4,2,7.4414,5.2932,0.005,0.015
RN50__layer2__fov,800_900,0,2,7.4596,5.2986,0.01,0.015
RN50__layer2__fov,800_900,1,2,7.4571,5.3035,0.005,0.03
RN50__layer2__fov,800_900,2,2,7.4681,5.2976,0.01,0.04
RN50__layer2__fov,800_900,3,2,7.4446,5.288,0.0,0.02
RN50__layer2__fov,800_900,4,2,7.4615,5.2989,0.015,0.04
RN50__layer2__fov,900_1000,0,2,7.4632,5.3075,0.0,0.025
RN50__layer2__fov,900_1000,1,2,7.4577,5.3108,0.01,0.035
RN50__layer2__fov,900_1000,2,2,7.4577,5.318,0.0,0.02
RN50__layer2__fov,900_1000,3,2,7.4548,5.3013,0.005,0.025
RN50__layer2__fov,900_1000,4,2,7.4506,5.3014,0.02,0.025
RN50__layer3,0_100,0,19,6.9721,4.0708,0.125,0.325
RN50__layer3,0_100,1,17,6.9297,4.1171,0.1,0.27
RN50__layer3,0_100,2,19,6.9308,4.1291,0.095,0.315
RN50__layer3,0_100,3,16,6.9419,4.0982,0.11,0.295
RN50__layer3,0_100,4,21,6.9096,4.0583,0.125,0.305
RN50__layer3,100_200,0,30,5.9406,2.4819,0.43,0.72
RN50__layer3,100_200,1,32,5.8977,2.4507,0.45,0.745
RN50__layer3,100_200,2,35,5.9199,2.4735,0.4,0.72
RN50__layer3,100_200,3,47,5.9384,2.4689,0.415,0.725
RN50__layer3,100_200,4,27,5.9746,2.5083,0.405,0.73
RN50__layer3,200_300,0,29,6.0706,2.7981,0.335,0.61
RN50__layer3,200_300,1,27,6.0539,2.8032,0.335,0.635
RN50__layer3,200_300,2,25,6.0455,2.8361,0.335,0.64
RN50__layer3,200_300,3,26,6.0633,2.8271,0.295,0.615
RN50__layer3,200_300,4,28,6.1149,2.8122,0.335,0.61
RN50__layer3,300_400,0,16,6.7478,3.5991,0.175,0.425
RN50__layer3,300_400,1,15,6.786,3.5817,0.165,0.405
RN50__layer3,300_400,2,16,6.7518,3.5547,0.175,0.43
RN50__layer3,300_400,3,15,6.7548,3.6117,0.165,0.415
RN50__layer3,300_400,4,14,6.8408,3.5935,0.155,0.46
RN50__layer3,400_500,0,10,7.2544,4.3897,0.07,0.235
RN50__layer3,400_500,1,12,7.1955,4.3193,0.1,0.275
RN50__layer3,400_500,2,12,7.207,4.3257,0.08,0.27
RN50__layer3,400_500,3,11,7.2033,4.3635,0.09,0.245
RN50__layer3,400_500,4,11,7.2033,4.3275,0.115,0.23
RN50__layer3,500_600,0,3,7.4513,5.1436,0.015,0.085
RN50__layer3,500_600,1,6,7.4238,4.9746,0.025,0.125
RN50__layer3,500_600,2,6,7.4234,5.0011,0.005,0.11
RN50__layer3,500_600,3,6,7.4082,5.0101,0.035,0.1
RN50__layer3,500_600,4,6,7.4496,4.9815,0.01,0.105
RN50__layer3,600_700,0,3,7.476,5.2118,0.015,0.06
RN50__layer3,600_700,1,2,7.4444,5.255,0.01,0.05
RN50__layer3,600_700,2,3,7.4488,5.2247,0.005,0.04
RN50__layer3,600_700,3,4,7.43,5.1549,0.02,0.08
RN50__layer3,600_700,4,4,7.4816,5.1807,0.01,0.045
RN50__layer3,700_800,0,2,7.4901,5.2918,0.0,0.03
RN50__layer3,700_800,1,2,7.4705,5.2968,0.01,0.04
RN50__layer3,700_800,2,2,7.4867,5.2869,0.0,0.02
RN50__layer3,700_800,3,3,7.4617,5.2413,0.005,0.035
RN50__layer3,700_800,4,2,7.4973,5.3074,0.01,0.035
RN50__layer3,800_900,0,2,7.481,5.2922,0.0,0.02
RN50__layer3,800_900,1,2,7.4743,5.2904,0.015,0.035
RN50__layer3,800_900,2,2,7.4844,5.2913,0.005,0.03
RN50__layer3,800_900,3,2,7.4611,5.2925,0.005,0.03
RN50__layer3,800_900,4,2,7.4825,5.2892,0.015,0.03
RN50__layer3,900_1000,0,2,7.4903,5.3165,0.0,0.02
RN50__layer3,900_1000,1,2,7.4893,5.3121,0.005,0.035
RN50__layer3,900_1000,2,2,7.496,5.3026,0.0,0.025
RN50__layer3,900_1000,3,2,7.4699,5.3086,0.005,0.04
RN50__layer3,900_1000,4,2,7.4971,5.3105,0.01,0.025
RN50__layer3__fov,0_100,0,19,6.9704,4.0718,0.095,0.315
RN50__layer3__fov,0_100,1,17,6.9099,4.0931,0.095,0.295
RN50__layer3__fov,0_100,2,19,6.9244,4.0969,0.115,0.34
RN50__layer3__fov,0_100,3,22,6.9466,3.9905,0.11,0.32
RN50__layer3__fov,0_100,4,22,6.902,4.0597,0.105,0.28
RN50__layer3__fov,100_200,0,28,5.9421,2.4648,0.42,0.735
RN50__layer3__fov,100_200,1,40,5.8699,2.4012,0.445,0.76
RN50__layer3__fov,100_200,2,35,5.8983,2.4298,0.44,0.745
RN50__layer3__fov,100_200,3,47,5.9068,2.4268,0.435,0.745
RN50__layer3__fov,100_200,4,38,5.9398,2.4248,0.42,0.725
RN50__layer3__fov,200_300,0,26,6.0552,2.7961,0.33,0.635
RN50__layer3__fov,200_300,1,27,6.034,2.7609,0.345,0.635
RN50__layer3__fov,200_300,2,25,6.0597,2.7942,0.33,0.64
RN50__layer3__fov,200_300,3,27,6.0445,2.7541,0.35,0.64
RN50__layer3__fov,200_300,4,27,6.0932,2.8093,0.335,0.63
RN50__layer3__fov,300_400,0,16,6.7285,3.6215,0.19,0.41
RN50__layer3__fov,300_400,1,17,6.7765,3.5542,0.175,0.425
RN50__layer3__fov,300_400,2,16,6.7424,3.5562,0.17,0.43
RN50__layer3__fov,300_400,3,16,6.7482,3.5403,0.17,0.435
RN50__layer3__fov,300_400,4,14,6.8266,3.5367,0.185,0.445
RN50__layer3__fov,400_500,0,10,7.2346,4.3595,0.115,0.25
RN50__layer3__fov,400_500,1,12,7.2018,4.285,0.075,0.245
RN50__layer3__fov,400_500,2,12,7.1924,4.3154,0.12,0.29
RN50__layer3__fov,400_500,3,11,7.1941,4.3376,0.08,0.22
RN50__layer3__fov,400_500,4,11,7.2182,4.3247,0.085,0.265
RN50__layer3__fov,500_600,0,5,7.425,5.014,0.015,0.075
RN50__layer3__fov,500_600,1,4,7.4514,5.0566,0.005,0.065
RN50__layer3__fov,500_600,2,5,7.4421,5.0219,0.005,0.065
RN50__layer3__fov,500_600,3,6,7.4029,4.9995,0.01,0.13
RN50__layer3__fov,500_600,4,5,7.4457,5.0467,0.005,0.07
RN50__layer3__fov,600_700,0,3,7.4565,5.2408,0.01,0.06
RN50__layer3__fov,600_700,1,3,7.4583,5.2155,0.02,0.06
RN50__layer3__fov,600_700,2,3,7.469,5.2206,0.015,0.075
RN50__layer3__fov,600_700,3,4,7.435,5.1645,0.01,0.065
RN50__layer3__fov,600_700,4,2,7.4729,5.2713,0.005,0.035
RN50__layer3__fov,700_800,0,2,7.4892,5.2942,0.0,0.02
RN50__layer3__fov,700_800,1,2,7.4924,5.301,0.005,0.015
RN50__layer3__fov,700_800,2,2,7.4975,5.2824,0.015,0.03
RN50__layer3__fov,700_800,3,3,7.4697,5.2756,0.005,0.015
RN50__layer3__fov,700_800,4,2,7.4814,5.3137,0.015,0.025
RN50__layer3__fov,800_900,0,2,7.4759,5.3015,0.005,0.025
RN50__layer3__fov,800_900,1,2,7.4832,5.2973,0.005,0.02
RN50__layer3__fov,800_900,2,2,7.4926,5.2945,0.005,0.03
RN50__layer3__fov,800_900,3,2,7.4652,5.3067,0.0,0.03
RN50__layer3__fov,800_900,4,2,7.4799,5.3085,0.005,0.035
RN50__layer3__fov,900_1000,0,2,7.4852,5.3104,0.0,0.015
RN50__layer3__fov,900_1000,1,2,7.4873,5.3196,0.005,0.01
RN50__layer3__fov,900_1000,2,2,7.4992,5.3054,0.005,0.01
RN50__layer3__fov,900_1000,3,2,7.4654,5.3166,0.005,0.005
RN50__layer3__fov,900_1000,4,2,7.4849,5.3019,0.01,0.03
RN50__layer4,0_100,0,16,7.0924,4.4604,0.045,0.19
RN50__layer4,0_100,1,15,7.0915,4.5472,0.065,0.2
RN50__layer4,0_100,2,16,7.0895,4.4952,0.06,0.2
RN50__layer4,0_100,3,14,7.1061,4.4391,0.08,0.205
RN50__layer4,0_100,4,17,7.0463,4.4844,0.08,0.195
RN50__layer4,100_200,0,23,6.1911,2.9848,0.245,0.595
RN50__layer4,100_200,1,27,6.1192,2.9614,0.27,0.615
RN50__layer4,100_200,2,26,6.1739,2.9936,0.255,0.575
RN50__layer4,100_200,3,32,6.1769,2.9497,0.26,0.605
RN50__layer4,100_200,4,25,6.1788,3.0061,0.255,0.58
RN50__layer4,200_300,0,23,6.1678,3.0349,0.255,0.575
RN50__layer4,200_300,1,22,6.1806,3.0565,0.24,0.56
RN50__layer4,200_300,2,20,6.1795,3.0685,0.235,0.565
RN50__layer4,200_300,3,24,6.196,3.0179,0.255,0.59
RN50__layer4,200_300,4,21,6.1967,3.0722,0.255,0.555
RN50__layer4,300_400,0,15,6.7378,3.6638,0.145,0.4
RN50__layer4,300_400,1,15,6.7563,3.668,0.15,0.425
RN50__layer4,300_400,2,16,6.7283,3.6066,0.155,0.445
RN50__layer4,300_400,3,17,6.7477,3.6237,0.165,0.44
RN50__layer4,300_400,4,16,6.7886,3.6429,0.14,0.39
RN50__layer4,400_500,0,12,7.2017,4.4173,0.065,0.255
RN50__layer4,400_500,1,12,7.1799,4.3333,0.08,0.285
RN50__layer4,400_500,2,12,7.199,4.3843,0.075,0.235
RN50__layer4,400_500,3,13,7.1988,4.3655,0.065,0.225
RN50__layer4,400_500,4,10,7.171,4.4036,0.065,0.245
RN50__layer4,500_600,0,6,7.4342,5.0692,0.015,0.08
RN50__layer4,500_600,1,6,7.4518,5.0368,0.02,0.055
RN50__layer4,500_600,2,6,7.4212,5.013,0.01,0.085
RN50__layer4,500_600,3,6,7.4249,5.0304,0.015,0.095
RN50__layer4,500_600,4,5,7.4102,5.0926,0.02,0.065
RN50__layer4,600_700,0,3,7.4599,5.2319,0.0,0.01
RN50__layer4,600_700,1,3,7.4741,5.2381,0.01,0.045
RN50__layer4,600_700,2,4,7.4738,5.1849,0.0,0.04
RN50__layer4,600_700,3,3,7.4533,5.2073,0.005,0.04
RN50__layer4,600_700,4,5,7.4346,5.1991,0.015,0.065
RN50__layer4,700_800,0,2,7.504,5.301,0.005,0.025
RN50__layer4,700_800,1,3,7.4906,5.325,0.005,0.025
RN50__layer4,700_800,2,3,7.4843,5.2801,0.0,0.03
RN50__layer4,700_800,3,2,7.4872,5.3029,0.015,0.035
RN50__layer4,700_800,4,3,7.4632,5.2848,0.0,0.025
RN50__layer4,800_900,0,2,7.4836,5.3007,0.01,0.025
RN50__layer4,800_900,1,2,7.4864,5.3198,0.0,0.02
RN50__layer4,800_900,2,2,7.4829,5.3015,0.0,0.02
RN50__layer4,800_900,3,2,7.4812,5.3104,0.01,0.025
RN50__layer4,800_900,4,2,7.4804,5.3106,0.015,0.035
RN50__layer4,900_1000,0,2,7.4987,5.31,0.005,0.02
RN50__layer4,900_1000,1,2,7.4953,5.3348,0.005,0.04
RN50__layer4,900_1000,2,2,7.4823,5.3241,0.0,0.025
RN50__layer4,900_1000,3,2,7.4789,5.3102,0.005,0.035
RN50__layer4,900_1000,4,2,7.491,5.3152,0.005,0.025
RN50__layer4__fov,0_100,0,16,7.0869,4.3729,0.06,0.23
RN50__layer4__fov,0_100,1,17,7.1091,4.4582,0.07,0.205
RN50__layer4__fov,0_100,2,16,7.0731,4.4651,0.04,0.22
RN50__layer4__fov,0_100,3,16,7.0904,4.4205,0.07,0.225
RN50__layer4__fov,0_100,4,16,7.0274,4.446,0.05,0.205
RN50__layer4__fov,100_200,0,28,6.1495,2.8942,0.28,0.605
RN50__layer4__fov,100_200,1,31,6.1042,2.8884,0.265,0.605
RN50__layer4__fov,100_200,2,26,6.114,2.9314,0.275,0.59
RN50__layer4__fov,100_200,3,32,6.1483,2.9001,0.28,0.595
RN50__layer4__fov,100_200,4,25,6.1571,2.9485,0.29,0.615
RN50__layer4__fov,200_300,0,23,6.1532,2.977,0.29,0.61
RN50__layer4__fov,200_300,1,27,6.1628,2.9489,0.285,0.585
RN50__layer4__fov,200_300,2,25,6.1422,2.9775,0.28,0.59
RN50__layer4__fov,200_300,3,24,6.1973,2.9421,0.295,0.59
RN50__layer4__fov,200_300,4,28,6.1873,2.9352,0.3,0.595
RN50__layer4__fov,300_400,0,15,6.723,3.6365,0.155,0.435
RN50__layer4__fov,300_400,1,15,6.7531,3.6207,0.135,0.385
RN50__layer4__fov,300_400,2,16,6.7229,3.6172,0.155,0.39
RN50__layer4__fov,300_400,3,15,6.7427,3.6661,0.125,0.385
RN50__layer4__fov,300_400,4,16,6.791,3.622,0.15,0.405
RN50__layer4__fov,400_500,0,12,7.207,4.3871,0.095,0.235
RN50__layer4__fov,400_500,1,12,7.1647,4.362,0.09,0.275
RN50__layer4__fov,400_500,2,12,7.2033,4.3194,0.085,0.225
RN50__layer4__fov,400_500,3,11,7.1882,4.4087,0.07,0.21
RN50__layer4__fov,400_500,4,12,7.1862,4.3097,0.09,0.25
RN50__layer4__fov,500_600,0,5,7.4281,5.0611,0.02,0.065
RN50__layer4__fov,500_600,1,6,7.4658,5.0128,0.005,0.11
RN50__layer4__fov,500_600,2,5,7.4265,5.0228,0.02,0.075
RN50__layer4__fov,500_600,3,6,7.4249,5.0484,0.015,0.06
RN50__layer4__fov,500_600,4,6,7.4279,5.0249,0.02,0.075
RN50__layer4__fov,600_700,0,3,7.4523,5.2393,0.02,0.06
RN50__layer4__fov,600_700,1,3,7.472,5.2241,0.01,0.025
RN50__layer4__fov,600_700,2,4,7.4578,5.1729,0.005,0.03
RN50__layer4__fov,600_700,3,3,7.4564,5.2045,0.005,0.05
RN50__layer4__fov,600_700,4,6,7.4418,5.1769,0.01,0.055
RN50__layer4__fov,700_800,0,2,7.4912,5.3097,0.0,0.03
RN50__layer4__fov,700_800,1,3,7.4741,5.2947,0.005,0.045
RN50__layer4__fov,700_800,2,2,7.4861,5.274,0.01,0.03
RN50__layer4__fov,700_800,3,2,7.4652,5.3212,0.015,0.025
RN50__layer4__fov,700_800,4,3,7.4595,5.2906,0.01,0.03
RN50__layer4__fov,800_900,0,2,7.4924,5.2975,0.005,0.03
RN50__layer4__fov,800_900,1,2,7.4908,5.307,0.005,0.035
RN50__layer4__fov,800_900,2,2,7.4783,5.3089,0.005,0.02
RN50__layer4__fov,800_900,3,2,7.4813,5.3222,0.01,0.025
RN50__layer4__fov,800_900,4,3,7.4668,5.3052,0.01,0.045
RN50__layer4__fov,900_1000,0,2,7.4899,5.3102,0.005,0.05
RN50__layer4__fov,900_1000,1,2,7.4991,5.318,0.005,0.03
RN50__layer4__fov,900_1000,2,2,7.4926,5.3104,0.005,0.02
RN50__layer4__fov,900_1000,3,2,7.4768,5.351,0.01,0.03
RN50__layer4__fov,900_1000,4,2,7.4741,5.3193,0.015,0.035
RN50__stem,0_100,0,11,7.1281,4.6757,0.01,0.13
RN50__stem,0_100,1,12,7.1345,4.6589,0.04,0.145
RN50__stem,0_100,2,13,7.1153,4.6108,0.025,0.145
RN50__stem,0_100,3,13,7.1324,4.6617,0.03,0.16
RN50__stem,0_100,4,18,7.1207,4.5068,0.045,0.17
RN50__stem,100_200,0,26,6.7488,3.6514,0.145,0.395
RN50__stem,100_200,1,33,6.7361,3.6606,0.135,0.405
RN50__stem,100_200,2,29,6.7416,3.7426,0.125,0.37
RN50__stem,100_200,3,27,6.8101,3.6995,0.12,0.38
RN50__stem,100_200,4,28,6.7197,3.6215,0.14,0.43
RN50__stem,200_300,0,26,6.8133,3.99,0.06,0.275
RN50__stem,200_300,1,25,6.8051,3.9722,0.09,0.305
RN50__stem,200_300,2,25,6.825,3.9984,0.085,0.275
RN50__stem,200_300,3,25,6.7693,3.9892,0.075,0.29
RN50__stem,200_300,4,26,6.8115,4.0202,0.085,0.27
RN50__stem,300_400,0,11,7.2125,4.7438,0.04,0.165
RN50__stem,300_400,1,13,7.1988,4.6474,0.045,0.14
RN50__stem,300_400,2,11,7.2533,4.7338,0.035,0.135
RN50__stem,300_400,3,13,7.2016,4.6883,0.06,0.155
RN50__stem,300_400,4,11,7.2546,4.7581,0.065,0.145
RN50__stem,400_500,0,9,7.3975,5.1153,0.005,0.105
RN50__stem,400_500,1,9,7.3648,5.133,0.015,0.06
RN50__stem,400_500,2,10,7.3686,5.1046,0.02,0.11
RN50__stem,400_500,3,9,7.3739,5.1158,0.01,0.045
RN50__stem,400_500,4,9,7.3857,5.1189,0.005,0.07
RN50__stem,500_600,0,8,7.4551,5.2645,0.0,0.035
RN50__stem,500_600,1,9,7.4405,5.2542,0.01,0.045
RN50__stem,500_600,2,9,7.4488,5.2489,0.0,0.035
RN50__stem,500_600,3,8,7.4463,5.2577,0.01,0.04
RN50__stem,500_600,4,9,7.4429,5.26,0.005,0.03
RN50__stem,600_700,0,8,7.4613,5.2894,0.005,0.04
RN50__stem,600_700,1,7,7.4548,5.2864,0.005,0.035
RN50__stem,600_700,2,8,7.4651,5.2855,0.005,0.045
RN50__stem,600_700,3,7,7.4571,5.2871,0.01,0.035
RN50__stem,600_700,4,9,7.4665,5.2958,0.005,0.025
RN50__stem,700_800,0,8,7.4813,5.2945,0.005,0.02
RN50__stem,700_800,1,7,7.4748,5.3029,0.005,0.025
RN50__stem,700_800,2,8,7.475,5.2951,0.005,0.02
RN50__stem,700_800,3,9,7.4714,5.2924,0.01,0.015
RN50__stem,700_800,4,8,7.4591,5.3052,0.005,0.025
RN50__stem,800_900,0,8,7.467,5.2986,0.015,0.04
RN50__stem,800_900,1,7,7.4512,5.2993,0.01,0.025
RN50__stem,800_900,2,8,7.4696,5.2918,0.005,0.02
RN50__stem,800_900,3,9,7.473,5.2898,0.005,0.03
RN50__stem,800_900,4,8,7.4818,5.3038,0.005,0.025
RN50__stem,900_1000,0,8,7.474,5.3079,0.01,0.02
RN50__stem,900_1000,1,7,7.4684,5.3062,0.0,0.025
RN50__stem,900_1000,2,8,7.4637,5.3039,0.005,0.02
RN50__stem,900_1000,3,9,7.468,5.3034,0.005,0.025
RN50__stem,900_1000,4,8,7.4557,5.3014,0.005,0.035
RN50__stem__fov,0_100,0,11,7.1029,4.6072,0.025,0.14
RN50__stem__fov,0_100,1,12,7.1091,4.5655,0.04,0.15
RN50__stem__fov,0_100,2,13,7.0948,4.5537,0.045,0.185
RN50__stem__fov,0_100,3,13,7.1029,4.5928,0.015,0.145
RN50__stem__fov,0_100,4,17,7.1018,4.449,0.03,0.19
RN50__stem__fov,100_200,0,26,6.7092,3.5749,0.145,0.41
RN50__stem__fov,100_200,1,32,6.6746,3.5529,0.135,0.43
RN50__stem__fov,100_200,2,35,6.6609,3.5844,0.13,0.42
RN50__stem__fov,100_200,3,27,6.7522,3.6244,0.17,0.42
RN50__stem__fov,100_200,4,38,6.6592,3.539,0.14,0.435
RN50__stem__fov,200_300,0,25,6.7658,3.946,0.075,0.275
RN50__stem__fov,200_300,1,24,6.7619,3.8932,0.09,0.29
RN50__stem__fov,200_300,2,25,6.7737,3.9136,0.09,0.27
RN50__stem__fov,200_300,3,25,6.7183,3.8983,0.1,0.29
RN50__stem__fov,200_300,4,26,6.774,3.9679,0.1,0.295
RN50__stem__fov,300_400,0,12,7.2059,4.6877,0.05,0.155
RN50__stem__fov,300_400,1,13,7.2115,4.6098,0.04,0.155
RN50__stem__fov,300_400,2,11,7.2324,4.7131,0.05,0.15
RN50__stem__fov,300_400,3,13,7.1707,4.6632,0.055,0.195
RN50__stem__fov,300_400,4,11,7.2693,4.7171,0.045,0.195
RN50__stem__fov,400_500,0,9,7.3846,5.1153,0.01,0.095
RN50__stem__fov,400_500,1,9,7.3682,5.1243,0.005,0.05
RN50__stem__fov,400_500,2,11,7.3594,5.083,0.02,0.105
RN50__stem__fov,400_500,3,9,7.3683,5.1165,0.01,0.09
RN50__stem__fov,400_500,4,9,7.3861,5.129,0.01,0.025
RN50__stem__fov,500_600,0,8,7.4484,5.26,0.01,0.045
RN50__stem__fov,500_600,1,7,7.4391,5.263,0.01,0.03
RN50__stem__fov,500_600,2,8,7.4579,5.256,0.005,0.02
RN50__stem__fov,500_600,3,9,7.4291,5.2433,0.0,0.035
RN50__stem__fov,500_600,4,9,7.4526,5.2516,0.015,0.03
RN50__stem__fov,600_700,0,8,7.4484,5.283,0.005,0.03
RN50__stem__fov,600_700,1,7,7.4556,5.2866,0.005,0.035
RN50__stem__fov,600_700,2,7,7.4677,5.2919,0.005,0.035
RN50__stem__fov,600_700,3,9,7.4517,5.2809,0.005,0.04
RN50__stem__fov,600_700,4,9,7.4663,5.2838,0.005,0.02
RN50__stem__fov,700_800,0,8,7.4797,5.2928,0.01,0.035
RN50__stem__fov,700_800,1,7,7.4769,5.295,0.005,0.035
RN50__stem__fov,700_800,2,8,7.4796,5.2976,0.0,0.03
RN50__stem__fov,700_800,3,9,7.4725,5.2939,0.005,0.025
RN50__stem__fov,700_800,4,8,7.4771,5.2995,0.005,0.025
RN50__stem__fov,800_900,0,8,7.4647,5.2928,0.005,0.03
RN50__stem__fov,800_900,1,7,7.4533,5.2982,0.015,0.025
RN50__stem__fov,800_900,2,7,7.4663,5.3007,0.005,0.015
RN50__stem__fov,800_900,3,9,7.4599,5.2898,0.005,0.035
RN50__stem__fov,800_900,4,8,7.49,5.2999,0.01,0.025
RN50__stem__fov,900_1000,0,8,7.473,5.298,0.01,0.035
RN50__stem__fov,900_1000,1,7,7.4699,5.3094,0.005,0.035
RN50__stem__fov,900_1000,2,8,7.4597,5.3117,0.005,0.03
RN50__stem__fov,900_1000,3,9,7.4723,5.3001,0.01,0.02
RN50__stem__fov,900_1000,4,8,7.4614,5.3008,0.0,0.015
ViT-B-16__block10,0_100,0,11,7.1615,4.526,0.05,0.155
ViT-B-16__block10,0_100,1,12,7.1513,4.6383,0.035,0.155
ViT-B-16__block10,0_100,2,11,7.1581,4.6355,0.045,0.115
ViT-B-16__block10,0_100,3,14,7.1427,4.5631,0.05,0.16
ViT-B-16__block10,0_100,4,13,7.1309,4.5601,0.045,0.155
ViT-B-16__block10,100_200,0,19,6.3467,3.2104,0.225,0.545
ViT-B-16__block10,100_200,1,27,6.3087,3.175,0.2,0.555
ViT-B-16__block10,100_200,2,20,6.3152,3.2236,0.2,0.55
ViT-B-16__block10,100_200,3,27,6.3137,3.122,0.24,0.585
ViT-B-16__block10,100_200,4,23,6.3622,3.1649,0.205,0.565
ViT-B-16__block10,200_300,0,21,6.3123,3.2433,0.175,0.555
ViT-B-16__block10,200_300,1,21,6.3231,3.2544,0.205,0.535
ViT-B-16__block10,200_300,2,19,6.3449,3.29,0.195,0.525
ViT-B-16__block10,200_300,3,21,6.3757,3.2462,0.205,0.535
ViT-B-16__block10,200_300,4,19,6.3889,3.2507,0.21,0.52
ViT-B-16__block10,300_400,0,16,6.7938,3.7812,0.135,0.39
ViT-B-16__block10,300_400,1,14,6.8268,3.8098,0.14,0.4
ViT-B-16__block10,300_400,2,15,6.8201,3.7251,0.16,0.425
ViT-B-16__block10,300_400,3,15,6.8374,3.8298,0.14,0.38
ViT-B-16__block10,300_400,4,14,6.8872,3.8174,0.12,0.375
ViT-B-16__block10,400_500,0,11,7.246,4.5043,0.06,0.255
ViT-B-16__block10,400_500,1,12,7.1982,4.4508,0.035,0.2
ViT-B-16__block10,400_500,2,11,7.2372,4.4421,0.075,0.23
ViT-B-16__block10,400_500,3,11,7.2105,4.4912,0.085,0.2
ViT-B-16__block10,400_500,4,9,7.2247,4.4968,0.09,0.21
ViT-B-16__block10,500_600,0,5,7.443,5.0767,0.03,0.095
ViT-B-16__block10,500_600,1,4,7.4268,5.1062,0.03,0.09
ViT-B-16__block10,500_600,2,4,7.4353,5.0814,0.005,0.09
ViT-B-16__block10,500_600,3,6,7.4226,5.0082,0.02,0.105
ViT-B-16__block10,500_600,4,4,7.4449,5.0951,0.02,0.11
ViT-B-16__block10,600_700,0,2,7.4627,5.2442,0.01,0.02
ViT-B-16__block10,600_700,1,2,7.4477,5.2559,0.0,0.025
ViT-B-16__block10,600_700,2,3,7.4425,5.2192,0.01,0.045
ViT-B-16__block10,600_700,3,3,7.4589,5.2189,0.005,0.045
ViT-B-16__block10,600_700,4,2,7.4634,5.2514,0.01,0.05
ViT-B-16__block10,700_800,0,2,7.4835,5.2726,0.005,0.025
ViT-B-16__block10,700_800,1,2,7.4699,5.289,0.005,0.025
ViT-B-16__block10,700_800,2,3,7.4791,5.2888,0.005,0.025
ViT-B-16__block10,700_800,3,2,7.476,5.2914,0.005,0.025
ViT-B-16__block10,700_800,4,2,7.4753,5.2829,0.01,0.04
ViT-B-16__block10,800_900,0,2,7.47,5.2915,0.0,0.02
ViT-B-16__block10,800_900,1,2,7.4733,5.3015,0.01,0.025
ViT-B-16__block10,800_900,2,2,7.4796,5.2961,0.0,0.035
ViT-B-16__block10,800_900,3,2,7.4807,5.3147,0.005,0.02
ViT-B-16__block10,800_900,4,2,7.4918,5.2897,0.01,0.045
ViT-B-16__block10,900_1000,0,2,7.484,5.3026,0.005,0.03
ViT-B-16__block10,900_1000,1,2,7.4777,5.3133,0.0,0.03
ViT-B-16__block10,900_1000,2,2,7.4738,5.3223,0.005,0.02
ViT-B-16__block10,900_1000,3,2,7.4819,5.3257,0.015,0.025
ViT-B-16__block10,900_1000,4,2,7.4751,5.3123,0.015,0.03
ViT-B-16__block10__fov,0_100,0,10,7.1431,4.5215,0.045,0.18
ViT-B-16__block10__fov,0_100,1,12,7.1353,4.5511,0.05,0.185
ViT-B-16__block10__fov,0_100,2,12,7.1083,4.5692,0.055,0.18
ViT-B-16__block10__fov,0_100,3,14,7.1131,4.4867,0.055,0.195
ViT-B-16__block10__fov,0_100,4,14,7.1083,4.4999,0.055,0.2
ViT-B-16__block10__fov,100_200,0,23,6.3175,3.0557,0.24,0.61
ViT-B-16__block10__fov,100_200,1,23,6.2717,3.075,0.235,0.595
ViT-B-16__block10__fov,100_200,2,25,6.2745,3.0598,0.24,0.58
ViT-B-16__block10__fov,100_200,3,23,6.2844,3.0814,0.215,0.57
ViT-B-16__block10__fov,100_200,4,23,6.3154,3.0593,0.255,0.56
ViT-B-16__block10__fov,200_300,0,21,6.278,3.168,0.185,0.55
ViT-B-16__block10__fov,200_300,1,24,6.2942,3.1217,0.225,0.545
ViT-B-16__block10__fov,200_300,2,21,6.305,3.1689,0.205,0.53
ViT-B-16__block10__fov,200_300,3,22,6.3272,3.1186,0.245,0.565
ViT-B-16__block10__fov,200_300,4,22,6.3243,3.1447,0.21,0.535
ViT-B-16__block10__fov,300_400,0,16,6.7835,3.7389,0.17,0.395
ViT-B-16__block10__fov,300_400,1,15,6.8233,3.7051,0.135,0.42
ViT-B-16__block10__fov,300_400,2,15,6.7964,3.7142,0.14,0.4
ViT-B-16__block10__fov,300_400,3,15,6.8191,3.7599,0.14,0.4
ViT-B-16__block10__fov,300_400,4,12,6.8954,3.7772,0.125,0.41
ViT-B-16__block10__fov,400_500,0,11,7.2495,4.446,0.065,0.21
ViT-B-16__block10__fov,400_500,1,12,7.1852,4.3657,0.045,0.22
ViT-B-16__block10__fov,400_500,2,9,7.2321,4.4027,0.085,0.245
ViT-B-16__block10__fov,400_500,3,11,7.1978,4.3932,0.07,0.235
ViT-B-16__block10__fov,400_500,4,10,7.2154,4.4191,0.065,0.225
ViT-B-16__block10__fov,500_600,0,5,7.4452,5.0406,0.02,0.075
ViT-B-16__block10__fov,500_600,1,4,7.4448,5.11,0.02,0.06
ViT-B-16__block10__fov,500_600,2,6,7.4267,5.0232,0.01,0.075
ViT-B-16__block10__fov,500_600,3,6,7.4357,5.0417,0.02,0.095
ViT-B-16__block10__fov,500_600,4,4,7.4389,5.0759,0.025,0.075
ViT-B-16__block10__fov,600_700,0,2,7.4758,5.2293,0.0,0.045
ViT-B-16__block10__fov,600_700,1,2,7.4712,5.258,0.0,0.04
ViT-B-16__block10__fov,600_700,2,3,7.4458,5.2147,0.005,0.06
ViT-B-16__block10__fov,600_700,3,3,7.4377,5.241,0.005,0.05
ViT-B-16__block10__fov,600_700,4,3,7.4657,5.2181,0.02,0.05
ViT-B-16__block10__fov,700_800,0,2,7.4893,5.2774,0.005,0.03
ViT-B-16__block10__fov,700_800,1,2,7.4775,5.2908,0.01,0.02
ViT-B-16__block10__fov,700_800,2,3,7.4691,5.256,0.0,0.03
ViT-B-16__block10__fov,700_800,3,2,7.4926,5.3076,0.005,0.02
ViT-B-16__block10__fov,700_800,4,2,7.4848,5.2774,0.01,0.05
ViT-B-16__block10__fov,800_900,0,2,7.4928,5.2943,0.0,0.02
ViT-B-16__block10__fov,800_900,1,2,7.4882,5.2889,0.005,0.035
ViT-B-16__block10__fov,800_900,2,2,7.4814,5.2843,0.005,0.055
ViT-B-16__block10__fov,800_900,3,2,7.4805,5.3191,0.005,0.03
ViT-B-16__block10__fov,800_900,4,2,7.4833,5.3047,0.015,0.02
ViT-B-16__block10__fov,900_1000,0,2,7.4898,5.2908,0.005,0.03
ViT-B-16__block10__fov,900_1000,1,2,7.4929,5.2967,0.015,0.025
ViT-B-16__block10__fov,900_1000,2,2,7.4838,5.3013,0.005,0.03
ViT-B-16__block10__fov,900_1000,3,2,7.4973,5.3178,0.0,0.02
ViT-B-16__block10__fov,900_1000,4,2,7.4964,5.3087,0.015,0.045
ViT-B-16__block12,0_100,0,12,7.2457,4.8285,0.015,0.125
ViT-B-16__block12,0_100,1,11,7.2676,4.8715,0.03,0.13
ViT-B-16__block12,0_100,2,11,7.3015,4.866,0.03,0.135
ViT-B-16__block12,0_100,3,10,7.2624,4.8761,0.015,0.11
ViT-B-16__block12,0_100,4,15,7.2421,4.8559,0.04,0.145
ViT-B-16__block12,100_200,0,19,6.6131,3.6006,0.145,0.45
ViT-B-16__block12,100_200,1,18,6.5643,3.622,0.155,0.45
ViT-B-16__block12,100_200,2,20,6.5969,3.6228,0.13,0.46
ViT-B-16__block12,100_200,3,20,6.6106,3.6371,0.085,0.445
ViT-B-16__block12,100_200,4,19,6.5977,3.6276,0.15,0.455
ViT-B-16__block12,200_300,0,21,6.5208,3.4747,0.175,0.47
ViT-B-16__block12,200_300,1,19,6.5766,3.51,0.19,0.455
ViT-B-16__block12,200_300,2,20,6.5746,3.51,0.2,0.455
ViT-B-16__block12,200_300,3,17,6.6096,3.5582,0.17,0.43
ViT-B-16__block12,200_300,4,20,6.6015,3.4824,0.21,0.445
ViT-B-16__block12,300_400,0,14,6.9015,3.9059,0.13,0.365
ViT-B-16__block12,300_400,1,16,6.9392,3.8996,0.105,0.345
ViT-B-16__block12,300_400,2,15,6.9402,3.8935,0.13,0.35
ViT-B-16__block12,300_400,3,14,6.9406,3.8994,0.14,0.345
ViT-B-16__block12,300_400,4,13,6.9514,3.9335,0.135,0.35
ViT-B-16__block12,400_500,0,12,7.3077,4.6229,0.03,0.17
ViT-B-16__block12,400_500,1,12,7.2859,4.588,0.045,0.195
ViT-B-16__block12,400_500,2,10,7.306,4.5689,0.04,0.2
ViT-B-16__block12,400_500,3,11,7.2474,4.5754,0.055,0.195
ViT-B-16__block12,400_500,4,10,7.279,4.599,0.055,0.215
ViT-B-16__block12,500_600,0,3,7.4719,5.2346,0.01,0.05
ViT-B-16__block12,500_600,1,5,7.4877,5.1597,0.01,0.075
ViT-B-16__block12,500_600,2,5,7.459,5.1623,0.01,0.065
ViT-B-16__block12,500_600,3,6,7.4636,5.1229,0.01,0.095
ViT-B-16__block12,500_600,4,7,7.4636,5.085,0.05,0.08
ViT-B-16__block12,600_700,0,3,7.4836,5.2748,0.0,0.02
ViT-B-16__block12,600_700,1,2,7.4999,5.2888,0.0,0.025
ViT-B-16__block12,600_700,2,3,7.4909,5.2306,0.015,0.05
ViT-B-16__block12,600_700,3,2,7.493,5.2569,0.005,0.035
ViT-B-16__block12,600_700,4,2,7.4914,5.2886,0.005,0.055
ViT-B-16__block12,700_800,0,2,7.5273,5.3292,0.0,0.025
ViT-B-16__block12,700_800,1,2,7.5134,5.3182,0.0,0.02
ViT-B-16__block12,700_800,2,2,7.4944,5.2877,0.005,0.035
ViT-B-16__block12,700_800,3,2,7.5007,5.3096,0.005,0.04
ViT-B-16__block12,700_800,4,2,7.4922,5.3179,0.0,0.02
ViT-B-16__block12,800_900,0,2,7.5221,5.3278,0.005,0.02
ViT-B-16__block12,800_900,1,2,7.5081,5.322,0.005,0.025
ViT-B-16__block12,800_900,2,2,7.4804,5.3147,0.015,0.035
ViT-B-16__block12,800_900,3,2,7.5191,5.3038,0.01,0.04
ViT-B-16__block12,800_900,4,2,7.4936,5.3248,0.005,0.03
ViT-B-16__block12,900_1000,0,2,7.5275,5.3375,0.0,0.025
ViT-B-16__block12,900_1000,1,2,7.5119,5.3133,0.005,0.02
ViT-B-16__block12,900_1000,2,2,7.5116,5.3163,0.005,0.025
ViT-B-16__block12,900_1000,3,2,7.5285,5.325,0.005,0.03
ViT-B-16__block12,900_1000,4,2,7.4996,5.339,0.005,0.02
ViT-B-16__block12__fov,0_100,0,10,7.2582,4.831,0.025,0.125
ViT-B-16__block12__fov,0_100,1,11,7.247,4.856,0.04,0.115
ViT-B-16__block12__fov,0_100,2,11,7.2932,4.852,0.025,0.1
ViT-B-16__block12__fov,0_100,3,12,7.2864,4.8411,0.03,0.16
ViT-B-16__block12__fov,0_100,4,15,7.2468,4.8546,0.02,0.095
ViT-B-16__block12__fov,100_200,0,20,6.616,3.62,0.155,0.455
ViT-B-16__block12__fov,100_200,1,17,6.5642,3.6459,0.145,0.425
ViT-B-16__block12__fov,100_200,2,20,6.576,3.5871,0.145,0.47
ViT-B-16__block12__fov,100_200,3,20,6.5805,3.6116,0.135,0.45
ViT-B-16__block12__fov,100_200,4,19,6.5825,3.6105,0.15,0.475
ViT-B-16__block12__fov,200_300,0,21,6.5279,3.4189,0.215,0.505
ViT-B-16__block12__fov,200_300,1,18,6.5442,3.5276,0.19,0.46
ViT-B-16__block12__fov,200_300,2,19,6.5544,3.4696,0.21,0.485
ViT-B-16__block12__fov,200_300,3,21,6.5843,3.4404,0.22,0.465
ViT-B-16__block12__fov,200_300,4,20,6.5704,3.4793,0.23,0.465
ViT-B-16__block12__fov,300_400,0,14,6.8965,3.8959,0.13,0.415
ViT-B-16__block12__fov,300_400,1,15,6.9328,3.8895,0.115,0.38
ViT-B-16__block12__fov,300_400,2,15,6.9328,3.8767,0.14,0.385
ViT-B-16__block12__fov,300_400,3,15,6.9192,3.8904,0.14,0.365
ViT-B-16__block12__fov,300_400,4,13,6.9407,3.9113,0.125,0.395
ViT-B-16__block12__fov,400_500,0,10,7.3008,4.6074,0.02,0.14
ViT-B-16__block12__fov,400_500,1,12,7.2767,4.5392,0.035,0.19
ViT-B-16__block12__fov,400_500,2,10,7.3114,4.5781,0.03,0.18
ViT-B-16__block12__fov,400_500,3,13,7.2478,4.5842,0.04,0.18
ViT-B-16__block12__fov,400_500,4,10,7.2662,4.5528,0.06,0.225
ViT-B-16__block12__fov,500_600,0,5,7.4719,5.1234,0.02,0.095
ViT-B-16__block12__fov,500_600,1,3,7.4652,5.2138,0.01,0.07
ViT-B-16__block12__fov,500_600,2,6,7.4809,5.0771,0.015,0.05
ViT-B-16__block12__fov,500_600,3,6,7.4639,5.1058,0.015,0.08
ViT-B-16__block12__fov,500_600,4,7,7.4694,5.0551,0.015,0.105
ViT-B-16__block12__fov,600_700,0,2,7.4874,5.3137,0.0,0.025
ViT-B-16__block12__fov,600_700,1,2,7.4981,5.2736,0.02,0.045
ViT-B-16__block12__fov,600_700,2,3,7.5005,5.2411,0.005,0.03
ViT-B-16__block12__fov,600_700,3,3,7.4814,5.2499,0.0,0.04
ViT-B-16__block12__fov,600_700,4,3,7.4814,5.2363,0.015,0.055
ViT-B-16__block12__fov,700_800,0,2,7.5042,5.3326,0.005,0.015
ViT-B-16__block12__fov,700_800,1,2,7.503,5.3062,0.005,0.02
ViT-B-16__block12__fov,700_800,2,2,7.511,5.3083,0.0,0.035
ViT-B-16__block12__fov,700_800,3,2,7.5041,5.3501,0.005,0.025
ViT-B-16__block12__fov,700_800,4,2,7.4948,5.3077,0.005,0.03
ViT-B-16__block12__fov,800_900,0,2,7.5133,5.3277,0.01,0.035
ViT-B-16__block12__fov,800_900,1,2,7.5078,5.3119,0.005,0.035
ViT-B-16__block12__fov,800_900,2,2,7.5048,5.3084,0.005,0.025
ViT-B-16__block12__fov,800_900,3,2,7.5065,5.3346,0.005,0.025
ViT-B-16__block12__fov,800_900,4,2,7.4992,5.2992,0.005,0.025
ViT-B-16__block12__fov,900_1000,0,2,7.5282,5.3337,0.01,0.03
ViT-B-16__block12__fov,900_1000,1,2,7.5081,5.3271,0.005,0.025
ViT-B-16__block12__fov,900_1000,2,2,7.5182,5.3319,0.0,0.03
ViT-B-16__block12__fov,900_1000,3,2,7.5108,5.3108,0.015,0.035
ViT-B-16__block12__fov,900_1000,4,2,7.5103,5.3114,0.005,0.025
ViT-B-16__block2,0_100,0,16,6.8385,3.8701,0.09,0.325
ViT-B-16__block2,0_100,1,18,6.7759,3.82,0.095,0.29
ViT-B-16__block2,0_100,2,17,6.7886,3.8709,0.095,0.3
ViT-B-16__block2,0_100,3,17,6.7744,3.8545,0.09,0.305
ViT-B-16__block2,0_100,4,16,6.7899,3.8305,0.1,0.29
ViT-B-16__block2,100_200,0,28,6.2728,2.9403,0.26,0.585
ViT-B-16__block2,100_200,1,31,6.2063,2.8882,0.265,0.605
ViT-B-16__block2,100_200,2,29,6.1755,2.9246,0.255,0.6
ViT-B-16__block2,100_200,3,25,6.2617,2.9729,0.26,0.56
ViT-B-16__block2,100_200,4,25,6.1878,2.98,0.26,0.565
ViT-B-16__block2,200_300,0,16,6.4078,3.4499,0.135,0.4
ViT-B-16__block2,200_300,1,18,6.3743,3.3672,0.175,0.44
ViT-B-16__block2,200_300,2,20,6.3978,3.3972,0.14,0.42
ViT-B-16__block2,200_300,3,20,6.3801,3.382,0.165,0.415
ViT-B-16__block2,200_300,4,16,6.4303,3.4528,0.15,0.42
ViT-B-16__block2,300_400,0,10,7.0688,4.1895,0.1,0.25
ViT-B-16__block2,300_400,1,10,7.0735,4.2125,0.045,0.235
ViT-B-16__block2,300_400,2,10,7.0991,4.17,0.085,0.26
ViT-B-16__block2,300_400,3,10,7.05,4.1926,0.095,0.27
ViT-B-16__block2,300_400,4,9,7.1132,4.1985,0.08,0.26
ViT-B-16__block2,400_500,0,6,7.3427,4.7567,0.03,0.16
ViT-B-16__block2,400_500,1,7,7.3284,4.7877,0.03,0.145
ViT-B-16__block2,400_500,2,6,7.3101,4.7692,0.045,0.13
ViT-B-16__block2,400_500,3,6,7.3214,4.7628,0.015,0.115
ViT-B-16__block2,400_500,4,5,7.3521,4.7964,0.04,0.155
ViT-B-16__block2,500_600,0,3,7.4291,5.227,0.01,0.03
ViT-B-16__block2,500_600,1,3,7.4293,5.246,0.0,0.045
ViT-B-16__block2,500_600,2,2,7.4233,5.245,0.015,0.04
ViT-B-16__block2,500_600,3,3,7.4119,5.2323,0.0,0.015
ViT-B-16__block2,500_600,4,3,7.4108,5.2131,0.01,0.045
ViT-B-16__block2,600_700,0,2,7.442,5.2783,0.0,0.035
ViT-B-16__block2,600_700,1,3,7.4493,5.2731,0.005,0.035
ViT-B-16__block2,600_700,2,2,7.4413,5.2761,0.01,0.025
ViT-B-16__block2,600_700,3,2,7.4328,5.2822,0.005,0.04
ViT-B-16__block2,600_700,4,2,7.4562,5.2849,0.0,0.05
ViT-B-16__block2,700_800,0,2,7.4522,5.2944,0.005,0.025
ViT-B-16__block2,700_800,1,2,7.4663,5.3012,0.01,0.02
ViT-B-16__block2,700_800,2,2,7.4466,5.3066,0.0,0.015
ViT-B-16__block2,700_800,3,2,7.4462,5.2939,0.0,0.03
ViT-B-16__block2,700_800,4,2,7.4586,5.2902,0.005,0.04
ViT-B-16__block2,800_900,0,2,7.4489,5.2959,0.005,0.02
ViT-B-16__block2,800_900,1,2,7.4533,5.3008,0.0,0.025
ViT-B-16__block2,800_900,2,2,7.4464,5.3003,0.0,0.025
ViT-B-16__block2,800_900,3,2,7.4512,5.3036,0.0,0.02
ViT-B-16__block2,800_900,4,2,7.4417,5.2899,0.01,0.05
ViT-B-16__block2,900_1000,0,2,7.4586,5.3095,0.01,0.015
ViT-B-16__block2,900_1000,1,2,7.4571,5.3025,0.015,0.025
ViT-B-16__block2,900_1000,2,2,7.4469,5.3049,0.005,0.025
ViT-B-16__block2,900_1000,3,2,7.4428,5.3067,0.0,0.035
ViT-B-16__block2,900_1000,4,2,7.4542,5.2956,0.005,0.03
ViT-B-16__block2__fov,0_100,0,16,6.7895,3.7947,0.085,0.285
ViT-B-16__block2__fov,0_100,1,18,6.7389,3.7246,0.1,0.31
ViT-B-16__block2__fov,0_100,2,22,6.7474,3.7209,0.105,0.305
ViT-B-16__block2__fov,0_100,3,17,6.7242,3.7781,0.09,0.31
ViT-B-16__block2__fov,0_100,4,16,6.7545,3.7448,0.09,0.28
ViT-B-16__block2__fov,100_200,0,35,6.2254,2.8122,0.29,0.585
ViT-B-16__block2__fov,100_200,1,31,6.1615,2.8268,0.28,0.6
ViT-B-16__block2__fov,100_200,2,29,6.1293,2.8559,0.27,0.605
ViT-B-16__block2__fov,100_200,3,29,6.2092,2.8561,0.28,0.605
ViT-B-16__block2__fov,100_200,4,34,6.1489,2.8234,0.265,0.61
ViT-B-16__block2__fov,200_300,0,20,6.3779,3.3182,0.18,0.415
ViT-B-16__block2__fov,200_300,1,21,6.3583,3.2537,0.205,0.46
ViT-B-16__block2__fov,200_300,2,20,6.3645,3.2841,0.2,0.46
ViT-B-16__block2__fov,200_300,3,20,6.3539,3.2958,0.2,0.43
ViT-B-16__block2__fov,200_300,4,16,6.4068,3.3737,0.185,0.425
ViT-B-16__block2__fov,300_400,0,13,7.0635,4.0991,0.115,0.285
ViT-B-16__block2__fov,300_400,1,10,7.0805,4.1862,0.055,0.265
ViT-B-16__block2__fov,300_400,2,10,7.0808,4.1463,0.09,0.275
ViT-B-16__block2__fov,300_400,3,10,7.0347,4.1871,0.1,0.26
ViT-B-16__block2__fov,300_400,4,9,7.1114,4.2033,0.08,0.265
ViT-B-16__block2__fov,400_500,0,6,7.3344,4.7433,0.02,0.185
ViT-B-16__block2__fov,400_500,1,7,7.3239,4.7388,0.035,0.16
ViT-B-16__block2__fov,400_500,2,6,7.308,4.7711,0.03,0.14
ViT-B-16__block2__fov,400_500,3,6,7.3156,4.7745,0.02,0.135
ViT-B-16__block2__fov,400_500,4,5,7.3431,4.7967,0.03,0.155
ViT-B-16__block2__fov,500_600,0,3,7.4267,5.2245,0.0,0.035
ViT-B-16__block2__fov,500_600,1,3,7.4293,5.24,0.01,0.04
ViT-B-16__block2__fov,500_600,2,3,7.4149,5.2115,0.02,0.06
ViT-B-16__block2__fov,500_600,3,3,7.4032,5.239,0.01,0.04
ViT-B-16__block2__fov,500_600,4,3,7.4108,5.2145,0.01,0.055
ViT-B-16__block2__fov,600_700,0,2,7.443,5.2747,0.005,0.06
ViT-B-16__block2__fov,600_700,1,3,7.4415,5.2627,0.02,0.045
ViT-B-16__block2__fov,600_700,2,2,7.4395,5.2842,0.01,0.03
ViT-B-16__block2__fov,600_700,3,2,7.4341,5.2865,0.005,0.045
ViT-B-16__block2__fov,600_700,4,2,7.4542,5.2821,0.015,0.05
ViT-B-16__block2__fov,700_800,0,2,7.4514,5.2895,0.005,0.02
ViT-B-16__block2__fov,700_800,1,2,7.4649,5.2972,0.0,0.02
ViT-B-16__block2__fov,700_800,2,2,7.4429,5.3109,0.0,0.02
ViT-B-16__block2__fov,700_800,3,2,7.4458,5.2915,0.0,0.025
ViT-B-16__block2__fov,700_800,4,2,7.4557,5.2867,0.01,0.03
ViT-B-16__block2__fov,800_900,0,2,7.4457,5.2954,0.0,0.025
ViT-B-16__block2__fov,800_900,1,2,7.4545,5.2959,0.0,0.03
ViT-B-16__block2__fov,800_900,2,2,7.4453,5.2965,0.005,0.02
ViT-B-16__block2__fov,800_900,3,2,7.449,5.3097,0.0,0.025
ViT-B-16__block2__fov,800_900,4,2,7.4426,5.2919,0.005,0.03
ViT-B-16__block2__fov,900_1000,0,2,7.454,5.3031,0.0,0.03
ViT-B-16__block2__fov,900_1000,1,2,7.4565,5.2955,0.01,0.025
ViT-B-16__block2__fov,900_1000,2,2,7.4481,5.307,0.0,0.03
ViT-B-16__block2__fov,900_1000,3,2,7.4443,5.3138,0.005,0.025
ViT-B-16__block2__fov,900_1000,4,2,7.454,5.2996,0.005,0.015
ViT-B-16__block4,0_100,0,16,6.8217,3.8192,0.12,0.315
ViT-B-16__block4,0_100,1,17,6.7892,3.7727,0.125,0.345
ViT-B-16__block4,0_100,2,17,6.8112,3.8308,0.125,0.305
ViT-B-16__block4,0_100,3,17,6.8132,3.8391,0.13,0.305
ViT-B-16__block4,0_100,4,16,6.7732,3.8371,0.13,0.325
ViT-B-16__block4,100_200,0,35,6.0136,2.6387,0.335,0.645
ViT-B-16__block4,100_200,1,28,5.9733,2.6594,0.34,0.665
ViT-B-16__block4,100_200,2,29,5.9837,2.6884,0.32,0.645
ViT-B-16__block4,100_200,3,32,6.0275,2.6515,0.315,0.65
ViT-B-16__block4,100_200,4,29,5.9639,2.6589,0.34,0.62
ViT-B-16__block4,200_300,0,21,6.2042,3.0746,0.22,0.525
ViT-B-16__block4,200_300,1,22,6.1808,3.0402,0.24,0.54
ViT-B-16__block4,200_300,2,19,6.2117,3.0858,0.195,0.52
ViT-B-16__block4,200_300,3,20,6.2038,3.0813,0.19,0.56
ViT-B-16__block4,200_300,4,19,6.2216,3.1167,0.21,0.5
ViT-B-16__block4,300_400,0,11,6.915,3.8839,0.1,0.34
ViT-B-16__block4,300_400,1,10,6.9544,3.9531,0.115,0.295
ViT-B-16__block4,300_400,2,12,6.9664,3.8336,0.11,0.365
ViT-B-16__block4,300_400,3,11,6.9078,3.8924,0.115,0.335
ViT-B-16__block4,300_400,4,10,6.9732,3.8817,0.125,0.355
ViT-B-16__block4,400_500,0,7,7.3104,4.6036,0.05,0.18
ViT-B-16__block4,400_500,1,8,7.2561,4.5768,0.045,0.21
ViT-B-16__block4,400_500,2,6,7.3067,4.6366,0.06,0.2
ViT-B-16__block4,400_500,3,6,7.2788,4.632,0.025,0.17
ViT-B-16__block4,400_500,4,6,7.305,4.6475,0.04,0.165
ViT-B-16__block4,500_600,0,3,7.4151,5.1706,0.025,0.075
ViT-B-16__block4,500_600,1,3,7.4332,5.2066,0.005,0.055
ViT-B-16__block4,500_600,2,2,7.4414,5.2265,0.015,0.055
ViT-B-16__block4,500_600,3,3,7.3984,5.2058,0.015,0.045
ViT-B-16__block4,500_600,4,3,7.4263,5.1955,0.0,0.025
ViT-B-16__block4,600_700,0,2,7.4536,5.2725,0.01,0.06
ViT-B-16__block4,600_700,1,2,7.4363,5.2737,0.02,0.03
ViT-B-16__block4,600_700,2,2,7.4392,5.2708,0.01,0.03
ViT-B-16__block4,600_700,3,3,7.4247,5.249,0.02,0.05
ViT-B-16__block4,600_700,4,2,7.4383,5.2809,0.015,0.04
ViT-B-16__block4,700_800,0,2,7.4552,5.2888,0.005,0.025
ViT-B-16__block4,700_800,1,2,7.4426,5.2954,0.005,0.01
ViT-B-16__block4,700_800,2,2,7.4502,5.3001,0.005,0.05
ViT-B-16__block4,700_800,3,2,7.443,5.298,0.0,0.025
ViT-B-16__block4,700_800,4,2,7.4547,5.2961,0.0,0.025
ViT-B-16__block4,800_900,0,2,7.4498,5.2884,0.0,0.03
ViT-B-16__block4,800_900,1,2,7.4481,5.2994,0.02,0.035
ViT-B-16__block4,800_900,2,2,7.4392,5.2979,0.005,0.015
ViT-B-16__block4,800_900,3,2,7.4518,5.2953,0.005,0.025
ViT-B-16__block4,800_900,4,2,7.449,5.2923,0.015,0.035
ViT-B-16__block4,900_1000,0,2,7.4607,5.2996,0.0,0.015
ViT-B-16__block4,900_1000,1,2,7.4427,5.299,0.015,0.045
ViT-B-16__block4,900_1000,2,2,7.4469,5.3046,0.005,0.035
ViT-B-16__block4,900_1000,3,2,7.444,5.3058,0.0,0.02
ViT-B-16__block4,900_1000,4,2,7.4623,5.309,0.01,0.03
ViT-B-16__block4__fov,0_100,0,16,6.7987,3.7601,0.13,0.33
ViT-B-16__block4__fov,0_100,1,18,6.7439,3.7251,0.15,0.325
ViT-B-16__block4__fov,0_100,2,17,6.7718,3.777,0.115,0.32
ViT-B-16__block4__fov,0_100,3,17,6.7743,3.7072,0.16,0.36
ViT-B-16__block4__fov,0_100,4,16,6.7436,3.7557,0.125,0.33
ViT-B-16__block4__fov,100_200,0,35,5.972,2.5491,0.38,0.665
ViT-B-16__block4__fov,100_200,1,28,5.9262,2.5938,0.355,0.655
ViT-B-16__block4__fov,100_200,2,38,5.9188,2.5444,0.35,0.67
ViT-B-16__block4__fov,100_200,3,32,5.9675,2.5924,0.325,0.655
ViT-B-16__block4__fov,100_200,4,29,5.9134,2.5779,0.37,0.655
ViT-B-16__block4__fov,200_300,0,20,6.1769,3.041,0.215,0.55
ViT-B-16__block4__fov,200_300,1,22,6.1622,2.965,0.24,0.565
ViT-B-16__block4__fov,200_300,2,21,6.1792,2.9926,0.215,0.525
ViT-B-16__block4__fov,200_300,3,20,6.1841,3.0055,0.205,0.54
ViT-B-16__block4__fov,200_300,4,19,6.1924,3.0121,0.21,0.55
ViT-B-16__block4__fov,300_400,0,13,6.9257,3.7692,0.135,0.395
ViT-B-16__block4__fov,300_400,1,10,6.9493,3.9338,0.135,0.295
ViT-B-16__block4__fov,300_400,2,12,6.9533,3.8155,0.12,0.33
ViT-B-16__block4__fov,300_400,3,11,6.9086,3.8216,0.115,0.375
ViT-B-16__block4__fov,300_400,4,10,6.9785,3.8703,0.125,0.35
ViT-B-16__block4__fov,400_500,0,7,7.3129,4.6315,0.065,0.14
ViT-B-16__block4__fov,400_500,1,8,7.2791,4.6372,0.07,0.17
ViT-B-16__block4__fov,400_500,2,6,7.2896,4.6687,0.06,0.185
ViT-B-16__block4__fov,400_500,3,6,7.2775,4.6513,0.045,0.16
ViT-B-16__block4__fov,400_500,4,5,7.3174,4.6883,0.03,0.16
ViT-B-16__block4__fov,500_600,0,3,7.4216,5.1904,0.015,0.04
ViT-B-16__block4__fov,500_600,1,3,7.4222,5.2388,0.01,0.04
ViT-B-16__block4__fov,500_600,2,3,7.4223,5.1982,0.03,0.065
ViT-B-16__block4__fov,500_600,3,3,7.3999,5.2045,0.01,0.035
ViT-B-16__block4__fov,500_600,4,3,7.4146,5.189,0.0,0.065
ViT-B-16__block4__fov,600_700,0,2,7.4491,5.2735,0.01,0.045
ViT-B-16__block4__fov,600_700,1,2,7.4428,5.281,0.01,0.025
ViT-B-16__block4__fov,600_700,2,2,7.434,5.2724,0.01,0.045
ViT-B-16__block4__fov,600_700,3,3,7.4213,5.2461,0.015,0.045
ViT-B-16__block4__fov,600_700,4,2,7.4355,5.276,0.015,0.055
ViT-B-16__block4__fov,700_800,0,2,7.4603,5.2856,0.005,0.035
ViT-B-16__block4__fov,700_800,1,2,7.4539,5.2913,0.01,0.045
ViT-B-16__block4__fov,700_800,2,2,7.4435,5.311,0.005,0.04
ViT-B-16__block4__fov,700_800,3,2,7.4432,5.2971,0.015,0.02
ViT-B-16__block4__fov,700_800,4,2,7.4487,5.2924,0.015,0.025
ViT-B-16__block4__fov,800_900,0,2,7.4591,5.284,0.01,0.04
ViT-B-16__block4__fov,800_900,1,2,7.4421,5.2973,0.005,0.02
ViT-B-16__block4__fov,800_900,2,2,7.4429,5.2964,0.0,0.03
ViT-B-16__block4__fov,800_900,3,2,7.4548,5.3024,0.005,0.02
ViT-B-16__block4__fov,800_900,4,2,7.4467,5.2913,0.005,0.035
ViT-B-16__block4__fov,900_1000,0,2,7.4616,5.3027,0.005,0.025
ViT-B-16__block4__fov,900_1000,1,2,7.4472,5.2999,0.01,0.035
ViT-B-16__block4__fov,900_1000,2,2,7.4426,5.2965,0.005,0.035
ViT-B-16__block4__fov,900_1000,3,2,7.4506,5.3077,0.005,0.03
ViT-B-16__block4__fov,900_1000,4,2,7.4582,5.303,0.01,0.035
ViT-B-16__block6,0_100,0,14,6.9897,4.1459,0.075,0.265
ViT-B-16__block6,0_100,1,14,6.9413,4.1385,0.075,0.26
ViT-B-16__block6,0_100,2,17,6.945,4.1151,0.075,0.26
ViT-B-16__block6,0_100,3,17,6.9278,4.0723,0.105,0.27
ViT-B-16__block6,0_100,4,16,6.9368,4.0435,0.08,0.265
ViT-B-16__block6,100_200,0,29,6.132,2.7755,0.345,0.655
ViT-B-16__block6,100_200,1,26,6.1103,2.821,0.28,0.66
ViT-B-16__block6,100_200,2,29,6.0731,2.768,0.3,0.7
ViT-B-16__block6,100_200,3,28,6.1141,2.8241,0.275,0.655
ViT-B-16__block6,100_200,4,26,6.0886,2.8193,0.285,0.65
ViT-B-16__block6,200_300,0,19,6.2455,3.1767,0.23,0.505
ViT-B-16__block6,200_300,1,21,6.2334,3.1298,0.2,0.54
ViT-B-16__block6,200_300,2,19,6.2137,3.1863,0.19,0.51
ViT-B-16__block6,200_300,3,22,6.2446,3.1338,0.195,0.505
ViT-B-16__block6,200_300,4,21,6.2618,3.1786,0.195,0.525
ViT-B-16__block6,300_400,0,13,6.8785,3.8785,0.145,0.36
ViT-B-16__block6,300_400,1,15,6.9515,3.8411,0.1,0.315
ViT-B-16__block6,300_400,2,12,6.9257,3.8816,0.12,0.345
ViT-B-16__block6,300_400,3,13,6.8809,3.9049,0.08,0.36
ViT-B-16__block6,300_400,4,12,6.9537,3.8895,0.095,0.355
ViT-B-16__block6,400_500,0,9,7.3219,4.5419,0.09,0.22
ViT-B-16__block6,400_500,1,10,7.2925,4.5043,0.07,0.22
ViT-B-16__block6,400_500,2,9,7.2898,4.5489,0.07,0.19
ViT-B-16__block6,400_500,3,10,7.2847,4.5375,0.075,0.205
ViT-B-16__block6,400_500,4,8,7.2989,4.6154,0.055,0.165
ViT-B-16__block6,500_600,0,3,7.4347,5.2063,0.025,0.055
ViT-B-16__block6,500_600,1,3,7.447,5.2016,0.0,0.025
ViT-B-16__block6,500_600,2,2,7.4546,5.2383,0.015,0.04
ViT-B-16__block6,500_600,3,6,7.4425,5.1059,0.01,0.06
ViT-B-16__block6,500_600,4,3,7.4361,5.2059,0.005,0.03
ViT-B-16__block6,600_700,0,2,7.4609,5.2772,0.0,0.035
ViT-B-16__block6,600_700,1,2,7.4396,5.2747,0.0,0.03
ViT-B-16__block6,600_700,2,2,7.4683,5.2681,0.01,0.035
ViT-B-16__block6,600_700,3,3,7.4468,5.2364,0.005,0.055
ViT-B-16__block6,600_700,4,2,7.4479,5.2794,0.01,0.025
ViT-B-16__block6,700_800,0,2,7.481,5.3002,0.005,0.04
ViT-B-16__block6,700_800,1,2,7.466,5.2967,0.0,0.02
ViT-B-16__block6,700_800,2,2,7.4798,5.2921,0.015,0.03
ViT-B-16__block6,700_800,3,2,7.4735,5.3026,0.005,0.01
ViT-B-16__block6,700_800,4,2,7.4664,5.2886,0.005,0.04
ViT-B-16__block6,800_900,0,2,7.4728,5.2987,0.01,0.05
ViT-B-16__block6,800_900,1,2,7.4607,5.2913,0.0,0.04
ViT-B-16__block6,800_900,2,2,7.483,5.298,0.0,0.02
ViT-B-16__block6,800_900,3,2,7.4847,5.3036,0.005,0.025
ViT-B-16__block6,800_900,4,2,7.4792,5.2962,0.005,0.025
ViT-B-16__block6,900_1000,0,2,7.4672,5.2946,0.005,0.045
ViT-B-16__block6,900_1000,1,2,7.4638,5.3029,0.0,0.035
ViT-B-16__block6,900_1000,2,2,7.4714,5.3064,0.0,0.025
ViT-B-16__block6,900_1000,3,2,7.4834,5.3027,0.005,0.02
ViT-B-16__block6,900_1000,4,2,7.4743,5.3,0.005,0.035
ViT-B-16__block6__fov,0_100,0,14,6.9263,4.0248,0.1,0.295
ViT-B-16__block6__fov,0_100,1,13,6.9048,4.0858,0.095,0.265
ViT-B-16__block6__fov,0_100,2,17,6.9078,4.0461,0.11,0.295
ViT-B-16__block6__fov,0_100,3,17,6.8758,4.0812,0.1,0.275
ViT-B-16__block6__fov,0_100,4,17,6.8666,4.0071,0.13,0.28
ViT-B-16__block6__fov,100_200,0,29,6.0567,2.7372,0.33,0.67
ViT-B-16__block6__fov,100_200,1,25,6.0516,2.7615,0.32,0.645
ViT-B-16__block6__fov,100_200,2,30,6.0499,2.7289,0.305,0.68
ViT-B-16__block6__fov,100_200,3,34,6.0605,2.6885,0.305,0.685
ViT-B-16__block6__fov,100_200,4,27,6.0619,2.7629,0.31,0.665
ViT-B-16__block6__fov,200_300,0,20,6.2069,3.1013,0.235,0.54
ViT-B-16__block6__fov,200_300,1,21,6.1947,3.0501,0.225,0.51
ViT-B-16__block6__fov,200_300,2,21,6.2192,3.0823,0.19,0.52
ViT-B-16__block6__fov,200_300,3,22,6.1996,3.0432,0.215,0.535
ViT-B-16__block6__fov,200_300,4,21,6.2464,3.0928,0.205,0.5
ViT-B-16__block6__fov,300_400,0,13,6.8895,3.87,0.15,0.385
ViT-B-16__block6__fov,300_400,1,12,6.9196,3.8602,0.11,0.345
ViT-B-16__block6__fov,300_400,2,12,6.9075,3.8282,0.13,0.35
ViT-B-16__block6__fov,300_400,3,13,6.8849,3.8057,0.13,0.375
ViT-B-16__block6__fov,300_400,4,12,6.962,3.849,0.145,0.36
ViT-B-16__block6__fov,400_500,0,7,7.2944,4.5735,0.065,0.2
ViT-B-16__block6__fov,400_500,1,10,7.2777,4.5465,0.065,0.205
ViT-B-16__block6__fov,400_500,2,9,7.3133,4.5061,0.07,0.21
ViT-B-16__block6__fov,400_500,3,10,7.277,4.5009,0.055,0.195
ViT-B-16__block6__fov,400_500,4,8,7.2988,4.595,0.07,0.2
ViT-B-16__block6__fov,500_600,0,3,7.4229,5.2003,0.005,0.035
ViT-B-16__block6__fov,500_600,1,2,7.4522,5.2687,0.005,0.025
ViT-B-16__block6__fov,500_600,2,2,7.4715,5.2462,0.01,0.04
ViT-B-16__block6__fov,500_600,3,3,7.4313,5.193,0.015,0.04
ViT-B-16__block6__fov,500_600,4,3,7.4465,5.2176,0.005,0.045
ViT-B-16__block6__fov,600_700,0,2,7.4513,5.2672,0.005,0.015
ViT-B-16__block6__fov,600_700,1,2,7.4641,5.2594,0.02,0.05
ViT-B-16__block6__fov,600_700,2,2,7.4622,5.2636,0.0,0.04
ViT-B-16__block6__fov,600_700,3,2,7.4518,5.2698,0.005,0.025
ViT-B-16__block6__fov,600_700,4,2,7.455,5.2932,0.0,0.025
ViT-B-16__block6__fov,700_800,0,2,7.476,5.3095,0.01,0.015
ViT-B-16__block6__fov,700_800,1,2,7.4747,5.3005,0.0,0.045
ViT-B-16__block6__fov,700_800,2,2,7.4867,5.3142,0.0,0.015
ViT-B-16__block6__fov,700_800,3,2,7.4848,5.2974,0.0,0.02
ViT-B-16__block6__fov,700_800,4,2,7.4679,5.3172,0.0,0.02
ViT-B-16__block6__fov,800_900,0,2,7.457,5.2889,0.01,0.035
ViT-B-16__block6__fov,800_900,1,2,7.4613,5.2933,0.005,0.03
ViT-B-16__block6__fov,800_900,2,2,7.4839,5.296,0.0,0.015
ViT-B-16__block6__fov,800_900,3,2,7.4572,5.3013,0.0,0.02
ViT-B-16__block6__fov,800_900,4,2,7.4812,5.3,0.005,0.03
ViT-B-16__block6__fov,900_1000,0,2,7.467,5.2974,0.005,0.03
ViT-B-16__block6__fov,900_1000,1,2,7.4735,5.3002,0.01,0.035
ViT-B-16__block6__fov,900_1000,2,2,7.4798,5.2989,0.0,0.025
ViT-B-16__block6__fov,900_1000,3,2,7.4658,5.3105,0.01,0.035
ViT-B-16__block6__fov,900_1000,4,2,7.4903,5.3177,0.0,0.035
ViT-B-16__block8,0_100,0,13,7.1063,4.4382,0.05,0.17
ViT-B-16__block8,0_100,1,12,7.0562,4.4467,0.06,0.185
ViT-B-16__block8,0_100,2,13,7.0877,4.4679,0.055,0.18
ViT-B-16__block8,0_100,3,13,7.0298,4.41,0.075,0.18
ViT-B-16__block8,0_100,4,15,7.0677,4.3892,0.045,0.21
ViT-B-16__block8,100_200,0,19,6.3628,3.2124,0.215,0.56
ViT-B-16__block8,100_200,1,25,6.2886,3.1517,0.22,0.55
ViT-B-16__block8,100_200,2,21,6.3019,3.1947,0.22,0.53
ViT-B-16__block8,100_200,3,26,6.3234,3.1598,0.235,0.54
ViT-B-16__block8,100_200,4,19,6.3178,3.2265,0.23,0.51
ViT-B-16__block8,200_300,0,17,6.4079,3.4196,0.205,0.47
ViT-B-16__block8,200_300,1,21,6.3866,3.3475,0.165,0.51
ViT-B-16__block8,200_300,2,20,6.375,3.4208,0.175,0.465
ViT-B-16__block8,200_300,3,21,6.3834,3.3678,0.17,0.455
ViT-B-16__block8,200_300,4,17,6.4197,3.4273,0.18,0.47
ViT-B-16__block8,300_400,0,12,6.8828,3.9133,0.115,0.35
ViT-B-16__block8,300_400,1,12,6.9642,3.9722,0.105,0.315
ViT-B-16__block8,300_400,2,16,6.9236,3.8961,0.115,0.35
ViT-B-16__block8,300_400,3,13,6.9127,3.9333,0.135,0.335
ViT-B-16__block8,300_400,4,12,7.0013,3.9545,0.13,0.36
ViT-B-16__block8,400_500,0,9,7.3257,4.6357,0.075,0.19
ViT-B-16__block8,400_500,1,12,7.2503,4.5908,0.055,0.21
ViT-B-16__block8,400_500,2,8,7.3122,4.544,0.07,0.19
ViT-B-16__block8,400_500,3,10,7.2544,4.5914,0.065,0.205
ViT-B-16__block8,400_500,4,9,7.3038,4.587,0.06,0.195
ViT-B-16__block8,500_600,0,3,7.4797,5.2136,0.015,0.04
ViT-B-16__block8,500_600,1,3,7.4413,5.2185,0.01,0.075
ViT-B-16__block8,500_600,2,6,7.4445,5.0932,0.015,0.05
ViT-B-16__block8,500_600,3,3,7.4431,5.1952,0.01,0.085
ViT-B-16__block8,500_600,4,3,7.4557,5.2158,0.005,0.05
ViT-B-16__block8,600_700,0,2,7.4832,5.2867,0.0,0.035
ViT-B-16__block8,600_700,1,2,7.45,5.2838,0.01,0.035
ViT-B-16__block8,600_700,2,3,7.4761,5.2503,0.005,0.035
ViT-B-16__block8,600_700,3,3,7.4624,5.2425,0.0,0.04
ViT-B-16__block8,600_700,4,2,7.4702,5.2709,0.0,0.035
ViT-B-16__block8,700_800,0,2,7.4855,5.3094,0.005,0.02
ViT-B-16__block8,700_800,1,2,7.4684,5.312,0.005,0.025
ViT-B-16__block8,700_800,2,2,7.5047,5.2924,0.005,0.03
ViT-B-16__block8,700_800,3,2,7.4892,5.2868,0.0,0.04
ViT-B-16__block8,700_800,4,2,7.478,5.3151,0.005,0.035
ViT-B-16__block8,800_900,0,2,7.4882,5.309,0.0,0.03
ViT-B-16__block8,800_900,1,2,7.4827,5.3053,0.0,0.035
ViT-B-16__block8,800_900,2,2,7.501,5.2976,0.005,0.025
ViT-B-16__block8,800_900,3,2,7.4807,5.2859,0.0,0.05
ViT-B-16__block8,800_900,4,2,7.4865,5.3077,0.005,0.035
ViT-B-16__block8,900_1000,0,2,7.4816,5.3099,0.0,0.005
ViT-B-16__block8,900_1000,1,2,7.4781,5.3082,0.005,0.025
ViT-B-16__block8,900_1000,2,2,7.492,5.3081,0.0,0.035
ViT-B-16__block8,900_1000,3,2,7.4884,5.3067,0.005,0.02
ViT-B-16__block8,900_1000,4,2,7.4798,5.3189,0.01,0.025
ViT-B-16__block8__fov,0_100,0,13,7.0501,4.3472,0.055,0.23
ViT-B-16__block8__fov,0_100,1,13,7.0313,4.349,0.075,0.245
ViT-B-16__block8__fov,0_100,2,16,7.0322,4.3089,0.085,0.24
ViT-B-16__block8__fov,0_100,3,13,7.0003,4.3647,0.055,0.215
ViT-B-16__block8__fov,0_100,4,15,6.9917,4.2899,0.085,0.245
ViT-B-16__block8__fov,100_200,0,22,6.2411,3.0581,0.26,0.6
ViT-B-16__block8__fov,100_200,1,25,6.2288,3.0041,0.24,0.605
ViT-B-16__block8__fov,100_200,2,20,6.2401,3.1167,0.225,0.57
ViT-B-16__block8__fov,100_200,3,24,6.2249,3.0552,0.255,0.605
ViT-B-16__block8__fov,100_200,4,22,6.2663,3.0804,0.235,0.565
ViT-B-16__block8__fov,200_300,0,21,6.3211,3.2511,0.21,0.51
ViT-B-16__block8__fov,200_300,1,21,6.3349,3.2003,0.205,0.525
ViT-B-16__block8__fov,200_300,2,19,6.2897,3.2574,0.165,0.48
ViT-B-16__block8__fov,200_300,3,21,6.3485,3.2227,0.195,0.48
ViT-B-16__block8__fov,200_300,4,19,6.3797,3.2808,0.18,0.5
ViT-B-16__block8__fov,300_400,0,13,6.8919,3.8754,0.155,0.335
ViT-B-16__block8__fov,300_400,1,13,6.927,3.8635,0.155,0.37
ViT-B-16__block8__fov,300_400,2,15,6.8999,3.7921,0.13,0.34
ViT-B-16__block8__fov,300_400,3,13,6.8637,3.8561,0.13,0.37
ViT-B-16__block8__fov,300_400,4,12,6.9913,3.9232,0.14,0.325
ViT-B-16__block8__fov,400_500,0,10,7.3185,4.546,0.08,0.25
ViT-B-16__block8__fov,400_500,1,10,7.2764,4.5301,0.065,0.25
ViT-B-16__block8__fov,400_500,2,8,7.3076,4.5942,0.065,0.195
ViT-B-16__block8__fov,400_500,3,10,7.2714,4.5212,0.06,0.21
ViT-B-16__block8__fov,400_500,4,9,7.2899,4.514,0.065,0.235
ViT-B-16__block8__fov,500_600,0,3,7.461,5.1879,0.02,0.06
ViT-B-16__block8__fov,500_600,1,3,7.4479,5.1985,0.01,0.045
ViT-B-16__block8__fov,500_600,2,4,7.4519,5.1235,0.005,0.075
ViT-B-16__block8__fov,500_600,3,5,7.4414,5.1015,0.005,0.055
ViT-B-16__block8__fov,500_600,4,3,7.4384,5.1987,0.025,0.07
ViT-B-16__block8__fov,600_700,0,2,7.4868,5.266,0.015,0.055
ViT-B-16__block8__fov,600_700,1,3,7.4549,5.2575,0.015,0.03
ViT-B-16__block8__fov,600_700,2,3,7.4594,5.2266,0.005,0.06
ViT-B-16__block8__fov,600_700,3,3,7.4416,5.23,0.01,0.035
ViT-B-16__block8__fov,600_700,4,2,7.4711,5.2724,0.01,0.04
ViT-B-16__block8__fov,700_800,0,2,7.4792,5.3142,0.015,0.025
ViT-B-16__block8__fov,700_800,1,2,7.4563,5.3107,0.005,0.03
ViT-B-16__block8__fov,700_800,2,2,7.4795,5.2733,0.01,0.025
ViT-B-16__block8__fov,700_800,3,2,7.4643,5.307,0.005,0.025
ViT-B-16__block8__fov,700_800,4,2,7.4809,5.2834,0.005,0.05
ViT-B-16__block8__fov,800_900,0,2,7.496,5.2952,0.0,0.045
ViT-B-16__block8__fov,800_900,1,2,7.4629,5.3026,0.01,0.025
ViT-B-16__block8__fov,800_900,2,2,7.4721,5.3008,0.005,0.03
ViT-B-16__block8__fov,800_900,3,2,7.4597,5.3031,0.01,0.025
ViT-B-16__block8__fov,800_900,4,2,7.4931,5.2974,0.0,0.04
ViT-B-16__block8__fov,900_1000,0,2,7.5019,5.2982,0.01,0.03
ViT-B-16__block8__fov,900_1000,1,2,7.4615,5.3065,0.005,0.02
ViT-B-16__block8__fov,900_1000,2,2,7.469,5.2969,0.005,0.03
ViT-B-16__block8__fov,900_1000,3,2,7.4657,5.2932,0.0,0.03
ViT-B-16__block8__fov,900_1000,4,2,7.4963,5.3129,0.0,0.02
ViT-L-14__block12,0_100,0,16,7.0998,4.3067,0.045,0.235
ViT-L-14__block12,0_100,1,13,7.0566,4.4074,0.07,0.21
ViT-L-14__block12,0_100,2,19,7.0447,4.3385,0.05,0.225
ViT-L-14__block12,0_100,3,15,7.0348,4.3545,0.05,0.21
ViT-L-14__block12,0_100,4,14,7.037,4.4053,0.065,0.195
ViT-L-14__block12,100_200,0,19,6.3897,3.3436,0.26,0.53
ViT-L-14__block12,100_200,1,21,6.3723,3.3377,0.26,0.515
ViT-L-14__block12,100_200,2,24,6.3764,3.3116,0.25,0.485
ViT-L-14__block12,100_200,3,22,6.415,3.3311,0.25,0.515
ViT-L-14__block12,100_200,4,23,6.39,3.2609,0.255,0.51
ViT-L-14__block12,200_300,0,20,6.5112,3.5032,0.175,0.435
ViT-L-14__block12,200_300,1,21,6.4515,3.4921,0.18,0.42
ViT-L-14__block12,200_300,2,19,6.455,3.5067,0.195,0.42
ViT-L-14__block12,200_300,3,21,6.4682,3.4626,0.185,0.445
ViT-L-14__block12,200_300,4,20,6.4824,3.5019,0.175,0.445
ViT-L-14__block12,300_400,0,12,6.9909,4.239,0.085,0.24
ViT-L-14__block12,300_400,1,13,7.0384,4.1519,0.1,0.245
ViT-L-14__block12,300_400,2,15,7.0166,4.0922,0.09,0.29
ViT-L-14__block12,300_400,3,13,7.0207,4.1647,0.075,0.265
ViT-L-14__block12,300_400,4,13,7.0663,4.1354,0.095,0.29
ViT-L-14__block12,400_500,0,8,7.3649,4.7951,0.025,0.135
ViT-L-14__block12,400_500,1,10,7.3314,4.7452,0.05,0.125
ViT-L-14__block12,400_500,2,9,7.3347,4.7094,0.03,0.15
ViT-L-14__block12,400_500,3,9,7.3282,4.7259,0.035,0.15
ViT-L-14__block12,400_500,4,9,7.3671,4.7296,0.03,0.15
ViT-L-14__block12,500_600,0,5,7.4625,5.1818,0.015,0.06
ViT-L-14__block12,500_600,1,3,7.4752,5.2386,0.02,0.06
ViT-L-14__block12,500_600,2,3,7.477,5.223,0.01,0.04
ViT-L-14__block12,500_600,3,3,7.4629,5.2537,0.0,0.03
ViT-L-14__block12,500_600,4,3,7.4803,5.2292,0.025,0.06
ViT-L-14__block12,600_700,0,2,7.4937,5.2971,0.01,0.03
ViT-L-14__block12,600_700,1,2,7.4765,5.2837,0.005,0.03
ViT-L-14__block12,600_700,2,2,7.4923,5.2943,0.005,0.01
ViT-L-14__block12,600_700,3,2,7.4836,5.2962,0.005,0.06
ViT-L-14__block12,600_700,4,2,7.4845,5.2935,0.005,0.045
ViT-L-14__block12,700_800,0,2,7.5222,5.33,0.01,0.02
ViT-L-14__block12,700_800,1,2,7.5013,5.3137,0.01,0.02
ViT-L-14__block12,700_800,2,2,7.5023,5.2992,0.005,0.03
ViT-L-14__block12,700_800,3,2,7.501,5.3295,0.015,0.035
ViT-L-14__block12,700_800,4,2,7.4919,5.3143,0.01,0.015
ViT-L-14__block12,800_900,0,2,7.5103,5.3242,0.01,0.03
ViT-L-14__block12,800_900,1,2,7.486,5.313,0.01,0.025
ViT-L-14__block12,800_900,2,2,7.4908,5.298,0.005,0.035
ViT-L-14__block12,800_900,3,2,7.497,5.3123,0.01,0.045
ViT-L-14__block12,800_900,4,2,7.5034,5.314,0.005,0.04
ViT-L-14__block12,900_1000,0,2,7.5054,5.3255,0.005,0.03
ViT-L-14__block12,900_1000,1,2,7.5055,5.3134,0.005,0.025
ViT-L-14__block12,900_1000,2,2,7.4882,5.3123,0.005,0.015
ViT-L-14__block12,900_1000,3,2,7.4946,5.3302,0.0,0.035
ViT-L-14__block12,900_1000,4,2,7.5107,5.3064,0.005,0.02
ViT-L-14__block12__fov,0_100,0,16,7.0065,4.1795,0.075,0.25
ViT-L-14__block12__fov,0_100,1,17,7.0076,4.2204,0.11,0.25
ViT-L-14__block12__fov,0_100,2,16,6.9813,4.2287,0.075,0.24
ViT-L-14__block12__fov,0_100,3,18,6.9787,4.1618,0.075,0.24
ViT-L-14__block12__fov,0_100,4,17,6.9933,4.1668,0.08,0.24
ViT-L-14__block12__fov,100_200,0,20,6.3208,3.1703,0.265,0.565
ViT-L-14__block12__fov,100_200,1,30,6.301,3.0999,0.285,0.59
ViT-L-14__block12__fov,100_200,2,28,6.268,3.0839,0.275,0.605
ViT-L-14__block12__fov,100_200,3,29,6.3168,3.0762,0.27,0.605
ViT-L-14__block12__fov,100_200,4,23,6.2926,3.1326,0.265,0.57
ViT-L-14__block12__fov,200_300,0,19,6.43,3.3706,0.245,0.5
ViT-L-14__block12__fov,200_300,1,22,6.4026,3.3364,0.205,0.485
ViT-L-14__block12__fov,200_300,2,19,6.3836,3.3615,0.19,0.49
ViT-L-14__block12__fov,200_300,3,22,6.4229,3.3235,0.245,0.485
ViT-L-14__block12__fov,200_300,4,19,6.4226,3.4298,0.215,0.455
ViT-L-14__block12__fov,300_400,0,14,6.9926,4.0971,0.11,0.27
ViT-L-14__block12__fov,300_400,1,14,6.9911,4.0907,0.105,0.28
ViT-L-14__block12__fov,300_400,2,15,6.9649,4.0131,0.11,0.295
ViT-L-14__block12__fov,300_400,3,13,6.9744,4.1065,0.085,0.285
ViT-L-14__block12__fov,300_400,4,12,7.0683,4.0591,0.12,0.32
ViT-L-14__block12__fov,400_500,0,8,7.3438,4.7394,0.055,0.15
ViT-L-14__block12__fov,400_500,1,10,7.3103,4.6717,0.055,0.165
ViT-L-14__block12__fov,400_500,2,8,7.3298,4.6794,0.055,0.165
ViT-L-14__block12__fov,400_500,3,10,7.3157,4.6298,0.06,0.175
ViT-L-14__block12__fov,400_500,4,9,7.3183,4.6528,0.045,0.195
ViT-L-14__block12__fov,500_600,0,5,7.4495,5.1889,0.03,0.07
ViT-L-14__block12__fov,500_600,1,3,7.4591,5.2521,0.015,0.04
ViT-L-14__block12__fov,500_600,2,3,7.4647,5.2435,0.005,0.035
ViT-L-14__block12__fov,500_600,3,3,7.4643,5.2312,0.01,0.055
ViT-L-14__block12__fov,500_600,4,3,7.4704,5.2212,0.01,0.06
ViT-L-14__block12__fov,600_700,0,2,7.489,5.2942,0.005,0.04
ViT-L-14__block12__fov,600_700,1,2,7.4699,5.2894,0.01,0.045
ViT-L-14__block12__fov,600_700,2,2,7.4595,5.2942,0.015,0.045
ViT-L-14__block12__fov,600_700,3,3,7.4461,5.2655,0.02,0.045
ViT-L-14__block12__fov,600_700,4,2,7.4906,5.2823,0.02,0.04
ViT-L-14__block12__fov,700_800,0,2,7.4944,5.3167,0.005,0.025
ViT-L-14__block12__fov,700_800,1,2,7.4716,5.3071,0.005,0.045
ViT-L-14__block12__fov,700_800,2,2,7.4777,5.3035,0.0,0.02
ViT-L-14__block12__fov,700_800,3,2,7.4773,5.3134,0.0,0.025
ViT-L-14__block12__fov,700_800,4,2,7.4787,5.3082,0.02,0.04
ViT-L-14__block12__fov,800_900,0,2,7.4893,5.309,0.005,0.025
ViT-L-14__block12__fov,800_900,1,2,7.4791,5.3082,0.005,0.025
ViT-L-14__block12__fov,800_900,2,2,7.4702,5.2961,0.01,0.04
ViT-L-14__block12__fov,800_900,3,2,7.4849,5.3261,0.005,0.03
ViT-L-14__block12__fov,800_900,4,2,7.486,5.3088,0.015,0.04
ViT-L-14__block12__fov,900_1000,0,2,7.4895,5.3209,0.0,0.045
ViT-L-14__block12__fov,900_1000,1,2,7.4858,5.3192,0.01,0.035
ViT-L-14__block12__fov,900_1000,2,2,7.4835,5.3179,0.01,0.035
ViT-L-14__block12__fov,900_1000,3,2,7.4802,5.319,0.0,0.03
ViT-L-14__block12__fov,900_1000,4,2,7.491,5.3066,0.005,0.04
ViT-L-14__block16,0_100,0,13,7.1108,4.4455,0.065,0.2
ViT-L-14__block16,0_100,1,13,7.0907,4.4846,0.07,0.215
ViT-L-14__block16,0_100,2,14,7.1055,4.4754,0.06,0.215
ViT-L-14__block16,0_100,3,15,7.1008,4.396,0.075,0.18
ViT-L-14__block16,0_100,4,16,7.0988,4.4159,0.055,0.235
ViT-L-14__block16,100_200,0,20,6.4183,3.3037,0.245,0.53
ViT-L-14__block16,100_200,1,26,6.3954,3.2617,0.25,0.54
ViT-L-14__block16,100_200,2,23,6.3605,3.2923,0.25,0.545
ViT-L-14__block16,100_200,3,23,6.4211,3.2969,0.25,0.55
ViT-L-14__block16,100_200,4,19,6.4376,3.3183,0.235,0.525
ViT-L-14__block16,200_300,0,19,6.4825,3.4186,0.235,0.455
ViT-L-14__block16,200_300,1,21,6.452,3.3857,0.21,0.47
ViT-L-14__block16,200_300,2,17,6.417,3.4645,0.185,0.455
ViT-L-14__block16,200_300,3,18,6.4532,3.4026,0.205,0.44
ViT-L-14__block16,200_300,4,19,6.4832,3.4378,0.205,0.42
ViT-L-14__block16,300_400,0,14,6.9313,3.9496,0.09,0.33
ViT-L-14__block16,300_400,1,13,6.9432,3.9747,0.11,0.32
ViT-L-14__block16,300_400,2,15,6.9131,3.8702,0.13,0.32
ViT-L-14__block16,300_400,3,13,6.9363,3.9415,0.1,0.315
ViT-L-14__block16,300_400,4,12,7.0227,3.9271,0.1,0.34
ViT-L-14__block16,400_500,0,9,7.3274,4.6054,0.085,0.2
ViT-L-14__block16,400_500,1,10,7.2639,4.6128,0.075,0.215
ViT-L-14__block16,400_500,2,10,7.2843,4.6085,0.055,0.205
ViT-L-14__block16,400_500,3,10,7.28,4.5883,0.075,0.22
ViT-L-14__block16,400_500,4,9,7.3103,4.5948,0.075,0.175
ViT-L-14__block16,500_600,0,6,7.4771,5.1021,0.015,0.065
ViT-L-14__block16,500_600,1,4,7.4565,5.1716,0.02,0.065
ViT-L-14__block16,500_600,2,7,7.4349,5.0554,0.02,0.115
ViT-L-14__block16,500_600,3,3,7.4573,5.2314,0.01,0.045
ViT-L-14__block16,500_600,4,4,7.4569,5.1577,0.0,0.075
ViT-L-14__block16,600_700,0,2,7.4891,5.268,0.005,0.035
ViT-L-14__block16,600_700,1,2,7.4671,5.2731,0.01,0.045
ViT-L-14__block16,600_700,2,3,7.4657,5.2631,0.02,0.06
ViT-L-14__block16,600_700,3,2,7.47,5.2674,0.005,0.04
ViT-L-14__block16,600_700,4,2,7.4768,5.2814,0.005,0.025
ViT-L-14__block16,700_800,0,2,7.5021,5.2962,0.01,0.025
ViT-L-14__block16,700_800,1,2,7.4794,5.3228,0.01,0.03
ViT-L-14__block16,700_800,2,2,7.4887,5.2987,0.02,0.035
ViT-L-14__block16,700_800,3,2,7.5,5.3008,0.01,0.03
ViT-L-14__block16,700_800,4,2,7.4834,5.3005,0.01,0.045
ViT-L-14__block16,800_900,0,2,7.5,5.2999,0.01,0.015
ViT-L-14__block16,800_900,1,2,7.4777,5.3172,0.005,0.05
ViT-L-14__block16,800_900,2,2,7.4827,5.2971,0.015,0.035
ViT-L-14__block16,800_900,3,2,7.4928,5.3107,0.005,0.045
ViT-L-14__block16,800_900,4,2,7.4949,5.3219,0.005,0.025
ViT-L-14__block16,900_1000,0,2,7.4982,5.3087,0.0,0.02
ViT-L-14__block16,900_1000,1,2,7.4932,5.3197,0.01,0.03
ViT-L-14__block16,900_1000,2,2,7.4898,5.3188,0.015,0.04
ViT-L-14__block16,900_1000,3,2,7.4853,5.3129,0.005,0.04
ViT-L-14__block16,900_1000,4,2,7.4861,5.3285,0.005,0.035
ViT-L-14__block16__fov,0_100,0,16,7.0823,4.329,0.085,0.245
ViT-L-14__block16__fov,0_100,1,17,7.0759,4.3533,0.08,0.24
ViT-L-14__block16__fov,0_100,2,15,7.0531,4.4417,0.08,0.205
ViT-L-14__block16__fov,0_100,3,15,7.0812,4.3991,0.06,0.205
ViT-L-14__block16__fov,0_100,4,14,7.0239,4.3977,0.055,0.24
ViT-L-14__block16__fov,100_200,0,20,6.3525,3.2772,0.235,0.535
ViT-L-14__block16__fov,100_200,1,23,6.3149,3.2147,0.235,0.535
ViT-L-14__block16__fov,100_200,2,22,6.3003,3.2383,0.22,0.555
ViT-L-14__block16__fov,100_200,3,28,6.3311,3.1752,0.215,0.565
ViT-L-14__block16__fov,100_200,4,23,6.3445,3.1933,0.235,0.565
ViT-L-14__block16__fov,200_300,0,19,6.3992,3.2981,0.26,0.55
ViT-L-14__block16__fov,200_300,1,21,6.3877,3.2791,0.21,0.54
ViT-L-14__block16__fov,200_300,2,19,6.3882,3.3296,0.2,0.515
ViT-L-14__block16__fov,200_300,3,20,6.3764,3.2869,0.225,0.55
ViT-L-14__block16__fov,200_300,4,17,6.4268,3.3335,0.245,0.5
ViT-L-14__block16__fov,300_400,0,14,6.9155,3.8947,0.145,0.34
ViT-L-14__block16__fov,300_400,1,14,6.9046,3.9299,0.145,0.305
ViT-L-14__block16__fov,300_400,2,15,6.8901,3.8357,0.175,0.375
ViT-L-14__block16__fov,300_400,3,15,6.9063,3.8386,0.17,0.365
ViT-L-14__block16__fov,300_400,4,14,6.999,3.8834,0.145,0.335
ViT-L-14__block16__fov,400_500,0,9,7.3044,4.6185,0.035,0.19
ViT-L-14__block16__fov,400_500,1,12,7.2566,4.4807,0.09,0.22
ViT-L-14__block16__fov,400_500,2,10,7.2928,4.5348,0.07,0.225
ViT-L-14__block16__fov,400_500,3,10,7.2632,4.5218,0.075,0.265
ViT-L-14__block16__fov,400_500,4,9,7.2805,4.5984,0.04,0.175
ViT-L-14__block16__fov,500_600,0,5,7.4486,5.0873,0.02,0.1
ViT-L-14__block16__fov,500_600,1,3,7.4667,5.2206,0.01,0.03
ViT-L-14__block16__fov,500_600,2,6,7.4796,5.1115,0.015,0.08
ViT-L-14__block16__fov,500_600,3,6,7.4592,5.0678,0.02,0.085
ViT-L-14__block16__fov,500_600,4,5,7.4337,5.1054,0.01,0.065
ViT-L-14__block16__fov,600_700,0,3,7.4617,5.2416,0.0,0.035
ViT-L-14__block16__fov,600_700,1,2,7.4663,5.28,0.025,0.075
ViT-L-14__block16__fov,600_700,2,3,7.4648,5.2381,0.01,0.045
ViT-L-14__block16__fov,600_700,3,3,7.4691,5.2453,0.005,0.03
ViT-L-14__block16__fov,600_700,4,3,7.4545,5.2238,0.01,0.045
ViT-L-14__block16__fov,700_800,0,2,7.4761,5.3088,0.0,0.02
ViT-L-14__block16__fov,700_800,1,2,7.4782,5.2966,0.015,0.025
ViT-L-14__block16__fov,700_800,2,2,7.4926,5.3034,0.005,0.035
ViT-L-14__block16__fov,700_800,3,2,7.4816,5.3005,0.015,0.035
ViT-L-14__block16__fov,700_800,4,2,7.4754,5.3072,0.01,0.05
ViT-L-14__block16__fov,800_900,0,2,7.4876,5.3127,0.005,0.01
ViT-L-14__block16__fov,800_900,1,2,7.4733,5.3025,0.02,0.055
ViT-L-14__block16__fov,800_900,2,2,7.4919,5.314,0.005,0.025
ViT-L-14__block16__fov,800_900,3,2,7.4826,5.3054,0.0,0.035
ViT-L-14__block16__fov,800_900,4,2,7.4754,5.3032,0.015,0.02
ViT-L-14__block16__fov,900_1000,0,2,7.4845,5.3107,0.005,0.01
ViT-L-14__block16__fov,900_1000,1,2,7.4884,5.3132,0.005,0.015
ViT-L-14__block16__fov,900_1000,2,2,7.4824,5.3296,0.005,0.025
ViT-L-14__block16__fov,900_1000,3,2,7.4866,5.3085,0.01,0.03
ViT-L-14__block16__fov,900_1000,4,2,7.4683,5.3222,0.005,0.03
ViT-L-14__block20,0_100,0,13,7.1864,4.7193,0.04,0.135
ViT-L-14__block20,0_100,1,13,7.2009,4.6703,0.035,0.15
ViT-L-14__block20,0_100,2,12,7.1876,4.6952,0.04,0.16
ViT-L-14__block20,0_100,3,12,7.237,4.6962,0.045,0.155
ViT-L-14__block20,0_100,4,13,7.1527,4.6998,0.04,0.135
ViT-L-14__block20,100_200,0,19,6.456,3.4011,0.16,0.5
ViT-L-14__block20,100_200,1,23,6.4156,3.3902,0.18,0.49
ViT-L-14__block20,100_200,2,21,6.455,3.427,0.195,0.44
ViT-L-14__block20,100_200,3,24,6.4901,3.3737,0.2,0.47
ViT-L-14__block20,100_200,4,22,6.4578,3.3972,0.185,0.48
ViT-L-14__block20,200_300,0,21,6.4253,3.436,0.19,0.445
ViT-L-14__block20,200_300,1,22,6.4408,3.4306,0.155,0.47
ViT-L-14__block20,200_300,2,19,6.4704,3.4646,0.185,0.44
ViT-L-14__block20,200_300,3,20,6.4694,3.4263,0.185,0.495
ViT-L-14__block20,200_300,4,20,6.471,3.4738,0.215,0.475
ViT-L-14__block20,300_400,0,15,6.8266,3.813,0.155,0.39
ViT-L-14__block20,300_400,1,16,6.8777,3.8318,0.13,0.41
ViT-L-14__block20,300_400,2,15,6.8577,3.8104,0.155,0.405
ViT-L-14__block20,300_400,3,15,6.9002,3.8078,0.15,0.41
ViT-L-14__block20,300_400,4,14,6.9313,3.8257,0.165,0.395
ViT-L-14__block20,400_500,0,12,7.2799,4.4982,0.04,0.22
ViT-L-14__block20,400_500,1,12,7.2432,4.5067,0.08,0.205
ViT-L-14__block20,400_500,2,12,7.2577,4.5321,0.04,0.19
ViT-L-14__block20,400_500,3,13,7.2528,4.5239,0.035,0.19
ViT-L-14__block20,400_500,4,11,7.2438,4.5428,0.06,0.185
ViT-L-14__block20,500_600,0,5,7.4708,5.1184,0.035,0.095
ViT-L-14__block20,500_600,1,4,7.4655,5.097,0.015,0.065
ViT-L-14__block20,500_600,2,5,7.4571,5.0822,0.03,0.095
ViT-L-14__block20,500_600,3,6,7.471,5.1325,0.02,0.09
ViT-L-14__block20,500_600,4,7,7.4655,5.0528,0.015,0.095
ViT-L-14__block20,600_700,0,3,7.49,5.1909,0.01,0.04
ViT-L-14__block20,600_700,1,2,7.4705,5.2659,0.005,0.05
ViT-L-14__block20,600_700,2,3,7.4533,5.2334,0.01,0.045
ViT-L-14__block20,600_700,3,2,7.4998,5.3075,0.0,0.02
ViT-L-14__block20,600_700,4,5,7.4865,5.1733,0.01,0.05
ViT-L-14__block20,700_800,0,2,7.5045,5.2972,0.01,0.04
ViT-L-14__block20,700_800,1,2,7.5025,5.2946,0.005,0.05
ViT-L-14__block20,700_800,2,2,7.4933,5.3003,0.01,0.02
ViT-L-14__block20,700_800,3,2,7.5194,5.3225,0.005,0.025
ViT-L-14__block20,700_800,4,2,7.5042,5.3242,0.005,0.035
ViT-L-14__block20,800_900,0,2,7.5043,5.2847,0.005,0.055
ViT-L-14__block20,800_900,1,2,7.5184,5.3065,0.005,0.045
ViT-L-14__block20,800_900,2,2,7.4986,5.3181,0.005,0.035
ViT-L-14__block20,800_900,3,2,7.5156,5.3303,0.0,0.025
ViT-L-14__block20,800_900,4,2,7.519,5.3417,0.0,0.015
ViT-L-14__block20,900_1000,0,2,7.5224,5.3008,0.005,0.03
ViT-L-14__block20,900_1000,1,2,7.4993,5.3172,0.0,0.035
ViT-L-14__block20,900_1000,2,2,7.4827,5.3354,0.005,0.02
ViT-L-14__block20,900_1000,3,2,7.5206,5.3374,0.005,0.025
ViT-L-14__block20,900_1000,4,2,7.5003,5.3374,0.0,0.02
ViT-L-14__block20__fov,0_100,0,16,7.1691,4.5856,0.05,0.205
ViT-L-14__block20__fov,0_100,1,13,7.1812,4.6737,0.04,0.145
ViT-L-14__block20__fov,0_100,2,14,7.184,4.6263,0.045,0.21
ViT-L-14__block20__fov,0_100,3,14,7.1915,4.6072,0.055,0.16
ViT-L-14__block20__fov,0_100,4,13,7.161,4.6575,0.045,0.15
ViT-L-14__block20__fov,100_200,0,23,6.4341,3.3131,0.19,0.53
ViT-L-14__block20__fov,100_200,1,23,6.4118,3.3421,0.19,0.505
ViT-L-14__block20__fov,100_200,2,21,6.4196,3.3223,0.22,0.525
ViT-L-14__block20__fov,100_200,3,24,6.432,3.2966,0.21,0.49
ViT-L-14__block20__fov,100_200,4,22,6.4344,3.3508,0.175,0.53
ViT-L-14__block20__fov,200_300,0,23,6.4092,3.3371,0.21,0.505
ViT-L-14__block20__fov,200_300,1,22,6.3949,3.3451,0.2,0.485
ViT-L-14__block20__fov,200_300,2,19,6.4467,3.3642,0.2,0.485
ViT-L-14__block20__fov,200_300,3,20,6.442,3.3094,0.235,0.52
ViT-L-14__block20__fov,200_300,4,22,6.4397,3.3391,0.19,0.535
ViT-L-14__block20__fov,300_400,0,16,6.8245,3.8375,0.14,0.355
ViT-L-14__block20__fov,300_400,1,15,6.8751,3.8324,0.15,0.39
ViT-L-14__block20__fov,300_400,2,15,6.8625,3.7937,0.19,0.39
ViT-L-14__block20__fov,300_400,3,15,6.8848,3.8078,0.175,0.385
ViT-L-14__block20__fov,300_400,4,16,6.9055,3.79,0.13,0.375
ViT-L-14__block20__fov,400_500,0,14,7.2934,4.4815,0.065,0.225
ViT-L-14__block20__fov,400_500,1,12,7.2281,4.4796,0.07,0.225
ViT-L-14__block20__fov,400_500,2,12,7.2546,4.4976,0.075,0.245
ViT-L-14__block20__fov,400_500,3,13,7.2487,4.4941,0.06,0.225
ViT-L-14__block20__fov,400_500,4,12,7.2517,4.5141,0.06,0.185
ViT-L-14__block20__fov,500_600,0,5,7.4812,5.1152,0.015,0.07
ViT-L-14__block20__fov,500_600,1,5,7.4741,5.0995,0.015,0.075
ViT-L-14__block20__fov,500_600,2,7,7.4603,5.0382,0.03,0.075
ViT-L-14__block20__fov,500_600,3,6,7.4584,5.0938,0.015,0.07
ViT-L-14__block20__fov,500_600,4,7,7.4509,5.0102,0.035,0.105
ViT-L-14__block20__fov,600_700,0,3,7.5153,5.2257,0.005,0.03
ViT-L-14__block20__fov,600_700,1,2,7.4837,5.2552,0.005,0.045
ViT-L-14__block20__fov,600_700,2,5,7.4806,5.1627,0.025,0.085
ViT-L-14__block20__fov,600_700,3,2,7.4956,5.2906,0.005,0.03
ViT-L-14__block20__fov,600_700,4,6,7.4823,5.1349,0.015,0.06
ViT-L-14__block20__fov,700_800,0,2,7.5264,5.3045,0.01,0.035
ViT-L-14__block20__fov,700_800,1,2,7.4999,5.2963,0.01,0.06
ViT-L-14__block20__fov,700_800,2,3,7.5045,5.2843,0.005,0.02
ViT-L-14__block20__fov,700_800,3,2,7.5321,5.3131,0.005,0.035
ViT-L-14__block20__fov,700_800,4,2,7.5095,5.3044,0.005,0.02
ViT-L-14__block20__fov,800_900,0,2,7.5356,5.3031,0.0,0.025
ViT-L-14__block20__fov,800_900,1,2,7.5029,5.2919,0.005,0.04
ViT-L-14__block20__fov,800_900,2,2,7.522,5.3228,0.005,0.015
ViT-L-14__block20__fov,800_900,3,2,7.5255,5.3257,0.005,0.015
ViT-L-14__block20__fov,800_900,4,2,7.4898,5.3183,0.015,0.04
ViT-L-14__block20__fov,900_1000,0,2,7.5325,5.3129,0.01,0.035
ViT-L-14__block20__fov,900_1000,1,2,7.5024,5.3076,0.01,0.03
ViT-L-14__block20__fov,900_1000,2,2,7.5117,5.3227,0.0,0.015
ViT-L-14__block20__fov,900_1000,3,2,7.525,5.3413,0.0,0.03
ViT-L-14__block20__fov,900_1000,4,2,7.5115,5.3053,0.005,0.03
ViT-L-14__block24,0_100,0,11,7.3097,4.9496,0.05,0.145
ViT-L-14__block24,0_100,1,10,7.339,4.9393,0.03,0.1
ViT-L-14__block24,0_100,2,9,7.2896,4.963,0.05,0.14
ViT-L-14__block24,0_100,3,10,7.2887,4.9543,0.045,0.105
ViT-L-14__block24,0_100,4,15,7.2743,4.9072,0.045,0.125
ViT-L-14__block24,100_200,0,16,6.717,3.8209,0.125,0.36
ViT-L-14__block24,100_200,1,17,6.7017,3.8211,0.12,0.39
ViT-L-14__block24,100_200,2,19,6.724,3.8147,0.145,0.38
ViT-L-14__block24,100_200,3,19,6.7027,3.8299,0.125,0.37
ViT-L-14__block24,100_200,4,16,6.7294,3.8554,0.125,0.36
ViT-L-14__block24,200_300,0,19,6.6303,3.7442,0.15,0.415
ViT-L-14__block24,200_300,1,17,6.6836,3.7125,0.16,0.435
ViT-L-14__block24,200_300,2,19,6.6867,3.6952,0.175,0.435
ViT-L-14__block24,200_300,3,17,6.6987,3.7552,0.18,0.405
ViT-L-14__block24,200_300,4,17,6.6839,3.7452,0.145,0.4
ViT-L-14__block24,300_400,0,15,6.9483,4.0696,0.09,0.35
ViT-L-14__block24,300_400,1,15,6.98,4.0629,0.09,0.325
ViT-L-14__block24,300_400,2,16,6.9839,3.9937,0.12,0.365
ViT-L-14__block24,300_400,3,14,6.961,4.0714,0.1,0.345
ViT-L-14__block24,300_400,4,13,7.0102,4.0551,0.11,0.345
ViT-L-14__block24,400_500,0,12,7.3357,4.6511,0.07,0.17
ViT-L-14__block24,400_500,1,12,7.3169,4.5884,0.075,0.22
ViT-L-14__block24,400_500,2,11,7.3296,4.6527,0.07,0.16
ViT-L-14__block24,400_500,3,14,7.2529,4.636,0.055,0.19
ViT-L-14__block24,400_500,4,11,7.297,4.6269,0.035,0.155
ViT-L-14__block24,500_600,0,6,7.5093,5.1447,0.035,0.085
ViT-L-14__block24,500_600,1,3,7.4907,5.2688,0.015,0.035
ViT-L-14__block24,500_600,2,7,7.4957,5.0662,0.015,0.095
ViT-L-14__block24,500_600,3,3,7.4796,5.2637,0.01,0.05
ViT-L-14__block24,500_600,4,6,7.474,5.1109,0.025,0.065
ViT-L-14__block24,600_700,0,5,7.4839,5.1818,0.015,0.075
ViT-L-14__block24,600_700,1,2,7.5027,5.2812,0.01,0.03
ViT-L-14__block24,600_700,2,3,7.4921,5.2526,0.01,0.035
ViT-L-14__block24,600_700,3,2,7.4766,5.3058,0.0,0.03
ViT-L-14__block24,600_700,4,5,7.4665,5.2026,0.025,0.065
ViT-L-14__block24,700_800,0,2,7.5347,5.3297,0.0,0.035
ViT-L-14__block24,700_800,1,2,7.5341,5.3319,0.015,0.055
ViT-L-14__block24,700_800,2,2,7.5189,5.2998,0.005,0.02
ViT-L-14__block24,700_800,3,2,7.5056,5.3275,0.0,0.03
ViT-L-14__block24,700_800,4,3,7.4798,5.2846,0.01,0.045
ViT-L-14__block24,800_900,0,2,7.5401,5.3287,0.005,0.02
ViT-L-14__block24,800_900,1,2,7.5115,5.3224,0.0,0.045
ViT-L-14__block24,800_900,2,2,7.5198,5.3105,0.005,0.035
ViT-L-14__block24,800_900,3,2,7.5005,5.3282,0.005,0.025
ViT-L-14__block24,800_900,4,2,7.4959,5.3194,0.01,0.04
ViT-L-14__block24,900_1000,0,2,7.5344,5.359,0.0,0.015
ViT-L-14__block24,900_1000,1,2,7.5184,5.3455,0.005,0.025
ViT-L-14__block24,900_1000,2,2,7.5125,5.329,0.01,0.02
ViT-L-14__block24,900_1000,3,2,7.5018,5.3343,0.005,0.025
ViT-L-14__block24,900_1000,4,2,7.4999,5.3192,0.01,0.02
ViT-L-14__block24__fov,0_100,0,11,7.2674,4.9436,0.025,0.115
ViT-L-14__block24__fov,0_100,1,10,7.3195,4.9798,0.03,0.11
ViT-L-14__block24__fov,0_100,2,11,7.294,4.9505,0.04,0.095
ViT-L-14__block24__fov,0_100,3,10,7.3097,5.0156,0.04,0.1
ViT-L-14__block24__fov,0_100,4,15,7.2787,4.9352,0.04,0.115
ViT-L-14__block24__fov,100_200,0,17,6.725,3.8288,0.13,0.37
ViT-L-14__block24__fov,100_200,1,17,6.6857,3.8273,0.105,0.36
ViT-L-14__block24__fov,100_200,2,16,6.6901,3.8592,0.15,0.365
ViT-L-14__block24__fov,100_200,3,17,6.7012,3.8748,0.105,0.375
ViT-L-14__block24__fov,100_200,4,16,6.7185,3.8893,0.105,0.355
ViT-L-14__block24__fov,200_300,0,19,6.6426,3.74,0.165,0.41
ViT-L-14__block24__fov,200_300,1,17,6.6613,3.7136,0.165,0.435
ViT-L-14__block24__fov,200_300,2,19,6.6687,3.6932,0.17,0.415
ViT-L-14__block24__fov,200_300,3,17,6.73,3.7437,0.17,0.395
ViT-L-14__block24__fov,200_300,4,17,6.682,3.7621,0.155,0.395
ViT-L-14__block24__fov,300_400,0,15,6.932,4.064,0.11,0.365
ViT-L-14__block24__fov,300_400,1,15,6.9595,4.0666,0.11,0.37
ViT-L-14__block24__fov,300_400,2,16,6.9885,4.0462,0.115,0.345
ViT-L-14__block24__fov,300_400,3,14,6.9747,4.0522,0.105,0.3
ViT-L-14__block24__fov,300_400,4,15,6.9962,4.071,0.11,0.335
ViT-L-14__block24__fov,400_500,0,12,7.3353,4.668,0.06,0.155
ViT-L-14__block24__fov,400_500,1,12,7.3052,4.6188,0.06,0.18
ViT-L-14__block24__fov,400_500,2,10,7.3544,4.6572,0.04,0.2
ViT-L-14__block24__fov,400_500,3,13,7.2717,4.6386,0.06,0.17
ViT-L-14__block24__fov,400_500,4,11,7.3033,4.6344,0.06,0.165
ViT-L-14__block24__fov,500_600,0,6,7.5088,5.1549,0.02,0.09
ViT-L-14__block24__fov,500_600,1,3,7.4928,5.2002,0.01,0.04
ViT-L-14__block24__fov,500_600,2,5,7.4779,5.143,0.015,0.06
ViT-L-14__block24__fov,500_600,3,6,7.4885,5.1698,0.01,0.05
ViT-L-14__block24__fov,500_600,4,6,7.4581,5.0488,0.02,0.11
ViT-L-14__block24__fov,600_700,0,3,7.5023,5.2546,0.0,0.045
ViT-L-14__block24__fov,600_700,1,2,7.4853,5.2842,0.005,0.025
ViT-L-14__block24__fov,600_700,2,3,7.4896,5.2439,0.0,0.035
ViT-L-14__block24__fov,600_700,3,2,7.508,5.3039,0.005,0.025
ViT-L-14__block24__fov,600_700,4,4,7.4728,5.1694,0.01,0.07
ViT-L-14__block24__fov,700_800,0,2,7.531,5.3099,0.01,0.03
ViT-L-14__block24__fov,700_800,1,2,7.5094,5.3166,0.005,0.02
ViT-L-14__block24__fov,700_800,2,2,7.5182,5.3019,0.005,0.035
ViT-L-14__block24__fov,700_800,3,2,7.5242,5.3328,0.005,0.03
ViT-L-14__block24__fov,700_800,4,3,7.4913,5.3136,0.005,0.045
ViT-L-14__block24__fov,800_900,0,2,7.5261,5.323,0.0,0.02
ViT-L-14__block24__fov,800_900,1,2,7.5073,5.3424,0.005,0.03
ViT-L-14__block24__fov,800_900,2,2,7.5063,5.2863,0.005,0.025
ViT-L-14__block24__fov,800_900,3,2,7.5186,5.3348,0.005,0.045
ViT-L-14__block24__fov,800_900,4,3,7.4917,5.3066,0.005,0.04
ViT-L-14__block24__fov,900_1000,0,2,7.516,5.3149,0.01,0.045
ViT-L-14__block24__fov,900_1000,1,2,7.5181,5.3086,0.005,0.02
ViT-L-14__block24__fov,900_1000,2,2,7.5126,5.2967,0.005,0.02
ViT-L-14__block24__fov,900_1000,3,2,7.5203,5.3212,0.025,0.04
ViT-L-14__block24__fov,900_1000,4,2,7.5044,5.3196,0.0,0.025
ViT-L-14__block4,0_100,0,24,6.8029,3.7347,0.115,0.33
ViT-L-14__block4,0_100,1,17,6.7394,3.8021,0.1,0.28
ViT-L-14__block4,0_100,2,22,6.7607,3.8003,0.125,0.29
ViT-L-14__block4,0_100,3,25,6.7561,3.7386,0.115,0.355
ViT-L-14__block4,0_100,4,22,6.7541,3.7621,0.1,0.345
ViT-L-14__block4,100_200,0,35,6.1935,2.8392,0.295,0.6
ViT-L-14__block4,100_200,1,31,6.1326,2.844,0.285,0.585
ViT-L-14__block4,100_200,2,29,6.1003,2.8812,0.305,0.62
ViT-L-14__block4,100_200,3,35,6.1845,2.8536,0.275,0.59
ViT-L-14__block4,100_200,4,40,6.0887,2.8222,0.275,0.575
ViT-L-14__block4,200_300,0,24,6.3486,3.3389,0.155,0.415
ViT-L-14__block4,200_300,1,22,6.3007,3.3209,0.16,0.435
ViT-L-14__block4,200_300,2,22,6.3138,3.3248,0.14,0.42
ViT-L-14__block4,200_300,3,20,6.3092,3.3465,0.17,0.42
ViT-L-14__block4,200_300,4,28,6.3353,3.329,0.175,0.46
ViT-L-14__block4,300_400,0,13,7.0254,4.0751,0.125,0.29
ViT-L-14__block4,300_400,1,10,7.0289,4.1512,0.08,0.275
ViT-L-14__block4,300_400,2,11,7.0642,4.1256,0.1,0.28
ViT-L-14__block4,300_400,3,11,7.0133,4.128,0.085,0.305
ViT-L-14__block4,300_400,4,10,7.0821,4.1262,0.095,0.29
ViT-L-14__block4,400_500,0,7,7.3184,4.7308,0.045,0.14
ViT-L-14__block4,400_500,1,7,7.3114,4.7616,0.045,0.165
ViT-L-14__block4,400_500,2,6,7.3034,4.7808,0.025,0.16
ViT-L-14__block4,400_500,3,6,7.3174,4.7757,0.045,0.145
ViT-L-14__block4,400_500,4,6,7.3391,4.7456,0.03,0.18
ViT-L-14__block4,500_600,0,3,7.4204,5.2159,0.005,0.045
ViT-L-14__block4,500_600,1,4,7.4142,5.1799,0.015,0.06
ViT-L-14__block4,500_600,2,4,7.4235,5.1888,0.01,0.085
ViT-L-14__block4,500_600,3,3,7.4245,5.2328,0.015,0.04
ViT-L-14__block4,500_600,4,4,7.4033,5.1704,0.01,0.055
ViT-L-14__block4,600_700,0,2,7.4383,5.2754,0.0,0.03
ViT-L-14__block4,600_700,1,3,7.4374,5.2743,0.01,0.04
ViT-L-14__block4,600_700,2,2,7.4451,5.2844,0.0,0.03
ViT-L-14__block4,600_700,3,2,7.442,5.2862,0.01,0.035
ViT-L-14__block4,600_700,4,2,7.4453,5.2888,0.0,0.03
ViT-L-14__block4,700_800,0,2,7.4567,5.2874,0.01,0.03
ViT-L-14__block4,700_800,1,2,7.4609,5.2982,0.015,0.025
ViT-L-14__block4,700_800,2,2,7.444,5.2943,0.0,0.035
ViT-L-14__block4,700_800,3,2,7.4506,5.2974,0.005,0.035
ViT-L-14__block4,700_800,4,2,7.4528,5.3001,0.01,0.025
ViT-L-14__block4,800_900,0,2,7.4602,5.2934,0.01,0.035
ViT-L-14__block4,800_900,1,2,7.4532,5.2841,0.01,0.05
ViT-L-14__block4,800_900,2,2,7.4524,5.2957,0.005,0.025
ViT-L-14__block4,800_900,3,2,7.449,5.3005,0.005,0.02
ViT-L-14__block4,800_900,4,2,7.4579,5.2912,0.005,0.025
ViT-L-14__block4,900_1000,0,2,7.4563,5.2957,0.01,0.02
ViT-L-14__block4,900_1000,1,2,7.4555,5.2996,0.015,0.025
ViT-L-14__block4,900_1000,2,2,7.4555,5.2961,0.005,0.035
ViT-L-14__block4,900_1000,3,2,7.4409,5.3068,0.0,0.025
ViT-L-14__block4,900_1000,4,2,7.4592,5.2912,0.005,0.015
ViT-L-14__block4__fov,0_100,0,24,6.7581,3.6785,0.11,0.325
ViT-L-14__block4__fov,0_100,1,18,6.6944,3.7239,0.11,0.295
ViT-L-14__block4__fov,0_100,2,22,6.7066,3.7397,0.11,0.295
ViT-L-14__block4__fov,0_100,3,20,6.7164,3.7383,0.1,0.31
ViT-L-14__block4__fov,0_100,4,22,6.6962,3.6766,0.12,0.33
ViT-L-14__block4__fov,100_200,0,35,6.1412,2.771,0.32,0.605
ViT-L-14__block4__fov,100_200,1,31,6.0775,2.7747,0.315,0.61
ViT-L-14__block4__fov,100_200,2,40,6.0449,2.7565,0.3,0.62
ViT-L-14__block4__fov,100_200,3,35,6.1436,2.7822,0.29,0.605
ViT-L-14__block4__fov,100_200,4,46,6.0493,2.741,0.3,0.595
ViT-L-14__block4__fov,200_300,0,20,6.3211,3.3083,0.15,0.43
ViT-L-14__block4__fov,200_300,1,22,6.2843,3.2367,0.175,0.47
ViT-L-14__block4__fov,200_300,2,22,6.2796,3.2594,0.16,0.46
ViT-L-14__block4__fov,200_300,3,20,6.3053,3.2774,0.165,0.45
ViT-L-14__block4__fov,200_300,4,28,6.3162,3.2389,0.18,0.46
ViT-L-14__block4__fov,300_400,0,13,7.0193,4.0689,0.105,0.305
ViT-L-14__block4__fov,300_400,1,10,7.0214,4.1138,0.1,0.305
ViT-L-14__block4__fov,300_400,2,9,7.0496,4.1517,0.105,0.245
ViT-L-14__block4__fov,300_400,3,10,6.9991,4.1457,0.095,0.285
ViT-L-14__block4__fov,300_400,4,10,7.077,4.112,0.135,0.325
ViT-L-14__block4__fov,400_500,0,6,7.3259,4.7523,0.05,0.175
ViT-L-14__block4__fov,400_500,1,7,7.3143,4.7628,0.03,0.17
ViT-L-14__block4__fov,400_500,2,6,7.2992,4.778,0.025,0.13
ViT-L-14__block4__fov,400_500,3,6,7.3199,4.7888,0.035,0.145
ViT-L-14__block4__fov,400_500,4,5,7.3393,4.8149,0.035,0.17
ViT-L-14__block4__fov,500_600,0,2,7.4223,5.2425,0.0,0.03
ViT-L-14__block4__fov,500_600,1,3,7.4197,5.233,0.0,0.055
ViT-L-14__block4__fov,500_600,2,4,7.4156,5.1714,0.005,0.06
ViT-L-14__block4__fov,500_600,3,3,7.4315,5.2307,0.01,0.035
ViT-L-14__block4__fov,500_600,4,4,7.4133,5.1803,0.01,0.055
ViT-L-14__block4__fov,600_700,0,2,7.4393,5.2731,0.01,0.04
ViT-L-14__block4__fov,600_700,1,3,7.4433,5.2888,0.01,0.03
ViT-L-14__block4__fov,600_700,2,2,7.4377,5.2834,0.01,0.03
ViT-L-14__block4__fov,600_700,3,3,7.4437,5.2744,0.01,0.065
ViT-L-14__block4__fov,600_700,4,2,7.4388,5.2914,0.01,0.04
ViT-L-14__block4__fov,700_800,0,2,7.4596,5.2941,0.0,0.03
ViT-L-14__block4__fov,700_800,1,2,7.4531,5.3022,0.005,0.01
ViT-L-14__block4__fov,700_800,2,2,7.4469,5.2871,0.005,0.03
ViT-L-14__block4__fov,700_800,3,2,7.4549,5.3001,0.005,0.04
ViT-L-14__block4__fov,700_800,4,2,7.4462,5.3004,0.005,0.04
ViT-L-14__block4__fov,800_900,0,2,7.4633,5.295,0.005,0.03
ViT-L-14__block4__fov,800_900,1,2,7.4509,5.2895,0.01,0.055
ViT-L-14__block4__fov,800_900,2,2,7.4462,5.2873,0.015,0.04
ViT-L-14__block4__fov,800_900,3,2,7.4542,5.3013,0.01,0.04
ViT-L-14__block4__fov,800_900,4,2,7.4582,5.2935,0.005,0.025
ViT-L-14__block4__fov,900_1000,0,2,7.457,5.3061,0.005,0.025
ViT-L-14__block4__fov,900_1000,1,2,7.4539,5.3034,0.0,0.04
ViT-L-14__block4__fov,900_1000,2,2,7.4507,5.2982,0.005,0.02
ViT-L-14__block4__fov,900_1000,3,2,7.4492,5.3057,0.005,0.025
ViT-L-14__block4__fov,900_1000,4,2,7.4646,5.298,0.015,0.025
ViT-L-14__block8,0_100,0,16,6.8615,3.8824,0.135,0.345
ViT-L-14__block8,0_100,1,17,6.8283,3.8522,0.125,0.365
ViT-L-14__block8,0_100,2,22,6.8246,3.8587,0.14,0.32
ViT-L-14__block8,0_100,3,17,6.8129,3.8761,0.13,0.33
ViT-L-14__block8,0_100,4,17,6.8155,3.9076,0.155,0.34
ViT-L-14__block8,100_200,0,27,5.998,2.6469,0.345,0.665
ViT-L-14__block8,100_200,1,30,5.9915,2.6013,0.355,0.695
ViT-L-14__block8,100_200,2,40,5.9779,2.6084,0.325,0.68
ViT-L-14__block8,100_200,3,32,6.0177,2.6198,0.335,0.675
ViT-L-14__block8,100_200,4,32,5.9815,2.5975,0.365,0.675
ViT-L-14__block8,200_300,0,21,6.2071,3.1077,0.205,0.5
ViT-L-14__block8,200_300,1,21,6.1894,3.0333,0.22,0.545
ViT-L-14__block8,200_300,2,22,6.1845,3.0414,0.235,0.52
ViT-L-14__block8,200_300,3,22,6.1979,3.0418,0.245,0.525
ViT-L-14__block8,200_300,4,26,6.2407,3.0324,0.23,0.525
ViT-L-14__block8,300_400,0,13,6.9228,3.8808,0.105,0.35
ViT-L-14__block8,300_400,1,12,6.9429,3.8493,0.105,0.365
ViT-L-14__block8,300_400,2,12,6.9142,3.8823,0.105,0.315
ViT-L-14__block8,300_400,3,13,6.9233,3.8618,0.12,0.36
ViT-L-14__block8,300_400,4,10,7.0022,3.9035,0.12,0.335
ViT-L-14__block8,400_500,0,9,7.3149,4.5354,0.06,0.195
ViT-L-14__block8,400_500,1,10,7.2777,4.5272,0.03,0.19
ViT-L-14__block8,400_500,2,9,7.2689,4.5647,0.03,0.18
ViT-L-14__block8,400_500,3,8,7.2997,4.6185,0.04,0.18
ViT-L-14__block8,400_500,4,7,7.2992,4.5798,0.03,0.17
ViT-L-14__block8,500_600,0,6,7.4352,5.0998,0.01,0.06
ViT-L-14__block8,500_600,1,4,7.4339,5.1653,0.02,0.08
ViT-L-14__block8,500_600,2,3,7.4318,5.2049,0.0,0.03
ViT-L-14__block8,500_600,3,3,7.442,5.2336,0.0,0.04
ViT-L-14__block8,500_600,4,3,7.4485,5.2037,0.005,0.065
ViT-L-14__block8,600_700,0,2,7.4657,5.3012,0.01,0.04
ViT-L-14__block8,600_700,1,2,7.4489,5.2783,0.005,0.045
ViT-L-14__block8,600_700,2,2,7.4472,5.2605,0.01,0.035
ViT-L-14__block8,600_700,3,3,7.4456,5.2688,0.02,0.035
ViT-L-14__block8,600_700,4,2,7.4626,5.2704,0.01,0.03
ViT-L-14__block8,700_800,0,2,7.4784,5.3093,0.005,0.035
ViT-L-14__block8,700_800,1,2,7.4603,5.3151,0.005,0.02
ViT-L-14__block8,700_800,2,2,7.4655,5.2906,0.01,0.03
ViT-L-14__block8,700_800,3,2,7.4616,5.3088,0.005,0.015
ViT-L-14__block8,700_800,4,2,7.4664,5.2984,0.0,0.04
ViT-L-14__block8,800_900,0,2,7.4814,5.3139,0.005,0.015
ViT-L-14__block8,800_900,1,2,7.4697,5.2961,0.005,0.02
ViT-L-14__block8,800_900,2,2,7.4666,5.3063,0.005,0.02
ViT-L-14__block8,800_900,3,2,7.4536,5.3006,0.0,0.025
ViT-L-14__block8,800_900,4,2,7.4783,5.2964,0.0,0.02
ViT-L-14__block8,900_1000,0,2,7.483,5.3151,0.005,0.025
ViT-L-14__block8,900_1000,1,2,7.4766,5.3119,0.01,0.02
ViT-L-14__block8,900_1000,2,2,7.454,5.3077,0.0,0.03
ViT-L-14__block8,900_1000,3,2,7.4734,5.3155,0.005,0.01
ViT-L-14__block8,900_1000,4,2,7.4759,5.3031,0.005,0.025
ViT-L-14__block8__fov,0_100,0,17,6.8342,3.8013,0.15,0.345
ViT-L-14__block8__fov,0_100,1,17,6.8074,3.7983,0.145,0.325
ViT-L-14__block8__fov,0_100,2,22,6.8137,3.7815,0.14,0.345
ViT-L-14__block8__fov,0_100,3,22,6.8113,3.7219,0.155,0.355
ViT-L-14__block8__fov,0_100,4,17,6.7828,3.8222,0.15,0.33
ViT-L-14__block8__fov,100_200,0,35,5.9704,2.525,0.365,0.705
ViT-L-14__block8__fov,100_200,1,30,5.9348,2.5368,0.35,0.705
ViT-L-14__block8__fov,100_200,2,35,5.9283,2.5425,0.35,0.67
ViT-L-14__block8__fov,100_200,3,37,6.0098,2.5517,0.37,0.695
ViT-L-14__block8__fov,100_200,4,33,5.9351,2.5138,0.355,0.715
ViT-L-14__block8__fov,200_300,0,21,6.1727,3.0164,0.24,0.555
ViT-L-14__block8__fov,200_300,1,22,6.1526,2.9682,0.24,0.545
ViT-L-14__block8__fov,200_300,2,22,6.1631,2.9595,0.245,0.535
ViT-L-14__block8__fov,200_300,3,22,6.1805,2.98,0.235,0.575
ViT-L-14__block8__fov,200_300,4,26,6.216,2.9645,0.23,0.565
ViT-L-14__block8__fov,300_400,0,13,6.9181,3.798,0.12,0.33
ViT-L-14__block8__fov,300_400,1,12,6.9134,3.8377,0.11,0.345
ViT-L-14__block8__fov,300_400,2,12,6.944,3.8242,0.1,0.36
ViT-L-14__block8__fov,300_400,3,13,6.9104,3.8111,0.135,0.375
ViT-L-14__block8__fov,300_400,4,12,6.9926,3.8062,0.11,0.38
ViT-L-14__block8__fov,400_500,0,9,7.2918,4.5123,0.04,0.2
ViT-L-14__block8__fov,400_500,1,10,7.2754,4.5264,0.055,0.165
ViT-L-14__block8__fov,400_500,2,9,7.2795,4.5825,0.03,0.21
ViT-L-14__block8__fov,400_500,3,8,7.3079,4.5636,0.055,0.21
ViT-L-14__block8__fov,400_500,4,8,7.3013,4.5829,0.035,0.195
ViT-L-14__block8__fov,500_600,0,3,7.4526,5.1883,0.01,0.055
ViT-L-14__block8__fov,500_600,1,3,7.4352,5.2207,0.005,0.04
ViT-L-14__block8__fov,500_600,2,3,7.4392,5.2038,0.025,0.055
ViT-L-14__block8__fov,500_600,3,3,7.4263,5.2134,0.005,0.05
ViT-L-14__block8__fov,500_600,4,3,7.458,5.1941,0.015,0.065
ViT-L-14__block8__fov,600_700,0,2,7.469,5.2756,0.01,0.04
ViT-L-14__block8__fov,600_700,1,2,7.4478,5.2818,0.01,0.025
ViT-L-14__block8__fov,600_700,2,2,7.4451,5.2794,0.0,0.035
ViT-L-14__block8__fov,600_700,3,3,7.4463,5.2818,0.01,0.025
ViT-L-14__block8__fov,600_700,4,2,7.4666,5.2828,0.01,0.03
ViT-L-14__block8__fov,700_800,0,2,7.4781,5.2959,0.01,0.025
ViT-L-14__block8__fov,700_800,1,2,7.4721,5.3086,0.01,0.03
ViT-L-14__block8__fov,700_800,2,2,7.4619,5.2865,0.005,0.025
ViT-L-14__block8__fov,700_800,3,2,7.4669,5.3041,0.01,0.04
ViT-L-14__block8__fov,700_800,4,2,7.4688,5.302,0.005,0.01
ViT-L-14__block8__fov,800_900,0,2,7.4854,5.2906,0.005,0.045
ViT-L-14__block8__fov,800_900,1,2,7.4706,5.2982,0.0,0.02
ViT-L-14__block8__fov,800_900,2,2,7.4733,5.3031,0.015,0.03
ViT-L-14__block8__fov,800_900,3,2,7.4671,5.3126,0.0,0.02
ViT-L-14__block8__fov,800_900,4,2,7.4821,5.2951,0.01,0.035
ViT-L-14__block8__fov,900_1000,0,2,7.482,5.3036,0.005,0.045
ViT-L-14__block8__fov,900_1000,1,2,7.4771,5.2961,0.015,0.055
ViT-L-14__block8__fov,900_1000,2,2,7.4576,5.3022,0.0,0.01
ViT-L-14__block8__fov,900_1000,3,2,7.4702,5.3201,0.0,0.02
ViT-L-14__block8__fov,900_1000,4,2,7.4707,5.2981,0.005,0.015
