target,window,seed,best_epoch,val_loss,test_loss,top1,top5
RN50__attnpool,0_100,0,8,7.3212,4.8846,0.02,0.11
RN50__attnpool,0_100,1,10,7.31,4.8453,0.02,0.135
RN50__attnpool,0_100,2,10,7.2732,4.8872,0.025,0.11
RN50__attnpool,0_100,3,7,7.3304,4.9647,0.01,0.095
RN50__attnpool,0_100,4,10,7.2963,4.8284,0.015,0.115
RN50__attnpool,100_200,0,15,6.9508,4.0226,0.12,0.34
RN50__attnpool,100_200,1,17,6.9314,3.9733,0.13,0.355
RN50__attnpool,100_200,2,15,6.9507,4.011,0.11,0.365
RN50__attnpool,100_200,3,15,6.914,3.9923,0.115,0.37
RN50__attnpool,100_200,4,16,6.9245,4.0174,0.11,0.335
RN50__attnpool,200_300,0,17,6.9239,3.9354,0.105,0.36
RN50__attnpool,200_300,1,16,7.0,3.9472,0.115,0.32
RN50__attnpool,200_300,2,17,6.9355,3.8909,0.12,0.37
RN50__attnpool,200_300,3,15,6.9211,3.9587,0.075,0.305
RN50__attnpool,200_300,4,17,6.9552,3.9211,0.11,0.365
RN50__attnpool,300_400,0,13,7.3024,4.5031,0.055,0.165
RN50__attnpool,300_400,1,12,7.3129,4.4514,0.04,0.225
RN50__attnpool,300_400,2,13,7.3047,4.4451,0.065,0.195
RN50__attnpool,300_400,3,15,7.2375,4.4409,0.075,0.205
RN50__attnpool,300_400,4,12,7.2833,4.5132,0.055,0.19
RN50__attnpool,400_500,0,3,7.4623,5.156,0.01,0.03
RN50__attnpool,400_500,1,5,7.4727,5.0612,0.02,0.085
RN50__attnpool,400_500,2,4,7.4463,5.1068,0.02,0.075
RN50__attnpool,400_500,3,4,7.4485,5.0948,0.02,0.075
RN50__attnpool,400_500,4,5,7.4434,5.0577,0.02,0.075
RN50__attnpool,500_600,0,3,7.4784,5.2479,0.01,0.055
RN50__attnpool,500_600,1,3,7.5115,5.2899,0.0,0.025
RN50__attnpool,500_600,2,3,7.4893,5.2494,0.015,0.06
RN50__attnpool,500_600,3,3,7.476,5.2512,0.01,0.03
RN50__attnpool,500_600,4,3,7.4696,5.2833,0.015,0.035
RN50__attnpool,600_700,0,2,7.4949,5.3268,0.005,0.035
RN50__attnpool,600_700,1,3,7.5116,5.2931,0.01,0.045
RN50__attnpool,600_700,2,2,7.4941,5.3183,0.0,0.03
RN50__attnpool,600_700,3,2,7.4955,5.321,0.01,0.03
RN50__attnpool,600_700,4,3,7.4821,5.3167,0.0,0.025
RN50__attnpool,700_800,0,2,7.5034,5.3571,0.0,0.015
RN50__attnpool,700_800,1,2,7.5235,5.3142,0.015,0.035
RN50__attnpool,700_800,2,2,7.5053,5.3311,0.005,0.015
RN50__attnpool,700_800,3,2,7.4889,5.3354,0.01,0.03
RN50__attnpool,700_800,4,3,7.481,5.3707,0.0,0.005
RN50__attnpool,800_900,0,2,7.5071,5.352,0.0,0.035
RN50__attnpool,800_900,1,2,7.52,5.3419,0.01,0.025
RN50__attnpool,800_900,2,2,7.4997,5.3644,0.005,0.045
RN50__attnpool,800_900,3,2,7.5023,5.3322,0.005,0.03
RN50__attnpool,800_900,4,2,7.489,5.3687,0.0,0.02
RN50__attnpool,900_1000,0,2,7.5113,5.3648,0.005,0.045
RN50__attnpool,900_1000,1,2,7.5065,5.3471,0.0,0.03
RN50__attnpool,900_1000,2,2,7.5015,5.3284,0.005,0.02
RN50__attnpool,900_1000,3,2,7.4894,5.3375,0.005,0.04
RN50__attnpool,900_1000,4,2,7.4941,5.3635,0.0,0.01
RN50__attnpool__fov,0_100,0,8,7.3257,4.9031,0.02,0.1
RN50__attnpool__fov,0_100,1,10,7.2696,4.8669,0.03,0.12
RN50__attnpool__fov,0_100,2,10,7.2887,4.8819,0.015,0.09
RN50__attnpool__fov,0_100,3,8,7.3278,4.8904,0.02,0.115
RN50__attnpool__fov,0_100,4,9,7.2844,4.8283,0.025,0.125
RN50__attnpool__fov,100_200,0,15,6.9487,3.9583,0.115,0.355
RN50__attnpool__fov,100_200,1,17,6.9285,3.9845,0.125,0.37
RN50__attnpool__fov,100_200,2,15,6.9196,3.9637,0.14,0.37
RN50__attnpool__fov,100_200,3,15,6.9311,3.9531,0.145,0.375
RN50__attnpool__fov,100_200,4,16,6.904,3.9502,0.115,0.36
RN50__attnpool__fov,200_300,0,17,6.9292,3.876,0.105,0.395
RN50__attnpool__fov,200_300,1,16,6.9998,3.9606,0.105,0.33
RN50__attnpool__fov,200_300,2,17,6.927,3.8921,0.1,0.365
RN50__attnpool__fov,200_300,3,17,6.9189,3.9212,0.1,0.36
RN50__attnpool__fov,200_300,4,16,6.9339,3.8923,0.14,0.38
RN50__attnpool__fov,300_400,0,13,7.2924,4.4659,0.055,0.19
RN50__attnpool__fov,300_400,1,12,7.3172,4.4594,0.08,0.195
RN50__attnpool__fov,300_400,2,15,7.2809,4.4272,0.07,0.205
RN50__attnpool__fov,300_400,3,15,7.2476,4.4091,0.075,0.21
RN50__attnpool__fov,300_400,4,13,7.2783,4.5009,0.03,0.165
RN50__attnpool__fov,400_500,0,4,7.4832,5.1061,0.015,0.05
RN50__attnpool__fov,400_500,1,5,7.4511,5.0722,0.03,0.11
RN50__attnpool__fov,400_500,2,4,7.453,5.1079,0.02,0.08
RN50__attnpool__fov,400_500,3,4,7.4538,5.1003,0.005,0.08
RN50__attnpool__fov,400_500,4,4,7.4415,5.0882,0.025,0.07
RN50__attnpool__fov,500_600,0,3,7.4997,5.2607,0.01,0.04
RN50__attnpool__fov,500_600,1,3,7.4895,5.2891,0.005,0.03
RN50__attnpool__fov,500_600,2,3,7.4983,5.2964,0.01,0.015
RN50__attnpool__fov,500_600,3,3,7.4839,5.2359,0.005,0.015
RN50__attnpool__fov,500_600,4,4,7.4795,5.2214,0.0,0.03
RN50__attnpool__fov,600_700,0,3,7.5214,5.298,0.015,0.055
RN50__attnpool__fov,600_700,1,3,7.4939,5.3098,0.005,0.04
RN50__attnpool__fov,600_700,2,3,7.5025,5.2903,0.0,0.035
RN50__attnpool__fov,600_700,3,3,7.4952,5.2781,0.005,0.03
RN50__attnpool__fov,600_700,4,3,7.501,5.2704,0.005,0.045
RN50__attnpool__fov,700_800,0,2,7.5253,5.332,0.005,0.045
RN50__attnpool__fov,700_800,1,3,7.4991,5.3437,0.0,0.025
RN50__attnpool__fov,700_800,2,3,7.5116,5.3671,0.0,0.03
RN50__attnpool__fov,700_800,3,3,7.5038,5.2882,0.0,0.035
RN50__attnpool__fov,700_800,4,3,7.5059,5.327,0.01,0.04
RN50__attnpool__fov,800_900,0,2,7.5303,5.3642,0.015,0.05
RN50__attnpool__fov,800_900,1,2,7.4979,5.3527,0.005,0.01
RN50__attnpool__fov,800_900,2,3,7.5099,5.3718,0.0,0.02
RN50__attnpool__fov,800_900,3,2,7.5043,5.333,0.005,0.035
RN50__attnpool__fov,800_900,4,3,7.5086,5.3427,0.02,0.05
RN50__attnpool__fov,900_1000,0,2,7.5225,5.3648,0.01,0.03
RN50__attnpool__fov,900_1000,1,2,7.5042,5.37,0.005,0.01
RN50__attnpool__fov,900_1000,2,3,7.5145,5.3918,0.005,0.005
RN50__attnpool__fov,900_1000,3,3,7.496,5.323,0.005,0.02
RN50__attnpool__fov,900_1000,4,2,7.502,5.3274,0.01,0.025
RN50__layer1,0_100,0,13,7.0913,4.3789,0.04,0.205
RN50__layer1,0_100,1,11,7.1102,4.4651,0.02,0.19
RN50__layer1,0_100,2,12,7.1153,4.4061,0.03,0.205
RN50__layer1,0_100,3,10,7.1147,4.5277,0.035,0.175
RN50__layer1,0_100,4,12,7.0802,4.4284,0.035,0.225
RN50__layer1,100_200,0,22,6.649,3.4675,0.155,0.42
RN50__layer1,100_200,1,17,6.6584,3.623,0.15,0.41
RN50__layer1,100_200,2,21,6.6483,3.4989,0.17,0.42
RN50__layer1,100_200,3,16,6.6839,3.6468,0.13,0.375
RN50__layer1,100_200,4,22,6.7041,3.4849,0.17,0.435
RN50__layer1,200_300,0,19,6.8006,3.6994,0.115,0.345
RN50__layer1,200_300,1,17,6.8309,3.7605,0.115,0.335
RN50__layer1,200_300,2,17,6.8129,3.6937,0.13,0.335
RN50__layer1,200_300,3,22,6.7775,3.6711,0.13,0.35
RN50__layer1,200_300,4,17,6.8011,3.7208,0.135,0.355
RN50__layer1,300_400,0,7,7.3059,4.7884,0.035,0.11
RN50__layer1,300_400,1,9,7.2862,4.7604,0.02,0.1
RN50__layer1,300_400,2,11,7.2751,4.7221,0.025,0.14
RN50__layer1,300_400,3,10,7.2425,4.7555,0.03,0.1
RN50__layer1,300_400,4,8,7.295,4.8219,0.02,0.105
RN50__layer1,400_500,0,5,7.446,5.1684,0.015,0.065
RN50__layer1,400_500,1,5,7.4686,5.184,0.025,0.075
RN50__layer1,400_500,2,4,7.4439,5.2134,0.015,0.03
RN50__layer1,400_500,3,5,7.465,5.159,0.015,0.075
RN50__layer1,400_500,4,5,7.4385,5.2024,0.005,0.035
RN50__layer1,500_600,0,4,7.4712,5.2582,0.01,0.065
RN50__layer1,500_600,1,5,7.4871,5.2736,0.0,0.055
RN50__layer1,500_600,2,4,7.475,5.2624,0.01,0.025
RN50__layer1,500_600,3,5,7.4812,5.258,0.01,0.045
RN50__layer1,500_600,4,5,7.4821,5.2554,0.005,0.04
RN50__layer1,600_700,0,3,7.4823,5.3094,0.01,0.025
RN50__layer1,600_700,1,4,7.4965,5.3009,0.005,0.015
RN50__layer1,600_700,2,4,7.4745,5.2948,0.0,0.005
RN50__layer1,600_700,3,3,7.4949,5.289,0.005,0.02
RN50__layer1,600_700,4,3,7.4754,5.3005,0.005,0.015
RN50__layer1,700_800,0,3,7.4725,5.3216,0.01,0.03
RN50__layer1,700_800,1,4,7.495,5.3325,0.0,0.025
RN50__layer1,700_800,2,4,7.4802,5.3013,0.005,0.02
RN50__layer1,700_800,3,3,7.4997,5.3078,0.0,0.015
RN50__layer1,700_800,4,3,7.4746,5.3135,0.005,0.015
RN50__layer1,800_900,0,3,7.4816,5.3371,0.005,0.03
RN50__layer1,800_900,1,3,7.4939,5.309,0.01,0.025
RN50__layer1,800_900,2,4,7.4836,5.3083,0.0,0.02
RN50__layer1,800_900,3,3,7.4876,5.3128,0.0,0.025
RN50__layer1,800_900,4,3,7.4772,5.3353,0.0,0.005
RN50__layer1,900_1000,0,3,7.4873,5.3043,0.005,0.02
RN50__layer1,900_1000,1,3,7.5007,5.3219,0.0,0.04
RN50__layer1,900_1000,2,4,7.4761,5.2931,0.01,0.035
RN50__layer1,900_1000,3,3,7.497,5.3017,0.005,0.03
RN50__layer1,900_1000,4,3,7.4874,5.3161,0.005,0.02
RN50__layer1__fov,0_100,0,13,7.074,4.3581,0.04,0.2
RN50__layer1__fov,0_100,1,11,7.0939,4.4213,0.055,0.2
RN50__layer1__fov,0_100,2,12,7.0924,4.3701,0.035,0.19
RN50__layer1__fov,0_100,3,10,7.0838,4.4557,0.04,0.215
RN50__layer1__fov,0_100,4,12,7.079,4.3155,0.065,0.23
RN50__layer1__fov,100_200,0,22,6.627,3.4096,0.16,0.44
RN50__layer1__fov,100_200,1,23,6.6424,3.436,0.16,0.445
RN50__layer1__fov,100_200,2,21,6.6261,3.4404,0.155,0.455
RN50__layer1__fov,100_200,3,17,6.648,3.5751,0.14,0.385
RN50__layer1__fov,100_200,4,22,6.6792,3.4359,0.19,0.45
RN50__layer1__fov,200_300,0,19,6.786,3.6599,0.125,0.35
RN50__layer1__fov,200_300,1,16,6.8288,3.7455,0.13,0.345
RN50__layer1__fov,200_300,2,17,6.7793,3.685,0.115,0.37
RN50__layer1__fov,200_300,3,22,6.7321,3.5935,0.145,0.39
RN50__layer1__fov,200_300,4,20,6.7899,3.661,0.14,0.425
RN50__layer1__fov,300_400,0,7,7.3113,4.8206,0.015,0.11
RN50__layer1__fov,300_400,1,9,7.2781,4.8002,0.02,0.1
RN50__layer1__fov,300_400,2,11,7.2825,4.762,0.02,0.115
RN50__layer1__fov,300_400,3,10,7.2375,4.7529,0.03,0.13
RN50__layer1__fov,300_400,4,10,7.2931,4.7696,0.04,0.115
RN50__layer1__fov,400_500,0,6,7.4608,5.1435,0.01,0.075
RN50__layer1__fov,400_500,1,5,7.4564,5.1828,0.02,0.06
RN50__layer1__fov,400_500,2,4,7.4475,5.2232,0.005,0.015
RN50__layer1__fov,400_500,3,5,7.4438,5.1535,0.015,0.08
RN50__layer1__fov,400_500,4,4,7.4481,5.2166,0.0,0.04
RN50__layer1__fov,500_600,0,5,7.4786,5.2521,0.01,0.06
RN50__layer1__fov,500_600,1,5,7.4798,5.2563,0.005,0.03
RN50__layer1__fov,500_600,2,4,7.49,5.2609,0.01,0.035
RN50__layer1__fov,500_600,3,5,7.4799,5.248,0.01,0.04
RN50__layer1__fov,500_600,4,5,7.4801,5.2644,0.015,0.05
RN50__layer1__fov,600_700,0,5,7.5031,5.2985,0.01,0.04
RN50__layer1__fov,600_700,1,4,7.4849,5.3012,0.005,0.04
RN50__layer1__fov,600_700,2,4,7.474,5.3045,0.005,0.025
RN50__layer1__fov,600_700,3,3,7.4816,5.2933,0.0,0.03
RN50__layer1__fov,600_700,4,3,7.4738,5.3138,0.01,0.03
RN50__layer1__fov,700_800,0,3,7.4885,5.3013,0.01,0.05
RN50__layer1__fov,700_800,1,3,7.4842,5.3231,0.01,0.03
RN50__layer1__fov,700_800,2,4,7.4884,5.3121,0.0,0.035
RN50__layer1__fov,700_800,3,3,7.4905,5.3107,0.0,0.01
RN50__layer1__fov,700_800,4,3,7.4786,5.329,0.005,0.03
RN50__layer1__fov,800_900,0,3,7.4837,5.3169,0.005,0.025
RN50__layer1__fov,800_900,1,4,7.4827,5.3116,0.01,0.025
RN50__layer1__fov,800_900,2,4,7.4887,5.315,0.0,0.015
RN50__layer1__fov,800_900,3,3,7.4835,5.3161,0.02,0.02
RN50__layer1__fov,800_900,4,3,7.4761,5.3404,0.005,0.025
RN50__layer1__fov,900_1000,0,3,7.4991,5.2903,0.01,0.045
RN50__layer1__fov,900_1000,1,3,7.4946,5.3227,0.0,0.03
RN50__layer1__fov,900_1000,2,4,7.4786,5.2927,0.005,0.025
RN50__layer1__fov,900_1000,3,3,7.4941,5.2951,0.005,0.015
RN50__layer1__fov,900_1000,4,3,7.4752,5.3229,0.0,0.015
RN50__layer2,0_100,0,14,7.0617,4.3048,0.065,0.19
RN50__layer2,0_100,1,11,7.0557,4.3838,0.05,0.175
RN50__layer2,0_100,2,11,7.0688,4.397,0.05,0.185
RN50__layer2,0_100,3,11,7.0796,4.3694,0.06,0.195
RN50__layer2,0_100,4,14,7.0534,4.344,0.07,0.175
RN50__layer2,100_200,0,20,6.5128,3.1792,0.21,0.495
RN50__layer2,100_200,1,17,6.5129,3.252,0.225,0.485
RN50__layer2,100_200,2,18,6.5445,3.2271,0.225,0.495
RN50__layer2,100_200,3,18,6.5358,3.2589,0.215,0.505
RN50__layer2,100_200,4,22,6.5093,3.2012,0.225,0.51
RN50__layer2,200_300,0,19,6.6774,3.4092,0.175,0.44
RN50__layer2,200_300,1,16,6.6856,3.5141,0.175,0.42
RN50__layer2,200_300,2,18,6.6584,3.4084,0.18,0.435
RN50__layer2,200_300,3,17,6.6597,3.4903,0.155,0.415
RN50__layer2,200_300,4,17,6.6482,3.4715,0.2,0.405
RN50__layer2,300_400,0,9,7.2675,4.6427,0.045,0.14
RN50__layer2,300_400,1,10,7.2449,4.5791,0.03,0.14
RN50__layer2,300_400,2,9,7.2399,4.6125,0.04,0.135
RN50__layer2,300_400,3,10,7.203,4.5495,0.06,0.175
RN50__layer2,300_400,4,11,7.2367,4.5633,0.05,0.14
RN50__layer2,400_500,0,5,7.4471,5.1265,0.02,0.055
RN50__layer2,400_500,1,5,7.4424,5.1052,0.0,0.03
RN50__layer2,400_500,2,4,7.4505,5.1466,0.01,0.05
RN50__layer2,400_500,3,4,7.4491,5.1227,0.015,0.06
RN50__layer2,400_500,4,5,7.4418,5.1369,0.015,0.055
RN50__layer2,500_600,0,4,7.4799,5.2409,0.005,0.07
RN50__layer2,500_600,1,3,7.4757,5.2888,0.005,0.02
RN50__layer2,500_600,2,3,7.4754,5.2595,0.005,0.03
RN50__layer2,500_600,3,3,7.4648,5.2568,0.005,0.055
RN50__layer2,500_600,4,4,7.4583,5.2584,0.01,0.03
RN50__layer2,600_700,0,3,7.4803,5.2944,0.01,0.055
RN50__layer2,600_700,1,2,7.4841,5.3078,0.0,0.04
RN50__layer2,600_700,2,2,7.4733,5.3186,0.005,0.015
RN50__layer2,600_700,3,3,7.4882,5.2847,0.01,0.025
RN50__layer2,600_700,4,3,7.4784,5.2932,0.005,0.015
RN50__layer2,700_800,0,3,7.4819,5.3206,0.0,0.02
RN50__layer2,700_800,1,2,7.4912,5.2947,0.005,0.035
RN50__layer2,700_800,2,2,7.4868,5.3382,0.0,0.035
RN50__layer2,700_800,3,2,7.489,5.2979,0.005,0.025
RN50__layer2,700_800,4,3,7.4792,5.3443,0.005,0.03
RN50__layer2,800_900,0,2,7.4948,5.3174,0.0,0.015
RN50__layer2,800_900,1,2,7.494,5.333,0.005,0.035
RN50__layer2,800_900,2,2,7.4755,5.3209,0.005,0.015
RN50__layer2,800_900,3,2,7.4918,5.315,0.01,0.02
RN50__layer2,800_900,4,3,7.4679,5.3443,0.0,0.02
RN50__layer2,900_1000,0,2,7.4902,5.3071,0.01,0.035
RN50__layer2,900_1000,1,2,7.4842,5.3315,0.0,0.035
RN50__layer2,900_1000,2,2,7.4747,5.3193,0.01,0.025
RN50__layer2,900_1000,3,2,7.4856,5.3015,0.005,0.015
RN50__layer2,900_1000,4,3,7.478,5.3431,0.005,0.02
RN50__layer2__fov,0_100,0,12,7.0515,4.3238,0.045,0.22
RN50__layer2__fov,0_100,1,10,7.0241,4.3663,0.045,0.18
RN50__layer2__fov,0_100,2,11,7.0643,4.3263,0.045,0.225
RN50__layer2__fov,0_100,3,12,7.0755,4.3463,0.035,0.2
RN50__layer2__fov,0_100,4,13,7.032,4.276,0.055,0.23
RN50__layer2__fov,100_200,0,20,6.5024,3.0931,0.245,0.515
RN50__layer2__fov,100_200,1,17,6.5074,3.2003,0.21,0.515
RN50__layer2__fov,100_200,2,18,6.5118,3.1689,0.25,0.495
RN50__layer2__fov,100_200,3,18,6.5162,3.1834,0.205,0.53
RN50__layer2__fov,100_200,4,22,6.4885,3.1189,0.23,0.515
RN50__layer2__fov,200_300,0,19,6.6757,3.3998,0.125,0.46
RN50__layer2__fov,200_300,1,16,6.6639,3.4324,0.175,0.47
RN50__layer2__fov,200_300,2,19,6.6535,3.3484,0.19,0.47
RN50__layer2__fov,200_300,3,17,6.6248,3.4652,0.165,0.41
RN50__layer2__fov,200_300,4,16,6.6276,3.452,0.205,0.46
RN50__layer2__fov,300_400,0,9,7.2606,4.6374,0.05,0.125
RN50__layer2__fov,300_400,1,10,7.2303,4.6021,0.03,0.145
RN50__layer2__fov,300_400,2,9,7.2478,4.582,0.055,0.155
RN50__layer2__fov,300_400,3,10,7.2147,4.5802,0.045,0.17
RN50__layer2__fov,300_400,4,9,7.242,4.6352,0.03,0.135
RN50__layer2__fov,400_500,0,5,7.4412,5.1071,0.015,0.08
RN50__layer2__fov,400_500,1,5,7.4387,5.0992,0.015,0.09
RN50__layer2__fov,400_500,2,4,7.4514,5.1485,0.01,0.05
RN50__layer2__fov,400_500,3,4,7.4327,5.0986,0.015,0.08
RN50__layer2__fov,400_500,4,5,7.441,5.0941,0.025,0.08
RN50__layer2__fov,500_600,0,4,7.4621,5.2608,0.01,0.04
RN50__layer2__fov,500_600,1,3,7.4678,5.2912,0.01,0.045
RN50__layer2__fov,500_600,2,3,7.4825,5.244,0.01,0.05
RN50__layer2__fov,500_600,3,3,7.4572,5.2338,0.005,0.04
RN50__layer2__fov,500_600,4,4,7.4544,5.2551,0.0,0.035
RN50__layer2__fov,600_700,0,3,7.4781,5.2927,0.005,0.045
RN50__layer2__fov,600_700,1,3,7.4762,5.3194,0.01,0.035
RN50__layer2__fov,600_700,2,2,7.4746,5.3119,0.0,0.02
RN50__layer2__fov,600_700,3,3,7.4689,5.2863,0.005,0.025
RN50__layer2__fov,600_700,4,3,7.4722,5.2677,0.0,0.045
RN50__layer2__fov,700_800,0,3,7.4781,5.3089,0.005,0.03
RN50__layer2__fov,700_800,1,2,7.4845,5.3059,0.005,0.025
RN50__layer2__fov,700_800,2,3,7.4945,5.3329,0.0,0.035
RN50__layer2__fov,700_800,3,2,7.4706,5.3053,0.0,0.02
RN50__layer2__fov,700_800,4,3,7.4792,5.2981,0.005,0.03
RN50__layer2__fov,800_900,0,3,7.4902,5.3286,0.01,0.04
RN50__layer2__fov,800_900,1,2,7.4852,5.3203,0.005,0.03
RN50__layer2__fov,800_900,2,2,7.4867,5.3226,0.005,0.035
RN50__layer2__fov,800_900,3,2,7.4809,5.3148,0.0,0.02
RN50__layer2__fov,800_900,4,3,7.4687,5.3329,0.005,0.025
RN50__layer2__fov,900_1000,0,3,7.4838,5.3073,0.005,0.035
RN50__layer2__fov,900_1000,1,2,7.4688,5.3402,0.0,0.045
RN50__layer2__fov,900_1000,2,2,7.4832,5.3182,0.01,0.04
RN50__layer2__fov,900_1000,3,2,7.4696,5.3016,0.005,0.035
RN50__layer2__fov,900_1000,4,3,7.4728,5.3142,0.005,0.03
RN50__layer3,0_100,0,14,7.1496,4.4692,0.045,0.18
RN50__layer3,0_100,1,11,7.1301,4.5143,0.035,0.16
RN50__layer3,0_100,2,14,7.1262,4.4565,0.05,0.185
RN50__layer3,0_100,3,12,7.1557,4.5127,0.045,0.18
RN50__layer3,0_100,4,13,7.1522,4.4905,0.045,0.155
RN50__layer3,100_200,0,24,6.583,3.211,0.22,0.555
RN50__layer3,100_200,1,22,6.5371,3.2588,0.22,0.535
RN50__layer3,100_200,2,21,6.5612,3.2529,0.22,0.54
RN50__layer3,100_200,3,27,6.55,3.2089,0.235,0.56
RN50__layer3,100_200,4,28,6.5506,3.223,0.22,0.54
RN50__layer3,200_300,0,20,6.6412,3.2688,0.24,0.53
RN50__layer3,200_300,1,20,6.65,3.2481,0.24,0.56
RN50__layer3,200_300,2,23,6.6346,3.2534,0.25,0.54
RN50__layer3,200_300,3,22,6.5859,3.2722,0.255,0.51
RN50__layer3,200_300,4,22,6.5821,3.2264,0.25,0.55
RN50__layer3,300_400,0,14,7.2263,4.1728,0.09,0.245
RN50__layer3,300_400,1,12,7.1855,4.2407,0.07,0.225
RN50__layer3,300_400,2,15,7.1978,4.1519,0.125,0.27
RN50__layer3,300_400,3,17,7.1948,4.176,0.085,0.255
RN50__layer3,300_400,4,14,7.1915,4.2119,0.06,0.255
RN50__layer3,400_500,0,4,7.4601,5.1263,0.0,0.07
RN50__layer3,400_500,1,6,7.4437,5.0413,0.02,0.06
RN50__layer3,400_500,2,9,7.4569,4.879,0.035,0.14
RN50__layer3,400_500,3,10,7.4525,4.8759,0.025,0.115
RN50__layer3,400_500,4,5,7.4184,5.0802,0.01,0.07
RN50__layer3,500_600,0,3,7.4828,5.2855,0.015,0.02
RN50__layer3,500_600,1,4,7.4955,5.2436,0.005,0.025
RN50__layer3,500_600,2,4,7.5022,5.2226,0.01,0.04
RN50__layer3,500_600,3,3,7.508,5.2795,0.01,0.055
RN50__layer3,500_600,4,3,7.4636,5.2603,0.005,0.03
RN50__layer3,600_700,0,3,7.5011,5.3171,0.005,0.05
RN50__layer3,600_700,1,3,7.4918,5.2877,0.005,0.035
RN50__layer3,600_700,2,3,7.5224,5.2723,0.005,0.03
RN50__layer3,600_700,3,3,7.5256,5.3016,0.0,0.025
RN50__layer3,600_700,4,3,7.4717,5.3065,0.0,0.03
RN50__layer3,700_800,0,3,7.5121,5.3336,0.005,0.04
RN50__layer3,700_800,1,2,7.501,5.3365,0.0,0.04
RN50__layer3,700_800,2,3,7.5252,5.3159,0.0,0.035
RN50__layer3,700_800,3,2,7.5154,5.3366,0.0,0.02
RN50__layer3,700_800,4,3,7.4852,5.3382,0.0,0.02
RN50__layer3,800_900,0,2,7.5273,5.3437,0.0,0.035
RN50__layer3,800_900,1,2,7.5049,5.3429,0.0,0.015
RN50__layer3,800_900,2,3,7.5264,5.3213,0.01,0.03
RN50__layer3,800_900,3,2,7.5236,5.34,0.005,0.035
RN50__layer3,800_900,4,2,7.4867,5.3277,0.005,0.02
RN50__layer3,900_1000,0,2,7.5236,5.3471,0.005,0.015
RN50__layer3,900_1000,1,2,7.5032,5.3389,0.0,0.025
RN50__layer3,900_1000,2,3,7.5355,5.3277,0.01,0.025
RN50__layer3,900_1000,3,2,7.5237,5.3307,0.005,0.03
RN50__layer3,900_1000,4,2,7.4908,5.3368,0.005,0.02
RN50__layer3__fov,0_100,0,14,7.1604,4.4287,0.045,0.245
RN50__layer3__fov,0_100,1,11,7.1242,4.476,0.04,0.175
RN50__layer3__fov,0_100,2,14,7.1409,4.4789,0.045,0.16
RN50__layer3__fov,0_100,3,12,7.1432,4.4927,0.055,0.175
RN50__layer3__fov,0_100,4,13,7.1415,4.4361,0.065,0.185
RN50__layer3__fov,100_200,0,27,6.5616,3.1497,0.235,0.575
RN50__layer3__fov,100_200,1,22,6.5033,3.2236,0.21,0.55
RN50__layer3__fov,100_200,2,21,6.5453,3.2169,0.24,0.535
RN50__layer3__fov,100_200,3,26,6.5303,3.1768,0.23,0.56
RN50__layer3__fov,100_200,4,28,6.5264,3.1505,0.235,0.555
RN50__layer3__fov,200_300,0,24,6.6315,3.1906,0.245,0.555
RN50__layer3__fov,200_300,1,23,6.6429,3.1782,0.24,0.57
RN50__layer3__fov,200_300,2,21,6.6114,3.2543,0.245,0.545
RN50__layer3__fov,200_300,3,22,6.602,3.2712,0.27,0.54
RN50__layer3__fov,200_300,4,22,6.5832,3.2324,0.245,0.525
RN50__layer3__fov,300_400,0,13,7.2419,4.1938,0.07,0.235
RN50__layer3__fov,300_400,1,16,7.1905,4.1865,0.075,0.245
RN50__layer3__fov,300_400,2,15,7.1855,4.2013,0.09,0.245
RN50__layer3__fov,300_400,3,15,7.1696,4.178,0.1,0.23
RN50__layer3__fov,300_400,4,13,7.1809,4.2112,0.06,0.21
RN50__layer3__fov,400_500,0,9,7.4615,4.9766,0.03,0.1
RN50__layer3__fov,400_500,1,10,7.4362,4.8819,0.015,0.075
RN50__layer3__fov,400_500,2,9,7.4369,4.8607,0.025,0.12
RN50__layer3__fov,400_500,3,10,7.4462,4.8918,0.035,0.105
RN50__layer3__fov,400_500,4,5,7.4341,5.061,0.015,0.08
RN50__layer3__fov,500_600,0,3,7.5085,5.2546,0.01,0.045
RN50__layer3__fov,500_600,1,3,7.5073,5.2134,0.015,0.045
RN50__layer3__fov,500_600,2,4,7.4874,5.2212,0.025,0.09
RN50__layer3__fov,500_600,3,3,7.4868,5.2584,0.01,0.045
RN50__layer3__fov,500_600,4,3,7.4653,5.2462,0.01,0.03
RN50__layer3__fov,600_700,0,3,7.5063,5.2595,0.01,0.045
RN50__layer3__fov,600_700,1,2,7.4835,5.2842,0.01,0.03
RN50__layer3__fov,600_700,2,3,7.5051,5.2499,0.0,0.04
RN50__layer3__fov,600_700,3,3,7.5047,5.2815,0.015,0.04
RN50__layer3__fov,600_700,4,3,7.4828,5.3192,0.01,0.02
RN50__layer3__fov,700_800,0,3,7.5236,5.3172,0.005,0.035
RN50__layer3__fov,700_800,1,2,7.5016,5.3154,0.005,0.025
RN50__layer3__fov,700_800,2,3,7.5175,5.3192,0.01,0.045
RN50__layer3__fov,700_800,3,2,7.5044,5.3141,0.005,0.045
RN50__layer3__fov,700_800,4,3,7.4929,5.3426,0.01,0.035
RN50__layer3__fov,800_900,0,3,7.529,5.3468,0.01,0.025
RN50__layer3__fov,800_900,1,2,7.5025,5.3186,0.01,0.02
RN50__layer3__fov,800_900,2,2,7.5138,5.3218,0.005,0.035
RN50__layer3__fov,800_900,3,2,7.5118,5.3418,0.01,0.025
RN50__layer3__fov,800_900,4,3,7.4966,5.3367,0.005,0.03
RN50__layer3__fov,900_1000,0,3,7.5288,5.3331,0.01,0.03
RN50__layer3__fov,900_1000,1,2,7.5015,5.3291,0.005,0.01
RN50__layer3__fov,900_1000,2,2,7.5283,5.3192,0.025,0.05
RN50__layer3__fov,900_1000,3,2,7.5117,5.3355,0.005,0.04
RN50__layer3__fov,900_1000,4,2,7.4847,5.3382,0.005,0.03
RN50__layer4,0_100,0,12,7.2479,4.784,0.025,0.13
RN50__layer4,0_100,1,12,7.2178,4.7596,0.025,0.115
RN50__layer4,0_100,2,11,7.2016,4.7533,0.025,0.13
RN50__layer4,0_100,3,11,7.2234,4.7765,0.015,0.1
RN50__layer4,0_100,4,13,7.2393,4.7395,0.03,0.105
RN50__layer4,100_200,0,19,6.7528,3.6622,0.17,0.485
RN50__layer4,100_200,1,21,6.7517,3.6908,0.15,0.42
RN50__layer4,100_200,2,18,6.7579,3.7036,0.145,0.405
RN50__layer4,100_200,3,20,6.7326,3.7134,0.105,0.445
RN50__layer4,100_200,4,22,6.717,3.6739,0.15,0.46
RN50__layer4,200_300,0,20,6.7587,3.5977,0.195,0.44
RN50__layer4,200_300,1,20,6.7964,3.5973,0.145,0.435
RN50__layer4,200_300,2,20,6.7289,3.5825,0.15,0.445
RN50__layer4,200_300,3,22,6.7217,3.5601,0.165,0.425
RN50__layer4,200_300,4,21,6.6987,3.5909,0.145,0.43
RN50__layer4,300_400,0,13,7.2255,4.3262,0.115,0.245
RN50__layer4,300_400,1,14,7.2231,4.2596,0.075,0.26
RN50__layer4,300_400,2,15,7.1887,4.2463,0.12,0.29
RN50__layer4,300_400,3,15,7.1565,4.2374,0.105,0.23
RN50__layer4,300_400,4,16,7.2151,4.2746,0.055,0.245
RN50__layer4,400_500,0,8,7.4491,4.9282,0.035,0.13
RN50__layer4,400_500,1,10,7.4498,4.8516,0.025,0.13
RN50__layer4,400_500,2,9,7.4301,4.9231,0.015,0.11
RN50__layer4,400_500,3,11,7.4136,4.8546,0.03,0.155
RN50__layer4,400_500,4,8,7.4244,4.945,0.015,0.105
RN50__layer4,500_600,0,3,7.4978,5.2742,0.015,0.04
RN50__layer4,500_600,1,4,7.5064,5.2358,0.005,0.065
RN50__layer4,500_600,2,4,7.4864,5.2593,0.01,0.02
RN50__layer4,500_600,3,3,7.4896,5.2533,0.01,0.07
RN50__layer4,500_600,4,5,7.4695,5.219,0.005,0.03
RN50__layer4,600_700,0,3,7.5192,5.3335,0.015,0.055
RN50__layer4,600_700,1,2,7.5241,5.313,0.005,0.045
RN50__layer4,600_700,2,2,7.5072,5.3087,0.005,0.04
RN50__layer4,600_700,3,2,7.502,5.3118,0.0,0.04
RN50__layer4,600_700,4,5,7.4924,5.3042,0.0,0.02
RN50__layer4,700_800,0,3,7.5263,5.3673,0.005,0.045
RN50__layer4,700_800,1,2,7.5321,5.3099,0.01,0.035
RN50__layer4,700_800,2,2,7.5085,5.3693,0.01,0.015
RN50__layer4,700_800,3,2,7.5073,5.3415,0.005,0.025
RN50__layer4,700_800,4,3,7.5199,5.3506,0.0,0.03
RN50__layer4,800_900,0,3,7.5405,5.402,0.005,0.025
RN50__layer4,800_900,1,2,7.5371,5.3498,0.01,0.035
RN50__layer4,800_900,2,2,7.5164,5.3905,0.0,0.015
RN50__layer4,800_900,3,2,7.517,5.3535,0.005,0.025
RN50__layer4,800_900,4,3,7.5217,5.3476,0.005,0.025
RN50__layer4,900_1000,0,3,7.5415,5.3921,0.0,0.03
RN50__layer4,900_1000,1,2,7.5283,5.3227,0.01,0.045
RN50__layer4,900_1000,2,2,7.5074,5.3712,0.005,0.025
RN50__layer4,900_1000,3,2,7.5172,5.3378,0.01,0.03
RN50__layer4,900_1000,4,3,7.5214,5.3512,0.005,0.03
RN50__layer4__fov,0_100,0,12,7.2301,4.6608,0.03,0.16
RN50__layer4__fov,0_100,1,11,7.2258,4.7413,0.025,0.1
RN50__layer4__fov,0_100,2,11,7.2357,4.7591,0.02,0.11
RN50__layer4__fov,0_100,3,11,7.2319,4.7345,0.015,0.12
RN50__layer4__fov,0_100,4,13,7.2257,4.6892,0.02,0.145
RN50__layer4__fov,100_200,0,19,6.7277,3.6982,0.135,0.4
RN50__layer4__fov,100_200,1,21,6.7329,3.6315,0.135,0.48
RN50__layer4__fov,100_200,2,18,6.7449,3.6805,0.15,0.44
RN50__layer4__fov,100_200,3,20,6.7466,3.6593,0.11,0.41
RN50__layer4__fov,100_200,4,22,6.7227,3.664,0.175,0.43
RN50__layer4__fov,200_300,0,20,6.76,3.5448,0.18,0.47
RN50__layer4__fov,200_300,1,21,6.7938,3.5686,0.175,0.435
RN50__layer4__fov,200_300,2,24,6.7291,3.5354,0.165,0.485
RN50__layer4__fov,200_300,3,21,6.7054,3.5489,0.17,0.465
RN50__layer4__fov,200_300,4,21,6.6999,3.5539,0.15,0.455
RN50__layer4__fov,300_400,0,13,7.2487,4.3133,0.065,0.245
RN50__layer4__fov,300_400,1,14,7.2256,4.2436,0.07,0.275
RN50__layer4__fov,300_400,2,15,7.2011,4.1844,0.1,0.26
RN50__layer4__fov,300_400,3,15,7.1633,4.2577,0.085,0.23
RN50__layer4__fov,300_400,4,15,7.1888,4.2806,0.07,0.215
RN50__layer4__fov,400_500,0,10,7.4649,4.8548,0.03,0.145
RN50__layer4__fov,400_500,1,10,7.4336,4.8937,0.025,0.11
RN50__layer4__fov,400_500,2,9,7.4168,4.9487,0.03,0.11
RN50__layer4__fov,400_500,3,11,7.4188,4.8504,0.03,0.1
RN50__layer4__fov,400_500,4,8,7.4238,4.9585,0.03,0.13
RN50__layer4__fov,500_600,0,3,7.4862,5.2924,0.01,0.045
RN50__layer4__fov,500_600,1,4,7.509,5.263,0.005,0.035
RN50__layer4__fov,500_600,2,4,7.4883,5.2428,0.005,0.05
RN50__layer4__fov,500_600,3,4,7.5083,5.1896,0.005,0.055
RN50__layer4__fov,500_600,4,4,7.4779,5.2553,0.015,0.06
RN50__layer4__fov,600_700,0,3,7.4959,5.318,0.01,0.03
RN50__layer4__fov,600_700,1,3,7.5078,5.3307,0.005,0.03
RN50__layer4__fov,600_700,2,4,7.5167,5.3006,0.015,0.045
RN50__layer4__fov,600_700,3,3,7.5146,5.2971,0.0,0.045
RN50__layer4__fov,600_700,4,4,7.498,5.284,0.005,0.06
RN50__layer4__fov,700_800,0,3,7.5156,5.3681,0.0,0.01
RN50__layer4__fov,700_800,1,2,7.5257,5.3486,0.005,0.015
RN50__layer4__fov,700_800,2,4,7.5223,5.3536,0.01,0.03
RN50__layer4__fov,700_800,3,2,7.5248,5.3207,0.005,0.02
RN50__layer4__fov,700_800,4,3,7.5066,5.3549,0.01,0.03
RN50__layer4__fov,800_900,0,2,7.5306,5.373,0.01,0.03
RN50__layer4__fov,800_900,1,2,7.532,5.349,0.0,0.03
RN50__layer4__fov,800_900,2,2,7.5252,5.3699,0.0,0.025
RN50__layer4__fov,800_900,3,2,7.538,5.3417,0.0,0.015
RN50__layer4__fov,800_900,4,3,7.5086,5.3346,0.005,0.03
RN50__layer4__fov,900_1000,0,2,7.5217,5.3744,0.0,0.025
RN50__layer4__fov,900_1000,1,2,7.5316,5.3477,0.01,0.02
RN50__layer4__fov,900_1000,2,3,7.5315,5.3343,0.005,0.03
RN50__layer4__fov,900_1000,3,3,7.5282,5.3409,0.015,0.025
RN50__layer4__fov,900_1000,4,3,7.5195,5.3555,0.01,0.03
RN50__stem,0_100,0,12,7.194,4.7413,0.025,0.13
RN50__stem,0_100,1,11,7.1989,4.7654,0.015,0.11
RN50__stem,0_100,2,12,7.1821,4.7524,0.035,0.135
RN50__stem,0_100,3,12,7.177,4.7619,0.015,0.105
RN50__stem,0_100,4,12,7.189,4.7494,0.01,0.125
RN50__stem,100_200,0,25,6.9517,4.1237,0.1,0.3
RN50__stem,100_200,1,20,6.9583,4.315,0.06,0.225
RN50__stem,100_200,2,25,6.9453,4.1543,0.08,0.255
RN50__stem,100_200,3,23,6.9496,4.2629,0.085,0.255
RN50__stem,100_200,4,24,7.0004,4.1543,0.09,0.27
RN50__stem,200_300,0,22,7.0095,4.2469,0.025,0.23
RN50__stem,200_300,1,22,7.0413,4.286,0.045,0.245
RN50__stem,200_300,2,19,7.0461,4.3536,0.035,0.2
RN50__stem,200_300,3,28,6.9911,4.2811,0.04,0.27
RN50__stem,200_300,4,27,7.0325,4.2764,0.03,0.22
RN50__stem,300_400,0,13,7.3246,4.9246,0.015,0.11
RN50__stem,300_400,1,14,7.314,4.8833,0.04,0.125
RN50__stem,300_400,2,12,7.3166,4.9418,0.01,0.075
RN50__stem,300_400,3,16,7.2829,4.8791,0.015,0.125
RN50__stem,300_400,4,10,7.3377,5.0433,0.0,0.06
RN50__stem,400_500,0,10,7.4534,5.1794,0.005,0.04
RN50__stem,400_500,1,11,7.4554,5.2253,0.015,0.03
RN50__stem,400_500,2,10,7.4595,5.2205,0.01,0.035
RN50__stem,400_500,3,10,7.4485,5.223,0.015,0.025
RN50__stem,400_500,4,9,7.4655,5.2408,0.005,0.03
RN50__stem,500_600,0,10,7.4881,5.249,0.005,0.03
RN50__stem,500_600,1,10,7.4889,5.2703,0.005,0.035
RN50__stem,500_600,2,10,7.4948,5.2831,0.0,0.025
RN50__stem,500_600,3,11,7.4782,5.277,0.01,0.035
RN50__stem,500_600,4,10,7.5024,5.2728,0.0,0.025
RN50__stem,600_700,0,10,7.4795,5.2929,0.005,0.03
RN50__stem,600_700,1,10,7.4782,5.3037,0.005,0.02
RN50__stem,600_700,2,10,7.5021,5.294,0.005,0.03
RN50__stem,600_700,3,10,7.4788,5.3081,0.005,0.035
RN50__stem,600_700,4,9,7.4989,5.3054,0.005,0.035
RN50__stem,700_800,0,10,7.4959,5.2933,0.01,0.025
RN50__stem,700_800,1,10,7.4852,5.3275,0.005,0.01
RN50__stem,700_800,2,10,7.4891,5.325,0.005,0.025
RN50__stem,700_800,3,10,7.4925,5.3022,0.005,0.02
RN50__stem,700_800,4,10,7.5013,5.309,0.005,0.015
RN50__stem,800_900,0,8,7.4826,5.2968,0.005,0.03
RN50__stem,800_900,1,10,7.4822,5.3111,0.005,0.025
RN50__stem,800_900,2,10,7.4926,5.3075,0.0,0.025
RN50__stem,800_900,3,10,7.4887,5.3108,0.005,0.02
RN50__stem,800_900,4,11,7.4939,5.3171,0.005,0.015
RN50__stem,900_1000,0,8,7.4888,5.2972,0.0,0.025
RN50__stem,900_1000,1,12,7.4942,5.294,0.0,0.035
RN50__stem,900_1000,2,10,7.4958,5.3074,0.005,0.015
RN50__stem,900_1000,3,10,7.4879,5.2936,0.015,0.035
RN50__stem,900_1000,4,9,7.4918,5.325,0.005,0.025
RN50__stem__fov,0_100,0,13,7.1851,4.6599,0.03,0.125
RN50__stem__fov,0_100,1,11,7.1839,4.708,0.025,0.125
RN50__stem__fov,0_100,2,12,7.1771,4.7162,0.03,0.095
RN50__stem__fov,0_100,3,12,7.1559,4.7178,0.02,0.135
RN50__stem__fov,0_100,4,12,7.1625,4.6942,0.03,0.11
RN50__stem__fov,100_200,0,29,6.9371,4.0032,0.105,0.305
RN50__stem__fov,100_200,1,22,6.9221,4.1713,0.08,0.245
RN50__stem__fov,100_200,2,30,6.9024,4.0603,0.1,0.29
RN50__stem__fov,100_200,3,23,6.9121,4.1531,0.095,0.24
RN50__stem__fov,100_200,4,23,6.9744,4.0523,0.095,0.285
RN50__stem__fov,200_300,0,27,6.9847,4.1579,0.06,0.255
RN50__stem__fov,200_300,1,19,7.0135,4.2415,0.045,0.25
RN50__stem__fov,200_300,2,25,7.0184,4.201,0.05,0.265
RN50__stem__fov,200_300,3,28,6.9797,4.2152,0.045,0.265
RN50__stem__fov,200_300,4,21,6.9881,4.2767,0.055,0.225
RN50__stem__fov,300_400,0,13,7.3361,4.9381,0.015,0.1
RN50__stem__fov,300_400,1,14,7.3316,4.8547,0.02,0.13
RN50__stem__fov,300_400,2,12,7.3158,4.9214,0.02,0.085
RN50__stem__fov,300_400,3,16,7.2776,4.8582,0.015,0.1
RN50__stem__fov,300_400,4,11,7.3239,4.9923,0.015,0.095
RN50__stem__fov,400_500,0,10,7.4628,5.2148,0.01,0.055
RN50__stem__fov,400_500,1,11,7.4544,5.2186,0.0,0.03
RN50__stem__fov,400_500,2,10,7.4667,5.2308,0.01,0.05
RN50__stem__fov,400_500,3,10,7.4532,5.2163,0.01,0.04
RN50__stem__fov,400_500,4,9,7.4686,5.2453,0.005,0.025
RN50__stem__fov,500_600,0,10,7.4923,5.2623,0.01,0.035
RN50__stem__fov,500_600,1,11,7.4805,5.2561,0.015,0.03
RN50__stem__fov,500_600,2,10,7.4894,5.2953,0.005,0.035
RN50__stem__fov,500_600,3,12,7.4975,5.2727,0.005,0.03
RN50__stem__fov,500_600,4,11,7.4863,5.2618,0.005,0.05
RN50__stem__fov,600_700,0,8,7.4935,5.2925,0.0,0.025
RN50__stem__fov,600_700,1,10,7.4869,5.2907,0.005,0.03
RN50__stem__fov,600_700,2,10,7.5064,5.3044,0.005,0.025
RN50__stem__fov,600_700,3,10,7.4986,5.3129,0.005,0.02
RN50__stem__fov,600_700,4,10,7.4941,5.2969,0.005,0.025
RN50__stem__fov,700_800,0,10,7.4927,5.2986,0.005,0.035
RN50__stem__fov,700_800,1,10,7.4814,5.3139,0.0,0.015
RN50__stem__fov,700_800,2,10,7.5079,5.3336,0.005,0.02
RN50__stem__fov,700_800,3,10,7.5179,5.2926,0.01,0.025
RN50__stem__fov,700_800,4,11,7.4994,5.317,0.0,0.03
RN50__stem__fov,800_900,0,8,7.4914,5.2994,0.005,0.015
RN50__stem__fov,800_900,1,10,7.4884,5.3006,0.0,0.04
RN50__stem__fov,800_900,2,10,7.499,5.3121,0.01,0.02
RN50__stem__fov,800_900,3,10,7.494,5.3042,0.01,0.02
RN50__stem__fov,800_900,4,11,7.4988,5.3166,0.005,0.02
RN50__stem__fov,900_1000,0,8,7.4953,5.3117,0.0,0.03
RN50__stem__fov,900_1000,1,12,7.5014,5.2985,0.02,0.025
RN50__stem__fov,900_1000,2,10,7.4922,5.3109,0.005,0.035
RN50__stem__fov,900_1000,3,9,7.5018,5.2993,0.01,0.025
RN50__stem__fov,900_1000,4,11,7.4872,5.3147,0.005,0.01
ViT-B-16__block10,0_100,0,10,7.2955,4.7684,0.025,0.1
ViT-B-16__block10,0_100,1,11,7.2557,4.8184,0.01,0.1
ViT-B-16__block10,0_100,2,11,7.2792,4.7655,0.02,0.085
ViT-B-16__block10,0_100,3,10,7.2644,4.7834,0.015,0.085
ViT-B-16__block10,0_100,4,11,7.2897,4.7205,0.035,0.11
ViT-B-16__block10,100_200,0,16,6.8612,3.8406,0.145,0.41
ViT-B-16__block10,100_200,1,16,6.8341,3.899,0.105,0.375
ViT-B-16__block10,100_200,2,17,6.8608,3.8794,0.13,0.36
ViT-B-16__block10,100_200,3,19,6.8575,3.8347,0.135,0.39
ViT-B-16__block10,100_200,4,21,6.8459,3.7896,0.155,0.385
ViT-B-16__block10,200_300,0,17,6.8849,3.7333,0.17,0.39
ViT-B-16__block10,200_300,1,15,6.9093,3.7778,0.155,0.37
ViT-B-16__block10,200_300,2,19,6.8428,3.7151,0.17,0.4
ViT-B-16__block10,200_300,3,17,6.8177,3.7633,0.175,0.405
ViT-B-16__block10,200_300,4,19,6.8283,3.7062,0.155,0.375
ViT-B-16__block10,300_400,0,13,7.2906,4.3822,0.07,0.2
ViT-B-16__block10,300_400,1,13,7.2394,4.3725,0.075,0.22
ViT-B-16__block10,300_400,2,13,7.2401,4.3798,0.075,0.195
ViT-B-16__block10,300_400,3,16,7.191,4.3333,0.11,0.235
ViT-B-16__block10,300_400,4,14,7.2592,4.3642,0.09,0.205
ViT-B-16__block10,400_500,0,7,7.4801,5.008,0.025,0.085
ViT-B-16__block10,400_500,1,9,7.4234,4.9405,0.035,0.11
ViT-B-16__block10,400_500,2,8,7.4307,4.9258,0.025,0.08
ViT-B-16__block10,400_500,3,10,7.4257,4.9298,0.025,0.105
ViT-B-16__block10,400_500,4,8,7.4486,4.9914,0.005,0.065
ViT-B-16__block10,500_600,0,3,7.5068,5.2807,0.005,0.03
ViT-B-16__block10,500_600,1,4,7.4862,5.2751,0.005,0.03
ViT-B-16__block10,500_600,2,3,7.4936,5.2538,0.0,0.05
ViT-B-16__block10,500_600,3,4,7.4815,5.2541,0.005,0.055
ViT-B-16__block10,500_600,4,4,7.4967,5.2834,0.01,0.045
ViT-B-16__block10,600_700,0,3,7.4998,5.3206,0.0,0.015
ViT-B-16__block10,600_700,1,4,7.4979,5.2875,0.01,0.055
ViT-B-16__block10,600_700,2,3,7.4889,5.2967,0.005,0.035
ViT-B-16__block10,600_700,3,3,7.4899,5.309,0.0,0.05
ViT-B-16__block10,600_700,4,4,7.5097,5.3218,0.005,0.03
ViT-B-16__block10,700_800,0,3,7.529,5.369,0.005,0.03
ViT-B-16__block10,700_800,1,3,7.4999,5.3269,0.01,0.045
ViT-B-16__block10,700_800,2,3,7.4914,5.3581,0.01,0.015
ViT-B-16__block10,700_800,3,3,7.5068,5.3201,0.01,0.035
ViT-B-16__block10,700_800,4,3,7.5207,5.3639,0.0,0.025
ViT-B-16__block10,800_900,0,2,7.5223,5.3454,0.005,0.02
ViT-B-16__block10,800_900,1,2,7.5044,5.3216,0.005,0.01
ViT-B-16__block10,800_900,2,3,7.4908,5.3589,0.005,0.03
ViT-B-16__block10,800_900,3,2,7.4999,5.3431,0.0,0.01
ViT-B-16__block10,800_900,4,2,7.5268,5.3572,0.005,0.02
ViT-B-16__block10,900_1000,0,2,7.5356,5.359,0.01,0.025
ViT-B-16__block10,900_1000,1,3,7.5152,5.3229,0.0,0.025
ViT-B-16__block10,900_1000,2,3,7.5005,5.3336,0.005,0.03
ViT-B-16__block10,900_1000,3,2,7.4924,5.3481,0.0,0.015
ViT-B-16__block10,900_1000,4,2,7.5245,5.3663,0.0,0.015
ViT-B-16__block10__fov,0_100,0,10,7.2823,4.7721,0.04,0.105
ViT-B-16__block10__fov,0_100,1,11,7.2503,4.7629,0.035,0.13
ViT-B-16__block10__fov,0_100,2,11,7.2597,4.7573,0.035,0.13
ViT-B-16__block10__fov,0_100,3,11,7.259,4.7246,0.025,0.115
ViT-B-16__block10__fov,0_100,4,10,7.2603,4.7512,0.015,0.09
ViT-B-16__block10__fov,100_200,0,17,6.8501,3.815,0.125,0.33
ViT-B-16__block10__fov,100_200,1,17,6.7939,3.866,0.11,0.345
ViT-B-16__block10__fov,100_200,2,17,6.8708,3.8082,0.12,0.35
ViT-B-16__block10__fov,100_200,3,19,6.8351,3.7861,0.105,0.39
ViT-B-16__block10__fov,100_200,4,20,6.8119,3.7601,0.125,0.405
ViT-B-16__block10__fov,200_300,0,19,6.8473,3.6523,0.155,0.415
ViT-B-16__block10__fov,200_300,1,18,6.8866,3.6884,0.18,0.4
ViT-B-16__block10__fov,200_300,2,19,6.8375,3.6805,0.16,0.4
ViT-B-16__block10__fov,200_300,3,17,6.8096,3.6609,0.145,0.415
ViT-B-16__block10__fov,200_300,4,19,6.8281,3.6581,0.155,0.4
ViT-B-16__block10__fov,300_400,0,13,7.2809,4.3623,0.065,0.19
ViT-B-16__block10__fov,300_400,1,13,7.2268,4.4045,0.07,0.175
ViT-B-16__block10__fov,300_400,2,14,7.2332,4.3662,0.085,0.2
ViT-B-16__block10__fov,300_400,3,13,7.2116,4.3986,0.07,0.21
ViT-B-16__block10__fov,300_400,4,14,7.2443,4.3845,0.06,0.215
ViT-B-16__block10__fov,400_500,0,8,7.4644,4.9865,0.015,0.065
ViT-B-16__block10__fov,400_500,1,8,7.4332,4.9501,0.015,0.07
ViT-B-16__block10__fov,400_500,2,8,7.4473,4.9559,0.03,0.08
ViT-B-16__block10__fov,400_500,3,10,7.4429,4.9239,0.025,0.11
ViT-B-16__block10__fov,400_500,4,8,7.4547,4.9858,0.03,0.09
ViT-B-16__block10__fov,500_600,0,3,7.4916,5.2724,0.015,0.045
ViT-B-16__block10__fov,500_600,1,4,7.481,5.294,0.01,0.05
ViT-B-16__block10__fov,500_600,2,3,7.4982,5.2723,0.005,0.025
ViT-B-16__block10__fov,500_600,3,4,7.4902,5.2205,0.01,0.065
ViT-B-16__block10__fov,500_600,4,4,7.4913,5.2583,0.0,0.02
ViT-B-16__block10__fov,600_700,0,3,7.5052,5.3159,0.005,0.02
ViT-B-16__block10__fov,600_700,1,3,7.5016,5.3145,0.005,0.025
ViT-B-16__block10__fov,600_700,2,3,7.5086,5.3007,0.005,0.035
ViT-B-16__block10__fov,600_700,3,3,7.5059,5.2807,0.0,0.035
ViT-B-16__block10__fov,600_700,4,3,7.4988,5.3102,0.015,0.025
ViT-B-16__block10__fov,700_800,0,2,7.5217,5.3751,0.0,0.04
ViT-B-16__block10__fov,700_800,1,3,7.514,5.3365,0.015,0.035
ViT-B-16__block10__fov,700_800,2,3,7.511,5.3259,0.01,0.02
ViT-B-16__block10__fov,700_800,3,3,7.5042,5.3323,0.005,0.02
ViT-B-16__block10__fov,700_800,4,3,7.5042,5.3124,0.01,0.025
ViT-B-16__block10__fov,800_900,0,2,7.521,5.365,0.0,0.025
ViT-B-16__block10__fov,800_900,1,2,7.5127,5.3505,0.01,0.05
ViT-B-16__block10__fov,800_900,2,3,7.523,5.344,0.01,0.03
ViT-B-16__block10__fov,800_900,3,2,7.5191,5.3374,0.01,0.02
ViT-B-16__block10__fov,800_900,4,3,7.5113,5.3259,0.005,0.02
ViT-B-16__block10__fov,900_1000,0,2,7.5201,5.3651,0.005,0.015
ViT-B-16__block10__fov,900_1000,1,2,7.5046,5.3529,0.015,0.025
ViT-B-16__block10__fov,900_1000,2,3,7.5035,5.3474,0.01,0.015
ViT-B-16__block10__fov,900_1000,3,3,7.51,5.3384,0.005,0.05
ViT-B-16__block10__fov,900_1000,4,3,7.5222,5.3415,0.005,0.02
ViT-B-16__block12,0_100,0,8,7.371,4.9193,0.02,0.085
ViT-B-16__block12,0_100,1,9,7.3222,5.0121,0.03,0.105
ViT-B-16__block12,0_100,2,10,7.3641,4.9709,0.015,0.115
ViT-B-16__block12,0_100,3,8,7.3474,4.9706,0.025,0.1
ViT-B-16__block12,0_100,4,10,7.3508,4.9715,0.025,0.095
ViT-B-16__block12,100_200,0,16,7.0017,4.1337,0.1,0.32
ViT-B-16__block12,100_200,1,16,6.9987,4.1479,0.1,0.3
ViT-B-16__block12,100_200,2,17,7.0276,4.1105,0.135,0.335
ViT-B-16__block12,100_200,3,17,7.0129,4.1124,0.11,0.315
ViT-B-16__block12,100_200,4,16,6.9972,4.1303,0.155,0.31
ViT-B-16__block12,200_300,0,17,7.0008,4.0442,0.1,0.345
ViT-B-16__block12,200_300,1,15,7.0612,4.0799,0.1,0.34
ViT-B-16__block12,200_300,2,19,7.0005,4.0937,0.095,0.305
ViT-B-16__block12,200_300,3,19,7.0097,4.0113,0.105,0.31
ViT-B-16__block12,200_300,4,18,6.9863,4.0688,0.11,0.285
ViT-B-16__block12,300_400,0,16,7.3064,4.4933,0.05,0.18
ViT-B-16__block12,300_400,1,16,7.304,4.5149,0.05,0.185
ViT-B-16__block12,300_400,2,15,7.3189,4.4755,0.085,0.185
ViT-B-16__block12,300_400,3,17,7.2743,4.4011,0.06,0.22
ViT-B-16__block12,300_400,4,16,7.3111,4.5172,0.07,0.195
ViT-B-16__block12,400_500,0,4,7.4905,5.1418,0.015,0.06
ViT-B-16__block12,400_500,1,5,7.4726,5.1329,0.015,0.08
ViT-B-16__block12,400_500,2,4,7.4839,5.2287,0.0,0.025
ViT-B-16__block12,400_500,3,4,7.4865,5.1622,0.025,0.065
ViT-B-16__block12,400_500,4,4,7.4804,5.2388,0.015,0.065
ViT-B-16__block12,500_600,0,3,7.5059,5.2964,0.0,0.04
ViT-B-16__block12,500_600,1,4,7.5137,5.306,0.005,0.05
ViT-B-16__block12,500_600,2,3,7.5197,5.3664,0.005,0.035
ViT-B-16__block12,500_600,3,3,7.5225,5.3173,0.005,0.03
ViT-B-16__block12,500_600,4,4,7.5029,5.3305,0.005,0.045
ViT-B-16__block12,600_700,0,3,7.5089,5.3237,0.01,0.045
ViT-B-16__block12,600_700,1,3,7.5122,5.3436,0.005,0.025
ViT-B-16__block12,600_700,2,2,7.5438,5.3753,0.0,0.015
ViT-B-16__block12,600_700,3,3,7.5303,5.3389,0.01,0.025
ViT-B-16__block12,600_700,4,3,7.509,5.3654,0.0,0.04
ViT-B-16__block12,700_800,0,3,7.5284,5.2962,0.015,0.045
ViT-B-16__block12,700_800,1,2,7.5187,5.3939,0.0,0.015
ViT-B-16__block12,700_800,2,2,7.5474,5.4274,0.0,0.02
ViT-B-16__block12,700_800,3,2,7.5299,5.3498,0.0,0.04
ViT-B-16__block12,700_800,4,3,7.526,5.4134,0.0,0.015
ViT-B-16__block12,800_900,0,3,7.5313,5.3466,0.005,0.025
ViT-B-16__block12,800_900,1,2,7.5288,5.3902,0.005,0.03
ViT-B-16__block12,800_900,2,2,7.5426,5.4248,0.005,0.02
ViT-B-16__block12,800_900,3,2,7.527,5.3609,0.005,0.035
ViT-B-16__block12,800_900,4,3,7.5243,5.4066,0.0,0.025
ViT-B-16__block12,900_1000,0,2,7.5406,5.3499,0.01,0.055
ViT-B-16__block12,900_1000,1,2,7.5247,5.3966,0.0,0.02
ViT-B-16__block12,900_1000,2,2,7.5448,5.4282,0.005,0.02
ViT-B-16__block12,900_1000,3,2,7.5259,5.3635,0.015,0.025
ViT-B-16__block12,900_1000,4,3,7.5343,5.405,0.0,0.02
ViT-B-16__block12__fov,0_100,0,8,7.3763,4.935,0.02,0.095
ViT-B-16__block12__fov,0_100,1,9,7.3395,5.017,0.015,0.095
ViT-B-16__block12__fov,0_100,2,9,7.3586,5.0192,0.02,0.09
ViT-B-16__block12__fov,0_100,3,9,7.3581,5.0068,0.025,0.075
ViT-B-16__block12__fov,0_100,4,10,7.3638,4.9854,0.015,0.115
ViT-B-16__block12__fov,100_200,0,17,6.9965,4.1181,0.115,0.305
ViT-B-16__block12__fov,100_200,1,15,6.9753,4.1515,0.11,0.3
ViT-B-16__block12__fov,100_200,2,17,7.0154,4.1077,0.135,0.29
ViT-B-16__block12__fov,100_200,3,17,7.0025,4.1049,0.13,0.355
ViT-B-16__block12__fov,100_200,4,16,6.995,4.1222,0.12,0.305
ViT-B-16__block12__fov,200_300,0,20,6.9842,4.0194,0.13,0.325
ViT-B-16__block12__fov,200_300,1,16,7.0595,4.0266,0.15,0.335
ViT-B-16__block12__fov,200_300,2,19,6.9908,3.9824,0.13,0.345
ViT-B-16__block12__fov,200_300,3,18,7.0004,4.0461,0.135,0.325
ViT-B-16__block12__fov,200_300,4,17,7.0005,4.0858,0.125,0.305
ViT-B-16__block12__fov,300_400,0,15,7.3079,4.5089,0.06,0.18
ViT-B-16__block12__fov,300_400,1,16,7.2911,4.4999,0.055,0.19
ViT-B-16__block12__fov,300_400,2,15,7.3394,4.5191,0.045,0.17
ViT-B-16__block12__fov,300_400,3,17,7.2877,4.4845,0.08,0.185
ViT-B-16__block12__fov,300_400,4,15,7.2986,4.5436,0.045,0.175
ViT-B-16__block12__fov,400_500,0,4,7.5001,5.1402,0.03,0.06
ViT-B-16__block12__fov,400_500,1,5,7.4658,5.1905,0.005,0.045
ViT-B-16__block12__fov,400_500,2,11,7.4906,5.0576,0.02,0.08
ViT-B-16__block12__fov,400_500,3,5,7.4885,5.159,0.01,0.025
ViT-B-16__block12__fov,400_500,4,8,7.4698,5.1427,0.01,0.06
ViT-B-16__block12__fov,500_600,0,3,7.5046,5.2734,0.01,0.04
ViT-B-16__block12__fov,500_600,1,5,7.5132,5.2968,0.02,0.035
ViT-B-16__block12__fov,500_600,2,3,7.5379,5.3266,0.01,0.04
ViT-B-16__block12__fov,500_600,3,3,7.5407,5.2953,0.01,0.03
ViT-B-16__block12__fov,500_600,4,4,7.5,5.3109,0.01,0.03
ViT-B-16__block12__fov,600_700,0,3,7.5085,5.287,0.015,0.04
ViT-B-16__block12__fov,600_700,1,3,7.5122,5.3648,0.0,0.015
ViT-B-16__block12__fov,600_700,2,3,7.5475,5.3347,0.005,0.02
ViT-B-16__block12__fov,600_700,3,3,7.5288,5.322,0.01,0.03
ViT-B-16__block12__fov,600_700,4,3,7.5109,5.3827,0.0,0.03
ViT-B-16__block12__fov,700_800,0,3,7.531,5.3563,0.0,0.035
ViT-B-16__block12__fov,700_800,1,3,7.5372,5.3824,0.01,0.025
ViT-B-16__block12__fov,700_800,2,3,7.5477,5.404,0.005,0.01
ViT-B-16__block12__fov,700_800,3,3,7.5455,5.3631,0.005,0.05
ViT-B-16__block12__fov,700_800,4,3,7.5183,5.4149,0.0,0.02
ViT-B-16__block12__fov,800_900,0,2,7.5386,5.3504,0.0,0.025
ViT-B-16__block12__fov,800_900,1,3,7.5297,5.4005,0.0,0.025
ViT-B-16__block12__fov,800_900,2,3,7.5371,5.3969,0.0,0.02
ViT-B-16__block12__fov,800_900,3,2,7.5445,5.3529,0.01,0.04
ViT-B-16__block12__fov,800_900,4,3,7.5327,5.4179,0.0,0.015
ViT-B-16__block12__fov,900_1000,0,2,7.5473,5.3637,0.0,0.02
ViT-B-16__block12__fov,900_1000,1,3,7.5242,5.4147,0.01,0.025
ViT-B-16__block12__fov,900_1000,2,3,7.5529,5.4134,0.005,0.015
ViT-B-16__block12__fov,900_1000,3,3,7.5328,5.3635,0.005,0.045
ViT-B-16__block12__fov,900_1000,4,3,7.5301,5.4216,0.0,0.015
ViT-B-16__block2,0_100,0,13,6.9981,4.1499,0.065,0.26
ViT-B-16__block2,0_100,1,11,7.0284,4.2104,0.055,0.235
ViT-B-16__block2,0_100,2,12,7.0004,4.1322,0.07,0.27
ViT-B-16__block2,0_100,3,12,7.011,4.1677,0.075,0.235
ViT-B-16__block2,0_100,4,13,7.0335,4.1593,0.09,0.26
ViT-B-16__block2,100_200,0,22,6.5837,3.4392,0.125,0.465
ViT-B-16__block2,100_200,1,17,6.6422,3.6023,0.1,0.41
ViT-B-16__block2,100_200,2,19,6.6364,3.5264,0.135,0.445
ViT-B-16__block2,100_200,3,17,6.5892,3.6124,0.1,0.395
ViT-B-16__block2,100_200,4,23,6.5954,3.5018,0.15,0.43
ViT-B-16__block2,200_300,0,14,6.7732,3.7635,0.135,0.37
ViT-B-16__block2,200_300,1,13,6.7824,3.8035,0.125,0.35
ViT-B-16__block2,200_300,2,13,6.7623,3.7654,0.125,0.36
ViT-B-16__block2,200_300,3,17,6.7086,3.7541,0.13,0.365
ViT-B-16__block2,200_300,4,14,6.7635,3.7968,0.115,0.375
ViT-B-16__block2,300_400,0,7,7.2811,4.8086,0.05,0.11
ViT-B-16__block2,300_400,1,9,7.269,4.7423,0.065,0.145
ViT-B-16__block2,300_400,2,8,7.2751,4.809,0.025,0.125
ViT-B-16__block2,300_400,3,10,7.2177,4.722,0.035,0.125
ViT-B-16__block2,300_400,4,9,7.2894,4.7752,0.045,0.14
ViT-B-16__block2,400_500,0,5,7.4163,5.1535,0.015,0.085
ViT-B-16__block2,400_500,1,5,7.4197,5.1459,0.01,0.05
ViT-B-16__block2,400_500,2,4,7.4343,5.1666,0.0,0.075
ViT-B-16__block2,400_500,3,4,7.4291,5.1278,0.02,0.095
ViT-B-16__block2,400_500,4,4,7.4289,5.1978,0.005,0.02
ViT-B-16__block2,500_600,0,4,7.4521,5.2813,0.005,0.045
ViT-B-16__block2,500_600,1,3,7.4588,5.2515,0.005,0.01
ViT-B-16__block2,500_600,2,3,7.4519,5.269,0.01,0.035
ViT-B-16__block2,500_600,3,3,7.4555,5.253,0.025,0.045
ViT-B-16__block2,500_600,4,4,7.4505,5.2692,0.0,0.03
ViT-B-16__block2,600_700,0,3,7.4539,5.2984,0.02,0.045
ViT-B-16__block2,600_700,1,3,7.4501,5.2918,0.01,0.025
ViT-B-16__block2,600_700,2,4,7.4451,5.2845,0.015,0.045
ViT-B-16__block2,600_700,3,3,7.4537,5.2654,0.0,0.035
ViT-B-16__block2,600_700,4,3,7.4569,5.2945,0.01,0.03
ViT-B-16__block2,700_800,0,3,7.4602,5.3407,0.005,0.04
ViT-B-16__block2,700_800,1,3,7.4621,5.2955,0.005,0.03
ViT-B-16__block2,700_800,2,4,7.4468,5.3275,0.005,0.025
ViT-B-16__block2,700_800,3,3,7.4648,5.3054,0.005,0.015
ViT-B-16__block2,700_800,4,3,7.4626,5.3022,0.015,0.05
ViT-B-16__block2,800_900,0,3,7.4584,5.3327,0.0,0.015
ViT-B-16__block2,800_900,1,3,7.4695,5.3138,0.0,0.015
ViT-B-16__block2,800_900,2,4,7.4515,5.3328,0.005,0.015
ViT-B-16__block2,800_900,3,3,7.4675,5.3085,0.0,0.02
ViT-B-16__block2,800_900,4,3,7.4588,5.3113,0.0,0.025
ViT-B-16__block2,900_1000,0,3,7.4637,5.3141,0.0,0.025
ViT-B-16__block2,900_1000,1,2,7.4532,5.2952,0.0,0.025
ViT-B-16__block2,900_1000,2,4,7.4534,5.3133,0.005,0.025
ViT-B-16__block2,900_1000,3,2,7.4596,5.3036,0.01,0.03
ViT-B-16__block2,900_1000,4,3,7.4549,5.3041,0.01,0.02
ViT-B-16__block2__fov,0_100,0,13,6.9809,4.1006,0.065,0.235
ViT-B-16__block2__fov,0_100,1,15,7.0016,4.0607,0.085,0.28
ViT-B-16__block2__fov,0_100,2,14,6.974,4.0138,0.1,0.29
ViT-B-16__block2__fov,0_100,3,12,6.9875,4.1056,0.06,0.24
ViT-B-16__block2__fov,0_100,4,13,6.9972,4.0623,0.08,0.295
ViT-B-16__block2__fov,100_200,0,23,6.5844,3.4193,0.14,0.44
ViT-B-16__block2__fov,100_200,1,17,6.6241,3.5422,0.115,0.425
ViT-B-16__block2__fov,100_200,2,19,6.6179,3.4567,0.115,0.43
ViT-B-16__block2__fov,100_200,3,17,6.5735,3.5281,0.115,0.405
ViT-B-16__block2__fov,100_200,4,22,6.5822,3.4564,0.14,0.425
ViT-B-16__block2__fov,200_300,0,14,6.7581,3.6998,0.15,0.385
ViT-B-16__block2__fov,200_300,1,14,6.7844,3.7094,0.14,0.355
ViT-B-16__block2__fov,200_300,2,13,6.7425,3.6997,0.155,0.39
ViT-B-16__block2__fov,200_300,3,17,6.7063,3.6683,0.15,0.405
ViT-B-16__block2__fov,200_300,4,18,6.7538,3.6767,0.13,0.4
ViT-B-16__block2__fov,300_400,0,7,7.2899,4.812,0.04,0.1
ViT-B-16__block2__fov,300_400,1,9,7.2633,4.7349,0.04,0.14
ViT-B-16__block2__fov,300_400,2,9,7.2756,4.7564,0.05,0.135
ViT-B-16__block2__fov,300_400,3,10,7.2255,4.7191,0.055,0.13
ViT-B-16__block2__fov,300_400,4,9,7.2876,4.7629,0.05,0.105
ViT-B-16__block2__fov,400_500,0,5,7.4262,5.1374,0.015,0.08
ViT-B-16__block2__fov,400_500,1,5,7.4135,5.1495,0.005,0.065
ViT-B-16__block2__fov,400_500,2,4,7.4333,5.1706,0.0,0.045
ViT-B-16__block2__fov,400_500,3,4,7.428,5.1362,0.01,0.075
ViT-B-16__block2__fov,400_500,4,4,7.4351,5.1922,0.0,0.045
ViT-B-16__block2__fov,500_600,0,3,7.4502,5.2828,0.015,0.035
ViT-B-16__block2__fov,500_600,1,3,7.4606,5.2656,0.0,0.03
ViT-B-16__block2__fov,500_600,2,3,7.4493,5.2553,0.01,0.055
ViT-B-16__block2__fov,500_600,3,4,7.4533,5.2277,0.005,0.045
ViT-B-16__block2__fov,500_600,4,4,7.4512,5.2719,0.0,0.04
ViT-B-16__block2__fov,600_700,0,3,7.4603,5.291,0.01,0.04
ViT-B-16__block2__fov,600_700,1,3,7.4595,5.2941,0.005,0.02
ViT-B-16__block2__fov,600_700,2,3,7.4438,5.2878,0.01,0.04
ViT-B-16__block2__fov,600_700,3,3,7.4579,5.255,0.01,0.045
ViT-B-16__block2__fov,600_700,4,3,7.4561,5.3063,0.015,0.045
ViT-B-16__block2__fov,700_800,0,3,7.4616,5.3339,0.015,0.035
ViT-B-16__block2__fov,700_800,1,3,7.4639,5.3087,0.005,0.03
ViT-B-16__block2__fov,700_800,2,3,7.4462,5.3184,0.02,0.045
ViT-B-16__block2__fov,700_800,3,3,7.4651,5.2788,0.005,0.035
ViT-B-16__block2__fov,700_800,4,3,7.462,5.2963,0.01,0.04
ViT-B-16__block2__fov,800_900,0,3,7.4587,5.3139,0.005,0.035
ViT-B-16__block2__fov,800_900,1,2,7.4759,5.3204,0.0,0.025
ViT-B-16__block2__fov,800_900,2,3,7.4502,5.3161,0.005,0.015
ViT-B-16__block2__fov,800_900,3,3,7.4657,5.294,0.015,0.03
ViT-B-16__block2__fov,800_900,4,3,7.4645,5.3022,0.01,0.035
ViT-B-16__block2__fov,900_1000,0,3,7.4589,5.2982,0.0,0.04
ViT-B-16__block2__fov,900_1000,1,2,7.4569,5.3042,0.0,0.015
ViT-B-16__block2__fov,900_1000,2,2,7.4475,5.3013,0.0,0.03
ViT-B-16__block2__fov,900_1000,3,3,7.4577,5.2846,0.01,0.06
ViT-B-16__block2__fov,900_1000,4,3,7.4556,5.2919,0.005,0.02
ViT-B-16__block4,0_100,0,14,7.0352,4.2796,0.05,0.205
ViT-B-16__block4,0_100,1,10,7.0471,4.3302,0.05,0.185
ViT-B-16__block4,0_100,2,12,7.029,4.2496,0.07,0.205
ViT-B-16__block4,0_100,3,12,7.0362,4.2661,0.03,0.195
ViT-B-16__block4,0_100,4,13,7.0342,4.2378,0.045,0.195
ViT-B-16__block4,100_200,0,25,6.4824,3.1111,0.21,0.535
ViT-B-16__block4,100_200,1,17,6.5124,3.2833,0.195,0.46
ViT-B-16__block4,100_200,2,17,6.511,3.2228,0.205,0.48
ViT-B-16__block4,100_200,3,19,6.4739,3.2054,0.215,0.485
ViT-B-16__block4,100_200,4,23,6.4516,3.1727,0.205,0.485
ViT-B-16__block4,200_300,0,19,6.6751,3.4719,0.185,0.445
ViT-B-16__block4,200_300,1,17,6.6838,3.4975,0.185,0.435
ViT-B-16__block4,200_300,2,17,6.662,3.4308,0.175,0.445
ViT-B-16__block4,200_300,3,17,6.6005,3.5188,0.16,0.405
ViT-B-16__block4,200_300,4,18,6.6561,3.4788,0.17,0.405
ViT-B-16__block4,300_400,0,9,7.2627,4.6187,0.03,0.16
ViT-B-16__block4,300_400,1,9,7.2353,4.6183,0.035,0.155
ViT-B-16__block4,300_400,2,10,7.2379,4.5774,0.05,0.165
ViT-B-16__block4,300_400,3,11,7.2092,4.4787,0.045,0.165
ViT-B-16__block4,300_400,4,10,7.241,4.5627,0.03,0.16
ViT-B-16__block4,400_500,0,7,7.4268,5.0503,0.015,0.07
ViT-B-16__block4,400_500,1,3,7.4231,5.1801,0.01,0.06
ViT-B-16__block4,400_500,2,4,7.4424,5.1535,0.005,0.05
ViT-B-16__block4,400_500,3,5,7.4301,5.1053,0.01,0.055
ViT-B-16__block4,400_500,4,4,7.4425,5.1593,0.025,0.055
ViT-B-16__block4,500_600,0,4,7.4573,5.2719,0.005,0.025
ViT-B-16__block4,500_600,1,3,7.4626,5.2501,0.005,0.05
ViT-B-16__block4,500_600,2,3,7.4799,5.2511,0.005,0.03
ViT-B-16__block4,500_600,3,3,7.4645,5.24,0.005,0.04
ViT-B-16__block4,500_600,4,3,7.4491,5.2627,0.02,0.065
ViT-B-16__block4,600_700,0,2,7.4687,5.3162,0.01,0.015
ViT-B-16__block4,600_700,1,3,7.46,5.2897,0.005,0.03
ViT-B-16__block4,600_700,2,2,7.4819,5.2781,0.03,0.05
ViT-B-16__block4,600_700,3,3,7.4749,5.2882,0.02,0.045
ViT-B-16__block4,600_700,4,2,7.4682,5.2968,0.005,0.03
ViT-B-16__block4,700_800,0,2,7.477,5.3677,0.01,0.015
ViT-B-16__block4,700_800,1,3,7.474,5.3313,0.005,0.01
ViT-B-16__block4,700_800,2,2,7.4775,5.3209,0.005,0.04
ViT-B-16__block4,700_800,3,2,7.4773,5.3207,0.01,0.045
ViT-B-16__block4,700_800,4,2,7.4717,5.3141,0.005,0.02
ViT-B-16__block4,800_900,0,2,7.4837,5.3493,0.0,0.03
ViT-B-16__block4,800_900,1,2,7.4657,5.346,0.015,0.02
ViT-B-16__block4,800_900,2,2,7.4705,5.3268,0.0,0.03
ViT-B-16__block4,800_900,3,2,7.4865,5.3236,0.0,0.035
ViT-B-16__block4,800_900,4,2,7.4632,5.3177,0.005,0.04
ViT-B-16__block4,900_1000,0,2,7.4746,5.3398,0.015,0.03
ViT-B-16__block4,900_1000,1,2,7.47,5.3096,0.005,0.02
ViT-B-16__block4,900_1000,2,2,7.4867,5.3161,0.005,0.035
ViT-B-16__block4,900_1000,3,2,7.4828,5.3199,0.005,0.04
ViT-B-16__block4,900_1000,4,2,7.4699,5.3249,0.005,0.04
ViT-B-16__block4__fov,0_100,0,12,7.0352,4.2245,0.035,0.215
ViT-B-16__block4__fov,0_100,1,14,7.0349,4.1698,0.055,0.215
ViT-B-16__block4__fov,0_100,2,14,6.9994,4.1228,0.07,0.22
ViT-B-16__block4__fov,0_100,3,12,7.0282,4.191,0.05,0.205
ViT-B-16__block4__fov,0_100,4,14,7.0228,4.1295,0.055,0.22
ViT-B-16__block4__fov,100_200,0,20,6.4506,3.1048,0.21,0.51
ViT-B-16__block4__fov,100_200,1,21,6.4749,3.133,0.205,0.495
ViT-B-16__block4__fov,100_200,2,17,6.4631,3.1863,0.2,0.475
ViT-B-16__block4__fov,100_200,3,19,6.4545,3.1746,0.205,0.46
ViT-B-16__block4__fov,100_200,4,23,6.4456,3.1211,0.2,0.5
ViT-B-16__block4__fov,200_300,0,19,6.6675,3.3971,0.19,0.43
ViT-B-16__block4__fov,200_300,1,17,6.6885,3.4465,0.15,0.425
ViT-B-16__block4__fov,200_300,2,17,6.6451,3.3683,0.16,0.47
ViT-B-16__block4__fov,200_300,3,17,6.5967,3.4594,0.165,0.39
ViT-B-16__block4__fov,200_300,4,18,6.6364,3.4275,0.185,0.45
ViT-B-16__block4__fov,300_400,0,9,7.2504,4.6023,0.03,0.15
ViT-B-16__block4__fov,300_400,1,9,7.2397,4.5597,0.05,0.16
ViT-B-16__block4__fov,300_400,2,9,7.2332,4.6127,0.02,0.165
ViT-B-16__block4__fov,300_400,3,10,7.206,4.5518,0.04,0.155
ViT-B-16__block4__fov,300_400,4,10,7.2492,4.5627,0.045,0.165
ViT-B-16__block4__fov,400_500,0,3,7.4187,5.17,0.005,0.05
ViT-B-16__block4__fov,400_500,1,5,7.4308,5.1008,0.01,0.055
ViT-B-16__block4__fov,400_500,2,5,7.4483,5.1141,0.005,0.07
ViT-B-16__block4__fov,400_500,3,5,7.4362,5.0534,0.01,0.07
ViT-B-16__block4__fov,400_500,4,4,7.4392,5.1487,0.015,0.045
ViT-B-16__block4__fov,500_600,0,2,7.4494,5.2896,0.0,0.02
ViT-B-16__block4__fov,500_600,1,3,7.4762,5.2666,0.01,0.035
ViT-B-16__block4__fov,500_600,2,3,7.4695,5.2555,0.005,0.05
ViT-B-16__block4__fov,500_600,3,3,7.4559,5.2349,0.02,0.04
ViT-B-16__block4__fov,500_600,4,3,7.4486,5.2591,0.02,0.04
ViT-B-16__block4__fov,600_700,0,2,7.4505,5.319,0.0,0.02
ViT-B-16__block4__fov,600_700,1,3,7.4745,5.3054,0.0,0.015
ViT-B-16__block4__fov,600_700,2,2,7.4781,5.2976,0.005,0.035
ViT-B-16__block4__fov,600_700,3,3,7.4676,5.2734,0.0,0.035
ViT-B-16__block4__fov,600_700,4,2,7.4647,5.3011,0.0,0.03
ViT-B-16__block4__fov,700_800,0,2,7.4567,5.3411,0.0,0.025
ViT-B-16__block4__fov,700_800,1,3,7.484,5.3295,0.005,0.015
ViT-B-16__block4__fov,700_800,2,2,7.472,5.3277,0.005,0.02
ViT-B-16__block4__fov,700_800,3,2,7.4779,5.3166,0.0,0.015
ViT-B-16__block4__fov,700_800,4,2,7.4581,5.3153,0.01,0.055
ViT-B-16__block4__fov,800_900,0,2,7.4669,5.3235,0.01,0.02
ViT-B-16__block4__fov,800_900,1,3,7.4891,5.3383,0.0,0.01
ViT-B-16__block4__fov,800_900,2,2,7.4721,5.3212,0.0,0.02
ViT-B-16__block4__fov,800_900,3,2,7.4798,5.3185,0.005,0.03
ViT-B-16__block4__fov,800_900,4,2,7.465,5.3051,0.01,0.045
ViT-B-16__block4__fov,900_1000,0,2,7.4593,5.3154,0.0,0.03
ViT-B-16__block4__fov,900_1000,1,2,7.477,5.3288,0.005,0.01
ViT-B-16__block4__fov,900_1000,2,2,7.4778,5.3275,0.01,0.01
ViT-B-16__block4__fov,900_1000,3,2,7.4716,5.3141,0.01,0.025
ViT-B-16__block4__fov,900_1000,4,2,7.464,5.3273,0.01,0.035
ViT-B-16__block6,0_100,0,11,7.1489,4.4484,0.01,0.185
ViT-B-16__block6,0_100,1,10,7.1507,4.4868,0.025,0.15
ViT-B-16__block6,0_100,2,12,7.153,4.4091,0.05,0.145
ViT-B-16__block6,0_100,3,10,7.1776,4.4374,0.045,0.175
ViT-B-16__block6,0_100,4,14,7.1443,4.3571,0.045,0.18
ViT-B-16__block6,100_200,0,23,6.6555,3.3941,0.17,0.455
ViT-B-16__block6,100_200,1,21,6.6397,3.4031,0.185,0.475
ViT-B-16__block6,100_200,2,18,6.6558,3.4287,0.18,0.485
ViT-B-16__block6,100_200,3,19,6.6396,3.4709,0.175,0.475
ViT-B-16__block6,100_200,4,22,6.6228,3.4281,0.19,0.49
ViT-B-16__block6,200_300,0,19,6.7415,3.5581,0.155,0.45
ViT-B-16__block6,200_300,1,17,6.7605,3.5448,0.16,0.445
ViT-B-16__block6,200_300,2,18,6.726,3.5671,0.16,0.435
ViT-B-16__block6,200_300,3,19,6.6985,3.5924,0.15,0.405
ViT-B-16__block6,200_300,4,18,6.7002,3.5872,0.135,0.45
ViT-B-16__block6,300_400,0,11,7.2976,4.4955,0.075,0.175
ViT-B-16__block6,300_400,1,11,7.2699,4.5329,0.045,0.17
ViT-B-16__block6,300_400,2,14,7.2411,4.4283,0.06,0.205
ViT-B-16__block6,300_400,3,13,7.251,4.4448,0.04,0.175
ViT-B-16__block6,300_400,4,11,7.2518,4.5359,0.035,0.205
ViT-B-16__block6,400_500,0,4,7.4772,5.1707,0.01,0.06
ViT-B-16__block6,400_500,1,4,7.4669,5.1606,0.015,0.08
ViT-B-16__block6,400_500,2,4,7.4647,5.1825,0.015,0.06
ViT-B-16__block6,400_500,3,4,7.4811,5.1413,0.015,0.085
ViT-B-16__block6,400_500,4,3,7.4543,5.2035,0.035,0.055
ViT-B-16__block6,500_600,0,3,7.4896,5.3037,0.005,0.03
ViT-B-16__block6,500_600,1,3,7.4885,5.2685,0.0,0.015
ViT-B-16__block6,500_600,2,3,7.485,5.3074,0.01,0.035
ViT-B-16__block6,500_600,3,3,7.5254,5.2794,0.015,0.055
ViT-B-16__block6,500_600,4,3,7.4743,5.2976,0.0,0.05
ViT-B-16__block6,600_700,0,3,7.4997,5.3282,0.01,0.03
ViT-B-16__block6,600_700,1,2,7.5,5.2769,0.005,0.015
ViT-B-16__block6,600_700,2,3,7.4993,5.2875,0.0,0.025
ViT-B-16__block6,600_700,3,3,7.5179,5.3123,0.015,0.055
ViT-B-16__block6,600_700,4,2,7.4929,5.3247,0.005,0.025
ViT-B-16__block6,700_800,0,3,7.5001,5.3215,0.005,0.04
ViT-B-16__block6,700_800,1,2,7.5207,5.3479,0.0,0.005
ViT-B-16__block6,700_800,2,3,7.4966,5.3535,0.005,0.015
ViT-B-16__block6,700_800,3,3,7.5218,5.3427,0.01,0.03
ViT-B-16__block6,700_800,4,2,7.491,5.3608,0.005,0.02
ViT-B-16__block6,800_900,0,3,7.5072,5.3232,0.005,0.025
ViT-B-16__block6,800_900,1,2,7.5149,5.3329,0.0,0.015
ViT-B-16__block6,800_900,2,3,7.4969,5.3516,0.005,0.035
ViT-B-16__block6,800_900,3,3,7.5359,5.336,0.005,0.02
ViT-B-16__block6,800_900,4,2,7.4943,5.3547,0.01,0.03
ViT-B-16__block6,900_1000,0,2,7.5199,5.3383,0.005,0.015
ViT-B-16__block6,900_1000,1,2,7.5167,5.3122,0.0,0.015
ViT-B-16__block6,900_1000,2,3,7.4991,5.3336,0.0,0.025
ViT-B-16__block6,900_1000,3,2,7.525,5.3253,0.01,0.03
ViT-B-16__block6,900_1000,4,2,7.4927,5.3495,0.01,0.015
ViT-B-16__block6__fov,0_100,0,14,7.1559,4.3295,0.05,0.165
ViT-B-16__block6__fov,0_100,1,13,7.1374,4.325,0.045,0.17
ViT-B-16__block6__fov,0_100,2,11,7.1333,4.3862,0.05,0.175
ViT-B-16__block6__fov,0_100,3,11,7.1454,4.4328,0.035,0.13
ViT-B-16__block6__fov,0_100,4,13,7.1461,4.3413,0.04,0.165
ViT-B-16__block6__fov,100_200,0,23,6.606,3.3204,0.175,0.495
ViT-B-16__block6__fov,100_200,1,21,6.6053,3.3491,0.18,0.505
ViT-B-16__block6__fov,100_200,2,18,6.5945,3.379,0.16,0.47
ViT-B-16__block6__fov,100_200,3,24,6.5971,3.2903,0.175,0.5
ViT-B-16__block6__fov,100_200,4,22,6.5964,3.3124,0.195,0.49
ViT-B-16__block6__fov,200_300,0,19,6.6927,3.516,0.145,0.4
ViT-B-16__block6__fov,200_300,1,17,6.7497,3.5845,0.125,0.415
ViT-B-16__block6__fov,200_300,2,18,6.6991,3.513,0.14,0.415
ViT-B-16__block6__fov,200_300,3,20,6.6864,3.5077,0.155,0.445
ViT-B-16__block6__fov,200_300,4,18,6.702,3.5721,0.13,0.41
ViT-B-16__block6__fov,300_400,0,11,7.2984,4.5367,0.035,0.175
ViT-B-16__block6__fov,300_400,1,12,7.2632,4.436,0.045,0.22
ViT-B-16__block6__fov,300_400,2,14,7.2517,4.4701,0.04,0.18
ViT-B-16__block6__fov,300_400,3,12,7.2739,4.4522,0.03,0.17
ViT-B-16__block6__fov,300_400,4,11,7.2598,4.5766,0.025,0.17
ViT-B-16__block6__fov,400_500,0,4,7.4668,5.1172,0.02,0.045
ViT-B-16__block6__fov,400_500,1,5,7.4597,5.1062,0.005,0.045
ViT-B-16__block6__fov,400_500,2,4,7.4597,5.1554,0.015,0.05
ViT-B-16__block6__fov,400_500,3,3,7.463,5.2012,0.015,0.08
ViT-B-16__block6__fov,400_500,4,3,7.4609,5.2088,0.01,0.055
ViT-B-16__block6__fov,500_600,0,3,7.5075,5.2594,0.02,0.055
ViT-B-16__block6__fov,500_600,1,3,7.4942,5.2873,0.005,0.03
ViT-B-16__block6__fov,500_600,2,3,7.4894,5.2772,0.01,0.04
ViT-B-16__block6__fov,500_600,3,3,7.5002,5.2557,0.015,0.04
ViT-B-16__block6__fov,500_600,4,3,7.4878,5.2785,0.005,0.04
ViT-B-16__block6__fov,600_700,0,3,7.4952,5.2936,0.005,0.035
ViT-B-16__block6__fov,600_700,1,2,7.4872,5.313,0.005,0.01
ViT-B-16__block6__fov,600_700,2,3,7.5066,5.2701,0.01,0.03
ViT-B-16__block6__fov,600_700,3,2,7.5113,5.3209,0.005,0.05
ViT-B-16__block6__fov,600_700,4,2,7.4846,5.3238,0.005,0.03
ViT-B-16__block6__fov,700_800,0,3,7.5061,5.3301,0.005,0.03
ViT-B-16__block6__fov,700_800,1,2,7.5027,5.3462,0.005,0.01
ViT-B-16__block6__fov,700_800,2,3,7.5018,5.3316,0.01,0.04
ViT-B-16__block6__fov,700_800,3,2,7.5105,5.3732,0.005,0.03
ViT-B-16__block6__fov,700_800,4,2,7.5026,5.3398,0.005,0.015
ViT-B-16__block6__fov,800_900,0,2,7.5085,5.3271,0.01,0.03
ViT-B-16__block6__fov,800_900,1,2,7.5057,5.3475,0.005,0.025
ViT-B-16__block6__fov,800_900,2,3,7.494,5.3472,0.01,0.035
ViT-B-16__block6__fov,800_900,3,2,7.5222,5.3278,0.0,0.025
ViT-B-16__block6__fov,800_900,4,2,7.5058,5.3341,0.0,0.015
ViT-B-16__block6__fov,900_1000,0,2,7.5068,5.3159,0.01,0.02
ViT-B-16__block6__fov,900_1000,1,2,7.4959,5.3295,0.005,0.025
ViT-B-16__block6__fov,900_1000,2,3,7.5058,5.3249,0.01,0.035
ViT-B-16__block6__fov,900_1000,3,2,7.518,5.3259,0.005,0.025
ViT-B-16__block6__fov,900_1000,4,2,7.497,5.3233,0.0,0.025
ViT-B-16__block8,0_100,0,11,7.219,4.628,0.04,0.135
ViT-B-16__block8,0_100,1,10,7.1985,4.6555,0.035,0.12
ViT-B-16__block8,0_100,2,11,7.2217,4.6123,0.025,0.125
ViT-B-16__block8,0_100,3,9,7.2081,4.7028,0.035,0.13
ViT-B-16__block8,0_100,4,10,7.2255,4.604,0.015,0.135
ViT-B-16__block8,100_200,0,17,6.7956,3.7764,0.155,0.37
ViT-B-16__block8,100_200,1,17,6.7594,3.7912,0.145,0.405
ViT-B-16__block8,100_200,2,18,6.8129,3.8021,0.13,0.395
ViT-B-16__block8,100_200,3,19,6.7679,3.7594,0.14,0.385
ViT-B-16__block8,100_200,4,21,6.7776,3.7251,0.135,0.39
ViT-B-16__block8,200_300,0,20,6.8502,3.7306,0.125,0.385
ViT-B-16__block8,200_300,1,17,6.8412,3.7382,0.15,0.4
ViT-B-16__block8,200_300,2,19,6.8448,3.7194,0.12,0.405
ViT-B-16__block8,200_300,3,19,6.8118,3.7238,0.125,0.38
ViT-B-16__block8,200_300,4,19,6.817,3.7117,0.125,0.4
ViT-B-16__block8,300_400,0,11,7.3043,4.5489,0.055,0.17
ViT-B-16__block8,300_400,1,12,7.2656,4.514,0.045,0.145
ViT-B-16__block8,300_400,2,13,7.2625,4.5203,0.04,0.18
ViT-B-16__block8,300_400,3,13,7.234,4.5096,0.045,0.175
ViT-B-16__block8,300_400,4,12,7.3003,4.5701,0.07,0.165
ViT-B-16__block8,400_500,0,4,7.4763,5.1858,0.015,0.05
ViT-B-16__block8,400_500,1,6,7.4404,5.1249,0.015,0.085
ViT-B-16__block8,400_500,2,4,7.464,5.1965,0.015,0.055
ViT-B-16__block8,400_500,3,5,7.4465,5.1394,0.03,0.09
ViT-B-16__block8,400_500,4,3,7.4644,5.206,0.015,0.055
ViT-B-16__block8,500_600,0,3,7.5026,5.3497,0.0,0.03
ViT-B-16__block8,500_600,1,4,7.4881,5.2455,0.005,0.07
ViT-B-16__block8,500_600,2,3,7.4987,5.3044,0.0,0.04
ViT-B-16__block8,500_600,3,3,7.4872,5.3302,0.01,0.035
ViT-B-16__block8,500_600,4,3,7.4934,5.3182,0.005,0.04
ViT-B-16__block8,600_700,0,3,7.4967,5.3736,0.005,0.01
ViT-B-16__block8,600_700,1,3,7.5033,5.3506,0.005,0.02
ViT-B-16__block8,600_700,2,2,7.4849,5.3633,0.015,0.03
ViT-B-16__block8,600_700,3,2,7.5093,5.3477,0.005,0.025
ViT-B-16__block8,600_700,4,3,7.49,5.3281,0.01,0.025
ViT-B-16__block8,700_800,0,3,7.5117,5.3445,0.01,0.055
ViT-B-16__block8,700_800,1,3,7.5011,5.3813,0.01,0.035
ViT-B-16__block8,700_800,2,2,7.4989,5.3722,0.005,0.025
ViT-B-16__block8,700_800,3,2,7.5117,5.3735,0.005,0.03
ViT-B-16__block8,700_800,4,2,7.5007,5.3591,0.005,0.025
ViT-B-16__block8,800_900,0,3,7.5114,5.3798,0.005,0.02
ViT-B-16__block8,800_900,1,2,7.5076,5.3765,0.005,0.03
ViT-B-16__block8,800_900,2,2,7.5108,5.3875,0.01,0.03
ViT-B-16__block8,800_900,3,2,7.5211,5.3591,0.005,0.03
ViT-B-16__block8,800_900,4,2,7.5172,5.3463,0.0,0.01
ViT-B-16__block8,900_1000,0,2,7.5119,5.3721,0.0,0.02
ViT-B-16__block8,900_1000,1,2,7.4971,5.3588,0.0,0.035
ViT-B-16__block8,900_1000,2,2,7.5076,5.3652,0.01,0.035
ViT-B-16__block8,900_1000,3,2,7.5135,5.3411,0.02,0.045
ViT-B-16__block8,900_1000,4,2,7.5089,5.3512,0.01,0.04
ViT-B-16__block8__fov,0_100,0,12,7.1943,4.5704,0.035,0.13
ViT-B-16__block8__fov,0_100,1,10,7.179,4.5715,0.015,0.15
ViT-B-16__block8__fov,0_100,2,11,7.2021,4.6025,0.03,0.13
ViT-B-16__block8__fov,0_100,3,11,7.1774,4.6188,0.03,0.135
ViT-B-16__block8__fov,0_100,4,11,7.1849,4.5567,0.05,0.145
ViT-B-16__block8__fov,100_200,0,17,6.7388,3.6898,0.14,0.37
ViT-B-16__block8__fov,100_200,1,17,6.7159,3.6764,0.15,0.395
ViT-B-16__block8__fov,100_200,2,18,6.7649,3.6881,0.125,0.39
ViT-B-16__block8__fov,100_200,3,17,6.7554,3.6946,0.135,0.35
ViT-B-16__block8__fov,100_200,4,21,6.7453,3.6248,0.155,0.395
ViT-B-16__block8__fov,200_300,0,20,6.8106,3.694,0.125,0.415
ViT-B-16__block8__fov,200_300,1,17,6.8268,3.7326,0.11,0.4
ViT-B-16__block8__fov,200_300,2,18,6.7928,3.6895,0.1,0.39
ViT-B-16__block8__fov,200_300,3,20,6.7637,3.7137,0.09,0.37
ViT-B-16__block8__fov,200_300,4,18,6.7846,3.7071,0.1,0.37
ViT-B-16__block8__fov,300_400,0,11,7.3201,4.5859,0.05,0.155
ViT-B-16__block8__fov,300_400,1,11,7.2634,4.5681,0.035,0.145
ViT-B-16__block8__fov,300_400,2,13,7.2576,4.5232,0.045,0.18
ViT-B-16__block8__fov,300_400,3,15,7.2557,4.4314,0.075,0.185
ViT-B-16__block8__fov,300_400,4,12,7.2952,4.5812,0.04,0.135
ViT-B-16__block8__fov,400_500,0,8,7.4667,5.0799,0.025,0.065
ViT-B-16__block8__fov,400_500,1,5,7.4428,5.1709,0.015,0.08
ViT-B-16__block8__fov,400_500,2,4,7.4576,5.2113,0.02,0.06
ViT-B-16__block8__fov,400_500,3,4,7.4712,5.1741,0.015,0.055
ViT-B-16__block8__fov,400_500,4,3,7.4738,5.2214,0.015,0.06
ViT-B-16__block8__fov,500_600,0,4,7.4996,5.3218,0.005,0.035
ViT-B-16__block8__fov,500_600,1,3,7.4806,5.3052,0.005,0.04
ViT-B-16__block8__fov,500_600,2,3,7.4913,5.3072,0.01,0.05
ViT-B-16__block8__fov,500_600,3,3,7.5047,5.3082,0.005,0.055
ViT-B-16__block8__fov,500_600,4,3,7.5052,5.3121,0.02,0.045
ViT-B-16__block8__fov,600_700,0,3,7.4992,5.3245,0.0,0.025
ViT-B-16__block8__fov,600_700,1,3,7.4947,5.3272,0.005,0.035
ViT-B-16__block8__fov,600_700,2,2,7.4878,5.3122,0.005,0.035
ViT-B-16__block8__fov,600_700,3,3,7.5206,5.3264,0.01,0.045
ViT-B-16__block8__fov,600_700,4,3,7.5063,5.3398,0.015,0.02
ViT-B-16__block8__fov,700_800,0,3,7.509,5.358,0.015,0.02
ViT-B-16__block8__fov,700_800,1,2,7.5041,5.348,0.005,0.045
ViT-B-16__block8__fov,700_800,2,2,7.5019,5.3542,0.0,0.005
ViT-B-16__block8__fov,700_800,3,2,7.5232,5.3588,0.01,0.03
ViT-B-16__block8__fov,700_800,4,2,7.5174,5.368,0.005,0.04
ViT-B-16__block8__fov,800_900,0,2,7.5118,5.3566,0.005,0.025
ViT-B-16__block8__fov,800_900,1,2,7.4922,5.3338,0.015,0.04
ViT-B-16__block8__fov,800_900,2,2,7.4955,5.343,0.0,0.01
ViT-B-16__block8__fov,800_900,3,2,7.5222,5.3459,0.0,0.02
ViT-B-16__block8__fov,800_900,4,2,7.5092,5.3629,0.01,0.015
ViT-B-16__block8__fov,900_1000,0,2,7.5196,5.3604,0.005,0.015
ViT-B-16__block8__fov,900_1000,1,2,7.492,5.3363,0.01,0.035
ViT-B-16__block8__fov,900_1000,2,2,7.5018,5.3289,0.0,0.005
ViT-B-16__block8__fov,900_1000,3,2,7.5273,5.3494,0.015,0.035
ViT-B-16__block8__fov,900_1000,4,2,7.5125,5.3849,0.0,0.015
ViT-L-14__block12,0_100,0,14,7.201,4.5591,0.04,0.17
ViT-L-14__block12,0_100,1,12,7.2017,4.6166,0.02,0.14
ViT-L-14__block12,0_100,2,11,7.1811,4.6668,0.015,0.145
ViT-L-14__block12,0_100,3,10,7.2142,4.5654,0.03,0.17
ViT-L-14__block12,0_100,4,14,7.1901,4.5702,0.035,0.14
ViT-L-14__block12,100_200,0,20,6.8037,3.7455,0.1,0.425
ViT-L-14__block12,100_200,1,19,6.7901,3.7505,0.1,0.39
ViT-L-14__block12,100_200,2,19,6.8142,3.7723,0.13,0.4
ViT-L-14__block12,100_200,3,22,6.7924,3.748,0.11,0.35
ViT-L-14__block12,100_200,4,18,6.8131,3.8075,0.11,0.38
ViT-L-14__block12,200_300,0,20,6.8634,3.793,0.115,0.36
ViT-L-14__block12,200_300,1,17,6.8527,3.8191,0.13,0.35
ViT-L-14__block12,200_300,2,19,6.8712,3.835,0.095,0.39
ViT-L-14__block12,200_300,3,19,6.8397,3.8731,0.09,0.33
ViT-L-14__block12,200_300,4,18,6.8347,3.806,0.14,0.38
ViT-L-14__block12,300_400,0,12,7.3319,4.6066,0.04,0.14
ViT-L-14__block12,300_400,1,11,7.3043,4.6446,0.05,0.155
ViT-L-14__block12,300_400,2,14,7.3358,4.5242,0.05,0.19
ViT-L-14__block12,300_400,3,13,7.3053,4.6191,0.055,0.15
ViT-L-14__block12,300_400,4,14,7.3077,4.5805,0.055,0.17
ViT-L-14__block12,400_500,0,3,7.4789,5.228,0.02,0.035
ViT-L-14__block12,400_500,1,5,7.4612,5.1961,0.01,0.045
ViT-L-14__block12,400_500,2,4,7.4886,5.2061,0.0,0.055
ViT-L-14__block12,400_500,3,3,7.4921,5.2252,0.015,0.055
ViT-L-14__block12,400_500,4,4,7.4692,5.2275,0.015,0.04
ViT-L-14__block12,500_600,0,3,7.5141,5.2765,0.01,0.045
ViT-L-14__block12,500_600,1,3,7.4926,5.3012,0.01,0.04
ViT-L-14__block12,500_600,2,3,7.5181,5.301,0.02,0.04
ViT-L-14__block12,500_600,3,3,7.5123,5.2653,0.01,0.04
ViT-L-14__block12,500_600,4,3,7.4938,5.3044,0.01,0.035
ViT-L-14__block12,600_700,0,3,7.523,5.3011,0.015,0.035
ViT-L-14__block12,600_700,1,3,7.5106,5.3456,0.01,0.04
ViT-L-14__block12,600_700,2,2,7.5167,5.3262,0.01,0.02
ViT-L-14__block12,600_700,3,3,7.5222,5.2968,0.015,0.045
ViT-L-14__block12,600_700,4,2,7.5014,5.339,0.015,0.025
ViT-L-14__block12,700_800,0,3,7.5325,5.3662,0.01,0.02
ViT-L-14__block12,700_800,1,3,7.5054,5.3659,0.005,0.025
ViT-L-14__block12,700_800,2,2,7.512,5.347,0.005,0.04
ViT-L-14__block12,700_800,3,3,7.5364,5.3471,0.0,0.01
ViT-L-14__block12,700_800,4,2,7.5018,5.3374,0.005,0.015
ViT-L-14__block12,800_900,0,3,7.5266,5.3787,0.015,0.025
ViT-L-14__block12,800_900,1,2,7.5029,5.3877,0.0,0.025
ViT-L-14__block12,800_900,2,2,7.5251,5.3517,0.005,0.035
ViT-L-14__block12,800_900,3,3,7.5481,5.3512,0.01,0.03
ViT-L-14__block12,800_900,4,2,7.5015,5.3503,0.005,0.035
ViT-L-14__block12,900_1000,0,2,7.5278,5.3457,0.01,0.03
ViT-L-14__block12,900_1000,1,2,7.4945,5.3642,0.005,0.025
ViT-L-14__block12,900_1000,2,2,7.5279,5.3371,0.005,0.035
ViT-L-14__block12,900_1000,3,3,7.5309,5.3519,0.0,0.035
ViT-L-14__block12,900_1000,4,2,7.5017,5.341,0.0,0.015
ViT-L-14__block12__fov,0_100,0,14,7.1835,4.486,0.04,0.195
ViT-L-14__block12__fov,0_100,1,11,7.1852,4.5948,0.03,0.115
ViT-L-14__block12__fov,0_100,2,13,7.1562,4.5,0.035,0.21
ViT-L-14__block12__fov,0_100,3,11,7.169,4.5138,0.055,0.16
ViT-L-14__block12__fov,0_100,4,14,7.1791,4.4924,0.03,0.185
ViT-L-14__block12__fov,100_200,0,27,6.7528,3.5348,0.145,0.445
ViT-L-14__block12__fov,100_200,1,21,6.7323,3.6601,0.145,0.4
ViT-L-14__block12__fov,100_200,2,18,6.748,3.6696,0.16,0.38
ViT-L-14__block12__fov,100_200,3,19,6.756,3.6682,0.135,0.41
ViT-L-14__block12__fov,100_200,4,23,6.7595,3.5919,0.135,0.425
ViT-L-14__block12__fov,200_300,0,20,6.8127,3.6972,0.13,0.43
ViT-L-14__block12__fov,200_300,1,20,6.8515,3.6763,0.13,0.4
ViT-L-14__block12__fov,200_300,2,18,6.8239,3.7104,0.145,0.43
ViT-L-14__block12__fov,200_300,3,21,6.7586,3.7335,0.13,0.385
ViT-L-14__block12__fov,200_300,4,19,6.807,3.7144,0.12,0.38
ViT-L-14__block12__fov,300_400,0,13,7.3353,4.5681,0.03,0.16
ViT-L-14__block12__fov,300_400,1,14,7.3025,4.5776,0.02,0.15
ViT-L-14__block12__fov,300_400,2,12,7.2994,4.6096,0.025,0.16
ViT-L-14__block12__fov,300_400,3,13,7.2879,4.5714,0.02,0.2
ViT-L-14__block12__fov,300_400,4,12,7.2981,4.6289,0.03,0.14
ViT-L-14__block12__fov,400_500,0,5,7.4836,5.1616,0.02,0.075
ViT-L-14__block12__fov,400_500,1,5,7.4713,5.1823,0.005,0.055
ViT-L-14__block12__fov,400_500,2,4,7.4694,5.1944,0.015,0.04
ViT-L-14__block12__fov,400_500,3,3,7.4735,5.2057,0.02,0.055
ViT-L-14__block12__fov,400_500,4,4,7.4887,5.1512,0.01,0.06
ViT-L-14__block12__fov,500_600,0,3,7.5036,5.355,0.015,0.03
ViT-L-14__block12__fov,500_600,1,2,7.4942,5.3464,0.005,0.025
ViT-L-14__block12__fov,500_600,2,2,7.5007,5.3056,0.0,0.02
ViT-L-14__block12__fov,500_600,3,3,7.5174,5.315,0.0,0.03
ViT-L-14__block12__fov,500_600,4,4,7.5151,5.2943,0.01,0.03
ViT-L-14__block12__fov,600_700,0,3,7.5204,5.3436,0.015,0.04
ViT-L-14__block12__fov,600_700,1,2,7.5035,5.3503,0.005,0.01
ViT-L-14__block12__fov,600_700,2,2,7.5039,5.3494,0.015,0.04
ViT-L-14__block12__fov,600_700,3,3,7.5164,5.3394,0.01,0.03
ViT-L-14__block12__fov,600_700,4,3,7.5052,5.3426,0.005,0.03
ViT-L-14__block12__fov,700_800,0,3,7.5188,5.3789,0.01,0.03
ViT-L-14__block12__fov,700_800,1,2,7.5066,5.3914,0.0,0.02
ViT-L-14__block12__fov,700_800,2,2,7.4989,5.3473,0.01,0.05
ViT-L-14__block12__fov,700_800,3,2,7.52,5.3702,0.015,0.04
ViT-L-14__block12__fov,700_800,4,3,7.5208,5.3894,0.0,0.015
ViT-L-14__block12__fov,800_900,0,2,7.5162,5.3688,0.0,0.025
ViT-L-14__block12__fov,800_900,1,2,7.5003,5.4056,0.005,0.015
ViT-L-14__block12__fov,800_900,2,2,7.4996,5.3446,0.01,0.03
ViT-L-14__block12__fov,800_900,3,2,7.5283,5.3546,0.0,0.015
ViT-L-14__block12__fov,800_900,4,3,7.5292,5.3826,0.005,0.035
ViT-L-14__block12__fov,900_1000,0,2,7.5234,5.369,0.0,0.01
ViT-L-14__block12__fov,900_1000,1,2,7.5075,5.4074,0.005,0.015
ViT-L-14__block12__fov,900_1000,2,2,7.5066,5.336,0.01,0.045
ViT-L-14__block12__fov,900_1000,3,2,7.5238,5.3319,0.01,0.035
ViT-L-14__block12__fov,900_1000,4,3,7.5258,5.3571,0.0,0.005
ViT-L-14__block16,0_100,0,12,7.2606,4.6098,0.04,0.155
ViT-L-14__block16,0_100,1,10,7.2443,4.6544,0.025,0.155
ViT-L-14__block16,0_100,2,13,7.2239,4.6056,0.055,0.135
ViT-L-14__block16,0_100,3,11,7.2468,4.6022,0.025,0.13
ViT-L-14__block16,0_100,4,11,7.2135,4.6523,0.02,0.13
ViT-L-14__block16,100_200,0,20,6.8521,3.7832,0.125,0.37
ViT-L-14__block16,100_200,1,18,6.8334,3.8194,0.12,0.36
ViT-L-14__block16,100_200,2,18,6.8472,3.8597,0.11,0.37
ViT-L-14__block16,100_200,3,19,6.8694,3.8265,0.12,0.37
ViT-L-14__block16,100_200,4,22,6.8407,3.7939,0.125,0.365
ViT-L-14__block16,200_300,0,20,6.8684,3.7984,0.12,0.385
ViT-L-14__block16,200_300,1,17,6.9064,3.8349,0.11,0.37
ViT-L-14__block16,200_300,2,20,6.8802,3.8067,0.13,0.39
ViT-L-14__block16,200_300,3,19,6.8397,3.8564,0.09,0.375
ViT-L-14__block16,200_300,4,19,6.8482,3.8182,0.125,0.375
ViT-L-14__block16,300_400,0,12,7.31,4.553,0.05,0.195
ViT-L-14__block16,300_400,1,13,7.286,4.5527,0.035,0.175
ViT-L-14__block16,300_400,2,14,7.2921,4.465,0.07,0.175
ViT-L-14__block16,300_400,3,16,7.259,4.4017,0.025,0.215
ViT-L-14__block16,300_400,4,14,7.3099,4.4999,0.06,0.16
ViT-L-14__block16,400_500,0,8,7.491,5.0251,0.015,0.08
ViT-L-14__block16,400_500,1,7,7.4484,5.0712,0.005,0.05
ViT-L-14__block16,400_500,2,5,7.4692,5.0952,0.015,0.055
ViT-L-14__block16,400_500,3,10,7.4626,5.0434,0.005,0.07
ViT-L-14__block16,400_500,4,5,7.4788,5.1147,0.02,0.09
ViT-L-14__block16,500_600,0,3,7.5135,5.3101,0.005,0.055
ViT-L-14__block16,500_600,1,4,7.5031,5.2476,0.005,0.035
ViT-L-14__block16,500_600,2,3,7.5134,5.2529,0.005,0.03
ViT-L-14__block16,500_600,3,4,7.5084,5.2872,0.0,0.02
ViT-L-14__block16,500_600,4,3,7.4993,5.3045,0.02,0.05
ViT-L-14__block16,600_700,0,2,7.5201,5.3522,0.005,0.04
ViT-L-14__block16,600_700,1,2,7.4975,5.285,0.01,0.03
ViT-L-14__block16,600_700,2,2,7.5191,5.292,0.005,0.025
ViT-L-14__block16,600_700,3,3,7.518,5.3426,0.0,0.04
ViT-L-14__block16,600_700,4,3,7.5176,5.3008,0.015,0.05
ViT-L-14__block16,700_800,0,2,7.5396,5.3839,0.01,0.04
ViT-L-14__block16,700_800,1,2,7.507,5.3272,0.005,0.025
ViT-L-14__block16,700_800,2,3,7.518,5.3393,0.005,0.025
ViT-L-14__block16,700_800,3,3,7.5302,5.3799,0.0,0.015
ViT-L-14__block16,700_800,4,3,7.512,5.3424,0.015,0.07
ViT-L-14__block16,800_900,0,2,7.535,5.3653,0.005,0.045
ViT-L-14__block16,800_900,1,2,7.5061,5.3236,0.01,0.035
ViT-L-14__block16,800_900,2,2,7.5216,5.3494,0.0,0.025
ViT-L-14__block16,800_900,3,3,7.5158,5.3877,0.005,0.025
ViT-L-14__block16,800_900,4,2,7.5122,5.3473,0.01,0.04
ViT-L-14__block16,900_1000,0,2,7.5352,5.4082,0.005,0.02
ViT-L-14__block16,900_1000,1,2,7.5049,5.3245,0.005,0.035
ViT-L-14__block16,900_1000,2,2,7.5206,5.3475,0.005,0.02
ViT-L-14__block16,900_1000,3,3,7.509,5.364,0.0,0.01
ViT-L-14__block16,900_1000,4,2,7.5102,5.3451,0.005,0.04
ViT-L-14__block16__fov,0_100,0,12,7.2276,4.6676,0.025,0.15
ViT-L-14__block16__fov,0_100,1,11,7.2161,4.6172,0.035,0.165
ViT-L-14__block16__fov,0_100,2,11,7.2359,4.6039,0.025,0.17
ViT-L-14__block16__fov,0_100,3,11,7.1781,4.6289,0.035,0.14
ViT-L-14__block16__fov,0_100,4,11,7.234,4.6176,0.03,0.165
ViT-L-14__block16__fov,100_200,0,19,6.8413,3.7489,0.145,0.405
ViT-L-14__block16__fov,100_200,1,18,6.8051,3.7898,0.145,0.415
ViT-L-14__block16__fov,100_200,2,18,6.8134,3.8022,0.16,0.375
ViT-L-14__block16__fov,100_200,3,20,6.8259,3.7709,0.13,0.375
ViT-L-14__block16__fov,100_200,4,22,6.8089,3.7208,0.145,0.42
ViT-L-14__block16__fov,200_300,0,19,6.8544,3.7346,0.125,0.4
ViT-L-14__block16__fov,200_300,1,20,6.9065,3.7249,0.14,0.39
ViT-L-14__block16__fov,200_300,2,19,6.852,3.7639,0.115,0.375
ViT-L-14__block16__fov,200_300,3,20,6.7849,3.7492,0.125,0.38
ViT-L-14__block16__fov,200_300,4,19,6.8264,3.7166,0.15,0.42
ViT-L-14__block16__fov,300_400,0,12,7.313,4.5366,0.045,0.185
ViT-L-14__block16__fov,300_400,1,13,7.2638,4.4929,0.04,0.19
ViT-L-14__block16__fov,300_400,2,14,7.2731,4.4318,0.05,0.175
ViT-L-14__block16__fov,300_400,3,13,7.2375,4.5081,0.065,0.165
ViT-L-14__block16__fov,300_400,4,14,7.2709,4.5548,0.035,0.14
ViT-L-14__block16__fov,400_500,0,4,7.4819,5.1625,0.005,0.05
ViT-L-14__block16__fov,400_500,1,8,7.4501,5.0698,0.015,0.08
ViT-L-14__block16__fov,400_500,2,7,7.4619,5.0676,0.01,0.06
ViT-L-14__block16__fov,400_500,3,8,7.4524,5.0512,0.025,0.095
ViT-L-14__block16__fov,400_500,4,3,7.4799,5.2046,0.03,0.085
ViT-L-14__block16__fov,500_600,0,3,7.4918,5.3086,0.015,0.07
ViT-L-14__block16__fov,500_600,1,3,7.4965,5.2977,0.015,0.04
ViT-L-14__block16__fov,500_600,2,4,7.5129,5.2595,0.02,0.05
ViT-L-14__block16__fov,500_600,3,3,7.492,5.2676,0.015,0.055
ViT-L-14__block16__fov,500_600,4,3,7.4985,5.3184,0.02,0.04
ViT-L-14__block16__fov,600_700,0,2,7.4963,5.3217,0.0,0.02
ViT-L-14__block16__fov,600_700,1,3,7.4933,5.3168,0.01,0.04
ViT-L-14__block16__fov,600_700,2,3,7.5166,5.2844,0.01,0.055
ViT-L-14__block16__fov,600_700,3,3,7.4993,5.3088,0.005,0.03
ViT-L-14__block16__fov,600_700,4,2,7.5067,5.3371,0.015,0.035
ViT-L-14__block16__fov,700_800,0,2,7.5087,5.3382,0.005,0.025
ViT-L-14__block16__fov,700_800,1,2,7.5083,5.3591,0.015,0.025
ViT-L-14__block16__fov,700_800,2,3,7.5317,5.3449,0.005,0.04
ViT-L-14__block16__fov,700_800,3,2,7.5099,5.3384,0.0,0.025
ViT-L-14__block16__fov,700_800,4,2,7.5145,5.3763,0.0,0.03
ViT-L-14__block16__fov,800_900,0,2,7.5155,5.3723,0.005,0.015
ViT-L-14__block16__fov,800_900,1,2,7.51,5.3744,0.005,0.015
ViT-L-14__block16__fov,800_900,2,3,7.5207,5.3415,0.005,0.025
ViT-L-14__block16__fov,800_900,3,2,7.5057,5.3726,0.005,0.03
ViT-L-14__block16__fov,800_900,4,2,7.5108,5.3777,0.01,0.045
ViT-L-14__block16__fov,900_1000,0,2,7.515,5.3632,0.005,0.015
ViT-L-14__block16__fov,900_1000,1,2,7.5043,5.3493,0.01,0.025
ViT-L-14__block16__fov,900_1000,2,2,7.5359,5.3384,0.0,0.025
ViT-L-14__block16__fov,900_1000,3,2,7.5039,5.3481,0.005,0.025
ViT-L-14__block16__fov,900_1000,4,2,7.5038,5.3626,0.005,0.025
ViT-L-14__block20,0_100,0,10,7.3249,4.8585,0.035,0.11
ViT-L-14__block20,0_100,1,10,7.3017,4.8434,0.03,0.1
ViT-L-14__block20,0_100,2,11,7.3198,4.8136,0.025,0.115
ViT-L-14__block20,0_100,3,9,7.2954,4.8647,0.03,0.1
ViT-L-14__block20,0_100,4,10,7.3014,4.8277,0.015,0.12
ViT-L-14__block20,100_200,0,19,6.9393,3.9802,0.095,0.305
ViT-L-14__block20,100_200,1,18,6.8915,3.9985,0.09,0.315
ViT-L-14__block20,100_200,2,18,6.9531,3.9766,0.105,0.335
ViT-L-14__block20,100_200,3,20,6.9218,3.9926,0.125,0.325
ViT-L-14__block20,100_200,4,21,6.9312,3.9235,0.125,0.36
ViT-L-14__block20,200_300,0,20,6.9442,3.857,0.12,0.375
ViT-L-14__block20,200_300,1,18,6.9902,3.8357,0.125,0.365
ViT-L-14__block20,200_300,2,20,6.9206,3.8346,0.13,0.36
ViT-L-14__block20,200_300,3,20,6.9207,3.8452,0.135,0.35
ViT-L-14__block20,200_300,4,21,6.9159,3.8209,0.125,0.36
ViT-L-14__block20,300_400,0,16,7.3032,4.4809,0.065,0.18
ViT-L-14__block20,300_400,1,16,7.2605,4.4428,0.035,0.175
ViT-L-14__block20,300_400,2,16,7.2423,4.4085,0.07,0.22
ViT-L-14__block20,300_400,3,15,7.214,4.4466,0.04,0.21
ViT-L-14__block20,300_400,4,18,7.2436,4.373,0.065,0.19
ViT-L-14__block20,400_500,0,4,7.4644,5.1757,0.01,0.03
ViT-L-14__block20,400_500,1,8,7.445,4.9697,0.015,0.095
ViT-L-14__block20,400_500,2,11,7.4541,4.9575,0.025,0.09
ViT-L-14__block20,400_500,3,8,7.4528,5.0105,0.035,0.095
ViT-L-14__block20,400_500,4,5,7.4616,5.09,0.015,0.04
ViT-L-14__block20,500_600,0,3,7.5,5.3663,0.0,0.035
ViT-L-14__block20,500_600,1,4,7.5012,5.2372,0.015,0.045
ViT-L-14__block20,500_600,2,3,7.5216,5.3308,0.01,0.04
ViT-L-14__block20,500_600,3,3,7.4961,5.3358,0.005,0.03
ViT-L-14__block20,500_600,4,3,7.4967,5.2938,0.01,0.03
ViT-L-14__block20,600_700,0,2,7.5094,5.3728,0.005,0.02
ViT-L-14__block20,600_700,1,4,7.5166,5.3019,0.01,0.04
ViT-L-14__block20,600_700,2,2,7.5268,5.3267,0.005,0.035
ViT-L-14__block20,600_700,3,3,7.5089,5.3666,0.005,0.04
ViT-L-14__block20,600_700,4,3,7.5047,5.3148,0.0,0.03
ViT-L-14__block20,700_800,0,2,7.5298,5.3974,0.005,0.045
ViT-L-14__block20,700_800,1,4,7.5231,5.3731,0.01,0.02
ViT-L-14__block20,700_800,2,3,7.5356,5.393,0.005,0.035
ViT-L-14__block20,700_800,3,3,7.5267,5.3954,0.01,0.025
ViT-L-14__block20,700_800,4,3,7.5207,5.3629,0.005,0.03
ViT-L-14__block20,800_900,0,2,7.5273,5.4034,0.005,0.02
ViT-L-14__block20,800_900,1,3,7.5359,5.3676,0.015,0.025
ViT-L-14__block20,800_900,2,2,7.5364,5.397,0.01,0.035
ViT-L-14__block20,800_900,3,3,7.5285,5.4229,0.005,0.02
ViT-L-14__block20,800_900,4,3,7.523,5.3901,0.005,0.015
ViT-L-14__block20,900_1000,0,2,7.5242,5.4151,0.0,0.02
ViT-L-14__block20,900_1000,1,2,7.5352,5.3576,0.01,0.02
ViT-L-14__block20,900_1000,2,2,7.5343,5.3584,0.01,0.02
ViT-L-14__block20,900_1000,3,3,7.5213,5.398,0.005,0.02
ViT-L-14__block20,900_1000,4,3,7.5297,5.3887,0.0,0.01
ViT-L-14__block20__fov,0_100,0,10,7.3205,4.8901,0.01,0.095
ViT-L-14__block20__fov,0_100,1,10,7.2865,4.8374,0.015,0.11
ViT-L-14__block20__fov,0_100,2,11,7.3037,4.8669,0.015,0.115
ViT-L-14__block20__fov,0_100,3,11,7.3026,4.83,0.02,0.125
ViT-L-14__block20__fov,0_100,4,13,7.2905,4.8834,0.025,0.13
ViT-L-14__block20__fov,100_200,0,21,6.9435,3.9344,0.105,0.32
ViT-L-14__block20__fov,100_200,1,17,6.8991,4.0012,0.12,0.305
ViT-L-14__block20__fov,100_200,2,19,6.9232,3.9485,0.135,0.335
ViT-L-14__block20__fov,100_200,3,20,6.9027,3.9442,0.13,0.31
ViT-L-14__block20__fov,100_200,4,21,6.9102,3.9094,0.11,0.34
ViT-L-14__block20__fov,200_300,0,21,6.9186,3.7855,0.135,0.395
ViT-L-14__block20__fov,200_300,1,18,6.9823,3.841,0.135,0.365
ViT-L-14__block20__fov,200_300,2,23,6.9087,3.7761,0.11,0.395
ViT-L-14__block20__fov,200_300,3,20,6.8774,3.8045,0.135,0.4
ViT-L-14__block20__fov,200_300,4,21,6.891,3.8573,0.135,0.355
ViT-L-14__block20__fov,300_400,0,16,7.2921,4.4773,0.04,0.145
ViT-L-14__block20__fov,300_400,1,16,7.2784,4.446,0.045,0.215
ViT-L-14__block20__fov,300_400,2,16,7.2721,4.4242,0.075,0.195
ViT-L-14__block20__fov,300_400,3,15,7.2651,4.4448,0.05,0.18
ViT-L-14__block20__fov,300_400,4,15,7.2498,4.4307,0.06,0.195
ViT-L-14__block20__fov,400_500,0,4,7.4608,5.1683,0.005,0.03
ViT-L-14__block20__fov,400_500,1,8,7.4496,4.9792,0.01,0.085
ViT-L-14__block20__fov,400_500,2,7,7.4685,5.0329,0.015,0.085
ViT-L-14__block20__fov,400_500,3,15,7.4738,4.8468,0.025,0.125
ViT-L-14__block20__fov,400_500,4,5,7.4735,5.1347,0.01,0.045
ViT-L-14__block20__fov,500_600,0,3,7.4969,5.3259,0.005,0.025
ViT-L-14__block20__fov,500_600,1,4,7.501,5.2717,0.01,0.055
ViT-L-14__block20__fov,500_600,2,3,7.529,5.3262,0.005,0.025
ViT-L-14__block20__fov,500_600,3,3,7.5365,5.3448,0.005,0.015
ViT-L-14__block20__fov,500_600,4,4,7.5037,5.364,0.005,0.055
ViT-L-14__block20__fov,600_700,0,2,7.524,5.3593,0.0,0.005
ViT-L-14__block20__fov,600_700,1,3,7.5086,5.2818,0.005,0.02
ViT-L-14__block20__fov,600_700,2,2,7.5337,5.3749,0.01,0.02
ViT-L-14__block20__fov,600_700,3,3,7.5386,5.3269,0.015,0.045
ViT-L-14__block20__fov,600_700,4,3,7.5284,5.3758,0.005,0.04
ViT-L-14__block20__fov,700_800,0,2,7.5308,5.381,0.0,0.015
ViT-L-14__block20__fov,700_800,1,3,7.5194,5.3562,0.0,0.03
ViT-L-14__block20__fov,700_800,2,3,7.5434,5.3797,0.01,0.035
ViT-L-14__block20__fov,700_800,3,3,7.5559,5.3696,0.015,0.03
ViT-L-14__block20__fov,700_800,4,3,7.5267,5.3888,0.015,0.04
ViT-L-14__block20__fov,800_900,0,2,7.5337,5.3827,0.0,0.01
ViT-L-14__block20__fov,800_900,1,2,7.5339,5.3754,0.0,0.03
ViT-L-14__block20__fov,800_900,2,2,7.5384,5.3821,0.0,0.015
ViT-L-14__block20__fov,800_900,3,3,7.5504,5.4,0.005,0.02
ViT-L-14__block20__fov,800_900,4,3,7.526,5.4028,0.01,0.035
ViT-L-14__block20__fov,900_1000,0,2,7.5425,5.4169,0.0,0.01
ViT-L-14__block20__fov,900_1000,1,2,7.5219,5.3499,0.0,0.015
ViT-L-14__block20__fov,900_1000,2,2,7.5305,5.3856,0.01,0.04
ViT-L-14__block20__fov,900_1000,3,3,7.5498,5.3612,0.005,0.025
ViT-L-14__block20__fov,900_1000,4,2,7.5283,5.3903,0.0,0.025
ViT-L-14__block24,0_100,0,8,7.3991,5.1123,0.015,0.075
ViT-L-14__block24,0_100,1,9,7.3849,5.0347,0.04,0.1
ViT-L-14__block24,0_100,2,9,7.3837,5.0046,0.01,0.085
ViT-L-14__block24,0_100,3,8,7.374,5.0753,0.02,0.055
ViT-L-14__block24,0_100,4,9,7.3778,5.05,0.025,0.065
ViT-L-14__block24,100_200,0,16,7.0819,4.2335,0.115,0.295
ViT-L-14__block24,100_200,1,15,7.0986,4.3049,0.095,0.265
ViT-L-14__block24,100_200,2,16,7.1088,4.2798,0.1,0.27
ViT-L-14__block24,100_200,3,17,7.0866,4.2384,0.085,0.27
ViT-L-14__block24,100_200,4,16,7.0802,4.2826,0.1,0.28
ViT-L-14__block24,200_300,0,17,7.0838,4.2115,0.07,0.255
ViT-L-14__block24,200_300,1,16,7.1215,4.237,0.065,0.27
ViT-L-14__block24,200_300,2,20,7.0675,4.1736,0.065,0.32
ViT-L-14__block24,200_300,3,17,7.0796,4.2404,0.075,0.3
ViT-L-14__block24,200_300,4,17,7.0873,4.2306,0.075,0.26
ViT-L-14__block24,300_400,0,16,7.3511,4.5716,0.03,0.175
ViT-L-14__block24,300_400,1,16,7.3654,4.5374,0.06,0.185
ViT-L-14__block24,300_400,2,17,7.3279,4.5101,0.055,0.175
ViT-L-14__block24,300_400,3,16,7.3144,4.5482,0.045,0.195
ViT-L-14__block24,300_400,4,16,7.3383,4.6057,0.055,0.13
ViT-L-14__block24,400_500,0,5,7.5002,5.1826,0.0,0.04
ViT-L-14__block24,400_500,1,5,7.491,5.1642,0.02,0.055
ViT-L-14__block24,400_500,2,11,7.4779,4.9996,0.01,0.08
ViT-L-14__block24,400_500,3,10,7.4777,4.9868,0.015,0.05
ViT-L-14__block24,400_500,4,5,7.4854,5.1816,0.02,0.065
ViT-L-14__block24,500_600,0,3,7.5287,5.3108,0.005,0.035
ViT-L-14__block24,500_600,1,3,7.5316,5.3469,0.01,0.05
ViT-L-14__block24,500_600,2,3,7.534,5.3541,0.01,0.04
ViT-L-14__block24,500_600,3,4,7.5151,5.2817,0.005,0.04
ViT-L-14__block24,500_600,4,3,7.5158,5.3433,0.01,0.04
ViT-L-14__block24,600_700,0,3,7.5254,5.354,0.01,0.04
ViT-L-14__block24,600_700,1,3,7.5239,5.3907,0.005,0.03
ViT-L-14__block24,600_700,2,2,7.5523,5.3463,0.0,0.04
ViT-L-14__block24,600_700,3,3,7.5301,5.3132,0.0,0.025
ViT-L-14__block24,600_700,4,3,7.5147,5.36,0.0,0.0
ViT-L-14__block24,700_800,0,3,7.5437,5.4082,0.0,0.015
ViT-L-14__block24,700_800,1,3,7.5478,5.4093,0.0,0.03
ViT-L-14__block24,700_800,2,3,7.5389,5.424,0.01,0.02
ViT-L-14__block24,700_800,3,3,7.5426,5.3515,0.015,0.05
ViT-L-14__block24,700_800,4,3,7.5283,5.424,0.0,0.02
ViT-L-14__block24,800_900,0,2,7.5391,5.4177,0.0,0.02
ViT-L-14__block24,800_900,1,2,7.5427,5.4255,0.01,0.04
ViT-L-14__block24,800_900,2,2,7.5373,5.4026,0.01,0.045
ViT-L-14__block24,800_900,3,3,7.5298,5.3421,0.01,0.035
ViT-L-14__block24,800_900,4,3,7.5326,5.4127,0.0,0.025
ViT-L-14__block24,900_1000,0,2,7.553,5.4063,0.005,0.01
ViT-L-14__block24,900_1000,1,2,7.5462,5.4123,0.01,0.03
ViT-L-14__block24,900_1000,2,2,7.5327,5.393,0.01,0.025
ViT-L-14__block24,900_1000,3,3,7.5316,5.353,0.03,0.04
ViT-L-14__block24,900_1000,4,3,7.5361,5.4307,0.0,0.02
ViT-L-14__block24__fov,0_100,0,8,7.3713,5.0516,0.01,0.08
ViT-L-14__block24__fov,0_100,1,9,7.3905,5.0953,0.025,0.085
ViT-L-14__block24__fov,0_100,2,9,7.3947,5.059,0.015,0.07
ViT-L-14__block24__fov,0_100,3,8,7.3896,5.0628,0.015,0.1
ViT-L-14__block24__fov,0_100,4,10,7.3842,5.0712,0.01,0.08
ViT-L-14__block24__fov,100_200,0,16,7.0675,4.2779,0.08,0.3
ViT-L-14__block24__fov,100_200,1,15,7.0668,4.3468,0.085,0.25
ViT-L-14__block24__fov,100_200,2,15,7.0662,4.3195,0.08,0.265
ViT-L-14__block24__fov,100_200,3,17,7.0789,4.295,0.095,0.265
ViT-L-14__block24__fov,100_200,4,16,7.0644,4.3151,0.105,0.245
ViT-L-14__block24__fov,200_300,0,20,7.0443,4.1779,0.095,0.28
ViT-L-14__block24__fov,200_300,1,15,7.1347,4.2449,0.095,0.28
ViT-L-14__block24__fov,200_300,2,19,7.0673,4.1656,0.09,0.305
ViT-L-14__block24__fov,200_300,3,16,7.0755,4.2418,0.07,0.245
ViT-L-14__block24__fov,200_300,4,16,7.0729,4.2031,0.055,0.285
ViT-L-14__block24__fov,300_400,0,16,7.3503,4.5806,0.05,0.17
ViT-L-14__block24__fov,300_400,1,13,7.3638,4.6046,0.045,0.16
ViT-L-14__block24__fov,300_400,2,17,7.3215,4.5599,0.055,0.15
ViT-L-14__block24__fov,300_400,3,16,7.3322,4.5779,0.05,0.175
ViT-L-14__block24__fov,300_400,4,16,7.3222,4.6342,0.02,0.17
ViT-L-14__block24__fov,400_500,0,3,7.5136,5.1529,0.015,0.06
ViT-L-14__block24__fov,400_500,1,5,7.4987,5.1127,0.015,0.065
ViT-L-14__block24__fov,400_500,2,11,7.4751,5.0025,0.015,0.105
ViT-L-14__block24__fov,400_500,3,4,7.4983,5.1394,0.02,0.07
ViT-L-14__block24__fov,400_500,4,5,7.5012,5.2022,0.015,0.07
ViT-L-14__block24__fov,500_600,0,3,7.5104,5.29,0.01,0.05
ViT-L-14__block24__fov,500_600,1,3,7.528,5.3123,0.005,0.035
ViT-L-14__block24__fov,500_600,2,3,7.5527,5.2964,0.01,0.04
ViT-L-14__block24__fov,500_600,3,3,7.5293,5.3049,0.015,0.045
ViT-L-14__block24__fov,500_600,4,3,7.5308,5.3491,0.01,0.025
ViT-L-14__block24__fov,600_700,0,3,7.5347,5.3226,0.0,0.02
ViT-L-14__block24__fov,600_700,1,3,7.5186,5.3443,0.015,0.04
ViT-L-14__block24__fov,600_700,2,3,7.5585,5.3276,0.005,0.035
ViT-L-14__block24__fov,600_700,3,3,7.5367,5.3142,0.005,0.04
ViT-L-14__block24__fov,600_700,4,3,7.5307,5.3733,0.01,0.025
ViT-L-14__block24__fov,700_800,0,2,7.5547,5.3885,0.0,0.01
ViT-L-14__block24__fov,700_800,1,3,7.5429,5.3978,0.0,0.03
ViT-L-14__block24__fov,700_800,2,3,7.5576,5.3907,0.005,0.025
ViT-L-14__block24__fov,700_800,3,3,7.5488,5.3693,0.01,0.03
ViT-L-14__block24__fov,700_800,4,3,7.5393,5.4439,0.005,0.025
ViT-L-14__block24__fov,800_900,0,2,7.5345,5.38,0.005,0.025
ViT-L-14__block24__fov,800_900,1,3,7.5415,5.3987,0.005,0.015
ViT-L-14__block24__fov,800_900,2,3,7.5551,5.3753,0.005,0.025
ViT-L-14__block24__fov,800_900,3,2,7.5514,5.368,0.01,0.025
ViT-L-14__block24__fov,800_900,4,3,7.541,5.3992,0.005,0.02
ViT-L-14__block24__fov,900_1000,0,2,7.5468,5.3595,0.005,0.015
ViT-L-14__block24__fov,900_1000,1,2,7.5446,5.3841,0.01,0.025
ViT-L-14__block24__fov,900_1000,2,2,7.5615,5.3675,0.0,0.015
ViT-L-14__block24__fov,900_1000,3,2,7.5408,5.3632,0.005,0.035
ViT-L-14__block24__fov,900_1000,4,2,7.543,5.4153,0.005,0.025
ViT-L-14__block4,0_100,0,14,6.9948,4.1453,0.06,0.215
ViT-L-14__block4,0_100,1,14,6.9743,4.1333,0.055,0.235
ViT-L-14__block4,0_100,2,15,6.9794,4.0866,0.075,0.215
ViT-L-14__block4,0_100,3,14,6.9936,4.0824,0.07,0.235
ViT-L-14__block4,0_100,4,15,6.986,4.0856,0.06,0.235
ViT-L-14__block4,100_200,0,26,6.5248,3.3256,0.17,0.475
ViT-L-14__block4,100_200,1,19,6.5622,3.4876,0.15,0.46
ViT-L-14__block4,100_200,2,19,6.567,3.4508,0.17,0.505
ViT-L-14__block4,100_200,3,22,6.5491,3.4414,0.165,0.46
ViT-L-14__block4,100_200,4,23,6.5582,3.4122,0.16,0.45
ViT-L-14__block4,200_300,0,22,6.7095,3.5697,0.145,0.395
ViT-L-14__block4,200_300,1,18,6.7365,3.6183,0.12,0.4
ViT-L-14__block4,200_300,2,19,6.7032,3.6067,0.14,0.41
ViT-L-14__block4,200_300,3,22,6.6657,3.5869,0.115,0.455
ViT-L-14__block4,200_300,4,18,6.7125,3.6441,0.11,0.395
ViT-L-14__block4,300_400,0,9,7.2833,4.7209,0.045,0.155
ViT-L-14__block4,300_400,1,9,7.2314,4.752,0.05,0.135
ViT-L-14__block4,300_400,2,9,7.2458,4.7214,0.045,0.135
ViT-L-14__block4,300_400,3,10,7.2188,4.7202,0.04,0.105
ViT-L-14__block4,300_400,4,9,7.2543,4.7664,0.035,0.135
ViT-L-14__block4,400_500,0,4,7.4218,5.2126,0.0,0.04
ViT-L-14__block4,400_500,1,5,7.4189,5.1801,0.005,0.04
ViT-L-14__block4,400_500,2,6,7.4343,5.0949,0.005,0.08
ViT-L-14__block4,400_500,3,6,7.4364,5.1194,0.015,0.09
ViT-L-14__block4,400_500,4,4,7.4263,5.1628,0.01,0.08
ViT-L-14__block4,500_600,0,3,7.4336,5.2974,0.01,0.025
ViT-L-14__block4,500_600,1,5,7.4471,5.2731,0.01,0.04
ViT-L-14__block4,500_600,2,3,7.4543,5.2657,0.01,0.045
ViT-L-14__block4,500_600,3,4,7.4564,5.2693,0.005,0.045
ViT-L-14__block4,500_600,4,3,7.4423,5.2596,0.0,0.05
ViT-L-14__block4,600_700,0,3,7.4493,5.3079,0.01,0.02
ViT-L-14__block4,600_700,1,3,7.472,5.2901,0.005,0.02
ViT-L-14__block4,600_700,2,3,7.4672,5.2901,0.005,0.035
ViT-L-14__block4,600_700,3,3,7.4569,5.2951,0.005,0.035
ViT-L-14__block4,600_700,4,3,7.4627,5.3061,0.0,0.01
ViT-L-14__block4,700_800,0,3,7.4512,5.3196,0.0,0.01
ViT-L-14__block4,700_800,1,3,7.4726,5.3331,0.0,0.015
ViT-L-14__block4,700_800,2,2,7.4679,5.3331,0.0,0.01
ViT-L-14__block4,700_800,3,3,7.4715,5.318,0.0,0.03
ViT-L-14__block4,700_800,4,3,7.4694,5.3104,0.005,0.025
ViT-L-14__block4,800_900,0,3,7.465,5.3216,0.01,0.02
ViT-L-14__block4,800_900,1,2,7.4615,5.3073,0.0,0.01
ViT-L-14__block4,800_900,2,3,7.4626,5.3025,0.015,0.035
ViT-L-14__block4,800_900,3,3,7.4556,5.3175,0.01,0.035
ViT-L-14__block4,800_900,4,3,7.4657,5.3243,0.0,0.015
ViT-L-14__block4,900_1000,0,3,7.4561,5.3164,0.005,0.03
ViT-L-14__block4,900_1000,1,2,7.4604,5.3034,0.0,0.01
ViT-L-14__block4,900_1000,2,3,7.4689,5.3117,0.0,0.02
ViT-L-14__block4,900_1000,3,3,7.4619,5.2988,0.0,0.025
ViT-L-14__block4,900_1000,4,3,7.47,5.2994,0.005,0.015
ViT-L-14__block4__fov,0_100,0,14,6.9669,4.0892,0.055,0.25
ViT-L-14__block4__fov,0_100,1,15,6.9582,4.0558,0.06,0.24
ViT-L-14__block4__fov,0_100,2,15,6.9573,4.0252,0.08,0.255
ViT-L-14__block4__fov,0_100,3,14,6.9883,4.0559,0.065,0.24
ViT-L-14__block4__fov,0_100,4,17,6.9681,3.998,0.07,0.26
ViT-L-14__block4__fov,100_200,0,26,6.5115,3.2689,0.17,0.48
ViT-L-14__block4__fov,100_200,1,19,6.5317,3.4092,0.17,0.48
ViT-L-14__block4__fov,100_200,2,25,6.5421,3.2914,0.175,0.485
ViT-L-14__block4__fov,100_200,3,22,6.5282,3.3753,0.155,0.45
ViT-L-14__block4__fov,100_200,4,23,6.5353,3.3577,0.16,0.45
ViT-L-14__block4__fov,200_300,0,22,6.7071,3.4845,0.155,0.415
ViT-L-14__block4__fov,200_300,1,18,6.7203,3.5678,0.16,0.38
ViT-L-14__block4__fov,200_300,2,19,6.7138,3.5761,0.12,0.425
ViT-L-14__block4__fov,200_300,3,22,6.6408,3.5527,0.135,0.43
ViT-L-14__block4__fov,200_300,4,18,6.7034,3.5957,0.12,0.4
ViT-L-14__block4__fov,300_400,0,9,7.2834,4.7086,0.055,0.165
ViT-L-14__block4__fov,300_400,1,9,7.2379,4.7673,0.04,0.135
ViT-L-14__block4__fov,300_400,2,9,7.2471,4.7194,0.02,0.145
ViT-L-14__block4__fov,300_400,3,11,7.2239,4.6524,0.04,0.155
ViT-L-14__block4__fov,300_400,4,9,7.268,4.7311,0.06,0.14
ViT-L-14__block4__fov,400_500,0,5,7.4254,5.1803,0.01,0.05
ViT-L-14__block4__fov,400_500,1,6,7.4249,5.1301,0.0,0.06
ViT-L-14__block4__fov,400_500,2,6,7.4341,5.1016,0.0,0.06
ViT-L-14__block4__fov,400_500,3,6,7.4363,5.1303,0.01,0.085
ViT-L-14__block4__fov,400_500,4,4,7.4326,5.1617,0.01,0.07
ViT-L-14__block4__fov,500_600,0,3,7.4338,5.2888,0.01,0.045
ViT-L-14__block4__fov,500_600,1,3,7.4506,5.2714,0.0,0.025
ViT-L-14__block4__fov,500_600,2,3,7.4569,5.2708,0.005,0.04
ViT-L-14__block4__fov,500_600,3,4,7.4597,5.2649,0.0,0.03
ViT-L-14__block4__fov,500_600,4,3,7.4468,5.2663,0.015,0.055
ViT-L-14__block4__fov,600_700,0,3,7.4584,5.2876,0.005,0.04
ViT-L-14__block4__fov,600_700,1,3,7.4777,5.2701,0.0,0.025
ViT-L-14__block4__fov,600_700,2,3,7.4674,5.2968,0.0,0.025
ViT-L-14__block4__fov,600_700,3,3,7.4587,5.2805,0.015,0.05
ViT-L-14__block4__fov,600_700,4,3,7.4618,5.3005,0.015,0.055
ViT-L-14__block4__fov,700_800,0,3,7.4537,5.3101,0.0,0.025
ViT-L-14__block4__fov,700_800,1,3,7.4768,5.3151,0.005,0.025
ViT-L-14__block4__fov,700_800,2,3,7.4716,5.3168,0.0,0.025
ViT-L-14__block4__fov,700_800,3,3,7.4692,5.301,0.005,0.03
ViT-L-14__block4__fov,700_800,4,3,7.4696,5.3084,0.005,0.035
ViT-L-14__block4__fov,800_900,0,3,7.4655,5.3077,0.0,0.03
ViT-L-14__block4__fov,800_900,1,2,7.4691,5.301,0.0,0.01
ViT-L-14__block4__fov,800_900,2,3,7.4684,5.2997,0.005,0.005
ViT-L-14__block4__fov,800_900,3,3,7.4571,5.2918,0.0,0.02
ViT-L-14__block4__fov,800_900,4,3,7.4604,5.3239,0.005,0.03
ViT-L-14__block4__fov,900_1000,0,3,7.4608,5.2934,0.01,0.025
ViT-L-14__block4__fov,900_1000,1,2,7.4673,5.2923,0.005,0.03
ViT-L-14__block4__fov,900_1000,2,3,7.4695,5.3143,0.005,0.025
ViT-L-14__block4__fov,900_1000,3,3,7.4564,5.2862,0.0,0.04
ViT-L-14__block4__fov,900_1000,4,3,7.4696,5.3018,0.005,0.045
ViT-L-14__block8,0_100,0,14,7.0687,4.1963,0.04,0.235
ViT-L-14__block8,0_100,1,13,7.0714,4.2751,0.04,0.22
ViT-L-14__block8,0_100,2,14,7.0564,4.2675,0.045,0.23
ViT-L-14__block8,0_100,3,12,7.0775,4.2813,0.04,0.175
ViT-L-14__block8,0_100,4,15,7.0535,4.202,0.05,0.205
ViT-L-14__block8,100_200,0,23,6.5252,3.1063,0.225,0.565
ViT-L-14__block8,100_200,1,21,6.5106,3.1948,0.2,0.555
ViT-L-14__block8,100_200,2,18,6.5256,3.2596,0.175,0.485
ViT-L-14__block8,100_200,3,21,6.4933,3.2036,0.2,0.52
ViT-L-14__block8,100_200,4,22,6.4929,3.1919,0.205,0.525
ViT-L-14__block8,200_300,0,19,6.6419,3.4113,0.14,0.44
ViT-L-14__block8,200_300,1,18,6.6731,3.4798,0.15,0.405
ViT-L-14__block8,200_300,2,17,6.6852,3.45,0.145,0.44
ViT-L-14__block8,200_300,3,17,6.603,3.4619,0.13,0.425
ViT-L-14__block8,200_300,4,18,6.6268,3.4648,0.165,0.43
ViT-L-14__block8,300_400,0,9,7.2587,4.6207,0.035,0.135
ViT-L-14__block8,300_400,1,10,7.2402,4.5511,0.04,0.14
ViT-L-14__block8,300_400,2,13,7.2296,4.4493,0.055,0.17
ViT-L-14__block8,300_400,3,11,7.2061,4.5259,0.045,0.165
ViT-L-14__block8,300_400,4,11,7.2505,4.4423,0.045,0.185
ViT-L-14__block8,400_500,0,5,7.4375,5.1199,0.015,0.07
ViT-L-14__block8,400_500,1,5,7.4651,5.1644,0.005,0.04
ViT-L-14__block8,400_500,2,4,7.4654,5.1583,0.025,0.075
ViT-L-14__block8,400_500,3,5,7.4519,5.1471,0.015,0.055
ViT-L-14__block8,400_500,4,5,7.4422,5.1098,0.015,0.075
ViT-L-14__block8,500_600,0,3,7.4624,5.2668,0.01,0.045
ViT-L-14__block8,500_600,1,3,7.4899,5.277,0.01,0.03
ViT-L-14__block8,500_600,2,3,7.4921,5.278,0.005,0.04
ViT-L-14__block8,500_600,3,3,7.4644,5.296,0.0,0.035
ViT-L-14__block8,500_600,4,4,7.4688,5.2537,0.0,0.03
ViT-L-14__block8,600_700,0,3,7.4729,5.3267,0.02,0.05
ViT-L-14__block8,600_700,1,2,7.4998,5.3138,0.005,0.03
ViT-L-14__block8,600_700,2,2,7.5,5.3266,0.01,0.025
ViT-L-14__block8,600_700,3,3,7.4783,5.3143,0.0,0.03
ViT-L-14__block8,600_700,4,3,7.4764,5.3173,0.0,0.025
ViT-L-14__block8,700_800,0,3,7.4781,5.3222,0.02,0.055
ViT-L-14__block8,700_800,1,2,7.4996,5.3827,0.0,0.035
ViT-L-14__block8,700_800,2,2,7.5005,5.3282,0.015,0.035
ViT-L-14__block8,700_800,3,2,7.4886,5.3295,0.005,0.035
ViT-L-14__block8,700_800,4,3,7.4874,5.3533,0.0,0.01
ViT-L-14__block8,800_900,0,3,7.4758,5.3463,0.01,0.045
ViT-L-14__block8,800_900,1,2,7.4991,5.3782,0.0,0.02
ViT-L-14__block8,800_900,2,2,7.4938,5.3453,0.015,0.03
ViT-L-14__block8,800_900,3,2,7.4929,5.3307,0.0,0.02
ViT-L-14__block8,800_900,4,2,7.4796,5.3357,0.005,0.01
ViT-L-14__block8,900_1000,0,3,7.476,5.3421,0.01,0.035
ViT-L-14__block8,900_1000,1,2,7.4919,5.361,0.0,0.025
ViT-L-14__block8,900_1000,2,2,7.4969,5.3305,0.01,0.035
ViT-L-14__block8,900_1000,3,3,7.4932,5.3308,0.005,0.025
ViT-L-14__block8,900_1000,4,3,7.4798,5.333,0.015,0.02
ViT-L-14__block8__fov,0_100,0,14,7.0547,4.1454,0.055,0.23
ViT-L-14__block8__fov,0_100,1,13,7.0363,4.2178,0.035,0.205
ViT-L-14__block8__fov,0_100,2,14,7.0316,4.1658,0.05,0.24
ViT-L-14__block8__fov,0_100,3,12,7.0457,4.2234,0.06,0.225
ViT-L-14__block8__fov,0_100,4,14,7.0439,4.1573,0.06,0.22
ViT-L-14__block8__fov,100_200,0,23,6.5172,3.0516,0.19,0.565
ViT-L-14__block8__fov,100_200,1,21,6.4871,3.1097,0.215,0.525
ViT-L-14__block8__fov,100_200,2,18,6.4939,3.1905,0.18,0.525
ViT-L-14__block8__fov,100_200,3,22,6.4942,3.1429,0.18,0.545
ViT-L-14__block8__fov,100_200,4,22,6.4789,3.1334,0.21,0.555
ViT-L-14__block8__fov,200_300,0,19,6.6559,3.396,0.145,0.45
ViT-L-14__block8__fov,200_300,1,18,6.6823,3.4403,0.155,0.45
ViT-L-14__block8__fov,200_300,2,18,6.6765,3.4318,0.145,0.455
ViT-L-14__block8__fov,200_300,3,17,6.6198,3.4405,0.13,0.46
ViT-L-14__block8__fov,200_300,4,17,6.6336,3.4537,0.155,0.41
ViT-L-14__block8__fov,300_400,0,12,7.2584,4.4781,0.035,0.175
ViT-L-14__block8__fov,300_400,1,10,7.225,4.5368,0.045,0.14
ViT-L-14__block8__fov,300_400,2,11,7.2409,4.4926,0.04,0.145
ViT-L-14__block8__fov,300_400,3,11,7.2167,4.5217,0.045,0.13
ViT-L-14__block8__fov,300_400,4,11,7.2448,4.4453,0.045,0.165
ViT-L-14__block8__fov,400_500,0,5,7.4425,5.1134,0.0,0.055
ViT-L-14__block8__fov,400_500,1,5,7.4648,5.1486,0.015,0.055
ViT-L-14__block8__fov,400_500,2,5,7.4402,5.1156,0.0,0.06
ViT-L-14__block8__fov,400_500,3,5,7.4458,5.1601,0.005,0.055
ViT-L-14__block8__fov,400_500,4,5,7.4426,5.1092,0.01,0.065
ViT-L-14__block8__fov,500_600,0,3,7.4628,5.3021,0.005,0.015
ViT-L-14__block8__fov,500_600,1,3,7.4835,5.2888,0.005,0.035
ViT-L-14__block8__fov,500_600,2,3,7.4819,5.283,0.01,0.05
ViT-L-14__block8__fov,500_600,3,3,7.4838,5.2786,0.02,0.055
ViT-L-14__block8__fov,500_600,4,3,7.4726,5.276,0.01,0.035
ViT-L-14__block8__fov,600_700,0,3,7.4726,5.3275,0.005,0.02
ViT-L-14__block8__fov,600_700,1,3,7.4949,5.3043,0.005,0.03
ViT-L-14__block8__fov,600_700,2,2,7.4926,5.3126,0.0,0.035
ViT-L-14__block8__fov,600_700,3,3,7.4811,5.3414,0.005,0.03
ViT-L-14__block8__fov,600_700,4,3,7.4872,5.3312,0.01,0.02
ViT-L-14__block8__fov,700_800,0,3,7.4773,5.3547,0.005,0.01
ViT-L-14__block8__fov,700_800,1,3,7.5003,5.3615,0.0,0.01
ViT-L-14__block8__fov,700_800,2,2,7.4934,5.3588,0.0,0.015
ViT-L-14__block8__fov,700_800,3,2,7.4865,5.3413,0.005,0.05
ViT-L-14__block8__fov,700_800,4,2,7.4743,5.351,0.01,0.01
ViT-L-14__block8__fov,800_900,0,3,7.4901,5.3489,0.005,0.015
ViT-L-14__block8__fov,800_900,1,3,7.501,5.3514,0.01,0.02
ViT-L-14__block8__fov,800_900,2,2,7.5065,5.3369,0.005,0.03
ViT-L-14__block8__fov,800_900,3,2,7.4887,5.3265,0.015,0.02
ViT-L-14__block8__fov,800_900,4,3,7.4823,5.3602,0.01,0.03
ViT-L-14__block8__fov,900_1000,0,3,7.4844,5.3406,0.005,0.02
ViT-L-14__block8__fov,900_1000,1,2,7.498,5.3393,0.005,0.01
ViT-L-14__block8__fov,900_1000,2,2,7.498,5.3221,0.0,0.045
ViT-L-14__block8__fov,900_1000,3,2,7.4971,5.3242,0.0,0.02
ViT-L-14__block8__fov,900_1000,4,3,7.479,5.3443,0.01,0.025
