target,window,seed,best_epoch,val_loss,test_loss,top1,top5
RN50__attnpool,0_100,0,9,7.2722,4.9195,0.04,0.115
RN50__attnpool,0_100,1,11,7.2995,4.8766,0.04,0.08
RN50__attnpool,0_100,2,11,7.2626,4.847,0.035,0.115
RN50__attnpool,0_100,3,10,7.2963,4.8904,0.025,0.11
RN50__attnpool,0_100,4,10,7.2795,4.8713,0.055,0.115
RN50__attnpool,100_200,0,21,6.5488,3.4853,0.16,0.485
RN50__attnpool,100_200,1,20,6.57,3.495,0.18,0.465
RN50__attnpool,100_200,2,21,6.5388,3.5364,0.18,0.435
RN50__attnpool,100_200,3,20,6.5621,3.5168,0.21,0.485
RN50__attnpool,100_200,4,20,6.5585,3.4628,0.195,0.495
RN50__attnpool,200_300,0,23,6.4666,3.3985,0.2,0.465
RN50__attnpool,200_300,1,21,6.4427,3.4278,0.19,0.48
RN50__attnpool,200_300,2,24,6.4605,3.4753,0.19,0.435
RN50__attnpool,200_300,3,20,6.4688,3.4619,0.175,0.475
RN50__attnpool,200_300,4,23,6.472,3.4141,0.205,0.45
RN50__attnpool,300_400,0,15,6.8612,3.7746,0.145,0.38
RN50__attnpool,300_400,1,14,6.8782,3.7843,0.14,0.365
RN50__attnpool,300_400,2,13,6.8458,3.8209,0.13,0.35
RN50__attnpool,300_400,3,15,6.8578,3.8053,0.12,0.38
RN50__attnpool,300_400,4,12,6.8684,3.8818,0.125,0.325
RN50__attnpool,400_500,0,13,7.0958,4.3505,0.075,0.205
RN50__attnpool,400_500,1,14,7.1117,4.332,0.09,0.235
RN50__attnpool,400_500,2,14,7.0829,4.2735,0.045,0.235
RN50__attnpool,400_500,3,12,7.1252,4.322,0.065,0.2
RN50__attnpool,400_500,4,12,7.0688,4.3405,0.07,0.21
RN50__attnpool,500_600,0,7,7.421,5.0399,0.025,0.095
RN50__attnpool,500_600,1,5,7.4354,5.1295,0.035,0.07
RN50__attnpool,500_600,2,6,7.4105,5.0436,0.015,0.075
RN50__attnpool,500_600,3,4,7.4606,5.1041,0.015,0.045
RN50__attnpool,500_600,4,5,7.4116,5.0804,0.035,0.085
RN50__attnpool,600_700,0,5,7.4262,5.146,0.02,0.07
RN50__attnpool,600_700,1,4,7.4879,5.214,0.01,0.04
RN50__attnpool,600_700,2,3,7.4406,5.2173,0.015,0.06
RN50__attnpool,600_700,3,3,7.4728,5.2343,0.01,0.055
RN50__attnpool,600_700,4,4,7.4425,5.1701,0.01,0.07
RN50__attnpool,700_800,0,3,7.4801,5.2966,0.005,0.015
RN50__attnpool,700_800,1,2,7.495,5.3092,0.005,0.04
RN50__attnpool,700_800,2,3,7.4791,5.2887,0.0,0.035
RN50__attnpool,700_800,3,2,7.4908,5.2923,0.0,0.04
RN50__attnpool,700_800,4,3,7.4699,5.2623,0.01,0.06
RN50__attnpool,800_900,0,2,7.4942,5.2819,0.01,0.035
RN50__attnpool,800_900,1,2,7.5005,5.3112,0.0,0.04
RN50__attnpool,800_900,2,2,7.4788,5.3019,0.005,0.03
RN50__attnpool,800_900,3,2,7.4931,5.3068,0.005,0.035
RN50__attnpool,800_900,4,3,7.4846,5.3237,0.005,0.04
RN50__attnpool,900_1000,0,2,7.5004,5.3016,0.005,0.02
RN50__attnpool,900_1000,1,2,7.5125,5.3314,0.01,0.045
RN50__attnpool,900_1000,2,2,7.4964,5.3272,0.0,0.03
RN50__attnpool,900_1000,3,2,7.4902,5.3035,0.005,0.03
RN50__attnpool,900_1000,4,2,7.4824,5.3313,0.005,0.03
RN50__attnpool__fov,0_100,0,12,7.2528,4.848,0.03,0.105
RN50__attnpool__fov,0_100,1,9,7.2978,4.9269,0.04,0.105
RN50__attnpool__fov,0_100,2,10,7.2725,4.9007,0.025,0.115
RN50__attnpool__fov,0_100,3,10,7.2692,4.8969,0.015,0.11
RN50__attnpool__fov,0_100,4,10,7.269,4.9163,0.03,0.105
RN50__attnpool__fov,100_200,0,21,6.5265,3.4599,0.205,0.48
RN50__attnpool__fov,100_200,1,17,6.5817,3.5265,0.175,0.46
RN50__attnpool__fov,100_200,2,21,6.5394,3.4892,0.22,0.47
RN50__attnpool__fov,100_200,3,20,6.5349,3.4828,0.21,0.485
RN50__attnpool__fov,100_200,4,19,6.5355,3.4976,0.195,0.44
RN50__attnpool__fov,200_300,0,21,6.4763,3.4356,0.195,0.475
RN50__attnpool__fov,200_300,1,21,6.4459,3.4437,0.19,0.48
RN50__attnpool__fov,200_300,2,20,6.4436,3.4129,0.195,0.47
RN50__attnpool__fov,200_300,3,20,6.4528,3.4253,0.195,0.5
RN50__attnpool__fov,200_300,4,23,6.4511,3.3799,0.195,0.475
RN50__attnpool__fov,300_400,0,15,6.8588,3.7498,0.13,0.385
RN50__attnpool__fov,300_400,1,14,6.8646,3.7749,0.14,0.385
RN50__attnpool__fov,300_400,2,13,6.8264,3.7395,0.165,0.43
RN50__attnpool__fov,300_400,3,13,6.8618,3.8005,0.095,0.385
RN50__attnpool__fov,300_400,4,13,6.8725,3.8144,0.115,0.325
RN50__attnpool__fov,400_500,0,12,7.0867,4.3214,0.065,0.245
RN50__attnpool__fov,400_500,1,15,7.1081,4.2907,0.075,0.245
RN50__attnpool__fov,400_500,2,13,7.0661,4.2857,0.07,0.205
RN50__attnpool__fov,400_500,3,15,7.1124,4.257,0.07,0.255
RN50__attnpool__fov,400_500,4,12,7.079,4.3077,0.065,0.23
RN50__attnpool__fov,500_600,0,6,7.406,5.069,0.02,0.095
RN50__attnpool__fov,500_600,1,4,7.4484,5.1306,0.015,0.075
RN50__attnpool__fov,500_600,2,6,7.422,5.0793,0.01,0.065
RN50__attnpool__fov,500_600,3,4,7.4395,5.1456,0.025,0.075
RN50__attnpool__fov,500_600,4,7,7.4046,5.0792,0.025,0.09
RN50__attnpool__fov,600_700,0,3,7.4366,5.2176,0.0,0.05
RN50__attnpool__fov,600_700,1,4,7.4501,5.1978,0.005,0.03
RN50__attnpool__fov,600_700,2,4,7.4463,5.2276,0.02,0.05
RN50__attnpool__fov,600_700,3,3,7.4558,5.2272,0.02,0.04
RN50__attnpool__fov,600_700,4,4,7.4535,5.1861,0.02,0.05
RN50__attnpool__fov,700_800,0,3,7.4682,5.3004,0.01,0.05
RN50__attnpool__fov,700_800,1,2,7.4928,5.3134,0.005,0.025
RN50__attnpool__fov,700_800,2,3,7.4927,5.2979,0.005,0.04
RN50__attnpool__fov,700_800,3,2,7.4782,5.2982,0.01,0.035
RN50__attnpool__fov,700_800,4,3,7.4735,5.2807,0.005,0.025
RN50__attnpool__fov,800_900,0,2,7.4669,5.3089,0.0,0.015
RN50__attnpool__fov,800_900,1,2,7.4849,5.3177,0.01,0.015
RN50__attnpool__fov,800_900,2,2,7.4913,5.3067,0.01,0.035
RN50__attnpool__fov,800_900,3,2,7.4921,5.3241,0.01,0.03
RN50__attnpool__fov,800_900,4,2,7.4979,5.3265,0.005,0.035
RN50__attnpool__fov,900_1000,0,2,7.4846,5.3211,0.01,0.02
RN50__attnpool__fov,900_1000,1,2,7.4811,5.3284,0.01,0.02
RN50__attnpool__fov,900_1000,2,2,7.4883,5.3364,0.0,0.02
RN50__attnpool__fov,900_1000,3,2,7.4852,5.3311,0.01,0.035
RN50__attnpool__fov,900_1000,4,2,7.493,5.3378,0.0,0.025
RN50__layer1,0_100,0,17,6.9946,4.3392,0.03,0.145
RN50__layer1,0_100,1,15,7.0132,4.3934,0.04,0.175
RN50__layer1,0_100,2,16,7.0047,4.3609,0.025,0.195
RN50__layer1,0_100,3,18,7.0177,4.343,0.02,0.195
RN50__layer1,0_100,4,16,6.9968,4.3828,0.03,0.17
RN50__layer1,100_200,0,38,6.3527,3.0422,0.25,0.59
RN50__layer1,100_200,1,45,6.3005,3.0558,0.26,0.585
RN50__layer1,100_200,2,38,6.3807,3.0515,0.285,0.58
RN50__layer1,100_200,3,33,6.3705,3.0769,0.255,0.585
RN50__layer1,100_200,4,27,6.346,3.1473,0.22,0.555
RN50__layer1,200_300,0,22,6.5144,3.4755,0.19,0.43
RN50__layer1,200_300,1,20,6.4811,3.5113,0.185,0.43
RN50__layer1,200_300,2,23,6.4675,3.4864,0.175,0.415
RN50__layer1,200_300,3,22,6.5161,3.5135,0.175,0.43
RN50__layer1,200_300,4,23,6.507,3.4938,0.18,0.45
RN50__layer1,300_400,0,13,7.0897,4.0709,0.09,0.315
RN50__layer1,300_400,1,12,7.0713,4.1778,0.09,0.275
RN50__layer1,300_400,2,11,7.0915,4.1562,0.065,0.31
RN50__layer1,300_400,3,11,7.095,4.1795,0.08,0.27
RN50__layer1,300_400,4,10,7.0966,4.2089,0.09,0.265
RN50__layer1,400_500,0,7,7.2888,4.7487,0.035,0.11
RN50__layer1,400_500,1,9,7.3151,4.6807,0.05,0.13
RN50__layer1,400_500,2,8,7.2972,4.6968,0.055,0.135
RN50__layer1,400_500,3,9,7.3128,4.735,0.03,0.145
RN50__layer1,400_500,4,7,7.3148,4.7724,0.035,0.125
RN50__layer1,500_600,0,4,7.409,5.211,0.015,0.07
RN50__layer1,500_600,1,4,7.4369,5.2358,0.02,0.045
RN50__layer1,500_600,2,4,7.4402,5.2212,0.0,0.035
RN50__layer1,500_600,3,4,7.4365,5.2439,0.02,0.04
RN50__layer1,500_600,4,4,7.4082,5.2106,0.02,0.065
RN50__layer1,600_700,0,4,7.4292,5.2565,0.01,0.045
RN50__layer1,600_700,1,3,7.4563,5.2838,0.01,0.04
RN50__layer1,600_700,2,4,7.438,5.2639,0.0,0.045
RN50__layer1,600_700,3,3,7.4312,5.2786,0.005,0.04
RN50__layer1,600_700,4,4,7.4236,5.2689,0.01,0.045
RN50__layer1,700_800,0,3,7.4453,5.2831,0.01,0.055
RN50__layer1,700_800,1,3,7.4774,5.3199,0.0,0.02
RN50__layer1,700_800,2,4,7.4488,5.263,0.005,0.03
RN50__layer1,700_800,3,3,7.4594,5.3168,0.01,0.035
RN50__layer1,700_800,4,4,7.4576,5.292,0.01,0.04
RN50__layer1,800_900,0,3,7.472,5.3101,0.005,0.05
RN50__layer1,800_900,1,3,7.4818,5.32,0.0,0.015
RN50__layer1,800_900,2,3,7.4676,5.3094,0.005,0.025
RN50__layer1,800_900,3,3,7.4718,5.3118,0.005,0.025
RN50__layer1,800_900,4,3,7.4782,5.3124,0.0,0.01
RN50__layer1,900_1000,0,3,7.4615,5.3158,0.01,0.03
RN50__layer1,900_1000,1,3,7.4798,5.3266,0.01,0.035
RN50__layer1,900_1000,2,3,7.4724,5.3164,0.0,0.03
RN50__layer1,900_1000,3,3,7.4614,5.32,0.005,0.015
RN50__layer1,900_1000,4,3,7.4661,5.313,0.005,0.02
RN50__layer1__fov,0_100,0,17,6.9615,4.2847,0.05,0.19
RN50__layer1__fov,0_100,1,15,6.9786,4.2983,0.045,0.19
RN50__layer1__fov,0_100,2,21,6.962,4.2246,0.035,0.195
RN50__layer1__fov,0_100,3,16,6.9844,4.2707,0.04,0.215
RN50__layer1__fov,0_100,4,16,6.9792,4.3096,0.035,0.21
RN50__layer1__fov,100_200,0,28,6.321,3.0359,0.27,0.605
RN50__layer1__fov,100_200,1,42,6.2678,3.0064,0.275,0.595
RN50__layer1__fov,100_200,2,30,6.3215,3.0213,0.265,0.625
RN50__layer1__fov,100_200,3,33,6.3186,3.0131,0.275,0.6
RN50__layer1__fov,100_200,4,27,6.2922,3.0672,0.25,0.6
RN50__layer1__fov,200_300,0,22,6.4932,3.4132,0.215,0.475
RN50__layer1__fov,200_300,1,20,6.4534,3.4805,0.195,0.44
RN50__layer1__fov,200_300,2,22,6.4624,3.4115,0.2,0.44
RN50__layer1__fov,200_300,3,22,6.5062,3.4389,0.175,0.455
RN50__layer1__fov,200_300,4,22,6.4771,3.4646,0.17,0.45
RN50__layer1__fov,300_400,0,13,7.0992,4.0725,0.09,0.295
RN50__layer1__fov,300_400,1,12,7.0658,4.1421,0.1,0.28
RN50__layer1__fov,300_400,2,11,7.0711,4.1348,0.105,0.33
RN50__layer1__fov,300_400,3,11,7.0986,4.1463,0.08,0.285
RN50__layer1__fov,300_400,4,10,7.0815,4.1693,0.08,0.285
RN50__layer1__fov,400_500,0,10,7.2712,4.6147,0.03,0.135
RN50__layer1__fov,400_500,1,9,7.2998,4.639,0.055,0.14
RN50__layer1__fov,400_500,2,10,7.2919,4.6361,0.035,0.145
RN50__layer1__fov,400_500,3,9,7.3217,4.712,0.035,0.155
RN50__layer1__fov,400_500,4,7,7.305,4.7646,0.035,0.13
RN50__layer1__fov,500_600,0,4,7.4094,5.2163,0.025,0.075
RN50__layer1__fov,500_600,1,4,7.4455,5.2086,0.015,0.06
RN50__layer1__fov,500_600,2,4,7.4307,5.2196,0.005,0.05
RN50__layer1__fov,500_600,3,4,7.4404,5.2338,0.02,0.05
RN50__layer1__fov,500_600,4,4,7.4015,5.2327,0.02,0.05
RN50__layer1__fov,600_700,0,3,7.4163,5.2663,0.005,0.02
RN50__layer1__fov,600_700,1,3,7.4521,5.2774,0.005,0.02
RN50__layer1__fov,600_700,2,4,7.4316,5.269,0.005,0.025
RN50__layer1__fov,600_700,3,3,7.4357,5.2702,0.015,0.05
RN50__layer1__fov,600_700,4,4,7.4151,5.2652,0.005,0.05
RN50__layer1__fov,700_800,0,3,7.4387,5.2843,0.005,0.03
RN50__layer1__fov,700_800,1,3,7.4752,5.2966,0.01,0.04
RN50__layer1__fov,700_800,2,4,7.441,5.2802,0.005,0.045
RN50__layer1__fov,700_800,3,3,7.4659,5.3042,0.01,0.03
RN50__layer1__fov,700_800,4,3,7.4456,5.2927,0.005,0.02
RN50__layer1__fov,800_900,0,3,7.4592,5.305,0.005,0.025
RN50__layer1__fov,800_900,1,3,7.4742,5.3052,0.005,0.03
RN50__layer1__fov,800_900,2,3,7.4614,5.3145,0.0,0.04
RN50__layer1__fov,800_900,3,3,7.4754,5.3049,0.0,0.025
RN50__layer1__fov,800_900,4,3,7.4627,5.3168,0.005,0.035
RN50__layer1__fov,900_1000,0,3,7.4568,5.3159,0.005,0.03
RN50__layer1__fov,900_1000,1,3,7.4716,5.3202,0.005,0.05
RN50__layer1__fov,900_1000,2,3,7.4643,5.3196,0.0,0.035
RN50__layer1__fov,900_1000,3,3,7.4661,5.3176,0.0,0.025
RN50__layer1__fov,900_1000,4,3,7.4516,5.3168,0.005,0.035
RN50__layer2,0_100,0,16,6.9376,4.2719,0.03,0.25
RN50__layer2,0_100,1,16,6.9763,4.278,0.06,0.245
RN50__layer2,0_100,2,16,6.9697,4.2683,0.045,0.23
RN50__layer2,0_100,3,15,6.9782,4.3245,0.035,0.2
RN50__layer2,0_100,4,15,6.9558,4.2788,0.055,0.24
RN50__layer2,100_200,0,36,6.0766,2.7995,0.295,0.66
RN50__layer2,100_200,1,34,6.0716,2.8282,0.29,0.67
RN50__layer2,100_200,2,34,6.102,2.8034,0.295,0.69
RN50__layer2,100_200,3,45,6.0634,2.785,0.31,0.665
RN50__layer2,100_200,4,40,6.0901,2.797,0.275,0.685
RN50__layer2,200_300,0,21,6.2751,3.1933,0.225,0.56
RN50__layer2,200_300,1,23,6.257,3.176,0.225,0.525
RN50__layer2,200_300,2,28,6.2496,3.1658,0.21,0.53
RN50__layer2,200_300,3,25,6.2726,3.2115,0.205,0.505
RN50__layer2,200_300,4,23,6.2784,3.1795,0.24,0.54
RN50__layer2,300_400,0,13,6.9055,3.8691,0.155,0.34
RN50__layer2,300_400,1,12,6.9644,3.9451,0.11,0.31
RN50__layer2,300_400,2,12,6.9503,3.942,0.125,0.355
RN50__layer2,300_400,3,15,6.9384,3.8817,0.135,0.345
RN50__layer2,300_400,4,13,6.9899,3.9521,0.135,0.34
RN50__layer2,400_500,0,9,7.2179,4.4789,0.035,0.18
RN50__layer2,400_500,1,9,7.2064,4.4991,0.04,0.18
RN50__layer2,400_500,2,10,7.2052,4.4758,0.06,0.165
RN50__layer2,400_500,3,10,7.2116,4.4931,0.045,0.18
RN50__layer2,400_500,4,9,7.2457,4.4839,0.035,0.165
RN50__layer2,500_600,0,3,7.3987,5.174,0.03,0.06
RN50__layer2,500_600,1,5,7.4353,5.114,0.015,0.075
RN50__layer2,500_600,2,4,7.4205,5.1661,0.015,0.075
RN50__layer2,500_600,3,4,7.4234,5.14,0.02,0.08
RN50__layer2,500_600,4,4,7.4076,5.1372,0.01,0.075
RN50__layer2,600_700,0,3,7.4094,5.2273,0.02,0.035
RN50__layer2,600_700,1,3,7.4515,5.2561,0.01,0.07
RN50__layer2,600_700,2,3,7.4427,5.2692,0.005,0.035
RN50__layer2,600_700,3,3,7.436,5.2494,0.02,0.04
RN50__layer2,600_700,4,3,7.4374,5.2753,0.015,0.04
RN50__layer2,700_800,0,3,7.4399,5.2563,0.005,0.03
RN50__layer2,700_800,1,2,7.4633,5.2969,0.0,0.03
RN50__layer2,700_800,2,3,7.4573,5.2927,0.01,0.045
RN50__layer2,700_800,3,2,7.4661,5.3158,0.005,0.04
RN50__layer2,700_800,4,2,7.4678,5.297,0.01,0.03
RN50__layer2,800_900,0,2,7.4497,5.2867,0.005,0.03
RN50__layer2,800_900,1,2,7.4739,5.2975,0.005,0.04
RN50__layer2,800_900,2,2,7.4685,5.3211,0.005,0.015
RN50__layer2,800_900,3,2,7.469,5.3164,0.02,0.045
RN50__layer2,800_900,4,2,7.4778,5.3278,0.0,0.015
RN50__layer2,900_1000,0,2,7.4615,5.3116,0.01,0.02
RN50__layer2,900_1000,1,2,7.468,5.3105,0.005,0.02
RN50__layer2,900_1000,2,2,7.483,5.3345,0.005,0.03
RN50__layer2,900_1000,3,2,7.4783,5.3369,0.005,0.025
RN50__layer2,900_1000,4,2,7.4686,5.3239,0.005,0.01
RN50__layer2__fov,0_100,0,16,6.9094,4.2086,0.045,0.25
RN50__layer2__fov,0_100,1,16,6.9592,4.2551,0.04,0.235
RN50__layer2__fov,0_100,2,16,6.947,4.1915,0.05,0.215
RN50__layer2__fov,0_100,3,15,6.951,4.2741,0.03,0.24
RN50__layer2__fov,0_100,4,15,6.9515,4.2131,0.065,0.23
RN50__layer2__fov,100_200,0,36,6.0597,2.7442,0.3,0.68
RN50__layer2__fov,100_200,1,48,6.0211,2.7439,0.285,0.685
RN50__layer2__fov,100_200,2,46,6.0564,2.7314,0.32,0.685
RN50__layer2__fov,100_200,3,45,6.0188,2.748,0.285,0.685
RN50__layer2__fov,100_200,4,40,6.0568,2.7216,0.305,0.695
RN50__layer2__fov,200_300,0,21,6.2571,3.1198,0.225,0.54
RN50__layer2__fov,200_300,1,23,6.2174,3.1231,0.255,0.53
RN50__layer2__fov,200_300,2,28,6.2234,3.0955,0.225,0.52
RN50__layer2__fov,200_300,3,25,6.2632,3.138,0.22,0.555
RN50__layer2__fov,200_300,4,28,6.268,3.1228,0.245,0.55
RN50__layer2__fov,300_400,0,13,6.9078,3.8439,0.14,0.365
RN50__layer2__fov,300_400,1,12,6.9555,3.9042,0.155,0.29
RN50__layer2__fov,300_400,2,11,6.9411,3.9123,0.13,0.37
RN50__layer2__fov,300_400,3,15,6.9316,3.8463,0.14,0.355
RN50__layer2__fov,300_400,4,13,6.979,3.8753,0.12,0.345
RN50__layer2__fov,400_500,0,9,7.2194,4.472,0.05,0.2
RN50__layer2__fov,400_500,1,10,7.1928,4.4557,0.055,0.17
RN50__layer2__fov,400_500,2,10,7.1894,4.4396,0.065,0.17
RN50__layer2__fov,400_500,3,10,7.2102,4.472,0.045,0.17
RN50__layer2__fov,400_500,4,9,7.2361,4.4405,0.045,0.175
RN50__layer2__fov,500_600,0,3,7.3964,5.1822,0.01,0.05
RN50__layer2__fov,500_600,1,3,7.4298,5.1648,0.005,0.05
RN50__layer2__fov,500_600,2,4,7.4154,5.1351,0.01,0.09
RN50__layer2__fov,500_600,3,4,7.4123,5.1746,0.01,0.055
RN50__layer2__fov,500_600,4,4,7.4179,5.1325,0.025,0.075
RN50__layer2__fov,600_700,0,3,7.4104,5.2544,0.005,0.03
RN50__layer2__fov,600_700,1,3,7.4456,5.2633,0.01,0.045
RN50__layer2__fov,600_700,2,3,7.4404,5.2468,0.01,0.05
RN50__layer2__fov,600_700,3,3,7.4271,5.261,0.005,0.035
RN50__layer2__fov,600_700,4,3,7.4412,5.2844,0.005,0.055
RN50__layer2__fov,700_800,0,3,7.4502,5.2598,0.0,0.035
RN50__layer2__fov,700_800,1,2,7.4642,5.3055,0.01,0.025
RN50__layer2__fov,700_800,2,3,7.4407,5.2732,0.005,0.025
RN50__layer2__fov,700_800,3,2,7.4564,5.3222,0.005,0.03
RN50__layer2__fov,700_800,4,2,7.4616,5.3003,0.0,0.03
RN50__layer2__fov,800_900,0,2,7.4549,5.3136,0.005,0.02
RN50__layer2__fov,800_900,1,2,7.4667,5.3257,0.015,0.04
RN50__layer2__fov,800_900,2,2,7.4652,5.3172,0.01,0.025
RN50__layer2__fov,800_900,3,2,7.4577,5.3225,0.005,0.025
RN50__layer2__fov,800_900,4,2,7.4798,5.3259,0.0,0.015
RN50__layer2__fov,900_1000,0,2,7.4725,5.3279,0.0,0.02
RN50__layer2__fov,900_1000,1,2,7.4614,5.3339,0.0,0.025
RN50__layer2__fov,900_1000,2,2,7.4721,5.3192,0.01,0.025
RN50__layer2__fov,900_1000,3,2,7.4675,5.3426,0.0,0.02
RN50__layer2__fov,900_1000,4,2,7.4671,5.3314,0.01,0.01
RN50__layer3,0_100,0,16,7.0554,4.4191,0.045,0.22
RN50__layer3,0_100,1,20,7.0935,4.3684,0.065,0.22
RN50__layer3,0_100,2,18,7.0203,4.409,0.07,0.23
RN50__layer3,0_100,3,15,7.0771,4.4414,0.075,0.22
RN50__layer3,0_100,4,17,7.0559,4.4104,0.065,0.21
RN50__layer3,100_200,0,41,6.0664,2.6461,0.375,0.735
RN50__layer3,100_200,1,50,6.0342,2.6558,0.35,0.74
RN50__layer3,100_200,2,46,6.0079,2.6392,0.37,0.745
RN50__layer3,100_200,3,50,6.006,2.6506,0.375,0.72
RN50__layer3,100_200,4,50,6.0553,2.6325,0.395,0.735
RN50__layer3,200_300,0,35,6.0792,2.8456,0.305,0.65
RN50__layer3,200_300,1,38,6.045,2.8302,0.35,0.645
RN50__layer3,200_300,2,35,6.0226,2.8121,0.305,0.64
RN50__layer3,200_300,3,38,6.0683,2.8143,0.35,0.645
RN50__layer3,200_300,4,48,6.0468,2.8326,0.31,0.615
RN50__layer3,300_400,0,19,6.7087,3.5004,0.17,0.5
RN50__layer3,300_400,1,17,6.7608,3.536,0.16,0.465
RN50__layer3,300_400,2,18,6.7241,3.5289,0.18,0.46
RN50__layer3,300_400,3,17,6.7261,3.5451,0.18,0.44
RN50__layer3,300_400,4,17,6.7609,3.4989,0.2,0.495
RN50__layer3,400_500,0,13,7.0688,4.1376,0.065,0.285
RN50__layer3,400_500,1,15,7.0537,4.1235,0.065,0.285
RN50__layer3,400_500,2,15,7.0313,4.1921,0.08,0.295
RN50__layer3,400_500,3,15,7.0623,4.1542,0.065,0.26
RN50__layer3,400_500,4,12,7.0798,4.1632,0.08,0.27
RN50__layer3,500_600,0,7,7.4014,5.0039,0.015,0.075
RN50__layer3,500_600,1,7,7.4122,5.0298,0.03,0.085
RN50__layer3,500_600,2,7,7.3888,5.013,0.035,0.085
RN50__layer3,500_600,3,6,7.4151,5.0519,0.01,0.08
RN50__layer3,500_600,4,5,7.4141,5.0464,0.025,0.07
RN50__layer3,600_700,0,6,7.4294,5.1194,0.015,0.045
RN50__layer3,600_700,1,4,7.4442,5.2285,0.0,0.05
RN50__layer3,600_700,2,4,7.4244,5.1558,0.01,0.06
RN50__layer3,600_700,3,4,7.466,5.2246,0.005,0.04
RN50__layer3,600_700,4,5,7.4372,5.1795,0.005,0.085
RN50__layer3,700_800,0,4,7.4693,5.2738,0.0,0.025
RN50__layer3,700_800,1,2,7.477,5.3089,0.0,0.035
RN50__layer3,700_800,2,3,7.4605,5.2835,0.01,0.04
RN50__layer3,700_800,3,3,7.4911,5.321,0.005,0.02
RN50__layer3,700_800,4,3,7.4803,5.2488,0.005,0.03
RN50__layer3,800_900,0,2,7.4879,5.3153,0.01,0.045
RN50__layer3,800_900,1,2,7.4919,5.3282,0.005,0.01
RN50__layer3,800_900,2,2,7.4789,5.3315,0.005,0.03
RN50__layer3,800_900,3,2,7.5081,5.3477,0.01,0.025
RN50__layer3,800_900,4,2,7.5006,5.3156,0.0,0.045
RN50__layer3,900_1000,0,2,7.4964,5.3269,0.01,0.015
RN50__layer3,900_1000,1,2,7.494,5.3508,0.0,0.015
RN50__layer3,900_1000,2,2,7.4861,5.3391,0.01,0.03
RN50__layer3,900_1000,3,2,7.503,5.3644,0.0,0.025
RN50__layer3,900_1000,4,2,7.4755,5.32,0.01,0.035
RN50__layer3__fov,0_100,0,16,7.0284,4.3588,0.05,0.205
RN50__layer3__fov,0_100,1,20,7.0714,4.3317,0.07,0.25
RN50__layer3__fov,0_100,2,24,7.0132,4.3137,0.075,0.225
RN50__layer3__fov,0_100,3,21,7.0313,4.3279,0.08,0.24
RN50__layer3__fov,0_100,4,17,7.0333,4.3471,0.07,0.235
RN50__layer3__fov,100_200,0,42,6.044,2.6094,0.39,0.73
RN50__layer3__fov,100_200,1,47,6.0103,2.6242,0.355,0.72
RN50__layer3__fov,100_200,2,50,5.9739,2.5993,0.405,0.75
RN50__layer3__fov,100_200,3,50,5.9756,2.6117,0.385,0.735
RN50__layer3__fov,100_200,4,46,6.011,2.6044,0.395,0.75
RN50__layer3__fov,200_300,0,48,6.0581,2.795,0.32,0.66
RN50__layer3__fov,200_300,1,43,6.0294,2.7805,0.325,0.62
RN50__layer3__fov,200_300,2,35,6.019,2.778,0.325,0.635
RN50__layer3__fov,200_300,3,38,6.0316,2.8221,0.31,0.625
RN50__layer3__fov,200_300,4,45,6.0219,2.7813,0.315,0.61
RN50__layer3__fov,300_400,0,19,6.6906,3.4659,0.19,0.47
RN50__layer3__fov,300_400,1,16,6.7546,3.4943,0.185,0.51
RN50__layer3__fov,300_400,2,18,6.7234,3.4793,0.185,0.53
RN50__layer3__fov,300_400,3,17,6.729,3.4882,0.165,0.475
RN50__layer3__fov,300_400,4,17,6.7585,3.4868,0.185,0.51
RN50__layer3__fov,400_500,0,13,7.0479,4.1535,0.08,0.26
RN50__layer3__fov,400_500,1,13,7.0401,4.1053,0.12,0.295
RN50__layer3__fov,400_500,2,15,7.0269,4.1341,0.075,0.285
RN50__layer3__fov,400_500,3,15,7.0527,4.0933,0.115,0.3
RN50__layer3__fov,400_500,4,14,7.0723,4.0925,0.085,0.28
RN50__layer3__fov,500_600,0,7,7.4001,4.9865,0.015,0.075
RN50__layer3__fov,500_600,1,7,7.4124,5.0265,0.02,0.08
RN50__layer3__fov,500_600,2,8,7.4031,5.0052,0.02,0.07
RN50__layer3__fov,500_600,3,4,7.4324,5.0694,0.01,0.06
RN50__layer3__fov,500_600,4,7,7.4228,4.9939,0.045,0.115
RN50__layer3__fov,600_700,0,5,7.4243,5.128,0.01,0.085
RN50__layer3__fov,600_700,1,4,7.4544,5.155,0.005,0.05
RN50__layer3__fov,600_700,2,4,7.433,5.1763,0.015,0.055
RN50__layer3__fov,600_700,3,4,7.4721,5.2017,0.015,0.04
RN50__layer3__fov,600_700,4,5,7.4493,5.1785,0.02,0.08
RN50__layer3__fov,700_800,0,4,7.4573,5.3019,0.015,0.035
RN50__layer3__fov,700_800,1,2,7.483,5.2773,0.005,0.04
RN50__layer3__fov,700_800,2,3,7.4601,5.3113,0.005,0.035
RN50__layer3__fov,700_800,3,3,7.4884,5.3124,0.0,0.005
RN50__layer3__fov,700_800,4,3,7.4798,5.2769,0.005,0.035
RN50__layer3__fov,800_900,0,2,7.4769,5.3232,0.005,0.035
RN50__layer3__fov,800_900,1,2,7.4949,5.3157,0.0,0.025
RN50__layer3__fov,800_900,2,2,7.4834,5.3301,0.01,0.015
RN50__layer3__fov,800_900,3,2,7.4982,5.3376,0.01,0.025
RN50__layer3__fov,800_900,4,2,7.5015,5.3261,0.01,0.02
RN50__layer3__fov,900_1000,0,2,7.4883,5.3598,0.0,0.015
RN50__layer3__fov,900_1000,1,2,7.4912,5.3234,0.005,0.03
RN50__layer3__fov,900_1000,2,2,7.4852,5.3625,0.005,0.025
RN50__layer3__fov,900_1000,3,2,7.5045,5.3721,0.0,0.02
RN50__layer3__fov,900_1000,4,2,7.4912,5.3338,0.015,0.02
RN50__layer4,0_100,0,15,7.1573,4.6638,0.045,0.155
RN50__layer4,0_100,1,16,7.1744,4.6509,0.05,0.15
RN50__layer4,0_100,2,16,7.155,4.6822,0.045,0.145
RN50__layer4,0_100,3,15,7.1676,4.6456,0.06,0.155
RN50__layer4,0_100,4,15,7.1843,4.6936,0.055,0.16
RN50__layer4,100_200,0,32,6.2792,3.1025,0.23,0.6
RN50__layer4,100_200,1,32,6.3102,3.0658,0.265,0.61
RN50__layer4,100_200,2,36,6.252,3.0853,0.26,0.6
RN50__layer4,100_200,3,35,6.2959,3.0987,0.27,0.61
RN50__layer4,100_200,4,29,6.2583,3.1126,0.225,0.64
RN50__layer4,200_300,0,27,6.2088,3.0613,0.27,0.62
RN50__layer4,200_300,1,33,6.169,3.061,0.25,0.595
RN50__layer4,200_300,2,32,6.1633,3.0507,0.225,0.595
RN50__layer4,200_300,3,32,6.2183,3.0993,0.235,0.595
RN50__layer4,200_300,4,37,6.2023,3.0844,0.24,0.57
RN50__layer4,300_400,0,19,6.7194,3.482,0.2,0.475
RN50__layer4,300_400,1,17,6.7328,3.5312,0.185,0.49
RN50__layer4,300_400,2,16,6.7123,3.5464,0.18,0.48
RN50__layer4,300_400,3,17,6.7402,3.5328,0.175,0.485
RN50__layer4,300_400,4,18,6.7164,3.5143,0.2,0.485
RN50__layer4,400_500,0,16,7.0082,4.1355,0.095,0.255
RN50__layer4,400_500,1,15,7.014,4.1668,0.055,0.27
RN50__layer4,400_500,2,16,6.9979,4.1664,0.06,0.255
RN50__layer4,400_500,3,15,7.0534,4.2046,0.06,0.255
RN50__layer4,400_500,4,14,6.9983,4.1866,0.08,0.235
RN50__layer4,500_600,0,8,7.3827,5.0488,0.01,0.09
RN50__layer4,500_600,1,7,7.4177,5.0094,0.02,0.1
RN50__layer4,500_600,2,8,7.4181,4.9548,0.005,0.085
RN50__layer4,500_600,3,7,7.4404,5.0568,0.025,0.08
RN50__layer4,500_600,4,7,7.3802,5.0249,0.015,0.1
RN50__layer4,600_700,0,6,7.4323,5.0771,0.015,0.085
RN50__layer4,600_700,1,4,7.4668,5.1949,0.01,0.065
RN50__layer4,600_700,2,6,7.4371,5.1573,0.015,0.055
RN50__layer4,600_700,3,3,7.5002,5.2282,0.005,0.045
RN50__layer4,600_700,4,4,7.4301,5.2268,0.015,0.045
RN50__layer4,700_800,0,3,7.4707,5.2602,0.015,0.05
RN50__layer4,700_800,1,3,7.4998,5.2893,0.01,0.04
RN50__layer4,700_800,2,3,7.4945,5.2905,0.005,0.04
RN50__layer4,700_800,3,3,7.5137,5.2718,0.0,0.025
RN50__layer4,700_800,4,4,7.467,5.2761,0.01,0.045
RN50__layer4,800_900,0,2,7.4963,5.2887,0.01,0.03
RN50__layer4,800_900,1,2,7.5092,5.2987,0.01,0.03
RN50__layer4,800_900,2,2,7.5079,5.3248,0.01,0.035
RN50__layer4,800_900,3,2,7.515,5.3033,0.01,0.035
RN50__layer4,800_900,4,3,7.493,5.3134,0.0,0.04
RN50__layer4,900_1000,0,2,7.4977,5.3173,0.0,0.05
RN50__layer4,900_1000,1,2,7.5093,5.3149,0.0,0.055
RN50__layer4,900_1000,2,2,7.5092,5.3272,0.005,0.035
RN50__layer4,900_1000,3,2,7.5162,5.3294,0.005,0.02
RN50__layer4,900_1000,4,3,7.481,5.3515,0.0,0.02
RN50__layer4__fov,0_100,0,15,7.1514,4.6058,0.055,0.175
RN50__layer4__fov,0_100,1,16,7.1775,4.6109,0.04,0.145
RN50__layer4__fov,0_100,2,14,7.1382,4.6223,0.04,0.16
RN50__layer4__fov,0_100,3,15,7.1736,4.6212,0.06,0.145
RN50__layer4__fov,0_100,4,15,7.1744,4.6784,0.05,0.14
RN50__layer4__fov,100_200,0,32,6.2626,3.0281,0.275,0.63
RN50__layer4__fov,100_200,1,32,6.2884,3.062,0.255,0.585
RN50__layer4__fov,100_200,2,36,6.232,3.0397,0.26,0.63
RN50__layer4__fov,100_200,3,35,6.2737,3.0617,0.26,0.585
RN50__layer4__fov,100_200,4,40,6.2511,3.0408,0.25,0.605
RN50__layer4__fov,200_300,0,29,6.1877,3.0333,0.3,0.605
RN50__layer4__fov,200_300,1,31,6.1534,3.032,0.24,0.57
RN50__layer4__fov,200_300,2,32,6.1393,3.0463,0.255,0.575
RN50__layer4__fov,200_300,3,30,6.2032,3.0459,0.27,0.59
RN50__layer4__fov,200_300,4,38,6.188,3.0705,0.24,0.57
RN50__layer4__fov,300_400,0,17,6.7021,3.5195,0.195,0.495
RN50__layer4__fov,300_400,1,17,6.7121,3.4926,0.17,0.49
RN50__layer4__fov,300_400,2,16,6.6888,3.5123,0.195,0.455
RN50__layer4__fov,300_400,3,19,6.7476,3.5148,0.165,0.505
RN50__layer4__fov,300_400,4,17,6.7203,3.5306,0.165,0.5
RN50__layer4__fov,400_500,0,16,6.9933,4.161,0.075,0.25
RN50__layer4__fov,400_500,1,15,6.9993,4.1736,0.065,0.25
RN50__layer4__fov,400_500,2,16,6.9919,4.1644,0.085,0.26
RN50__layer4__fov,400_500,3,17,7.0527,4.1566,0.08,0.275
RN50__layer4__fov,400_500,4,14,6.9996,4.1842,0.1,0.28
RN50__layer4__fov,500_600,0,7,7.3999,5.0424,0.015,0.095
RN50__layer4__fov,500_600,1,7,7.4228,5.0296,0.01,0.08
RN50__layer4__fov,500_600,2,8,7.3923,4.9835,0.0,0.1
RN50__layer4__fov,500_600,3,4,7.4459,5.1246,0.015,0.055
RN50__layer4__fov,500_600,4,7,7.3928,5.0643,0.015,0.11
RN50__layer4__fov,600_700,0,5,7.4329,5.161,0.01,0.085
RN50__layer4__fov,600_700,1,4,7.4642,5.1885,0.0,0.04
RN50__layer4__fov,600_700,2,6,7.4288,5.1441,0.01,0.055
RN50__layer4__fov,600_700,3,4,7.4777,5.2449,0.01,0.045
RN50__layer4__fov,600_700,4,5,7.4469,5.2135,0.015,0.05
RN50__layer4__fov,700_800,0,3,7.4677,5.2738,0.005,0.04
RN50__layer4__fov,700_800,1,3,7.4885,5.298,0.01,0.04
RN50__layer4__fov,700_800,2,3,7.4869,5.279,0.01,0.035
RN50__layer4__fov,700_800,3,3,7.4884,5.3339,0.005,0.025
RN50__layer4__fov,700_800,4,3,7.4961,5.2718,0.01,0.05
RN50__layer4__fov,800_900,0,2,7.4909,5.3103,0.01,0.035
RN50__layer4__fov,800_900,1,2,7.5093,5.325,0.0,0.035
RN50__layer4__fov,800_900,2,3,7.4897,5.3032,0.01,0.025
RN50__layer4__fov,800_900,3,2,7.5145,5.3463,0.005,0.025
RN50__layer4__fov,800_900,4,3,7.5057,5.3134,0.015,0.045
RN50__layer4__fov,900_1000,0,2,7.5025,5.3194,0.005,0.015
RN50__layer4__fov,900_1000,1,2,7.5064,5.3352,0.005,0.03
RN50__layer4__fov,900_1000,2,2,7.4955,5.3283,0.005,0.045
RN50__layer4__fov,900_1000,3,2,7.519,5.3508,0.0,0.0
RN50__layer4__fov,900_1000,4,3,7.4928,5.353,0.005,0.02
RN50__stem,0_100,0,22,7.09,4.5865,0.025,0.15
RN50__stem,0_100,1,22,7.1722,4.5723,0.035,0.155
RN50__stem,0_100,2,14,7.155,4.6953,0.025,0.13
RN50__stem,0_100,3,13,7.1372,4.7573,0.015,0.095
RN50__stem,0_100,4,18,7.1367,4.6161,0.015,0.13
RN50__stem,100_200,0,36,6.7261,3.8489,0.085,0.36
RN50__stem,100_200,1,42,6.7374,3.8587,0.08,0.315
RN50__stem,100_200,2,38,6.7758,3.8699,0.085,0.335
RN50__stem,100_200,3,34,6.7701,3.8879,0.09,0.34
RN50__stem,100_200,4,34,6.7314,3.8599,0.105,0.335
RN50__stem,200_300,0,31,6.8207,4.0092,0.07,0.34
RN50__stem,200_300,1,31,6.8487,4.0051,0.105,0.31
RN50__stem,200_300,2,32,6.8123,4.004,0.1,0.35
RN50__stem,200_300,3,33,6.8301,4.0083,0.095,0.34
RN50__stem,200_300,4,33,6.785,4.0504,0.1,0.295
RN50__stem,300_400,0,14,7.2203,4.6271,0.03,0.155
RN50__stem,300_400,1,15,7.2144,4.5824,0.03,0.155
RN50__stem,300_400,2,14,7.2275,4.6456,0.02,0.145
RN50__stem,300_400,3,14,7.2554,4.6685,0.03,0.16
RN50__stem,300_400,4,12,7.2648,4.7683,0.03,0.13
RN50__stem,400_500,0,11,7.3241,5.024,0.035,0.11
RN50__stem,400_500,1,9,7.3745,5.08,0.005,0.105
RN50__stem,400_500,2,10,7.3511,5.0758,0.01,0.095
RN50__stem,400_500,3,12,7.3539,5.0151,0.015,0.095
RN50__stem,400_500,4,10,7.3404,5.065,0.02,0.06
RN50__stem,500_600,0,9,7.4239,5.2465,0.025,0.06
RN50__stem,500_600,1,9,7.4484,5.249,0.005,0.05
RN50__stem,500_600,2,9,7.439,5.2455,0.01,0.035
RN50__stem,500_600,3,10,7.4337,5.2325,0.0,0.045
RN50__stem,500_600,4,9,7.4448,5.2441,0.005,0.04
RN50__stem,600_700,0,9,7.4406,5.283,0.025,0.03
RN50__stem,600_700,1,9,7.4752,5.2701,0.015,0.04
RN50__stem,600_700,2,8,7.4553,5.2723,0.005,0.035
RN50__stem,600_700,3,8,7.4507,5.2856,0.005,0.035
RN50__stem,600_700,4,10,7.4421,5.2798,0.005,0.04
RN50__stem,700_800,0,8,7.4595,5.2814,0.005,0.035
RN50__stem,700_800,1,9,7.4929,5.2989,0.01,0.035
RN50__stem,700_800,2,9,7.4509,5.3013,0.005,0.02
RN50__stem,700_800,3,9,7.4661,5.2855,0.005,0.04
RN50__stem,700_800,4,10,7.4733,5.299,0.005,0.03
RN50__stem,800_900,0,7,7.4726,5.2945,0.01,0.035
RN50__stem,800_900,1,9,7.4814,5.3046,0.01,0.025
RN50__stem,800_900,2,7,7.4707,5.301,0.005,0.025
RN50__stem,800_900,3,7,7.465,5.3109,0.005,0.03
RN50__stem,800_900,4,10,7.4824,5.3031,0.005,0.02
RN50__stem,900_1000,0,7,7.4748,5.3,0.005,0.045
RN50__stem,900_1000,1,8,7.496,5.3109,0.01,0.025
RN50__stem,900_1000,2,9,7.4656,5.3125,0.005,0.015
RN50__stem,900_1000,3,7,7.4626,5.3005,0.005,0.025
RN50__stem,900_1000,4,10,7.4731,5.3126,0.005,0.02
RN50__stem__fov,0_100,0,25,7.0765,4.4571,0.025,0.2
RN50__stem__fov,0_100,1,22,7.1479,4.4874,0.025,0.185
RN50__stem__fov,0_100,2,22,7.1271,4.4859,0.035,0.195
RN50__stem__fov,0_100,3,30,7.11,4.4471,0.025,0.18
RN50__stem__fov,0_100,4,17,7.1306,4.577,0.02,0.125
RN50__stem__fov,100_200,0,33,6.6812,3.7999,0.1,0.375
RN50__stem__fov,100_200,1,42,6.6803,3.7241,0.12,0.375
RN50__stem__fov,100_200,2,38,6.7123,3.7753,0.08,0.385
RN50__stem__fov,100_200,3,38,6.7064,3.7813,0.1,0.395
RN50__stem__fov,100_200,4,34,6.6951,3.798,0.08,0.33
RN50__stem__fov,200_300,0,35,6.8053,3.9501,0.095,0.33
RN50__stem__fov,200_300,1,31,6.786,3.9574,0.075,0.335
RN50__stem__fov,200_300,2,32,6.8055,3.9191,0.11,0.365
RN50__stem__fov,200_300,3,31,6.7853,3.9538,0.125,0.33
RN50__stem__fov,200_300,4,30,6.7563,4.0089,0.115,0.325
RN50__stem__fov,300_400,0,14,7.2265,4.5967,0.035,0.205
RN50__stem__fov,300_400,1,13,7.1964,4.6432,0.035,0.15
RN50__stem__fov,300_400,2,14,7.2306,4.6284,0.03,0.15
RN50__stem__fov,300_400,3,15,7.2511,4.6093,0.025,0.155
RN50__stem__fov,300_400,4,15,7.2708,4.6309,0.02,0.16
RN50__stem__fov,400_500,0,11,7.3176,5.0193,0.035,0.105
RN50__stem__fov,400_500,1,9,7.3445,5.0779,0.03,0.075
RN50__stem__fov,400_500,2,10,7.3471,5.0541,0.015,0.115
RN50__stem__fov,400_500,3,10,7.3523,5.0571,0.02,0.06
RN50__stem__fov,400_500,4,10,7.3431,5.0586,0.025,0.075
RN50__stem__fov,500_600,0,9,7.4288,5.2389,0.015,0.055
RN50__stem__fov,500_600,1,9,7.4498,5.2434,0.01,0.03
RN50__stem__fov,500_600,2,8,7.4502,5.2506,0.01,0.045
RN50__stem__fov,500_600,3,10,7.4324,5.2254,0.01,0.035
RN50__stem__fov,500_600,4,9,7.4529,5.2395,0.01,0.035
RN50__stem__fov,600_700,0,9,7.4457,5.2705,0.01,0.025
RN50__stem__fov,600_700,1,9,7.4647,5.264,0.005,0.035
RN50__stem__fov,600_700,2,8,7.4383,5.2784,0.0,0.03
RN50__stem__fov,600_700,3,9,7.4554,5.2899,0.005,0.035
RN50__stem__fov,600_700,4,10,7.4489,5.2812,0.01,0.03
RN50__stem__fov,700_800,0,8,7.4657,5.2857,0.015,0.04
RN50__stem__fov,700_800,1,9,7.4844,5.3018,0.005,0.035
RN50__stem__fov,700_800,2,8,7.4478,5.3026,0.005,0.03
RN50__stem__fov,700_800,3,10,7.4568,5.2923,0.0,0.03
RN50__stem__fov,700_800,4,10,7.4782,5.2967,0.01,0.03
RN50__stem__fov,800_900,0,8,7.477,5.2964,0.0,0.02
RN50__stem__fov,800_900,1,9,7.4833,5.3004,0.005,0.03
RN50__stem__fov,800_900,2,7,7.4698,5.3048,0.01,0.03
RN50__stem__fov,800_900,3,7,7.4658,5.3112,0.0,0.02
RN50__stem__fov,800_900,4,10,7.485,5.3139,0.005,0.025
RN50__stem__fov,900_1000,0,7,7.4788,5.308,0.005,0.045
RN50__stem__fov,900_1000,1,9,7.4828,5.3224,0.0,0.025
RN50__stem__fov,900_1000,2,8,7.4792,5.3169,0.005,0.03
RN50__stem__fov,900_1000,3,7,7.4577,5.305,0.005,0.035
RN50__stem__fov,900_1000,4,10,7.4776,5.3101,0.005,0.03
ViT-B-16__block10,0_100,0,10,7.2271,4.7797,0.03,0.145
ViT-B-16__block10,0_100,1,14,7.2188,4.7541,0.02,0.145
ViT-B-16__block10,0_100,2,13,7.1799,4.7477,0.025,0.15
ViT-B-16__block10,0_100,3,13,7.1977,4.7179,0.02,0.115
ViT-B-16__block10,0_100,4,13,7.2456,4.7137,0.03,0.155
ViT-B-16__block10,100_200,0,25,6.4681,3.3134,0.23,0.52
ViT-B-16__block10,100_200,1,26,6.4547,3.3158,0.225,0.535
ViT-B-16__block10,100_200,2,25,6.4556,3.2791,0.285,0.565
ViT-B-16__block10,100_200,3,20,6.4651,3.3549,0.245,0.51
ViT-B-16__block10,100_200,4,26,6.4384,3.3004,0.215,0.52
ViT-B-16__block10,200_300,0,26,6.3818,3.2219,0.21,0.55
ViT-B-16__block10,200_300,1,26,6.3453,3.2223,0.23,0.55
ViT-B-16__block10,200_300,2,25,6.3386,3.2576,0.2,0.545
ViT-B-16__block10,200_300,3,30,6.3716,3.2322,0.21,0.525
ViT-B-16__block10,200_300,4,27,6.3516,3.2481,0.22,0.53
ViT-B-16__block10,300_400,0,17,6.7851,3.6593,0.15,0.415
ViT-B-16__block10,300_400,1,14,6.8257,3.7651,0.14,0.37
ViT-B-16__block10,300_400,2,17,6.8212,3.6753,0.15,0.435
ViT-B-16__block10,300_400,3,15,6.8139,3.7196,0.14,0.41
ViT-B-16__block10,300_400,4,14,6.8216,3.7179,0.155,0.405
ViT-B-16__block10,400_500,0,13,7.0808,4.3662,0.06,0.225
ViT-B-16__block10,400_500,1,14,7.0645,4.316,0.055,0.2
ViT-B-16__block10,400_500,2,14,7.0711,4.2836,0.07,0.24
ViT-B-16__block10,400_500,3,15,7.0986,4.2683,0.06,0.22
ViT-B-16__block10,400_500,4,14,7.0554,4.3037,0.08,0.215
ViT-B-16__block10,500_600,0,5,7.4069,5.1282,0.015,0.05
ViT-B-16__block10,500_600,1,7,7.4226,5.0148,0.045,0.12
ViT-B-16__block10,500_600,2,6,7.4318,5.0454,0.015,0.06
ViT-B-16__block10,500_600,3,5,7.4361,5.0706,0.03,0.09
ViT-B-16__block10,500_600,4,9,7.3901,4.9842,0.035,0.115
ViT-B-16__block10,600_700,0,4,7.4322,5.1971,0.015,0.035
ViT-B-16__block10,600_700,1,5,7.4464,5.1654,0.01,0.055
ViT-B-16__block10,600_700,2,3,7.4509,5.2194,0.01,0.055
ViT-B-16__block10,600_700,3,4,7.4606,5.1666,0.005,0.07
ViT-B-16__block10,600_700,4,4,7.4631,5.1896,0.015,0.05
ViT-B-16__block10,700_800,0,3,7.4778,5.296,0.0,0.045
ViT-B-16__block10,700_800,1,4,7.4857,5.2939,0.01,0.015
ViT-B-16__block10,700_800,2,3,7.5004,5.2818,0.005,0.03
ViT-B-16__block10,700_800,3,2,7.4891,5.2808,0.005,0.03
ViT-B-16__block10,700_800,4,3,7.4824,5.2826,0.005,0.04
ViT-B-16__block10,800_900,0,2,7.4847,5.3023,0.005,0.015
ViT-B-16__block10,800_900,1,2,7.5018,5.2964,0.005,0.025
ViT-B-16__block10,800_900,2,2,7.5124,5.3151,0.0,0.02
ViT-B-16__block10,800_900,3,2,7.4917,5.2923,0.0,0.035
ViT-B-16__block10,800_900,4,2,7.495,5.3156,0.005,0.04
ViT-B-16__block10,900_1000,0,2,7.5027,5.3132,0.0,0.02
ViT-B-16__block10,900_1000,1,2,7.5013,5.3173,0.0,0.025
ViT-B-16__block10,900_1000,2,2,7.512,5.3185,0.005,0.025
ViT-B-16__block10,900_1000,3,2,7.4992,5.3228,0.005,0.02
ViT-B-16__block10,900_1000,4,2,7.4952,5.3021,0.0,0.03
ViT-B-16__block10__fov,0_100,0,13,7.1948,4.7361,0.02,0.15
ViT-B-16__block10__fov,0_100,1,12,7.2259,4.7523,0.035,0.145
ViT-B-16__block10__fov,0_100,2,14,7.1703,4.6999,0.035,0.155
ViT-B-16__block10__fov,0_100,3,13,7.2038,4.6726,0.025,0.13
ViT-B-16__block10__fov,0_100,4,12,7.1982,4.6927,0.045,0.15
ViT-B-16__block10__fov,100_200,0,25,6.4097,3.2449,0.235,0.57
ViT-B-16__block10__fov,100_200,1,26,6.3898,3.2265,0.255,0.575
ViT-B-16__block10__fov,100_200,2,32,6.3981,3.2266,0.225,0.55
ViT-B-16__block10__fov,100_200,3,22,6.431,3.2558,0.225,0.575
ViT-B-16__block10__fov,100_200,4,26,6.4136,3.2413,0.225,0.55
ViT-B-16__block10__fov,200_300,0,27,6.3448,3.1559,0.22,0.545
ViT-B-16__block10__fov,200_300,1,27,6.3186,3.189,0.225,0.54
ViT-B-16__block10__fov,200_300,2,25,6.3389,3.2087,0.21,0.52
ViT-B-16__block10__fov,200_300,3,30,6.3434,3.1728,0.245,0.525
ViT-B-16__block10__fov,200_300,4,32,6.296,3.1528,0.24,0.555
ViT-B-16__block10__fov,300_400,0,16,6.771,3.6538,0.175,0.445
ViT-B-16__block10__fov,300_400,1,14,6.8019,3.6802,0.155,0.43
ViT-B-16__block10__fov,300_400,2,17,6.8125,3.6021,0.16,0.445
ViT-B-16__block10__fov,300_400,3,15,6.7984,3.6773,0.19,0.425
ViT-B-16__block10__fov,300_400,4,18,6.8193,3.6698,0.135,0.4
ViT-B-16__block10__fov,400_500,0,16,7.0712,4.2278,0.06,0.245
ViT-B-16__block10__fov,400_500,1,14,7.052,4.2371,0.065,0.25
ViT-B-16__block10__fov,400_500,2,14,7.0568,4.2176,0.09,0.225
ViT-B-16__block10__fov,400_500,3,15,7.0764,4.2439,0.075,0.26
ViT-B-16__block10__fov,400_500,4,14,7.0631,4.2287,0.095,0.25
ViT-B-16__block10__fov,500_600,0,7,7.4046,5.0348,0.01,0.07
ViT-B-16__block10__fov,500_600,1,7,7.4145,5.0633,0.02,0.09
ViT-B-16__block10__fov,500_600,2,8,7.418,4.9484,0.015,0.105
ViT-B-16__block10__fov,500_600,3,5,7.4649,5.1017,0.02,0.075
ViT-B-16__block10__fov,500_600,4,9,7.3969,4.9411,0.03,0.125
ViT-B-16__block10__fov,600_700,0,5,7.4285,5.1782,0.0,0.075
ViT-B-16__block10__fov,600_700,1,4,7.4547,5.187,0.015,0.075
ViT-B-16__block10__fov,600_700,2,6,7.4429,5.1394,0.0,0.05
ViT-B-16__block10__fov,600_700,3,3,7.4741,5.1833,0.015,0.07
ViT-B-16__block10__fov,600_700,4,7,7.449,5.1145,0.03,0.065
ViT-B-16__block10__fov,700_800,0,3,7.4582,5.2971,0.01,0.02
ViT-B-16__block10__fov,700_800,1,3,7.4917,5.3148,0.005,0.02
ViT-B-16__block10__fov,700_800,2,3,7.4837,5.255,0.005,0.035
ViT-B-16__block10__fov,700_800,3,2,7.4958,5.2811,0.005,0.035
ViT-B-16__block10__fov,700_800,4,3,7.5014,5.2727,0.015,0.045
ViT-B-16__block10__fov,800_900,0,3,7.4925,5.3149,0.0,0.025
ViT-B-16__block10__fov,800_900,1,3,7.4925,5.3284,0.005,0.025
ViT-B-16__block10__fov,800_900,2,2,7.5079,5.3196,0.0,0.02
ViT-B-16__block10__fov,800_900,3,2,7.5024,5.3095,0.005,0.025
ViT-B-16__block10__fov,800_900,4,3,7.5064,5.3247,0.01,0.035
ViT-B-16__block10__fov,900_1000,0,3,7.5023,5.3049,0.005,0.035
ViT-B-16__block10__fov,900_1000,1,3,7.4884,5.3282,0.01,0.045
ViT-B-16__block10__fov,900_1000,2,2,7.5002,5.3105,0.005,0.025
ViT-B-16__block10__fov,900_1000,3,2,7.5237,5.3174,0.005,0.02
ViT-B-16__block10__fov,900_1000,4,3,7.5072,5.317,0.005,0.005
ViT-B-16__block12,0_100,0,12,7.3451,4.9469,0.015,0.11
ViT-B-16__block12,0_100,1,9,7.3472,4.9963,0.025,0.1
ViT-B-16__block12,0_100,2,12,7.3175,5.0076,0.02,0.11
ViT-B-16__block12,0_100,3,10,7.3292,5.0184,0.025,0.105
ViT-B-16__block12,0_100,4,12,7.352,5.0085,0.03,0.095
ViT-B-16__block12,100_200,0,20,6.6792,3.6849,0.16,0.445
ViT-B-16__block12,100_200,1,17,6.6935,3.7156,0.17,0.415
ViT-B-16__block12,100_200,2,18,6.681,3.7215,0.16,0.395
ViT-B-16__block12,100_200,3,19,6.6927,3.7107,0.185,0.435
ViT-B-16__block12,100_200,4,20,6.6705,3.6932,0.165,0.43
ViT-B-16__block12,200_300,0,20,6.5974,3.5292,0.16,0.42
ViT-B-16__block12,200_300,1,23,6.6058,3.5239,0.15,0.47
ViT-B-16__block12,200_300,2,25,6.5958,3.5587,0.17,0.415
ViT-B-16__block12,200_300,3,20,6.6222,3.5924,0.145,0.43
ViT-B-16__block12,200_300,4,23,6.5901,3.5767,0.14,0.455
ViT-B-16__block12,300_400,0,15,6.9059,3.8424,0.15,0.34
ViT-B-16__block12,300_400,1,14,6.9188,3.8583,0.165,0.35
ViT-B-16__block12,300_400,2,16,6.9124,3.8236,0.15,0.4
ViT-B-16__block12,300_400,3,14,6.9356,3.8607,0.15,0.36
ViT-B-16__block12,300_400,4,17,6.9137,3.8281,0.115,0.365
ViT-B-16__block12,400_500,0,16,7.1335,4.3423,0.07,0.235
ViT-B-16__block12,400_500,1,15,7.1535,4.3308,0.075,0.225
ViT-B-16__block12,400_500,2,16,7.1149,4.3013,0.08,0.26
ViT-B-16__block12,400_500,3,16,7.1589,4.3294,0.075,0.245
ViT-B-16__block12,400_500,4,16,7.1339,4.315,0.065,0.24
ViT-B-16__block12,500_600,0,6,7.455,5.1508,0.015,0.07
ViT-B-16__block12,500_600,1,7,7.4598,5.1101,0.05,0.095
ViT-B-16__block12,500_600,2,4,7.4522,5.1909,0.02,0.04
ViT-B-16__block12,500_600,3,4,7.4892,5.1109,0.015,0.085
ViT-B-16__block12,500_600,4,9,7.4414,5.0803,0.025,0.075
ViT-B-16__block12,600_700,0,5,7.4869,5.1795,0.03,0.09
ViT-B-16__block12,600_700,1,5,7.4859,5.2082,0.005,0.065
ViT-B-16__block12,600_700,2,3,7.472,5.2753,0.01,0.03
ViT-B-16__block12,600_700,3,3,7.4872,5.2773,0.01,0.05
ViT-B-16__block12,600_700,4,6,7.4743,5.1831,0.005,0.065
ViT-B-16__block12,700_800,0,3,7.5104,5.3068,0.005,0.03
ViT-B-16__block12,700_800,1,4,7.5134,5.3063,0.005,0.06
ViT-B-16__block12,700_800,2,3,7.5146,5.33,0.005,0.025
ViT-B-16__block12,700_800,3,2,7.5204,5.328,0.0,0.025
ViT-B-16__block12,700_800,4,4,7.4988,5.2762,0.015,0.055
ViT-B-16__block12,800_900,0,2,7.5126,5.3401,0.015,0.03
ViT-B-16__block12,800_900,1,2,7.5093,5.3256,0.005,0.02
ViT-B-16__block12,800_900,2,2,7.5242,5.3243,0.015,0.035
ViT-B-16__block12,800_900,3,2,7.5196,5.3496,0.01,0.03
ViT-B-16__block12,800_900,4,3,7.5158,5.3261,0.0,0.03
ViT-B-16__block12,900_1000,0,2,7.5241,5.3453,0.005,0.03
ViT-B-16__block12,900_1000,1,2,7.5359,5.3206,0.0,0.055
ViT-B-16__block12,900_1000,2,2,7.5154,5.3483,0.01,0.025
ViT-B-16__block12,900_1000,3,2,7.5255,5.3424,0.015,0.03
ViT-B-16__block12,900_1000,4,3,7.5307,5.3427,0.015,0.035
ViT-B-16__block12__fov,0_100,0,9,7.3081,5.0273,0.015,0.095
ViT-B-16__block12__fov,0_100,1,11,7.3626,4.9909,0.02,0.11
ViT-B-16__block12__fov,0_100,2,11,7.3082,4.9514,0.02,0.115
ViT-B-16__block12__fov,0_100,3,12,7.3281,4.9848,0.01,0.065
ViT-B-16__block12__fov,0_100,4,12,7.329,4.9506,0.02,0.095
ViT-B-16__block12__fov,100_200,0,20,6.6914,3.7276,0.17,0.41
ViT-B-16__block12__fov,100_200,1,21,6.6988,3.6925,0.16,0.435
ViT-B-16__block12__fov,100_200,2,20,6.6514,3.6792,0.165,0.465
ViT-B-16__block12__fov,100_200,3,20,6.6895,3.6488,0.195,0.5
ViT-B-16__block12__fov,100_200,4,20,6.6415,3.6595,0.165,0.46
ViT-B-16__block12__fov,200_300,0,20,6.6058,3.5459,0.195,0.43
ViT-B-16__block12__fov,200_300,1,22,6.5866,3.5579,0.2,0.41
ViT-B-16__block12__fov,200_300,2,25,6.5725,3.5531,0.22,0.405
ViT-B-16__block12__fov,200_300,3,20,6.6068,3.5473,0.205,0.445
ViT-B-16__block12__fov,200_300,4,23,6.5715,3.5468,0.195,0.405
ViT-B-16__block12__fov,300_400,0,15,6.9139,3.8293,0.15,0.365
ViT-B-16__block12__fov,300_400,1,14,6.9257,3.8228,0.16,0.37
ViT-B-16__block12__fov,300_400,2,17,6.9116,3.8251,0.135,0.38
ViT-B-16__block12__fov,300_400,3,16,6.929,3.811,0.17,0.395
ViT-B-16__block12__fov,300_400,4,17,6.9234,3.8081,0.135,0.37
ViT-B-16__block12__fov,400_500,0,17,7.1456,4.2852,0.075,0.27
ViT-B-16__block12__fov,400_500,1,16,7.1491,4.325,0.07,0.225
ViT-B-16__block12__fov,400_500,2,14,7.1243,4.2703,0.075,0.265
ViT-B-16__block12__fov,400_500,3,16,7.1853,4.2405,0.08,0.25
ViT-B-16__block12__fov,400_500,4,15,7.1321,4.2822,0.07,0.255
ViT-B-16__block12__fov,500_600,0,7,7.44,5.1304,0.02,0.095
ViT-B-16__block12__fov,500_600,1,7,7.4696,5.0761,0.025,0.06
ViT-B-16__block12__fov,500_600,2,6,7.4515,5.1103,0.02,0.085
ViT-B-16__block12__fov,500_600,3,4,7.4894,5.1396,0.01,0.065
ViT-B-16__block12__fov,500_600,4,8,7.4296,5.0804,0.02,0.095
ViT-B-16__block12__fov,600_700,0,6,7.465,5.238,0.015,0.045
ViT-B-16__block12__fov,600_700,1,7,7.4967,5.186,0.02,0.055
ViT-B-16__block12__fov,600_700,2,3,7.479,5.2493,0.015,0.065
ViT-B-16__block12__fov,600_700,3,3,7.502,5.2379,0.02,0.055
ViT-B-16__block12__fov,600_700,4,5,7.4681,5.2094,0.01,0.05
ViT-B-16__block12__fov,700_800,0,3,7.5078,5.3373,0.005,0.015
ViT-B-16__block12__fov,700_800,1,3,7.5248,5.2739,0.005,0.055
ViT-B-16__block12__fov,700_800,2,3,7.5137,5.3047,0.02,0.035
ViT-B-16__block12__fov,700_800,3,2,7.5216,5.3341,0.0,0.02
ViT-B-16__block12__fov,700_800,4,4,7.5151,5.3011,0.01,0.06
ViT-B-16__block12__fov,800_900,0,2,7.5131,5.3705,0.01,0.015
ViT-B-16__block12__fov,800_900,1,3,7.5257,5.3199,0.015,0.035
ViT-B-16__block12__fov,800_900,2,2,7.5372,5.3214,0.005,0.04
ViT-B-16__block12__fov,800_900,3,2,7.5434,5.3249,0.005,0.03
ViT-B-16__block12__fov,800_900,4,3,7.5122,5.3112,0.0,0.015
ViT-B-16__block12__fov,900_1000,0,2,7.5296,5.3726,0.01,0.02
ViT-B-16__block12__fov,900_1000,1,3,7.5338,5.3186,0.01,0.055
ViT-B-16__block12__fov,900_1000,2,2,7.515,5.3361,0.005,0.025
ViT-B-16__block12__fov,900_1000,3,2,7.5467,5.3421,0.005,0.025
ViT-B-16__block12__fov,900_1000,4,3,7.5174,5.3196,0.005,0.04
ViT-B-16__block2,0_100,0,19,6.8266,4.0508,0.06,0.28
ViT-B-16__block2,0_100,1,24,6.8753,3.9608,0.09,0.29
ViT-B-16__block2,0_100,2,19,6.8816,3.9992,0.07,0.285
ViT-B-16__block2,0_100,3,16,6.8496,4.025,0.06,0.275
ViT-B-16__block2,0_100,4,15,6.8669,4.0735,0.07,0.255
ViT-B-16__block2,100_200,0,44,6.2632,3.0253,0.24,0.575
ViT-B-16__block2,100_200,1,38,6.2017,3.0747,0.225,0.545
ViT-B-16__block2,100_200,2,44,6.2789,3.0317,0.245,0.565
ViT-B-16__block2,100_200,3,38,6.2394,3.0386,0.24,0.57
ViT-B-16__block2,100_200,4,42,6.2026,3.0232,0.245,0.565
ViT-B-16__block2,200_300,0,20,6.4628,3.3336,0.24,0.49
ViT-B-16__block2,200_300,1,23,6.431,3.3268,0.215,0.515
ViT-B-16__block2,200_300,2,28,6.4093,3.3292,0.19,0.49
ViT-B-16__block2,200_300,3,21,6.454,3.339,0.205,0.5
ViT-B-16__block2,200_300,4,25,6.457,3.3246,0.205,0.48
ViT-B-16__block2,300_400,0,13,7.0375,4.16,0.095,0.325
ViT-B-16__block2,300_400,1,12,7.054,4.178,0.06,0.265
ViT-B-16__block2,300_400,2,12,7.0576,4.1453,0.085,0.33
ViT-B-16__block2,300_400,3,12,7.0525,4.15,0.08,0.275
ViT-B-16__block2,300_400,4,10,7.0807,4.1871,0.085,0.29
ViT-B-16__block2,400_500,0,6,7.2749,4.7706,0.045,0.155
ViT-B-16__block2,400_500,1,7,7.2811,4.7355,0.025,0.155
ViT-B-16__block2,400_500,2,8,7.2717,4.6904,0.05,0.18
ViT-B-16__block2,400_500,3,10,7.2741,4.6421,0.055,0.19
ViT-B-16__block2,400_500,4,9,7.2857,4.67,0.045,0.165
ViT-B-16__block2,500_600,0,3,7.3992,5.2282,0.01,0.065
ViT-B-16__block2,500_600,1,4,7.4074,5.2124,0.005,0.04
ViT-B-16__block2,500_600,2,3,7.4241,5.2285,0.01,0.05
ViT-B-16__block2,500_600,3,3,7.4174,5.2153,0.01,0.03
ViT-B-16__block2,500_600,4,4,7.4005,5.1853,0.005,0.055
ViT-B-16__block2,600_700,0,3,7.4098,5.2742,0.005,0.035
ViT-B-16__block2,600_700,1,3,7.4415,5.2707,0.0,0.035
ViT-B-16__block2,600_700,2,2,7.4404,5.274,0.0,0.025
ViT-B-16__block2,600_700,3,3,7.4381,5.2651,0.015,0.05
ViT-B-16__block2,600_700,4,3,7.433,5.2857,0.005,0.045
ViT-B-16__block2,700_800,0,3,7.4432,5.3067,0.015,0.055
ViT-B-16__block2,700_800,1,2,7.4574,5.2781,0.0,0.02
ViT-B-16__block2,700_800,2,3,7.4391,5.3073,0.005,0.015
ViT-B-16__block2,700_800,3,2,7.458,5.2996,0.005,0.035
ViT-B-16__block2,700_800,4,3,7.4468,5.309,0.01,0.025
ViT-B-16__block2,800_900,0,3,7.4449,5.3159,0.0,0.015
ViT-B-16__block2,800_900,1,2,7.465,5.3032,0.005,0.025
ViT-B-16__block2,800_900,2,2,7.4545,5.3145,0.005,0.04
ViT-B-16__block2,800_900,3,2,7.4585,5.307,0.005,0.03
ViT-B-16__block2,800_900,4,2,7.4524,5.3139,0.005,0.03
ViT-B-16__block2,900_1000,0,3,7.4603,5.311,0.005,0.02
ViT-B-16__block2,900_1000,1,3,7.4661,5.3021,0.005,0.01
ViT-B-16__block2,900_1000,2,2,7.4673,5.3328,0.0,0.02
ViT-B-16__block2,900_1000,3,2,7.4666,5.3166,0.005,0.025
ViT-B-16__block2,900_1000,4,2,7.4393,5.313,0.005,0.025
ViT-B-16__block2__fov,0_100,0,18,6.7982,3.991,0.065,0.285
ViT-B-16__block2__fov,0_100,1,24,6.8536,3.8721,0.08,0.29
ViT-B-16__block2__fov,0_100,2,18,6.8435,3.9477,0.065,0.245
ViT-B-16__block2__fov,0_100,3,18,6.8205,3.9407,0.055,0.265
ViT-B-16__block2__fov,0_100,4,17,6.8378,3.9563,0.075,0.255
ViT-B-16__block2__fov,100_200,0,46,6.2097,2.9294,0.265,0.59
ViT-B-16__block2__fov,100_200,1,38,6.1594,2.961,0.25,0.57
ViT-B-16__block2__fov,100_200,2,46,6.2237,2.9436,0.25,0.59
ViT-B-16__block2__fov,100_200,3,37,6.1946,2.9576,0.23,0.585
ViT-B-16__block2__fov,100_200,4,42,6.1712,2.9242,0.265,0.565
ViT-B-16__block2__fov,200_300,0,20,6.4513,3.2781,0.21,0.49
ViT-B-16__block2__fov,200_300,1,23,6.4045,3.2833,0.225,0.505
ViT-B-16__block2__fov,200_300,2,28,6.3862,3.2595,0.23,0.47
ViT-B-16__block2__fov,200_300,3,21,6.44,3.2675,0.22,0.515
ViT-B-16__block2__fov,200_300,4,28,6.4138,3.2329,0.22,0.515
ViT-B-16__block2__fov,300_400,0,13,7.0424,4.114,0.11,0.305
ViT-B-16__block2__fov,300_400,1,12,7.0509,4.144,0.055,0.27
ViT-B-16__block2__fov,300_400,2,12,7.0449,4.1341,0.095,0.325
ViT-B-16__block2__fov,300_400,3,12,7.0599,4.1366,0.095,0.3
ViT-B-16__block2__fov,300_400,4,10,7.0797,4.1714,0.085,0.28
ViT-B-16__block2__fov,400_500,0,6,7.271,4.768,0.035,0.165
ViT-B-16__block2__fov,400_500,1,9,7.2823,4.6884,0.03,0.15
ViT-B-16__block2__fov,400_500,2,8,7.2521,4.668,0.045,0.185
ViT-B-16__block2__fov,400_500,3,10,7.2782,4.643,0.055,0.185
ViT-B-16__block2__fov,400_500,4,9,7.2863,4.6352,0.05,0.19
ViT-B-16__block2__fov,500_600,0,3,7.3908,5.2354,0.02,0.065
ViT-B-16__block2__fov,500_600,1,4,7.3997,5.2138,0.02,0.06
ViT-B-16__block2__fov,500_600,2,4,7.4038,5.1923,0.01,0.055
ViT-B-16__block2__fov,500_600,3,3,7.4225,5.2014,0.02,0.05
ViT-B-16__block2__fov,500_600,4,4,7.3993,5.1636,0.015,0.09
ViT-B-16__block2__fov,600_700,0,3,7.4053,5.2777,0.005,0.03
ViT-B-16__block2__fov,600_700,1,3,7.4453,5.2726,0.0,0.035
ViT-B-16__block2__fov,600_700,2,4,7.4367,5.254,0.005,0.02
ViT-B-16__block2__fov,600_700,3,3,7.4407,5.258,0.01,0.055
ViT-B-16__block2__fov,600_700,4,3,7.4353,5.2777,0.01,0.04
ViT-B-16__block2__fov,700_800,0,3,7.4281,5.3116,0.01,0.025
ViT-B-16__block2__fov,700_800,1,2,7.4558,5.2998,0.01,0.035
ViT-B-16__block2__fov,700_800,2,3,7.4297,5.2932,0.01,0.04
ViT-B-16__block2__fov,700_800,3,2,7.4656,5.285,0.01,0.025
ViT-B-16__block2__fov,700_800,4,4,7.4507,5.3006,0.01,0.025
ViT-B-16__block2__fov,800_900,0,3,7.4408,5.3155,0.005,0.04
ViT-B-16__block2__fov,800_900,1,2,7.4659,5.3153,0.0,0.025
ViT-B-16__block2__fov,800_900,2,2,7.4519,5.2963,0.01,0.025
ViT-B-16__block2__fov,800_900,3,2,7.4625,5.3083,0.02,0.025
ViT-B-16__block2__fov,800_900,4,2,7.45,5.3027,0.005,0.025
ViT-B-16__block2__fov,900_1000,0,3,7.4544,5.3171,0.01,0.025
ViT-B-16__block2__fov,900_1000,1,3,7.4645,5.312,0.005,0.035
ViT-B-16__block2__fov,900_1000,2,2,7.4589,5.3264,0.0,0.03
ViT-B-16__block2__fov,900_1000,3,2,7.4705,5.3123,0.015,0.04
ViT-B-16__block2__fov,900_1000,4,2,7.4478,5.3036,0.005,0.025
ViT-B-16__block4,0_100,0,14,6.8981,4.1664,0.035,0.29
ViT-B-16__block4,0_100,1,19,6.8932,3.9966,0.07,0.295
ViT-B-16__block4,0_100,2,18,6.8975,4.0548,0.045,0.27
ViT-B-16__block4,0_100,3,18,6.9037,4.026,0.04,0.285
ViT-B-16__block4,0_100,4,15,6.9112,4.0997,0.055,0.275
ViT-B-16__block4,100_200,0,44,6.0221,2.7196,0.345,0.655
ViT-B-16__block4,100_200,1,40,5.9992,2.7148,0.36,0.645
ViT-B-16__block4,100_200,2,36,6.058,2.6984,0.34,0.65
ViT-B-16__block4,100_200,3,44,6.0489,2.7268,0.325,0.67
ViT-B-16__block4,100_200,4,32,6.0356,2.6968,0.35,0.66
ViT-B-16__block4,200_300,0,20,6.1974,3.1121,0.225,0.525
ViT-B-16__block4,200_300,1,26,6.197,3.0649,0.225,0.545
ViT-B-16__block4,200_300,2,28,6.2061,3.0401,0.23,0.555
ViT-B-16__block4,200_300,3,23,6.2408,3.091,0.21,0.535
ViT-B-16__block4,200_300,4,27,6.2406,3.0277,0.265,0.575
ViT-B-16__block4,300_400,0,13,6.8496,3.8951,0.14,0.335
ViT-B-16__block4,300_400,1,14,6.8861,3.8953,0.105,0.325
ViT-B-16__block4,300_400,2,14,6.9011,3.8686,0.115,0.38
ViT-B-16__block4,300_400,3,12,6.8924,3.8829,0.11,0.315
ViT-B-16__block4,300_400,4,12,6.9356,3.9192,0.11,0.37
ViT-B-16__block4,400_500,0,9,7.1811,4.4763,0.055,0.18
ViT-B-16__block4,400_500,1,9,7.1721,4.4436,0.055,0.2
ViT-B-16__block4,400_500,2,10,7.1496,4.4249,0.06,0.175
ViT-B-16__block4,400_500,3,10,7.1818,4.4391,0.07,0.17
ViT-B-16__block4,400_500,4,9,7.2229,4.4394,0.07,0.22
ViT-B-16__block4,500_600,0,3,7.3914,5.1686,0.01,0.075
ViT-B-16__block4,500_600,1,6,7.4026,5.1502,0.01,0.085
ViT-B-16__block4,500_600,2,4,7.3933,5.1451,0.01,0.06
ViT-B-16__block4,500_600,3,4,7.4053,5.1418,0.025,0.075
ViT-B-16__block4,500_600,4,4,7.4117,5.1316,0.005,0.08
ViT-B-16__block4,600_700,0,3,7.4054,5.2449,0.02,0.055
ViT-B-16__block4,600_700,1,3,7.4486,5.271,0.01,0.045
ViT-B-16__block4,600_700,2,3,7.4324,5.2445,0.005,0.03
ViT-B-16__block4,600_700,3,3,7.435,5.254,0.01,0.055
ViT-B-16__block4,600_700,4,3,7.4346,5.247,0.015,0.05
ViT-B-16__block4,700_800,0,3,7.4479,5.2731,0.005,0.03
ViT-B-16__block4,700_800,1,3,7.4734,5.2702,0.01,0.05
ViT-B-16__block4,700_800,2,3,7.4424,5.2994,0.0,0.015
ViT-B-16__block4,700_800,3,3,7.4604,5.2983,0.015,0.05
ViT-B-16__block4,700_800,4,3,7.4603,5.3011,0.005,0.03
ViT-B-16__block4,800_900,0,2,7.4589,5.3035,0.0,0.04
ViT-B-16__block4,800_900,1,2,7.4813,5.3083,0.01,0.03
ViT-B-16__block4,800_900,2,2,7.4661,5.2843,0.0,0.04
ViT-B-16__block4,800_900,3,2,7.4639,5.3159,0.005,0.02
ViT-B-16__block4,800_900,4,2,7.4698,5.3025,0.015,0.05
ViT-B-16__block4,900_1000,0,2,7.464,5.3007,0.005,0.01
ViT-B-16__block4,900_1000,1,2,7.4841,5.3228,0.01,0.04
ViT-B-16__block4,900_1000,2,2,7.4693,5.3157,0.0,0.0
ViT-B-16__block4,900_1000,3,2,7.4593,5.3303,0.005,0.02
ViT-B-16__block4,900_1000,4,2,7.4731,5.3103,0.0,0.025
ViT-B-16__block4__fov,0_100,0,14,6.8676,4.0716,0.065,0.27
ViT-B-16__block4__fov,0_100,1,19,6.8851,3.9109,0.06,0.32
ViT-B-16__block4__fov,0_100,2,19,6.8834,4.0148,0.05,0.28
ViT-B-16__block4__fov,0_100,3,16,6.8916,4.0236,0.055,0.28
ViT-B-16__block4__fov,0_100,4,15,6.9052,4.0622,0.045,0.27
ViT-B-16__block4__fov,100_200,0,35,5.9805,2.6644,0.365,0.685
ViT-B-16__block4__fov,100_200,1,39,5.9342,2.679,0.345,0.655
ViT-B-16__block4__fov,100_200,2,46,6.0052,2.6399,0.325,0.65
ViT-B-16__block4__fov,100_200,3,45,5.9882,2.6626,0.35,0.64
ViT-B-16__block4__fov,100_200,4,42,6.0086,2.6375,0.32,0.66
ViT-B-16__block4__fov,200_300,0,20,6.1842,3.0683,0.24,0.55
ViT-B-16__block4__fov,200_300,1,23,6.19,3.0412,0.225,0.565
ViT-B-16__block4__fov,200_300,2,28,6.1834,2.9933,0.23,0.59
ViT-B-16__block4__fov,200_300,3,30,6.2246,3.001,0.225,0.54
ViT-B-16__block4__fov,200_300,4,27,6.2239,3.0251,0.235,0.53
ViT-B-16__block4__fov,300_400,0,13,6.8457,3.8571,0.105,0.355
ViT-B-16__block4__fov,300_400,1,14,6.8709,3.8379,0.125,0.36
ViT-B-16__block4__fov,300_400,2,14,6.9204,3.838,0.14,0.36
ViT-B-16__block4__fov,300_400,3,12,6.8922,3.845,0.11,0.36
ViT-B-16__block4__fov,300_400,4,15,6.9528,3.836,0.135,0.38
ViT-B-16__block4__fov,400_500,0,9,7.1618,4.4388,0.065,0.185
ViT-B-16__block4__fov,400_500,1,9,7.156,4.4512,0.05,0.195
ViT-B-16__block4__fov,400_500,2,10,7.1679,4.4152,0.07,0.21
ViT-B-16__block4__fov,400_500,3,10,7.1849,4.4214,0.08,0.21
ViT-B-16__block4__fov,400_500,4,9,7.2194,4.4365,0.05,0.21
ViT-B-16__block4__fov,500_600,0,5,7.3863,5.117,0.02,0.065
ViT-B-16__block4__fov,500_600,1,5,7.3974,5.1471,0.025,0.065
ViT-B-16__block4__fov,500_600,2,4,7.3958,5.1336,0.025,0.08
ViT-B-16__block4__fov,500_600,3,4,7.4088,5.1306,0.02,0.08
ViT-B-16__block4__fov,500_600,4,4,7.411,5.1317,0.025,0.09
ViT-B-16__block4__fov,600_700,0,3,7.4054,5.2665,0.0,0.04
ViT-B-16__block4__fov,600_700,1,3,7.4431,5.271,0.005,0.045
ViT-B-16__block4__fov,600_700,2,3,7.4269,5.2318,0.01,0.045
ViT-B-16__block4__fov,600_700,3,4,7.4396,5.2427,0.01,0.04
ViT-B-16__block4__fov,600_700,4,4,7.4298,5.2434,0.01,0.055
ViT-B-16__block4__fov,700_800,0,3,7.4391,5.2889,0.005,0.03
ViT-B-16__block4__fov,700_800,1,3,7.4572,5.287,0.005,0.035
ViT-B-16__block4__fov,700_800,2,3,7.4412,5.2963,0.01,0.03
ViT-B-16__block4__fov,700_800,3,3,7.4667,5.3012,0.005,0.02
ViT-B-16__block4__fov,700_800,4,2,7.4582,5.3019,0.01,0.03
ViT-B-16__block4__fov,800_900,0,2,7.4443,5.3083,0.01,0.04
ViT-B-16__block4__fov,800_900,1,2,7.4604,5.3097,0.0,0.01
ViT-B-16__block4__fov,800_900,2,2,7.4663,5.279,0.015,0.05
ViT-B-16__block4__fov,800_900,3,2,7.4746,5.3137,0.0,0.015
ViT-B-16__block4__fov,800_900,4,2,7.47,5.318,0.01,0.035
ViT-B-16__block4__fov,900_1000,0,2,7.4609,5.3061,0.0,0.03
ViT-B-16__block4__fov,900_1000,1,2,7.4745,5.3206,0.005,0.01
ViT-B-16__block4__fov,900_1000,2,2,7.4637,5.3159,0.005,0.03
ViT-B-16__block4__fov,900_1000,3,2,7.4688,5.3147,0.0,0.015
ViT-B-16__block4__fov,900_1000,4,2,7.4615,5.327,0.005,0.03
ViT-B-16__block6,0_100,0,16,6.9997,4.279,0.065,0.235
ViT-B-16__block6,0_100,1,16,7.0291,4.2486,0.075,0.245
ViT-B-16__block6,0_100,2,17,7.0443,4.2801,0.055,0.245
ViT-B-16__block6,0_100,3,16,7.0086,4.2743,0.055,0.23
ViT-B-16__block6,0_100,4,15,7.0477,4.3427,0.06,0.2
ViT-B-16__block6,100_200,0,37,6.1771,2.8952,0.285,0.6
ViT-B-16__block6,100_200,1,33,6.1972,2.9214,0.26,0.62
ViT-B-16__block6,100_200,2,31,6.1869,2.8839,0.31,0.635
ViT-B-16__block6,100_200,3,45,6.1709,2.8681,0.3,0.67
ViT-B-16__block6,100_200,4,28,6.1757,2.8905,0.31,0.64
ViT-B-16__block6,200_300,0,26,6.2299,3.0912,0.205,0.54
ViT-B-16__block6,200_300,1,28,6.2543,3.0749,0.25,0.565
ViT-B-16__block6,200_300,2,28,6.2221,3.0768,0.205,0.575
ViT-B-16__block6,200_300,3,24,6.2706,3.0724,0.22,0.57
ViT-B-16__block6,200_300,4,22,6.2842,3.1203,0.205,0.565
ViT-B-16__block6,300_400,0,15,6.8603,3.7801,0.125,0.38
ViT-B-16__block6,300_400,1,15,6.8932,3.7554,0.15,0.395
ViT-B-16__block6,300_400,2,16,6.8788,3.7481,0.135,0.41
ViT-B-16__block6,300_400,3,16,6.8833,3.7633,0.105,0.365
ViT-B-16__block6,300_400,4,13,6.915,3.7956,0.105,0.34
ViT-B-16__block6,400_500,0,13,7.1533,4.3843,0.04,0.245
ViT-B-16__block6,400_500,1,11,7.1445,4.4044,0.09,0.215
ViT-B-16__block6,400_500,2,12,7.1455,4.3823,0.06,0.185
ViT-B-16__block6,400_500,3,13,7.1644,4.3538,0.09,0.23
ViT-B-16__block6,400_500,4,10,7.1838,4.3714,0.09,0.255
ViT-B-16__block6,500_600,0,5,7.4311,5.1432,0.015,0.06
ViT-B-16__block6,500_600,1,4,7.4412,5.2129,0.01,0.05
ViT-B-16__block6,500_600,2,5,7.4192,5.1014,0.005,0.07
ViT-B-16__block6,500_600,3,5,7.4493,5.091,0.015,0.055
ViT-B-16__block6,500_600,4,4,7.4268,5.1455,0.005,0.075
ViT-B-16__block6,600_700,0,3,7.4384,5.2616,0.01,0.035
ViT-B-16__block6,600_700,1,3,7.4514,5.2645,0.005,0.05
ViT-B-16__block6,600_700,2,4,7.4572,5.2248,0.015,0.05
ViT-B-16__block6,600_700,3,3,7.4626,5.2678,0.01,0.04
ViT-B-16__block6,600_700,4,3,7.455,5.2303,0.01,0.065
ViT-B-16__block6,700_800,0,3,7.4721,5.2999,0.0,0.035
ViT-B-16__block6,700_800,1,2,7.4774,5.3154,0.0,0.02
ViT-B-16__block6,700_800,2,3,7.4887,5.2888,0.005,0.04
ViT-B-16__block6,700_800,3,2,7.4779,5.3032,0.005,0.04
ViT-B-16__block6,700_800,4,2,7.4872,5.2935,0.005,0.025
ViT-B-16__block6,800_900,0,2,7.4818,5.3324,0.005,0.03
ViT-B-16__block6,800_900,1,2,7.4942,5.3436,0.01,0.015
ViT-B-16__block6,800_900,2,2,7.4932,5.3196,0.005,0.03
ViT-B-16__block6,800_900,3,2,7.4877,5.3069,0.0,0.025
ViT-B-16__block6,800_900,4,2,7.4838,5.3008,0.005,0.02
ViT-B-16__block6,900_1000,0,2,7.4843,5.3379,0.005,0.015
ViT-B-16__block6,900_1000,1,2,7.4933,5.3275,0.005,0.02
ViT-B-16__block6,900_1000,2,2,7.4951,5.3178,0.0,0.005
ViT-B-16__block6,900_1000,3,2,7.4874,5.3268,0.0,0.02
ViT-B-16__block6,900_1000,4,2,7.4866,5.3336,0.0,0.02
ViT-B-16__block6__fov,0_100,0,17,6.9865,4.2096,0.075,0.22
ViT-B-16__block6__fov,0_100,1,16,7.001,4.24,0.08,0.245
ViT-B-16__block6__fov,0_100,2,17,6.9883,4.2207,0.065,0.225
ViT-B-16__block6__fov,0_100,3,16,6.9877,4.2217,0.055,0.23
ViT-B-16__block6__fov,0_100,4,16,7.0308,4.1843,0.075,0.225
ViT-B-16__block6__fov,100_200,0,45,6.1399,2.8472,0.31,0.63
ViT-B-16__block6__fov,100_200,1,34,6.113,2.8735,0.31,0.63
ViT-B-16__block6__fov,100_200,2,44,6.138,2.8212,0.305,0.64
ViT-B-16__block6__fov,100_200,3,37,6.1375,2.8638,0.29,0.6
ViT-B-16__block6__fov,100_200,4,28,6.142,2.8944,0.32,0.665
ViT-B-16__block6__fov,200_300,0,27,6.2269,3.0646,0.24,0.55
ViT-B-16__block6__fov,200_300,1,26,6.22,3.0419,0.22,0.555
ViT-B-16__block6__fov,200_300,2,28,6.2105,3.0357,0.235,0.57
ViT-B-16__block6__fov,200_300,3,24,6.2409,3.0629,0.205,0.56
ViT-B-16__block6__fov,200_300,4,24,6.2187,3.0672,0.225,0.585
ViT-B-16__block6__fov,300_400,0,13,6.8552,3.8062,0.13,0.365
ViT-B-16__block6__fov,300_400,1,16,6.8647,3.7584,0.11,0.42
ViT-B-16__block6__fov,300_400,2,15,6.8688,3.7502,0.17,0.4
ViT-B-16__block6__fov,300_400,3,15,6.8509,3.7423,0.13,0.39
ViT-B-16__block6__fov,300_400,4,13,6.93,3.7894,0.12,0.385
ViT-B-16__block6__fov,400_500,0,12,7.1504,4.3518,0.075,0.225
ViT-B-16__block6__fov,400_500,1,11,7.1397,4.3761,0.065,0.22
ViT-B-16__block6__fov,400_500,2,11,7.1519,4.4001,0.09,0.22
ViT-B-16__block6__fov,400_500,3,13,7.1547,4.3892,0.065,0.205
ViT-B-16__block6__fov,400_500,4,12,7.1913,4.375,0.085,0.255
ViT-B-16__block6__fov,500_600,0,5,7.423,5.1197,0.015,0.075
ViT-B-16__block6__fov,500_600,1,5,7.43,5.1473,0.015,0.09
ViT-B-16__block6__fov,500_600,2,4,7.4159,5.1088,0.01,0.07
ViT-B-16__block6__fov,500_600,3,5,7.439,5.1026,0.015,0.085
ViT-B-16__block6__fov,500_600,4,5,7.4271,5.0832,0.01,0.09
ViT-B-16__block6__fov,600_700,0,3,7.45,5.2652,0.015,0.065
ViT-B-16__block6__fov,600_700,1,3,7.4532,5.261,0.015,0.06
ViT-B-16__block6__fov,600_700,2,3,7.4397,5.2366,0.015,0.05
ViT-B-16__block6__fov,600_700,3,4,7.4563,5.2123,0.015,0.045
ViT-B-16__block6__fov,600_700,4,3,7.4477,5.2486,0.005,0.03
ViT-B-16__block6__fov,700_800,0,3,7.4715,5.2849,0.02,0.04
ViT-B-16__block6__fov,700_800,1,2,7.4916,5.2968,0.01,0.04
ViT-B-16__block6__fov,700_800,2,2,7.4666,5.3159,0.02,0.035
ViT-B-16__block6__fov,700_800,3,3,7.4914,5.2869,0.01,0.045
ViT-B-16__block6__fov,700_800,4,2,7.4809,5.2993,0.005,0.025
ViT-B-16__block6__fov,800_900,0,2,7.4788,5.3186,0.01,0.04
ViT-B-16__block6__fov,800_900,1,2,7.4852,5.3364,0.015,0.045
ViT-B-16__block6__fov,800_900,2,2,7.4788,5.2959,0.015,0.04
ViT-B-16__block6__fov,800_900,3,2,7.4892,5.3267,0.0,0.015
ViT-B-16__block6__fov,800_900,4,2,7.4835,5.3329,0.0,0.03
ViT-B-16__block6__fov,900_1000,0,2,7.49,5.3275,0.005,0.025
ViT-B-16__block6__fov,900_1000,1,2,7.4995,5.3356,0.0,0.015
ViT-B-16__block6__fov,900_1000,2,2,7.4762,5.3056,0.01,0.02
ViT-B-16__block6__fov,900_1000,3,2,7.4969,5.3201,0.005,0.015
ViT-B-16__block6__fov,900_1000,4,2,7.4867,5.3233,0.005,0.025
ViT-B-16__block8,0_100,0,12,7.1011,4.5881,0.04,0.135
ViT-B-16__block8,0_100,1,14,7.1456,4.5481,0.055,0.165
ViT-B-16__block8,0_100,2,13,7.1215,4.6018,0.03,0.165
ViT-B-16__block8,0_100,3,12,7.1181,4.5567,0.06,0.16
ViT-B-16__block8,0_100,4,14,7.1638,4.5921,0.025,0.15
ViT-B-16__block8,100_200,0,25,6.4136,3.2881,0.22,0.5
ViT-B-16__block8,100_200,1,25,6.3945,3.288,0.225,0.5
ViT-B-16__block8,100_200,2,25,6.3927,3.2963,0.24,0.515
ViT-B-16__block8,100_200,3,24,6.3675,3.2918,0.245,0.525
ViT-B-16__block8,100_200,4,22,6.3991,3.3182,0.21,0.5
ViT-B-16__block8,200_300,0,27,6.3494,3.3003,0.195,0.525
ViT-B-16__block8,200_300,1,26,6.3767,3.3263,0.205,0.515
ViT-B-16__block8,200_300,2,25,6.364,3.3381,0.225,0.505
ViT-B-16__block8,200_300,3,23,6.3978,3.3476,0.205,0.505
ViT-B-16__block8,200_300,4,29,6.37,3.3294,0.205,0.51
ViT-B-16__block8,300_400,0,15,6.8957,3.886,0.135,0.365
ViT-B-16__block8,300_400,1,14,6.8999,3.8444,0.14,0.375
ViT-B-16__block8,300_400,2,16,6.8982,3.855,0.115,0.38
ViT-B-16__block8,300_400,3,14,6.8834,3.8443,0.12,0.365
ViT-B-16__block8,300_400,4,14,6.9447,3.9162,0.13,0.355
ViT-B-16__block8,400_500,0,13,7.1311,4.4276,0.045,0.205
ViT-B-16__block8,400_500,1,14,7.1361,4.4225,0.04,0.195
ViT-B-16__block8,400_500,2,11,7.1632,4.4273,0.06,0.23
ViT-B-16__block8,400_500,3,13,7.1591,4.3807,0.055,0.25
ViT-B-16__block8,400_500,4,12,7.1723,4.4161,0.06,0.23
ViT-B-16__block8,500_600,0,5,7.4225,5.1604,0.02,0.065
ViT-B-16__block8,500_600,1,5,7.4367,5.1179,0.025,0.08
ViT-B-16__block8,500_600,2,6,7.4329,5.0237,0.025,0.12
ViT-B-16__block8,500_600,3,5,7.4343,5.0404,0.02,0.095
ViT-B-16__block8,500_600,4,7,7.4259,5.056,0.02,0.08
ViT-B-16__block8,600_700,0,3,7.4468,5.2637,0.015,0.04
ViT-B-16__block8,600_700,1,5,7.4622,5.2214,0.02,0.055
ViT-B-16__block8,600_700,2,6,7.4369,5.196,0.015,0.04
ViT-B-16__block8,600_700,3,4,7.4517,5.2246,0.01,0.065
ViT-B-16__block8,600_700,4,3,7.4672,5.2362,0.005,0.05
ViT-B-16__block8,700_800,0,3,7.4759,5.2958,0.01,0.04
ViT-B-16__block8,700_800,1,3,7.4918,5.3011,0.0,0.045
ViT-B-16__block8,700_800,2,3,7.4948,5.2703,0.005,0.03
ViT-B-16__block8,700_800,3,3,7.4939,5.3062,0.005,0.03
ViT-B-16__block8,700_800,4,3,7.4954,5.2775,0.0,0.025
ViT-B-16__block8,800_900,0,2,7.4864,5.3306,0.01,0.03
ViT-B-16__block8,800_900,1,2,7.4985,5.3257,0.01,0.025
ViT-B-16__block8,800_900,2,2,7.4918,5.2868,0.0,0.025
ViT-B-16__block8,800_900,3,2,7.4999,5.3078,0.01,0.03
ViT-B-16__block8,800_900,4,2,7.4979,5.3106,0.02,0.04
ViT-B-16__block8,900_1000,0,2,7.4827,5.3324,0.01,0.025
ViT-B-16__block8,900_1000,1,2,7.4863,5.3202,0.015,0.035
ViT-B-16__block8,900_1000,2,2,7.519,5.3036,0.0,0.04
ViT-B-16__block8,900_1000,3,2,7.4988,5.3209,0.01,0.035
ViT-B-16__block8,900_1000,4,2,7.5043,5.3106,0.015,0.035
ViT-B-16__block8__fov,0_100,0,15,7.074,4.5497,0.06,0.17
ViT-B-16__block8__fov,0_100,1,13,7.092,4.5016,0.045,0.19
ViT-B-16__block8__fov,0_100,2,15,7.0973,4.4728,0.05,0.21
ViT-B-16__block8__fov,0_100,3,12,7.1172,4.6044,0.06,0.165
ViT-B-16__block8__fov,0_100,4,15,7.1293,4.4703,0.05,0.195
ViT-B-16__block8__fov,100_200,0,27,6.3347,3.1798,0.255,0.59
ViT-B-16__block8__fov,100_200,1,22,6.2886,3.2109,0.255,0.56
ViT-B-16__block8__fov,100_200,2,27,6.3383,3.217,0.185,0.565
ViT-B-16__block8__fov,100_200,3,33,6.3158,3.1658,0.235,0.545
ViT-B-16__block8__fov,100_200,4,28,6.3243,3.1518,0.25,0.575
ViT-B-16__block8__fov,200_300,0,23,6.3056,3.3288,0.21,0.48
ViT-B-16__block8__fov,200_300,1,27,6.3158,3.2863,0.215,0.475
ViT-B-16__block8__fov,200_300,2,25,6.3472,3.2932,0.175,0.545
ViT-B-16__block8__fov,200_300,3,21,6.3701,3.3234,0.17,0.505
ViT-B-16__block8__fov,200_300,4,24,6.2837,3.3365,0.19,0.48
ViT-B-16__block8__fov,300_400,0,16,6.8488,3.7935,0.115,0.36
ViT-B-16__block8__fov,300_400,1,13,6.8885,3.8339,0.13,0.36
ViT-B-16__block8__fov,300_400,2,14,6.8646,3.8507,0.115,0.305
ViT-B-16__block8__fov,300_400,3,15,6.8911,3.8285,0.11,0.335
ViT-B-16__block8__fov,300_400,4,12,6.9175,3.8802,0.145,0.305
ViT-B-16__block8__fov,400_500,0,13,7.1495,4.3943,0.05,0.215
ViT-B-16__block8__fov,400_500,1,13,7.1327,4.3504,0.055,0.21
ViT-B-16__block8__fov,400_500,2,12,7.1534,4.391,0.03,0.215
ViT-B-16__block8__fov,400_500,3,13,7.1537,4.3726,0.09,0.23
ViT-B-16__block8__fov,400_500,4,12,7.1614,4.4166,0.05,0.21
ViT-B-16__block8__fov,500_600,0,5,7.425,5.1629,0.02,0.075
ViT-B-16__block8__fov,500_600,1,6,7.41,5.0628,0.02,0.095
ViT-B-16__block8__fov,500_600,2,7,7.4303,5.0112,0.04,0.12
ViT-B-16__block8__fov,500_600,3,4,7.4456,5.1177,0.015,0.065
ViT-B-16__block8__fov,500_600,4,7,7.4122,5.0963,0.015,0.08
ViT-B-16__block8__fov,600_700,0,3,7.4561,5.2573,0.005,0.06
ViT-B-16__block8__fov,600_700,1,5,7.4456,5.2322,0.01,0.07
ViT-B-16__block8__fov,600_700,2,4,7.4436,5.1975,0.01,0.055
ViT-B-16__block8__fov,600_700,3,4,7.4649,5.2079,0.01,0.03
ViT-B-16__block8__fov,600_700,4,3,7.4445,5.2769,0.0,0.025
ViT-B-16__block8__fov,700_800,0,3,7.4767,5.3237,0.0,0.015
ViT-B-16__block8__fov,700_800,1,3,7.4454,5.2805,0.01,0.045
ViT-B-16__block8__fov,700_800,2,3,7.4759,5.2939,0.005,0.03
ViT-B-16__block8__fov,700_800,3,3,7.4992,5.2935,0.01,0.03
ViT-B-16__block8__fov,700_800,4,3,7.4788,5.3077,0.0,0.02
ViT-B-16__block8__fov,800_900,0,2,7.4832,5.3577,0.005,0.03
ViT-B-16__block8__fov,800_900,1,2,7.488,5.3143,0.0,0.02
ViT-B-16__block8__fov,800_900,2,2,7.4915,5.3067,0.0,0.03
ViT-B-16__block8__fov,800_900,3,2,7.4932,5.3228,0.0,0.02
ViT-B-16__block8__fov,800_900,4,2,7.4896,5.3259,0.01,0.03
ViT-B-16__block8__fov,900_1000,0,2,7.4825,5.3471,0.005,0.025
ViT-B-16__block8__fov,900_1000,1,2,7.4943,5.3155,0.015,0.035
ViT-B-16__block8__fov,900_1000,2,2,7.5028,5.317,0.0,0.015
ViT-B-16__block8__fov,900_1000,3,2,7.4972,5.3184,0.015,0.015
ViT-B-16__block8__fov,900_1000,4,2,7.4694,5.3394,0.0,0.025
ViT-L-14__block12,0_100,0,15,7.0809,4.5403,0.065,0.185
ViT-L-14__block12,0_100,1,14,7.1528,4.5613,0.03,0.155
ViT-L-14__block12,0_100,2,16,7.1159,4.5452,0.035,0.17
ViT-L-14__block12,0_100,3,16,7.0946,4.5304,0.04,0.16
ViT-L-14__block12,0_100,4,15,7.1404,4.5862,0.05,0.115
ViT-L-14__block12,100_200,0,25,6.4383,3.3914,0.195,0.505
ViT-L-14__block12,100_200,1,25,6.4211,3.42,0.225,0.495
ViT-L-14__block12,100_200,2,32,6.4729,3.3601,0.23,0.51
ViT-L-14__block12,100_200,3,32,6.4241,3.3863,0.22,0.535
ViT-L-14__block12,100_200,4,28,6.4682,3.3869,0.235,0.475
ViT-L-14__block12,200_300,0,26,6.4474,3.4757,0.165,0.465
ViT-L-14__block12,200_300,1,24,6.4571,3.5069,0.175,0.43
ViT-L-14__block12,200_300,2,28,6.4671,3.4249,0.185,0.475
ViT-L-14__block12,200_300,3,22,6.4783,3.5184,0.16,0.455
ViT-L-14__block12,200_300,4,24,6.4926,3.4664,0.18,0.475
ViT-L-14__block12,300_400,0,15,6.9672,4.0338,0.095,0.31
ViT-L-14__block12,300_400,1,15,6.9825,3.983,0.115,0.35
ViT-L-14__block12,300_400,2,15,7.0253,4.0254,0.09,0.325
ViT-L-14__block12,300_400,3,15,6.9771,3.9977,0.125,0.31
ViT-L-14__block12,300_400,4,15,7.0101,4.0212,0.095,0.32
ViT-L-14__block12,400_500,0,15,7.226,4.5321,0.045,0.2
ViT-L-14__block12,400_500,1,13,7.2211,4.555,0.05,0.175
ViT-L-14__block12,400_500,2,12,7.2484,4.5608,0.055,0.175
ViT-L-14__block12,400_500,3,13,7.2458,4.5512,0.055,0.21
ViT-L-14__block12,400_500,4,12,7.2352,4.5355,0.065,0.18
ViT-L-14__block12,500_600,0,5,7.459,5.1967,0.01,0.06
ViT-L-14__block12,500_600,1,5,7.4707,5.1821,0.01,0.07
ViT-L-14__block12,500_600,2,4,7.4635,5.2336,0.005,0.035
ViT-L-14__block12,500_600,3,4,7.4727,5.1817,0.01,0.075
ViT-L-14__block12,500_600,4,4,7.4543,5.2266,0.005,0.035
ViT-L-14__block12,600_700,0,3,7.4797,5.2769,0.01,0.045
ViT-L-14__block12,600_700,1,3,7.478,5.2832,0.005,0.03
ViT-L-14__block12,600_700,2,3,7.4797,5.2962,0.005,0.05
ViT-L-14__block12,600_700,3,3,7.4677,5.2601,0.015,0.04
ViT-L-14__block12,600_700,4,2,7.4712,5.295,0.01,0.04
ViT-L-14__block12,700_800,0,3,7.502,5.3096,0.01,0.03
ViT-L-14__block12,700_800,1,2,7.4995,5.3316,0.005,0.03
ViT-L-14__block12,700_800,2,3,7.5052,5.3433,0.005,0.03
ViT-L-14__block12,700_800,3,3,7.5056,5.3216,0.005,0.015
ViT-L-14__block12,700_800,4,2,7.5013,5.3188,0.01,0.03
ViT-L-14__block12,800_900,0,2,7.5129,5.3377,0.005,0.03
ViT-L-14__block12,800_900,1,2,7.5029,5.3361,0.005,0.03
ViT-L-14__block12,800_900,2,2,7.5081,5.3414,0.005,0.04
ViT-L-14__block12,800_900,3,2,7.5263,5.317,0.01,0.02
ViT-L-14__block12,800_900,4,2,7.5061,5.3339,0.0,0.04
ViT-L-14__block12,900_1000,0,3,7.5082,5.3566,0.005,0.02
ViT-L-14__block12,900_1000,1,2,7.5092,5.3491,0.005,0.025
ViT-L-14__block12,900_1000,2,2,7.5108,5.3597,0.005,0.02
ViT-L-14__block12,900_1000,3,2,7.4958,5.3349,0.005,0.015
ViT-L-14__block12,900_1000,4,2,7.491,5.3406,0.005,0.04
ViT-L-14__block12__fov,0_100,0,15,7.0245,4.525,0.035,0.15
ViT-L-14__block12__fov,0_100,1,16,7.1218,4.498,0.045,0.185
ViT-L-14__block12__fov,0_100,2,18,7.0665,4.5159,0.04,0.21
ViT-L-14__block12__fov,0_100,3,14,7.0812,4.4947,0.035,0.18
ViT-L-14__block12__fov,0_100,4,14,7.0961,4.5305,0.04,0.15
ViT-L-14__block12__fov,100_200,0,35,6.369,3.2652,0.26,0.545
ViT-L-14__block12__fov,100_200,1,26,6.3638,3.3404,0.235,0.55
ViT-L-14__block12__fov,100_200,2,35,6.3489,3.2342,0.265,0.55
ViT-L-14__block12__fov,100_200,3,34,6.3157,3.2748,0.225,0.54
ViT-L-14__block12__fov,100_200,4,28,6.3953,3.2639,0.26,0.535
ViT-L-14__block12__fov,200_300,0,30,6.3717,3.3592,0.185,0.485
ViT-L-14__block12__fov,200_300,1,26,6.4059,3.4104,0.2,0.48
ViT-L-14__block12__fov,200_300,2,28,6.3986,3.3511,0.205,0.485
ViT-L-14__block12__fov,200_300,3,23,6.441,3.4121,0.17,0.465
ViT-L-14__block12__fov,200_300,4,24,6.393,3.4413,0.17,0.49
ViT-L-14__block12__fov,300_400,0,16,6.927,3.9283,0.135,0.35
ViT-L-14__block12__fov,300_400,1,15,6.9482,3.9403,0.08,0.345
ViT-L-14__block12__fov,300_400,2,15,6.9667,3.9808,0.105,0.31
ViT-L-14__block12__fov,300_400,3,15,6.9422,3.9647,0.12,0.335
ViT-L-14__block12__fov,300_400,4,15,6.9746,3.9615,0.085,0.345
ViT-L-14__block12__fov,400_500,0,13,7.1988,4.4936,0.05,0.17
ViT-L-14__block12__fov,400_500,1,12,7.2144,4.48,0.06,0.21
ViT-L-14__block12__fov,400_500,2,12,7.2293,4.492,0.06,0.2
ViT-L-14__block12__fov,400_500,3,13,7.2167,4.5103,0.05,0.175
ViT-L-14__block12__fov,400_500,4,12,7.2322,4.5547,0.035,0.14
ViT-L-14__block12__fov,500_600,0,6,7.4315,5.2355,0.025,0.06
ViT-L-14__block12__fov,500_600,1,5,7.4646,5.1451,0.015,0.08
ViT-L-14__block12__fov,500_600,2,5,7.4721,5.1965,0.02,0.05
ViT-L-14__block12__fov,500_600,3,4,7.4741,5.1778,0.005,0.06
ViT-L-14__block12__fov,500_600,4,6,7.4539,5.1652,0.02,0.08
ViT-L-14__block12__fov,600_700,0,3,7.4751,5.2859,0.005,0.04
ViT-L-14__block12__fov,600_700,1,3,7.4824,5.2834,0.01,0.045
ViT-L-14__block12__fov,600_700,2,3,7.4778,5.3178,0.0,0.015
ViT-L-14__block12__fov,600_700,3,3,7.4764,5.2537,0.015,0.035
ViT-L-14__block12__fov,600_700,4,3,7.4762,5.298,0.0,0.005
ViT-L-14__block12__fov,700_800,0,3,7.4978,5.3377,0.005,0.01
ViT-L-14__block12__fov,700_800,1,2,7.5038,5.3019,0.01,0.05
ViT-L-14__block12__fov,700_800,2,2,7.5103,5.3399,0.0,0.02
ViT-L-14__block12__fov,700_800,3,3,7.4931,5.2997,0.0,0.01
ViT-L-14__block12__fov,700_800,4,2,7.5001,5.3037,0.01,0.03
ViT-L-14__block12__fov,800_900,0,2,7.5091,5.3426,0.015,0.035
ViT-L-14__block12__fov,800_900,1,2,7.5082,5.2958,0.005,0.035
ViT-L-14__block12__fov,800_900,2,2,7.5083,5.3379,0.0,0.015
ViT-L-14__block12__fov,800_900,3,2,7.5084,5.3276,0.005,0.035
ViT-L-14__block12__fov,800_900,4,2,7.4963,5.3422,0.0,0.015
ViT-L-14__block12__fov,900_1000,0,2,7.5083,5.3362,0.015,0.04
ViT-L-14__block12__fov,900_1000,1,2,7.5074,5.3268,0.015,0.045
ViT-L-14__block12__fov,900_1000,2,2,7.5178,5.3535,0.0,0.015
ViT-L-14__block12__fov,900_1000,3,2,7.4972,5.3086,0.0,0.02
ViT-L-14__block12__fov,900_1000,4,2,7.5084,5.3327,0.005,0.01
ViT-L-14__block16,0_100,0,14,7.1715,4.6772,0.035,0.155
ViT-L-14__block16,0_100,1,12,7.1766,4.7215,0.035,0.15
ViT-L-14__block16,0_100,2,16,7.1587,4.608,0.07,0.155
ViT-L-14__block16,0_100,3,14,7.1678,4.6676,0.02,0.13
ViT-L-14__block16,0_100,4,16,7.1675,4.6609,0.035,0.17
ViT-L-14__block16,100_200,0,25,6.4824,3.4267,0.21,0.51
ViT-L-14__block16,100_200,1,25,6.4604,3.4236,0.215,0.5
ViT-L-14__block16,100_200,2,31,6.491,3.4178,0.205,0.475
ViT-L-14__block16,100_200,3,24,6.4642,3.4366,0.18,0.51
ViT-L-14__block16,100_200,4,22,6.4713,3.4426,0.2,0.53
ViT-L-14__block16,200_300,0,25,6.3972,3.3701,0.185,0.505
ViT-L-14__block16,200_300,1,26,6.4133,3.4082,0.185,0.48
ViT-L-14__block16,200_300,2,31,6.4243,3.3452,0.23,0.485
ViT-L-14__block16,200_300,3,24,6.4247,3.4279,0.185,0.5
ViT-L-14__block16,200_300,4,26,6.4269,3.3855,0.195,0.51
ViT-L-14__block16,300_400,0,17,6.8868,3.8615,0.105,0.37
ViT-L-14__block16,300_400,1,15,6.9059,3.8885,0.11,0.325
ViT-L-14__block16,300_400,2,15,6.9108,3.901,0.095,0.375
ViT-L-14__block16,300_400,3,15,6.9256,3.8399,0.12,0.37
ViT-L-14__block16,300_400,4,14,6.9148,3.9547,0.11,0.345
ViT-L-14__block16,400_500,0,13,7.1408,4.4556,0.04,0.175
ViT-L-14__block16,400_500,1,15,7.1216,4.4161,0.06,0.19
ViT-L-14__block16,400_500,2,13,7.1846,4.4416,0.08,0.175
ViT-L-14__block16,400_500,3,12,7.1538,4.4463,0.065,0.2
ViT-L-14__block16,400_500,4,14,7.1423,4.4381,0.055,0.175
ViT-L-14__block16,500_600,0,6,7.4364,5.2051,0.01,0.05
ViT-L-14__block16,500_600,1,7,7.4394,5.1434,0.025,0.085
ViT-L-14__block16,500_600,2,4,7.4501,5.1786,0.005,0.06
ViT-L-14__block16,500_600,3,4,7.4425,5.1661,0.01,0.06
ViT-L-14__block16,500_600,4,7,7.4231,5.1308,0.005,0.05
ViT-L-14__block16,600_700,0,4,7.4612,5.2496,0.01,0.04
ViT-L-14__block16,600_700,1,4,7.4778,5.2829,0.0,0.03
ViT-L-14__block16,600_700,2,4,7.455,5.2756,0.005,0.045
ViT-L-14__block16,600_700,3,4,7.4713,5.2385,0.01,0.045
ViT-L-14__block16,600_700,4,3,7.4667,5.2582,0.01,0.04
ViT-L-14__block16,700_800,0,3,7.5013,5.3162,0.005,0.035
ViT-L-14__block16,700_800,1,3,7.5043,5.3284,0.005,0.02
ViT-L-14__block16,700_800,2,3,7.5033,5.3328,0.005,0.02
ViT-L-14__block16,700_800,3,4,7.4887,5.261,0.005,0.035
ViT-L-14__block16,700_800,4,3,7.5056,5.3134,0.015,0.035
ViT-L-14__block16,800_900,0,2,7.5073,5.3593,0.01,0.035
ViT-L-14__block16,800_900,1,2,7.5079,5.3508,0.005,0.03
ViT-L-14__block16,800_900,2,2,7.4953,5.3478,0.015,0.025
ViT-L-14__block16,800_900,3,2,7.5099,5.3084,0.01,0.035
ViT-L-14__block16,800_900,4,2,7.5057,5.315,0.01,0.065
ViT-L-14__block16,900_1000,0,2,7.5123,5.357,0.01,0.035
ViT-L-14__block16,900_1000,1,2,7.5027,5.3563,0.0,0.015
ViT-L-14__block16,900_1000,2,2,7.4973,5.3594,0.005,0.02
ViT-L-14__block16,900_1000,3,2,7.503,5.3325,0.0,0.02
ViT-L-14__block16,900_1000,4,2,7.4943,5.3153,0.0,0.035
ViT-L-14__block16__fov,0_100,0,15,7.1135,4.605,0.065,0.165
ViT-L-14__block16__fov,0_100,1,13,7.169,4.6107,0.065,0.145
ViT-L-14__block16__fov,0_100,2,17,7.1138,4.6241,0.055,0.15
ViT-L-14__block16__fov,0_100,3,13,7.1505,4.6271,0.05,0.14
ViT-L-14__block16__fov,0_100,4,14,7.1588,4.5958,0.06,0.15
ViT-L-14__block16__fov,100_200,0,24,6.4372,3.3524,0.24,0.54
ViT-L-14__block16__fov,100_200,1,22,6.4104,3.3675,0.225,0.525
ViT-L-14__block16__fov,100_200,2,26,6.4066,3.3614,0.23,0.515
ViT-L-14__block16__fov,100_200,3,24,6.4125,3.3472,0.245,0.51
ViT-L-14__block16__fov,100_200,4,22,6.4026,3.3705,0.235,0.525
ViT-L-14__block16__fov,200_300,0,27,6.3571,3.2753,0.165,0.52
ViT-L-14__block16__fov,200_300,1,27,6.3562,3.3062,0.19,0.545
ViT-L-14__block16__fov,200_300,2,25,6.3974,3.323,0.205,0.495
ViT-L-14__block16__fov,200_300,3,24,6.3984,3.3613,0.175,0.46
ViT-L-14__block16__fov,200_300,4,27,6.361,3.2813,0.19,0.51
ViT-L-14__block16__fov,300_400,0,17,6.8585,3.817,0.125,0.355
ViT-L-14__block16__fov,300_400,1,14,6.8669,3.8239,0.11,0.39
ViT-L-14__block16__fov,300_400,2,14,6.8901,3.8472,0.11,0.36
ViT-L-14__block16__fov,300_400,3,15,6.889,3.8326,0.13,0.39
ViT-L-14__block16__fov,300_400,4,14,6.9077,3.8433,0.135,0.405
ViT-L-14__block16__fov,400_500,0,12,7.1212,4.3998,0.055,0.19
ViT-L-14__block16__fov,400_500,1,13,7.1369,4.3987,0.06,0.215
ViT-L-14__block16__fov,400_500,2,13,7.1306,4.3324,0.065,0.215
ViT-L-14__block16__fov,400_500,3,14,7.1359,4.3687,0.055,0.185
ViT-L-14__block16__fov,400_500,4,14,7.1372,4.3889,0.055,0.205
ViT-L-14__block16__fov,500_600,0,6,7.4194,5.1439,0.005,0.07
ViT-L-14__block16__fov,500_600,1,5,7.4435,5.1488,0.04,0.105
ViT-L-14__block16__fov,500_600,2,6,7.4431,5.1299,0.005,0.08
ViT-L-14__block16__fov,500_600,3,6,7.4646,5.1715,0.015,0.05
ViT-L-14__block16__fov,500_600,4,7,7.4228,5.0519,0.02,0.085
ViT-L-14__block16__fov,600_700,0,6,7.4386,5.2058,0.005,0.06
ViT-L-14__block16__fov,600_700,1,3,7.467,5.252,0.015,0.045
ViT-L-14__block16__fov,600_700,2,4,7.4429,5.2379,0.005,0.015
ViT-L-14__block16__fov,600_700,3,5,7.4686,5.2671,0.005,0.035
ViT-L-14__block16__fov,600_700,4,5,7.4659,5.2058,0.01,0.065
ViT-L-14__block16__fov,700_800,0,3,7.478,5.3203,0.0,0.04
ViT-L-14__block16__fov,700_800,1,3,7.4897,5.3079,0.005,0.03
ViT-L-14__block16__fov,700_800,2,3,7.5018,5.3223,0.005,0.005
ViT-L-14__block16__fov,700_800,3,2,7.4803,5.3109,0.02,0.035
ViT-L-14__block16__fov,700_800,4,3,7.489,5.2974,0.01,0.035
ViT-L-14__block16__fov,800_900,0,2,7.4869,5.3564,0.005,0.03
ViT-L-14__block16__fov,800_900,1,2,7.4841,5.328,0.005,0.015
ViT-L-14__block16__fov,800_900,2,2,7.5142,5.3313,0.0,0.015
ViT-L-14__block16__fov,800_900,3,2,7.5076,5.3433,0.005,0.01
ViT-L-14__block16__fov,800_900,4,2,7.4949,5.3166,0.0,0.02
ViT-L-14__block16__fov,900_1000,0,2,7.4903,5.3666,0.01,0.015
ViT-L-14__block16__fov,900_1000,1,2,7.4943,5.3518,0.005,0.02
ViT-L-14__block16__fov,900_1000,2,2,7.5042,5.3414,0.0,0.01
ViT-L-14__block16__fov,900_1000,3,2,7.4929,5.354,0.005,0.02
ViT-L-14__block16__fov,900_1000,4,2,7.4888,5.3335,0.005,0.015
ViT-L-14__block20,0_100,0,12,7.2273,4.8379,0.025,0.13
ViT-L-14__block20,0_100,1,13,7.2661,4.8422,0.02,0.125
ViT-L-14__block20,0_100,2,14,7.2262,4.8171,0.04,0.145
ViT-L-14__block20,0_100,3,15,7.2634,4.8294,0.05,0.12
ViT-L-14__block20,0_100,4,14,7.248,4.8217,0.025,0.13
ViT-L-14__block20,100_200,0,20,6.5695,3.565,0.18,0.475
ViT-L-14__block20,100_200,1,25,6.5907,3.5238,0.17,0.475
ViT-L-14__block20,100_200,2,25,6.5724,3.5493,0.185,0.46
ViT-L-14__block20,100_200,3,22,6.5704,3.5442,0.175,0.485
ViT-L-14__block20,100_200,4,22,6.5687,3.5446,0.155,0.455
ViT-L-14__block20,200_300,0,26,6.4654,3.4038,0.2,0.455
ViT-L-14__block20,200_300,1,27,6.4596,3.4025,0.175,0.455
ViT-L-14__block20,200_300,2,29,6.4701,3.3973,0.175,0.465
ViT-L-14__block20,200_300,3,31,6.46,3.3546,0.21,0.475
ViT-L-14__block20,200_300,4,34,6.4659,3.4044,0.195,0.475
ViT-L-14__block20,300_400,0,19,6.821,3.7757,0.12,0.395
ViT-L-14__block20,300_400,1,18,6.8799,3.7416,0.14,0.385
ViT-L-14__block20,300_400,2,18,6.8828,3.716,0.11,0.375
ViT-L-14__block20,300_400,3,16,6.8807,3.7696,0.125,0.4
ViT-L-14__block20,300_400,4,17,6.8741,3.7707,0.115,0.365
ViT-L-14__block20,400_500,0,16,7.0831,4.3268,0.065,0.24
ViT-L-14__block20,400_500,1,16,7.0989,4.3087,0.06,0.23
ViT-L-14__block20,400_500,2,16,7.1082,4.2545,0.075,0.255
ViT-L-14__block20,400_500,3,16,7.1196,4.3093,0.08,0.285
ViT-L-14__block20,400_500,4,18,7.0942,4.2639,0.065,0.245
ViT-L-14__block20,500_600,0,7,7.4243,5.0706,0.015,0.075
ViT-L-14__block20,500_600,1,7,7.4256,5.0861,0.03,0.085
ViT-L-14__block20,500_600,2,8,7.457,5.0933,0.03,0.1
ViT-L-14__block20,500_600,3,7,7.4615,5.1301,0.005,0.07
ViT-L-14__block20,500_600,4,9,7.4263,5.037,0.03,0.085
ViT-L-14__block20,600_700,0,7,7.4392,5.2276,0.02,0.065
ViT-L-14__block20,600_700,1,4,7.4648,5.1845,0.015,0.06
ViT-L-14__block20,600_700,2,6,7.4804,5.1913,0.03,0.07
ViT-L-14__block20,600_700,3,5,7.4805,5.3058,0.005,0.035
ViT-L-14__block20,600_700,4,7,7.4818,5.1402,0.015,0.08
ViT-L-14__block20,700_800,0,3,7.4988,5.3131,0.02,0.05
ViT-L-14__block20,700_800,1,2,7.4902,5.3208,0.015,0.04
ViT-L-14__block20,700_800,2,3,7.5183,5.3414,0.005,0.015
ViT-L-14__block20,700_800,3,3,7.5222,5.3363,0.01,0.03
ViT-L-14__block20,700_800,4,3,7.5104,5.2744,0.005,0.035
ViT-L-14__block20,800_900,0,3,7.4988,5.3634,0.01,0.03
ViT-L-14__block20,800_900,1,2,7.4966,5.3287,0.005,0.025
ViT-L-14__block20,800_900,2,3,7.5389,5.3599,0.005,0.025
ViT-L-14__block20,800_900,3,2,7.5367,5.3577,0.0,0.02
ViT-L-14__block20,800_900,4,2,7.523,5.3501,0.005,0.03
ViT-L-14__block20,900_1000,0,3,7.5227,5.3535,0.005,0.015
ViT-L-14__block20,900_1000,1,2,7.4957,5.344,0.01,0.03
ViT-L-14__block20,900_1000,2,3,7.5336,5.3565,0.005,0.03
ViT-L-14__block20,900_1000,3,2,7.5363,5.3548,0.005,0.045
ViT-L-14__block20,900_1000,4,2,7.5204,5.3264,0.01,0.03
ViT-L-14__block20__fov,0_100,0,12,7.2663,4.8196,0.05,0.12
ViT-L-14__block20__fov,0_100,1,13,7.248,4.8372,0.025,0.115
ViT-L-14__block20__fov,0_100,2,13,7.2022,4.8074,0.03,0.15
ViT-L-14__block20__fov,0_100,3,15,7.2509,4.8141,0.03,0.125
ViT-L-14__block20__fov,0_100,4,14,7.241,4.8001,0.035,0.13
ViT-L-14__block20__fov,100_200,0,30,6.5636,3.4496,0.18,0.49
ViT-L-14__block20__fov,100_200,1,25,6.5773,3.4896,0.18,0.47
ViT-L-14__block20__fov,100_200,2,26,6.536,3.4809,0.185,0.45
ViT-L-14__block20__fov,100_200,3,24,6.5644,3.4372,0.205,0.495
ViT-L-14__block20__fov,100_200,4,22,6.5357,3.4627,0.2,0.465
ViT-L-14__block20__fov,200_300,0,26,6.4398,3.3505,0.215,0.515
ViT-L-14__block20__fov,200_300,1,26,6.413,3.355,0.23,0.525
ViT-L-14__block20__fov,200_300,2,28,6.4345,3.365,0.2,0.465
ViT-L-14__block20__fov,200_300,3,24,6.4427,3.358,0.21,0.52
ViT-L-14__block20__fov,200_300,4,32,6.4322,3.3335,0.215,0.53
ViT-L-14__block20__fov,300_400,0,19,6.84,3.6569,0.145,0.43
ViT-L-14__block20__fov,300_400,1,14,6.8873,3.7553,0.165,0.425
ViT-L-14__block20__fov,300_400,2,18,6.8602,3.7302,0.135,0.42
ViT-L-14__block20__fov,300_400,3,16,6.8374,3.7331,0.13,0.405
ViT-L-14__block20__fov,300_400,4,17,6.8804,3.7348,0.11,0.37
ViT-L-14__block20__fov,400_500,0,16,7.0811,4.2677,0.09,0.255
ViT-L-14__block20__fov,400_500,1,15,7.1306,4.3102,0.055,0.21
ViT-L-14__block20__fov,400_500,2,14,7.0858,4.2869,0.07,0.225
ViT-L-14__block20__fov,400_500,3,16,7.1114,4.2581,0.105,0.28
ViT-L-14__block20__fov,400_500,4,17,7.084,4.2997,0.08,0.25
ViT-L-14__block20__fov,500_600,0,7,7.4228,5.0509,0.025,0.105
ViT-L-14__block20__fov,500_600,1,9,7.4458,5.0287,0.045,0.11
ViT-L-14__block20__fov,500_600,2,6,7.4433,5.1609,0.01,0.07
ViT-L-14__block20__fov,500_600,3,7,7.463,5.1131,0.025,0.08
ViT-L-14__block20__fov,500_600,4,7,7.4348,5.1023,0.035,0.09
ViT-L-14__block20__fov,600_700,0,3,7.4607,5.2974,0.01,0.04
ViT-L-14__block20__fov,600_700,1,7,7.4845,5.1653,0.025,0.075
ViT-L-14__block20__fov,600_700,2,6,7.451,5.2167,0.01,0.055
ViT-L-14__block20__fov,600_700,3,7,7.4778,5.2444,0.0,0.03
ViT-L-14__block20__fov,600_700,4,6,7.4654,5.1854,0.02,0.06
ViT-L-14__block20__fov,700_800,0,3,7.4906,5.3539,0.005,0.025
ViT-L-14__block20__fov,700_800,1,4,7.5314,5.323,0.005,0.04
ViT-L-14__block20__fov,700_800,2,4,7.492,5.3296,0.0,0.015
ViT-L-14__block20__fov,700_800,3,4,7.5238,5.3604,0.005,0.02
ViT-L-14__block20__fov,700_800,4,3,7.5024,5.3296,0.005,0.04
ViT-L-14__block20__fov,800_900,0,2,7.4966,5.3435,0.0,0.02
ViT-L-14__block20__fov,800_900,1,2,7.5143,5.334,0.005,0.03
ViT-L-14__block20__fov,800_900,2,2,7.5012,5.3332,0.0,0.025
ViT-L-14__block20__fov,800_900,3,2,7.5274,5.3804,0.005,0.03
ViT-L-14__block20__fov,800_900,4,2,7.5206,5.3356,0.005,0.015
ViT-L-14__block20__fov,900_1000,0,2,7.5011,5.3394,0.0,0.035
ViT-L-14__block20__fov,900_1000,1,2,7.5263,5.3391,0.0,0.025
ViT-L-14__block20__fov,900_1000,2,2,7.5113,5.3484,0.005,0.025
ViT-L-14__block20__fov,900_1000,3,2,7.5107,5.3798,0.005,0.02
ViT-L-14__block20__fov,900_1000,4,2,7.5238,5.3572,0.0,0.015
ViT-L-14__block24,0_100,0,12,7.3709,5.0661,0.03,0.075
ViT-L-14__block24,0_100,1,12,7.3711,5.0157,0.025,0.075
ViT-L-14__block24,0_100,2,12,7.3227,5.036,0.02,0.11
ViT-L-14__block24,0_100,3,12,7.3472,5.0512,0.02,0.06
ViT-L-14__block24,0_100,4,13,7.3874,5.0976,0.015,0.055
ViT-L-14__block24,100_200,0,16,6.7903,3.9707,0.12,0.345
ViT-L-14__block24,100_200,1,16,6.8177,3.9299,0.11,0.34
ViT-L-14__block24,100_200,2,19,6.8029,3.9224,0.115,0.345
ViT-L-14__block24,100_200,3,19,6.8066,3.8791,0.135,0.365
ViT-L-14__block24,100_200,4,18,6.8054,3.9616,0.085,0.355
ViT-L-14__block24,200_300,0,19,6.7255,3.8612,0.13,0.305
ViT-L-14__block24,200_300,1,22,6.6911,3.814,0.155,0.31
ViT-L-14__block24,200_300,2,21,6.6866,3.8158,0.155,0.305
ViT-L-14__block24,200_300,3,24,6.7098,3.7631,0.13,0.35
ViT-L-14__block24,200_300,4,25,6.7189,3.7957,0.145,0.305
ViT-L-14__block24,300_400,0,16,6.9626,3.9959,0.105,0.29
ViT-L-14__block24,300_400,1,16,6.9707,3.9605,0.1,0.325
ViT-L-14__block24,300_400,2,15,6.9754,3.9849,0.145,0.345
ViT-L-14__block24,300_400,3,16,6.9719,3.9559,0.13,0.31
ViT-L-14__block24,300_400,4,15,6.9799,3.9946,0.105,0.31
ViT-L-14__block24,400_500,0,16,7.1603,4.3575,0.06,0.23
ViT-L-14__block24,400_500,1,15,7.2142,4.3686,0.07,0.23
ViT-L-14__block24,400_500,2,16,7.1871,4.4215,0.06,0.205
ViT-L-14__block24,400_500,3,16,7.1901,4.4004,0.035,0.185
ViT-L-14__block24,400_500,4,14,7.1811,4.4453,0.06,0.21
ViT-L-14__block24,500_600,0,6,7.4619,5.1401,0.015,0.07
ViT-L-14__block24,500_600,1,9,7.497,5.1143,0.015,0.09
ViT-L-14__block24,500_600,2,6,7.4787,5.1988,0.01,0.08
ViT-L-14__block24,500_600,3,6,7.4792,5.1447,0.02,0.085
ViT-L-14__block24,500_600,4,8,7.4352,5.1314,0.025,0.085
ViT-L-14__block24,600_700,0,6,7.4986,5.2835,0.0,0.02
ViT-L-14__block24,600_700,1,9,7.5006,5.201,0.01,0.055
ViT-L-14__block24,600_700,2,6,7.4844,5.2592,0.01,0.045
ViT-L-14__block24,600_700,3,8,7.4902,5.1918,0.02,0.065
ViT-L-14__block24,600_700,4,6,7.4695,5.2739,0.005,0.015
ViT-L-14__block24,700_800,0,4,7.5165,5.3504,0.0,0.035
ViT-L-14__block24,700_800,1,3,7.5342,5.3111,0.01,0.045
ViT-L-14__block24,700_800,2,3,7.5117,5.3303,0.005,0.025
ViT-L-14__block24,700_800,3,3,7.5163,5.3597,0.005,0.045
ViT-L-14__block24,700_800,4,5,7.51,5.3467,0.01,0.02
ViT-L-14__block24,800_900,0,3,7.5231,5.3671,0.01,0.035
ViT-L-14__block24,800_900,1,2,7.547,5.3452,0.015,0.035
ViT-L-14__block24,800_900,2,2,7.5325,5.3263,0.01,0.025
ViT-L-14__block24,800_900,3,3,7.5481,5.3633,0.0,0.02
ViT-L-14__block24,800_900,4,3,7.5235,5.3452,0.015,0.04
ViT-L-14__block24,900_1000,0,2,7.5434,5.3665,0.01,0.03
ViT-L-14__block24,900_1000,1,2,7.5464,5.3313,0.015,0.045
ViT-L-14__block24,900_1000,2,2,7.5203,5.3452,0.01,0.025
ViT-L-14__block24,900_1000,3,2,7.5393,5.3665,0.0,0.03
ViT-L-14__block24,900_1000,4,3,7.5198,5.3382,0.01,0.03
ViT-L-14__block24__fov,0_100,0,12,7.3548,5.0059,0.015,0.075
ViT-L-14__block24__fov,0_100,1,12,7.3803,5.0895,0.01,0.075
ViT-L-14__block24__fov,0_100,2,12,7.3201,5.0897,0.01,0.055
ViT-L-14__block24__fov,0_100,3,12,7.3681,5.0199,0.02,0.075
ViT-L-14__block24__fov,0_100,4,12,7.3641,5.0321,0.01,0.08
ViT-L-14__block24__fov,100_200,0,18,6.7876,3.9276,0.09,0.375
ViT-L-14__block24__fov,100_200,1,17,6.7847,3.8744,0.125,0.36
ViT-L-14__block24__fov,100_200,2,19,6.775,3.8733,0.135,0.38
ViT-L-14__block24__fov,100_200,3,19,6.7904,3.8948,0.115,0.385
ViT-L-14__block24__fov,100_200,4,18,6.7723,3.9196,0.1,0.38
ViT-L-14__block24__fov,200_300,0,19,6.6986,3.8414,0.145,0.32
ViT-L-14__block24__fov,200_300,1,27,6.6696,3.7668,0.135,0.345
ViT-L-14__block24__fov,200_300,2,19,6.6829,3.8155,0.16,0.32
ViT-L-14__block24__fov,200_300,3,24,6.7053,3.7215,0.145,0.375
ViT-L-14__block24__fov,200_300,4,23,6.7036,3.8031,0.145,0.32
ViT-L-14__block24__fov,300_400,0,16,6.952,3.9624,0.095,0.33
ViT-L-14__block24__fov,300_400,1,15,6.9788,3.9461,0.105,0.305
ViT-L-14__block24__fov,300_400,2,16,6.9632,3.9953,0.095,0.325
ViT-L-14__block24__fov,300_400,3,16,6.956,3.968,0.105,0.315
ViT-L-14__block24__fov,300_400,4,15,6.9842,3.9486,0.075,0.32
ViT-L-14__block24__fov,400_500,0,16,7.1709,4.3689,0.08,0.235
ViT-L-14__block24__fov,400_500,1,15,7.2062,4.3715,0.05,0.2
ViT-L-14__block24__fov,400_500,2,16,7.13,4.3952,0.07,0.25
ViT-L-14__block24__fov,400_500,3,16,7.1691,4.4029,0.055,0.22
ViT-L-14__block24__fov,400_500,4,17,7.1746,4.3822,0.06,0.2
ViT-L-14__block24__fov,500_600,0,7,7.4621,5.18,0.02,0.07
ViT-L-14__block24__fov,500_600,1,9,7.472,5.0961,0.03,0.09
ViT-L-14__block24__fov,500_600,2,6,7.4598,5.1514,0.045,0.1
ViT-L-14__block24__fov,500_600,3,7,7.4845,5.118,0.035,0.08
ViT-L-14__block24__fov,500_600,4,7,7.4469,5.1579,0.04,0.11
ViT-L-14__block24__fov,600_700,0,7,7.472,5.226,0.015,0.055
ViT-L-14__block24__fov,600_700,1,8,7.5064,5.2198,0.015,0.05
ViT-L-14__block24__fov,600_700,2,4,7.4896,5.2825,0.005,0.04
ViT-L-14__block24__fov,600_700,3,5,7.4841,5.2463,0.01,0.06
ViT-L-14__block24__fov,600_700,4,5,7.4884,5.2341,0.015,0.07
ViT-L-14__block24__fov,700_800,0,4,7.5077,5.3558,0.005,0.05
ViT-L-14__block24__fov,700_800,1,2,7.5443,5.3542,0.01,0.03
ViT-L-14__block24__fov,700_800,2,3,7.5228,5.3505,0.01,0.035
ViT-L-14__block24__fov,700_800,3,3,7.5304,5.3386,0.005,0.03
ViT-L-14__block24__fov,700_800,4,4,7.5025,5.3153,0.01,0.045
ViT-L-14__block24__fov,800_900,0,2,7.5214,5.3537,0.01,0.06
ViT-L-14__block24__fov,800_900,1,2,7.5433,5.391,0.005,0.035
ViT-L-14__block24__fov,800_900,2,2,7.5308,5.3562,0.005,0.025
ViT-L-14__block24__fov,800_900,3,3,7.5262,5.378,0.01,0.03
ViT-L-14__block24__fov,800_900,4,3,7.514,5.3316,0.02,0.045
ViT-L-14__block24__fov,900_1000,0,2,7.5304,5.3509,0.005,0.025
ViT-L-14__block24__fov,900_1000,1,2,7.549,5.3643,0.005,0.045
ViT-L-14__block24__fov,900_1000,2,2,7.5167,5.364,0.005,0.015
ViT-L-14__block24__fov,900_1000,3,3,7.5407,5.3792,0.005,0.045
ViT-L-14__block24__fov,900_1000,4,3,7.5185,5.3329,0.015,0.045
ViT-L-14__block4,0_100,0,20,6.7965,4.0077,0.085,0.265
ViT-L-14__block4,0_100,1,24,6.8177,3.9183,0.06,0.29
ViT-L-14__block4,0_100,2,30,6.827,3.8714,0.09,0.32
ViT-L-14__block4,0_100,3,19,6.8103,3.97,0.08,0.28
ViT-L-14__block4,0_100,4,26,6.8245,3.9112,0.075,0.3
ViT-L-14__block4,100_200,0,48,6.181,2.9087,0.285,0.605
ViT-L-14__block4,100_200,1,39,6.1575,2.9472,0.26,0.57
ViT-L-14__block4,100_200,2,48,6.1829,2.9053,0.26,0.605
ViT-L-14__block4,100_200,3,38,6.1688,2.9161,0.23,0.605
ViT-L-14__block4,100_200,4,42,6.1596,2.9212,0.275,0.59
ViT-L-14__block4,200_300,0,28,6.4009,3.2701,0.195,0.51
ViT-L-14__block4,200_300,1,27,6.3413,3.2754,0.195,0.53
ViT-L-14__block4,200_300,2,28,6.3615,3.3219,0.185,0.485
ViT-L-14__block4,200_300,3,23,6.4008,3.3329,0.195,0.515
ViT-L-14__block4,200_300,4,30,6.3479,3.2839,0.18,0.555
ViT-L-14__block4,300_400,0,13,7.0115,4.0402,0.1,0.375
ViT-L-14__block4,300_400,1,12,6.9826,4.1008,0.09,0.28
ViT-L-14__block4,300_400,2,12,7.0022,4.0689,0.125,0.345
ViT-L-14__block4,300_400,3,14,7.0066,4.0701,0.12,0.34
ViT-L-14__block4,300_400,4,13,7.0318,4.0954,0.09,0.34
ViT-L-14__block4,400_500,0,8,7.2592,4.6707,0.04,0.165
ViT-L-14__block4,400_500,1,9,7.2416,4.6237,0.045,0.185
ViT-L-14__block4,400_500,2,10,7.2274,4.6184,0.045,0.21
ViT-L-14__block4,400_500,3,10,7.2534,4.6157,0.055,0.17
ViT-L-14__block4,400_500,4,9,7.2504,4.6001,0.05,0.2
ViT-L-14__block4,500_600,0,3,7.4097,5.2427,0.005,0.04
ViT-L-14__block4,500_600,1,3,7.4116,5.2123,0.01,0.055
ViT-L-14__block4,500_600,2,4,7.4089,5.1923,0.005,0.07
ViT-L-14__block4,500_600,3,3,7.4189,5.2079,0.02,0.065
ViT-L-14__block4,500_600,4,4,7.408,5.1763,0.005,0.065
ViT-L-14__block4,600_700,0,3,7.4022,5.2549,0.005,0.055
ViT-L-14__block4,600_700,1,3,7.441,5.2573,0.02,0.045
ViT-L-14__block4,600_700,2,3,7.4195,5.2702,0.005,0.05
ViT-L-14__block4,600_700,3,3,7.4284,5.2774,0.0,0.035
ViT-L-14__block4,600_700,4,4,7.4236,5.2566,0.02,0.05
ViT-L-14__block4,700_800,0,3,7.4368,5.2673,0.0,0.035
ViT-L-14__block4,700_800,1,3,7.4475,5.2889,0.005,0.02
ViT-L-14__block4,700_800,2,3,7.4293,5.301,0.005,0.02
ViT-L-14__block4,700_800,3,2,7.4487,5.2935,0.01,0.035
ViT-L-14__block4,700_800,4,3,7.4497,5.2825,0.0,0.05
ViT-L-14__block4,800_900,0,3,7.4499,5.3258,0.0,0.02
ViT-L-14__block4,800_900,1,2,7.462,5.3053,0.01,0.035
ViT-L-14__block4,800_900,2,2,7.4477,5.3136,0.005,0.02
ViT-L-14__block4,800_900,3,2,7.4585,5.3178,0.0,0.04
ViT-L-14__block4,800_900,4,2,7.4598,5.2934,0.005,0.015
ViT-L-14__block4,900_1000,0,3,7.442,5.3108,0.0,0.025
ViT-L-14__block4,900_1000,1,3,7.4716,5.3169,0.005,0.04
ViT-L-14__block4,900_1000,2,2,7.4548,5.3124,0.0,0.015
ViT-L-14__block4,900_1000,3,2,7.4561,5.3205,0.01,0.025
ViT-L-14__block4,900_1000,4,2,7.4537,5.3067,0.01,0.035
ViT-L-14__block4__fov,0_100,0,20,6.7779,3.9131,0.08,0.28
ViT-L-14__block4__fov,0_100,1,24,6.7913,3.8356,0.1,0.32
ViT-L-14__block4__fov,0_100,2,29,6.8042,3.7935,0.09,0.33
ViT-L-14__block4__fov,0_100,3,26,6.7853,3.8259,0.105,0.33
ViT-L-14__block4__fov,0_100,4,26,6.7986,3.8241,0.09,0.335
ViT-L-14__block4__fov,100_200,0,48,6.1335,2.8319,0.3,0.635
ViT-L-14__block4__fov,100_200,1,39,6.1019,2.8498,0.28,0.59
ViT-L-14__block4__fov,100_200,2,40,6.1374,2.8233,0.3,0.6
ViT-L-14__block4__fov,100_200,3,50,6.1284,2.8292,0.27,0.63
ViT-L-14__block4__fov,100_200,4,42,6.1226,2.8304,0.3,0.625
ViT-L-14__block4__fov,200_300,0,28,6.3934,3.2084,0.195,0.54
ViT-L-14__block4__fov,200_300,1,27,6.3237,3.2155,0.2,0.54
ViT-L-14__block4__fov,200_300,2,31,6.3346,3.2037,0.205,0.525
ViT-L-14__block4__fov,200_300,3,36,6.3886,3.198,0.205,0.545
ViT-L-14__block4__fov,200_300,4,32,6.3377,3.2014,0.2,0.56
ViT-L-14__block4__fov,300_400,0,13,7.0036,4.0056,0.12,0.38
ViT-L-14__block4__fov,300_400,1,12,6.9794,4.0921,0.11,0.325
ViT-L-14__block4__fov,300_400,2,12,6.9914,4.0397,0.145,0.35
ViT-L-14__block4__fov,300_400,3,14,6.9976,4.0132,0.115,0.375
ViT-L-14__block4__fov,300_400,4,15,7.0196,4.0462,0.1,0.335
ViT-L-14__block4__fov,400_500,0,8,7.2521,4.6276,0.045,0.195
ViT-L-14__block4__fov,400_500,1,9,7.2372,4.6263,0.03,0.165
ViT-L-14__block4__fov,400_500,2,10,7.2313,4.5881,0.055,0.19
ViT-L-14__block4__fov,400_500,3,10,7.2495,4.5934,0.045,0.175
ViT-L-14__block4__fov,400_500,4,9,7.2495,4.603,0.05,0.18
ViT-L-14__block4__fov,500_600,0,5,7.3999,5.1702,0.025,0.08
ViT-L-14__block4__fov,500_600,1,3,7.4054,5.2151,0.01,0.03
ViT-L-14__block4__fov,500_600,2,4,7.4146,5.1817,0.02,0.09
ViT-L-14__block4__fov,500_600,3,4,7.4133,5.1805,0.01,0.06
ViT-L-14__block4__fov,500_600,4,4,7.4002,5.1767,0.005,0.075
ViT-L-14__block4__fov,600_700,0,3,7.4073,5.2459,0.01,0.06
ViT-L-14__block4__fov,600_700,1,3,7.4371,5.271,0.01,0.04
ViT-L-14__block4__fov,600_700,2,3,7.4294,5.2597,0.01,0.055
ViT-L-14__block4__fov,600_700,3,3,7.4303,5.2639,0.015,0.04
ViT-L-14__block4__fov,600_700,4,4,7.4166,5.2566,0.01,0.05
ViT-L-14__block4__fov,700_800,0,3,7.4367,5.2636,0.0,0.03
ViT-L-14__block4__fov,700_800,1,3,7.4483,5.2935,0.01,0.03
ViT-L-14__block4__fov,700_800,2,3,7.4394,5.2963,0.005,0.035
ViT-L-14__block4__fov,700_800,3,2,7.4512,5.2883,0.005,0.025
ViT-L-14__block4__fov,700_800,4,4,7.4402,5.2928,0.01,0.03
ViT-L-14__block4__fov,800_900,0,3,7.4454,5.3049,0.0,0.02
ViT-L-14__block4__fov,800_900,1,2,7.4603,5.3112,0.01,0.05
ViT-L-14__block4__fov,800_900,2,2,7.4578,5.3029,0.0,0.035
ViT-L-14__block4__fov,800_900,3,2,7.4575,5.302,0.015,0.035
ViT-L-14__block4__fov,800_900,4,2,7.4482,5.3047,0.01,0.025
ViT-L-14__block4__fov,900_1000,0,3,7.44,5.2979,0.0,0.035
ViT-L-14__block4__fov,900_1000,1,3,7.4702,5.3229,0.005,0.02
ViT-L-14__block4__fov,900_1000,2,2,7.4594,5.3011,0.005,0.03
ViT-L-14__block4__fov,900_1000,3,2,7.4538,5.3211,0.0,0.01
ViT-L-14__block4__fov,900_1000,4,2,7.4392,5.3152,0.005,0.04
ViT-L-14__block8,0_100,0,19,6.9176,4.0893,0.08,0.285
ViT-L-14__block8,0_100,1,20,6.9352,4.0897,0.075,0.26
ViT-L-14__block8,0_100,2,19,6.9149,4.0782,0.075,0.245
ViT-L-14__block8,0_100,3,17,6.9477,4.135,0.085,0.245
ViT-L-14__block8,0_100,4,19,6.9498,4.1137,0.075,0.27
ViT-L-14__block8,100_200,0,37,6.0483,2.7129,0.34,0.675
ViT-L-14__block8,100_200,1,46,6.0347,2.7392,0.34,0.67
ViT-L-14__block8,100_200,2,48,6.0735,2.7012,0.335,0.665
ViT-L-14__block8,100_200,3,50,6.0301,2.7462,0.325,0.67
ViT-L-14__block8,100_200,4,32,6.0541,2.7453,0.315,0.675
ViT-L-14__block8,200_300,0,23,6.2128,3.0495,0.255,0.59
ViT-L-14__block8,200_300,1,27,6.1769,3.0391,0.24,0.56
ViT-L-14__block8,200_300,2,32,6.2132,3.0426,0.22,0.555
ViT-L-14__block8,200_300,3,25,6.2591,3.0585,0.235,0.565
ViT-L-14__block8,200_300,4,32,6.2218,3.0001,0.25,0.59
ViT-L-14__block8,300_400,0,13,6.8406,3.7958,0.1,0.4
ViT-L-14__block8,300_400,1,13,6.8986,3.8561,0.095,0.345
ViT-L-14__block8,300_400,2,16,6.8941,3.8076,0.135,0.365
ViT-L-14__block8,300_400,3,15,6.8772,3.8271,0.12,0.335
ViT-L-14__block8,300_400,4,16,6.9137,3.8059,0.135,0.345
ViT-L-14__block8,400_500,0,13,7.1704,4.3403,0.065,0.25
ViT-L-14__block8,400_500,1,11,7.1665,4.3802,0.065,0.23
ViT-L-14__block8,400_500,2,11,7.1653,4.4296,0.075,0.215
ViT-L-14__block8,400_500,3,13,7.1866,4.3425,0.09,0.25
ViT-L-14__block8,400_500,4,9,7.1835,4.4275,0.045,0.21
ViT-L-14__block8,500_600,0,3,7.4128,5.202,0.0,0.035
ViT-L-14__block8,500_600,1,6,7.433,5.0726,0.005,0.045
ViT-L-14__block8,500_600,2,5,7.4237,5.0945,0.015,0.085
ViT-L-14__block8,500_600,3,5,7.4091,5.101,0.01,0.075
ViT-L-14__block8,500_600,4,4,7.4079,5.0967,0.015,0.075
ViT-L-14__block8,600_700,0,3,7.4355,5.2378,0.015,0.045
ViT-L-14__block8,600_700,1,3,7.4552,5.2428,0.005,0.055
ViT-L-14__block8,600_700,2,3,7.4397,5.2503,0.025,0.075
ViT-L-14__block8,600_700,3,3,7.4309,5.2505,0.005,0.055
ViT-L-14__block8,600_700,4,3,7.4309,5.2367,0.01,0.06
ViT-L-14__block8,700_800,0,3,7.4354,5.2563,0.01,0.055
ViT-L-14__block8,700_800,1,2,7.4612,5.3065,0.01,0.03
ViT-L-14__block8,700_800,2,3,7.4685,5.2875,0.015,0.045
ViT-L-14__block8,700_800,3,2,7.4725,5.3078,0.01,0.035
ViT-L-14__block8,700_800,4,3,7.4628,5.2658,0.01,0.04
ViT-L-14__block8,800_900,0,2,7.4729,5.3193,0.015,0.04
ViT-L-14__block8,800_900,1,2,7.4916,5.3286,0.0,0.02
ViT-L-14__block8,800_900,2,2,7.4753,5.3078,0.005,0.015
ViT-L-14__block8,800_900,3,2,7.4795,5.3031,0.005,0.03
ViT-L-14__block8,800_900,4,2,7.4751,5.273,0.0,0.015
ViT-L-14__block8,900_1000,0,2,7.4707,5.3319,0.0,0.02
ViT-L-14__block8,900_1000,1,2,7.4881,5.3372,0.005,0.02
ViT-L-14__block8,900_1000,2,2,7.4848,5.3069,0.005,0.025
ViT-L-14__block8,900_1000,3,2,7.4797,5.3266,0.005,0.015
ViT-L-14__block8,900_1000,4,2,7.4578,5.312,0.015,0.035
ViT-L-14__block8__fov,0_100,0,19,6.8756,4.0907,0.09,0.245
ViT-L-14__block8__fov,0_100,1,20,6.9135,4.0742,0.08,0.235
ViT-L-14__block8__fov,0_100,2,19,6.8961,4.0696,0.095,0.255
ViT-L-14__block8__fov,0_100,3,16,6.9374,4.0974,0.08,0.255
ViT-L-14__block8__fov,0_100,4,18,6.9229,4.0871,0.06,0.275
ViT-L-14__block8__fov,100_200,0,39,6.0066,2.6922,0.33,0.685
ViT-L-14__block8__fov,100_200,1,39,5.9914,2.6887,0.365,0.685
ViT-L-14__block8__fov,100_200,2,46,6.0151,2.6628,0.325,0.665
ViT-L-14__block8__fov,100_200,3,50,6.0005,2.6783,0.35,0.7
ViT-L-14__block8__fov,100_200,4,48,6.0388,2.6594,0.33,0.69
ViT-L-14__block8__fov,200_300,0,25,6.1926,3.0154,0.25,0.57
ViT-L-14__block8__fov,200_300,1,23,6.1738,3.0198,0.26,0.58
ViT-L-14__block8__fov,200_300,2,31,6.1795,2.9611,0.25,0.57
ViT-L-14__block8__fov,200_300,3,25,6.2282,2.9926,0.24,0.545
ViT-L-14__block8__fov,200_300,4,32,6.1977,2.9628,0.26,0.58
ViT-L-14__block8__fov,300_400,0,13,6.8318,3.8075,0.13,0.35
ViT-L-14__block8__fov,300_400,1,13,6.893,3.7941,0.125,0.385
ViT-L-14__block8__fov,300_400,2,16,6.8895,3.7864,0.13,0.405
ViT-L-14__block8__fov,300_400,3,16,6.8843,3.7413,0.145,0.365
ViT-L-14__block8__fov,300_400,4,16,6.9199,3.754,0.16,0.41
ViT-L-14__block8__fov,400_500,0,10,7.1655,4.4009,0.065,0.25
ViT-L-14__block8__fov,400_500,1,13,7.1729,4.3094,0.1,0.24
ViT-L-14__block8__fov,400_500,2,11,7.1488,4.3768,0.065,0.24
ViT-L-14__block8__fov,400_500,3,10,7.2001,4.3904,0.085,0.25
ViT-L-14__block8__fov,400_500,4,9,7.2039,4.3766,0.055,0.235
ViT-L-14__block8__fov,500_600,0,6,7.4081,5.0516,0.015,0.065
ViT-L-14__block8__fov,500_600,1,5,7.428,5.0993,0.005,0.06
ViT-L-14__block8__fov,500_600,2,4,7.4276,5.1377,0.01,0.07
ViT-L-14__block8__fov,500_600,3,3,7.4383,5.1926,0.015,0.045
ViT-L-14__block8__fov,500_600,4,5,7.4099,5.0642,0.02,0.085
ViT-L-14__block8__fov,600_700,0,3,7.4294,5.2514,0.02,0.06
ViT-L-14__block8__fov,600_700,1,3,7.4591,5.251,0.02,0.045
ViT-L-14__block8__fov,600_700,2,3,7.4458,5.2371,0.01,0.045
ViT-L-14__block8__fov,600_700,3,3,7.4498,5.2582,0.005,0.04
ViT-L-14__block8__fov,600_700,4,3,7.4452,5.227,0.02,0.045
ViT-L-14__block8__fov,700_800,0,3,7.4459,5.2556,0.0,0.04
ViT-L-14__block8__fov,700_800,1,3,7.4722,5.2945,0.01,0.045
ViT-L-14__block8__fov,700_800,2,3,7.4749,5.296,0.03,0.055
ViT-L-14__block8__fov,700_800,3,2,7.4767,5.3071,0.015,0.025
ViT-L-14__block8__fov,700_800,4,2,7.4639,5.2834,0.005,0.045
ViT-L-14__block8__fov,800_900,0,2,7.4667,5.3102,0.005,0.055
ViT-L-14__block8__fov,800_900,1,2,7.483,5.2987,0.01,0.03
ViT-L-14__block8__fov,800_900,2,2,7.4721,5.2962,0.005,0.03
ViT-L-14__block8__fov,800_900,3,2,7.4674,5.3141,0.01,0.03
ViT-L-14__block8__fov,800_900,4,2,7.4819,5.2978,0.0,0.03
ViT-L-14__block8__fov,900_1000,0,3,7.4692,5.3399,0.01,0.03
ViT-L-14__block8__fov,900_1000,1,2,7.482,5.3245,0.015,0.035
ViT-L-14__block8__fov,900_1000,2,2,7.4818,5.2974,0.005,0.02
ViT-L-14__block8__fov,900_1000,3,2,7.4777,5.321,0.005,0.03
ViT-L-14__block8__fov,900_1000,4,2,7.4617,5.3334,0.0,0.015
