target,window,seed,best_epoch,val_loss,test_loss,top1,top5
RN50__attnpool,0_100,0,2,7.1977,4.7545,0.045,0.12
RN50__attnpool,0_100,1,2,7.1734,4.7565,0.04,0.13
RN50__attnpool,0_100,2,3,7.1563,4.6973,0.03,0.15
RN50__attnpool,0_100,3,2,7.154,4.7647,0.035,0.13
RN50__attnpool,0_100,4,2,7.1302,4.7183,0.05,0.14
RN50__attnpool,100_200,0,4,6.6932,3.9006,0.115,0.365
RN50__attnpool,100_200,1,3,6.7045,4.0282,0.11,0.33
RN50__attnpool,100_200,2,3,6.6872,3.9394,0.105,0.37
RN50__attnpool,100_200,3,4,6.6286,3.9008,0.1,0.35
RN50__attnpool,100_200,4,4,6.6407,3.9575,0.12,0.36
RN50__attnpool,200_300,0,4,6.7247,3.8627,0.085,0.33
RN50__attnpool,200_300,1,5,6.7422,3.7862,0.115,0.39
RN50__attnpool,200_300,2,4,6.7465,3.8978,0.075,0.355
RN50__attnpool,200_300,3,4,6.6957,3.8558,0.085,0.335
RN50__attnpool,200_300,4,4,6.7521,3.9097,0.105,0.3
RN50__attnpool,300_400,0,3,7.0849,4.295,0.06,0.26
RN50__attnpool,300_400,1,3,7.0739,4.2841,0.1,0.225
RN50__attnpool,300_400,2,2,7.1034,4.4126,0.055,0.23
RN50__attnpool,300_400,3,3,7.1262,4.3213,0.065,0.25
RN50__attnpool,300_400,4,3,7.105,4.336,0.065,0.225
RN50__attnpool,400_500,0,1,7.3877,5.2497,0.005,0.03
RN50__attnpool,400_500,1,1,7.3759,5.2532,0.01,0.035
RN50__attnpool,400_500,2,1,7.3804,5.2483,0.005,0.06
RN50__attnpool,400_500,3,1,7.3761,5.2485,0.01,0.035
RN50__attnpool,400_500,4,1,7.3805,5.2504,0.005,0.04
RN50__attnpool,500_600,0,1,7.425,5.2833,0.005,0.025
RN50__attnpool,500_600,1,1,7.4213,5.2942,0.0,0.035
RN50__attnpool,500_600,2,1,7.4141,5.2847,0.005,0.03
RN50__attnpool,500_600,3,1,7.4228,5.2909,0.005,0.025
RN50__attnpool,500_600,4,1,7.4118,5.2859,0.005,0.03
RN50__attnpool,600_700,0,1,7.4233,5.3009,0.005,0.035
RN50__attnpool,600_700,1,1,7.4306,5.2999,0.005,0.025
RN50__attnpool,600_700,2,1,7.4169,5.2951,0.015,0.035
RN50__attnpool,600_700,3,1,7.4256,5.3016,0.01,0.03
RN50__attnpool,600_700,4,1,7.4239,5.3009,0.005,0.025
RN50__attnpool,700_800,0,1,7.4403,5.3163,0.0,0.02
RN50__attnpool,700_800,1,1,7.4364,5.304,0.0,0.015
RN50__attnpool,700_800,2,1,7.4393,5.3049,0.005,0.045
RN50__attnpool,700_800,3,1,7.4387,5.3097,0.005,0.025
RN50__attnpool,700_800,4,1,7.4327,5.3083,0.005,0.025
RN50__attnpool,800_900,0,1,7.4358,5.3128,0.005,0.03
RN50__attnpool,800_900,1,1,7.4297,5.311,0.0,0.035
RN50__attnpool,800_900,2,1,7.4373,5.3083,0.01,0.025
RN50__attnpool,800_900,3,1,7.4341,5.3104,0.005,0.02
RN50__attnpool,800_900,4,1,7.4344,5.3106,0.005,0.02
RN50__attnpool,900_1000,0,1,7.4437,5.3106,0.005,0.035
RN50__attnpool,900_1000,1,1,7.439,5.3096,0.005,0.015
RN50__attnpool,900_1000,2,1,7.4419,5.3137,0.005,0.025
RN50__attnpool,900_1000,3,1,7.4327,5.3167,0.0,0.025
RN50__attnpool,900_1000,4,1,7.4373,5.3172,0.015,0.02
RN50__attnpool__fov,0_100,0,2,7.1826,4.7326,0.045,0.13
RN50__attnpool__fov,0_100,1,2,7.169,4.7687,0.045,0.15
RN50__attnpool__fov,0_100,2,3,7.1555,4.6715,0.03,0.135
RN50__attnpool__fov,0_100,3,2,7.1428,4.7319,0.06,0.135
RN50__attnpool__fov,0_100,4,3,7.1462,4.648,0.07,0.16
RN50__attnpool__fov,100_200,0,4,6.666,3.8767,0.145,0.365
RN50__attnpool__fov,100_200,1,3,6.6843,3.9908,0.13,0.33
RN50__attnpool__fov,100_200,2,4,6.6764,3.8785,0.155,0.34
RN50__attnpool__fov,100_200,3,4,6.6184,3.8459,0.135,0.345
RN50__attnpool__fov,100_200,4,4,6.6392,3.893,0.14,0.37
RN50__attnpool__fov,200_300,0,4,6.7129,3.833,0.115,0.34
RN50__attnpool__fov,200_300,1,5,6.7228,3.7485,0.13,0.42
RN50__attnpool__fov,200_300,2,4,6.73,3.8218,0.11,0.38
RN50__attnpool__fov,200_300,3,4,6.6476,3.7977,0.12,0.37
RN50__attnpool__fov,200_300,4,4,6.7208,3.837,0.13,0.335
RN50__attnpool__fov,300_400,0,3,7.0855,4.3036,0.05,0.26
RN50__attnpool__fov,300_400,1,2,7.066,4.3648,0.055,0.23
RN50__attnpool__fov,300_400,2,3,7.0947,4.2913,0.07,0.265
RN50__attnpool__fov,300_400,3,3,7.1033,4.3169,0.065,0.255
RN50__attnpool__fov,300_400,4,3,7.0849,4.3133,0.07,0.25
RN50__attnpool__fov,400_500,0,1,7.3883,5.2474,0.005,0.04
RN50__attnpool__fov,400_500,1,1,7.3769,5.2512,0.015,0.045
RN50__attnpool__fov,400_500,2,1,7.384,5.2419,0.005,0.03
RN50__attnpool__fov,400_500,3,1,7.3801,5.2467,0.01,0.035
RN50__attnpool__fov,400_500,4,1,7.3835,5.2509,0.005,0.035
RN50__attnpool__fov,500_600,0,1,7.4224,5.2832,0.005,0.04
RN50__attnpool__fov,500_600,1,1,7.4188,5.2887,0.01,0.035
RN50__attnpool__fov,500_600,2,1,7.4205,5.2778,0.01,0.035
RN50__attnpool__fov,500_600,3,1,7.421,5.2858,0.01,0.035
RN50__attnpool__fov,500_600,4,1,7.4194,5.2935,0.01,0.025
RN50__attnpool__fov,600_700,0,1,7.4259,5.3026,0.0,0.035
RN50__attnpool__fov,600_700,1,1,7.4284,5.2978,0.0,0.03
RN50__attnpool__fov,600_700,2,1,7.4242,5.29,0.005,0.03
RN50__attnpool__fov,600_700,3,1,7.4256,5.3,0.01,0.03
RN50__attnpool__fov,600_700,4,1,7.4237,5.3026,0.0,0.035
RN50__attnpool__fov,700_800,0,1,7.449,5.3087,0.005,0.04
RN50__attnpool__fov,700_800,1,1,7.4358,5.304,0.01,0.02
RN50__attnpool__fov,700_800,2,1,7.4429,5.3017,0.005,0.025
RN50__attnpool__fov,700_800,3,1,7.4372,5.3034,0.0,0.03
RN50__attnpool__fov,700_800,4,1,7.4366,5.3122,0.01,0.03
RN50__attnpool__fov,800_900,0,1,7.4418,5.3099,0.005,0.02
RN50__attnpool__fov,800_900,1,1,7.4335,5.3102,0.01,0.02
RN50__attnpool__fov,800_900,2,1,7.439,5.3067,0.005,0.015
RN50__attnpool__fov,800_900,3,1,7.4301,5.3083,0.005,0.03
RN50__attnpool__fov,800_900,4,1,7.4305,5.3103,0.0,0.02
RN50__attnpool__fov,900_1000,0,1,7.4504,5.3099,0.005,0.02
RN50__attnpool__fov,900_1000,1,1,7.4397,5.3098,0.005,0.035
RN50__attnpool__fov,900_1000,2,1,7.4423,5.3099,0.01,0.03
RN50__attnpool__fov,900_1000,3,1,7.436,5.3081,0.0,0.02
RN50__attnpool__fov,900_1000,4,1,7.4332,5.3188,0.005,0.025
RN50__layer1,0_100,0,3,6.8671,4.1351,0.065,0.23
RN50__layer1,0_100,1,3,6.8284,4.1288,0.055,0.245
RN50__layer1,0_100,2,3,6.8813,4.0989,0.07,0.24
RN50__layer1,0_100,3,3,6.8932,4.1211,0.08,0.26
RN50__layer1,0_100,4,3,6.8853,4.0927,0.06,0.225
RN50__layer1,100_200,0,4,6.4888,3.5351,0.125,0.455
RN50__layer1,100_200,1,4,6.5503,3.5004,0.165,0.425
RN50__layer1,100_200,2,5,6.4882,3.4595,0.15,0.43
RN50__layer1,100_200,3,5,6.51,3.4459,0.155,0.435
RN50__layer1,100_200,4,5,6.4249,3.4123,0.19,0.445
RN50__layer1,200_300,0,4,6.7203,3.8283,0.155,0.375
RN50__layer1,200_300,1,4,6.747,3.719,0.15,0.415
RN50__layer1,200_300,2,5,6.7567,3.7372,0.13,0.42
RN50__layer1,200_300,3,5,6.7323,3.7217,0.12,0.41
RN50__layer1,200_300,4,5,6.716,3.6971,0.15,0.44
RN50__layer1,300_400,0,2,7.2027,4.6775,0.05,0.14
RN50__layer1,300_400,1,2,7.2022,4.6358,0.035,0.16
RN50__layer1,300_400,2,3,7.1844,4.5933,0.055,0.17
RN50__layer1,300_400,3,3,7.2314,4.5911,0.035,0.185
RN50__layer1,300_400,4,2,7.2287,4.6503,0.045,0.16
RN50__layer1,400_500,0,1,7.3708,5.2429,0.005,0.03
RN50__layer1,400_500,1,1,7.3826,5.2477,0.01,0.06
RN50__layer1,400_500,2,1,7.3749,5.2458,0.005,0.02
RN50__layer1,400_500,3,1,7.3851,5.2446,0.01,0.06
RN50__layer1,400_500,4,1,7.3639,5.2393,0.005,0.05
RN50__layer1,500_600,0,1,7.4123,5.2835,0.005,0.025
RN50__layer1,500_600,1,1,7.4208,5.2879,0.0,0.03
RN50__layer1,500_600,2,1,7.4141,5.286,0.005,0.04
RN50__layer1,500_600,3,1,7.4215,5.2869,0.005,0.03
RN50__layer1,500_600,4,1,7.41,5.2821,0.005,0.045
RN50__layer1,600_700,0,1,7.4168,5.2967,0.005,0.025
RN50__layer1,600_700,1,1,7.4257,5.2951,0.01,0.05
RN50__layer1,600_700,2,1,7.4199,5.2965,0.005,0.03
RN50__layer1,600_700,3,1,7.4208,5.2933,0.005,0.025
RN50__layer1,600_700,4,1,7.4177,5.2917,0.0,0.02
RN50__layer1,700_800,0,1,7.4293,5.2979,0.015,0.035
RN50__layer1,700_800,1,1,7.4325,5.2996,0.0,0.015
RN50__layer1,700_800,2,1,7.4287,5.2989,0.005,0.035
RN50__layer1,700_800,3,1,7.4327,5.2985,0.0,0.02
RN50__layer1,700_800,4,1,7.4298,5.2953,0.005,0.035
RN50__layer1,800_900,0,1,7.4263,5.2995,0.01,0.03
RN50__layer1,800_900,1,1,7.4276,5.3022,0.01,0.02
RN50__layer1,800_900,2,1,7.4232,5.2989,0.01,0.025
RN50__layer1,800_900,3,1,7.429,5.3011,0.0,0.035
RN50__layer1,800_900,4,1,7.4283,5.2997,0.0,0.025
RN50__layer1,900_1000,0,1,7.4312,5.3037,0.01,0.025
RN50__layer1,900_1000,1,1,7.4274,5.3005,0.0,0.035
RN50__layer1,900_1000,2,1,7.4287,5.3024,0.005,0.02
RN50__layer1,900_1000,3,1,7.4335,5.3039,0.005,0.015
RN50__layer1,900_1000,4,1,7.4372,5.3027,0.005,0.025
RN50__layer1__fov,0_100,0,3,6.8474,4.0832,0.06,0.26
RN50__layer1__fov,0_100,1,3,6.781,4.0977,0.06,0.245
RN50__layer1__fov,0_100,2,3,6.8505,4.0539,0.08,0.245
RN50__layer1__fov,0_100,3,4,6.8516,4.0231,0.06,0.265
RN50__layer1__fov,0_100,4,4,6.8475,4.0001,0.055,0.27
RN50__layer1__fov,100_200,0,4,6.4462,3.4741,0.13,0.465
RN50__layer1__fov,100_200,1,4,6.5026,3.4399,0.16,0.47
RN50__layer1__fov,100_200,2,5,6.4526,3.3728,0.15,0.47
RN50__layer1__fov,100_200,3,5,6.4683,3.3619,0.16,0.485
RN50__layer1__fov,100_200,4,5,6.3814,3.3443,0.185,0.495
RN50__layer1__fov,200_300,0,4,6.6929,3.7376,0.135,0.425
RN50__layer1__fov,200_300,1,4,6.7123,3.6794,0.18,0.42
RN50__layer1__fov,200_300,2,4,6.7162,3.71,0.14,0.435
RN50__layer1__fov,200_300,3,5,6.7109,3.6512,0.135,0.41
RN50__layer1__fov,200_300,4,5,6.6825,3.6069,0.17,0.45
RN50__layer1__fov,300_400,0,2,7.2008,4.6208,0.05,0.17
RN50__layer1__fov,300_400,1,2,7.2061,4.6287,0.055,0.16
RN50__layer1__fov,300_400,2,3,7.1789,4.575,0.065,0.175
RN50__layer1__fov,300_400,3,3,7.218,4.557,0.05,0.165
RN50__layer1__fov,300_400,4,2,7.2127,4.6623,0.05,0.15
RN50__layer1__fov,400_500,0,1,7.3775,5.2425,0.015,0.035
RN50__layer1__fov,400_500,1,1,7.3831,5.2503,0.01,0.03
RN50__layer1__fov,400_500,2,1,7.3753,5.2436,0.005,0.035
RN50__layer1__fov,400_500,3,1,7.3831,5.2449,0.005,0.035
RN50__layer1__fov,400_500,4,1,7.3684,5.2398,0.01,0.045
RN50__layer1__fov,500_600,0,1,7.4131,5.2833,0.01,0.015
RN50__layer1__fov,500_600,1,1,7.4232,5.29,0.01,0.02
RN50__layer1__fov,500_600,2,1,7.4119,5.2836,0.005,0.035
RN50__layer1__fov,500_600,3,1,7.4223,5.2855,0.01,0.03
RN50__layer1__fov,500_600,4,1,7.4134,5.2801,0.01,0.03
RN50__layer1__fov,600_700,0,1,7.4147,5.2948,0.0,0.03
RN50__layer1__fov,600_700,1,1,7.4242,5.2972,0.005,0.03
RN50__layer1__fov,600_700,2,1,7.4202,5.2962,0.005,0.03
RN50__layer1__fov,600_700,3,1,7.4246,5.2941,0.005,0.02
RN50__layer1__fov,600_700,4,1,7.4195,5.2925,0.0,0.035
RN50__layer1__fov,700_800,0,1,7.4244,5.2967,0.005,0.01
RN50__layer1__fov,700_800,1,1,7.4335,5.2985,0.005,0.025
RN50__layer1__fov,700_800,2,1,7.426,5.2941,0.005,0.015
RN50__layer1__fov,700_800,3,1,7.4368,5.2963,0.005,0.03
RN50__layer1__fov,700_800,4,1,7.4343,5.2934,0.0,0.03
RN50__layer1__fov,800_900,0,1,7.4255,5.3022,0.005,0.025
RN50__layer1__fov,800_900,1,1,7.4279,5.3028,0.005,0.03
RN50__layer1__fov,800_900,2,1,7.4197,5.3,0.005,0.025
RN50__layer1__fov,800_900,3,1,7.4319,5.2997,0.005,0.025
RN50__layer1__fov,800_900,4,1,7.4314,5.2999,0.0,0.035
RN50__layer1__fov,900_1000,0,1,7.4285,5.3,0.005,0.035
RN50__layer1__fov,900_1000,1,1,7.4322,5.3016,0.015,0.025
RN50__layer1__fov,900_1000,2,1,7.4247,5.303,0.005,0.035
RN50__layer1__fov,900_1000,3,1,7.4327,5.3015,0.01,0.025
RN50__layer1__fov,900_1000,4,1,7.4395,5.3044,0.005,0.025
RN50__layer2,0_100,0,3,6.8222,3.9908,0.085,0.245
RN50__layer2,0_100,1,3,6.8048,4.014,0.06,0.275
RN50__layer2,0_100,2,3,6.8568,3.9572,0.08,0.27
RN50__layer2,0_100,3,4,6.8345,3.9458,0.105,0.295
RN50__layer2,0_100,4,3,6.7988,3.9637,0.07,0.27
RN50__layer2,100_200,0,5,6.276,3.1046,0.215,0.565
RN50__layer2,100_200,1,5,6.3674,3.1416,0.21,0.535
RN50__layer2,100_200,2,5,6.3051,3.1828,0.24,0.505
RN50__layer2,100_200,3,5,6.3233,3.1523,0.2,0.51
RN50__layer2,100_200,4,4,6.2527,3.2155,0.205,0.525
RN50__layer2,200_300,0,5,6.5877,3.5375,0.17,0.39
RN50__layer2,200_300,1,5,6.589,3.4753,0.17,0.445
RN50__layer2,200_300,2,5,6.6059,3.4597,0.175,0.45
RN50__layer2,200_300,3,5,6.5885,3.5532,0.21,0.445
RN50__layer2,200_300,4,4,6.5906,3.5393,0.17,0.445
RN50__layer2,300_400,0,2,7.0963,4.4469,0.06,0.22
RN50__layer2,300_400,1,2,7.1434,4.4719,0.06,0.22
RN50__layer2,300_400,2,3,7.1141,4.4133,0.075,0.225
RN50__layer2,300_400,3,3,7.1714,4.4085,0.06,0.255
RN50__layer2,300_400,4,3,7.1342,4.3619,0.065,0.23
RN50__layer2,400_500,0,1,7.3595,5.237,0.0,0.045
RN50__layer2,400_500,1,1,7.36,5.2349,0.01,0.055
RN50__layer2,400_500,2,1,7.3538,5.2278,0.02,0.035
RN50__layer2,400_500,3,1,7.3764,5.2282,0.01,0.035
RN50__layer2,400_500,4,1,7.361,5.2359,0.005,0.035
RN50__layer2,500_600,0,1,7.4087,5.2848,0.01,0.03
RN50__layer2,500_600,1,1,7.4031,5.2798,0.005,0.035
RN50__layer2,500_600,2,1,7.3993,5.276,0.005,0.03
RN50__layer2,500_600,3,1,7.415,5.2825,0.01,0.025
RN50__layer2,500_600,4,1,7.4101,5.2837,0.02,0.03
RN50__layer2,600_700,0,1,7.4123,5.2962,0.0,0.03
RN50__layer2,600_700,1,1,7.4134,5.2937,0.005,0.02
RN50__layer2,600_700,2,1,7.409,5.2925,0.005,0.03
RN50__layer2,600_700,3,1,7.415,5.2954,0.005,0.025
RN50__layer2,600_700,4,1,7.4165,5.2961,0.0,0.02
RN50__layer2,700_800,0,1,7.4209,5.2979,0.005,0.025
RN50__layer2,700_800,1,1,7.4168,5.2954,0.01,0.025
RN50__layer2,700_800,2,1,7.4158,5.2946,0.005,0.04
RN50__layer2,700_800,3,1,7.428,5.297,0.0,0.03
RN50__layer2,700_800,4,1,7.4284,5.2982,0.015,0.025
RN50__layer2,800_900,0,1,7.4244,5.2993,0.005,0.03
RN50__layer2,800_900,1,1,7.4122,5.3015,0.005,0.025
RN50__layer2,800_900,2,1,7.4168,5.3032,0.005,0.035
RN50__layer2,800_900,3,1,7.428,5.3008,0.0,0.02
RN50__layer2,800_900,4,1,7.4254,5.3041,0.005,0.02
RN50__layer2,900_1000,0,1,7.4258,5.3019,0.005,0.035
RN50__layer2,900_1000,1,1,7.4198,5.3025,0.005,0.015
RN50__layer2,900_1000,2,1,7.4205,5.3032,0.005,0.04
RN50__layer2,900_1000,3,1,7.4311,5.3047,0.0,0.015
RN50__layer2,900_1000,4,1,7.4284,5.3028,0.005,0.03
RN50__layer2__fov,0_100,0,3,6.7931,3.9325,0.075,0.29
RN50__layer2__fov,0_100,1,3,6.7708,3.9388,0.095,0.27
RN50__layer2__fov,0_100,2,3,6.8353,3.8959,0.08,0.27
RN50__layer2__fov,0_100,3,4,6.8059,3.862,0.075,0.295
RN50__layer2__fov,0_100,4,3,6.7797,3.9221,0.08,0.24
RN50__layer2__fov,100_200,0,5,6.2539,3.0565,0.235,0.56
RN50__layer2__fov,100_200,1,5,6.3172,3.0971,0.23,0.56
RN50__layer2__fov,100_200,2,5,6.2848,3.1271,0.23,0.55
RN50__layer2__fov,100_200,3,5,6.2959,3.0742,0.22,0.54
RN50__layer2__fov,100_200,4,4,6.2256,3.1762,0.21,0.55
RN50__layer2__fov,200_300,0,5,6.5418,3.4178,0.2,0.45
RN50__layer2__fov,200_300,1,4,6.5597,3.4717,0.2,0.465
RN50__layer2__fov,200_300,2,5,6.5758,3.382,0.19,0.49
RN50__layer2__fov,200_300,3,5,6.561,3.4767,0.19,0.46
RN50__layer2__fov,200_300,4,4,6.5688,3.4749,0.185,0.485
RN50__layer2__fov,300_400,0,3,7.0884,4.3815,0.085,0.235
RN50__layer2__fov,300_400,1,2,7.1376,4.4702,0.04,0.245
RN50__layer2__fov,300_400,2,3,7.1121,4.3774,0.075,0.24
RN50__layer2__fov,300_400,3,2,7.1645,4.4548,0.065,0.225
RN50__layer2__fov,300_400,4,3,7.1304,4.3479,0.055,0.23
RN50__layer2__fov,400_500,0,1,7.3573,5.2346,0.005,0.04
RN50__layer2__fov,400_500,1,1,7.3631,5.2363,0.035,0.055
RN50__layer2__fov,400_500,2,1,7.3584,5.231,0.0,0.045
RN50__layer2__fov,400_500,3,1,7.3747,5.2265,0.01,0.06
RN50__layer2__fov,400_500,4,1,7.3628,5.2308,0.015,0.045
RN50__layer2__fov,500_600,0,1,7.4001,5.2817,0.005,0.015
RN50__layer2__fov,500_600,1,1,7.4035,5.281,0.005,0.035
RN50__layer2__fov,500_600,2,1,7.3998,5.2768,0.005,0.035
RN50__layer2__fov,500_600,3,1,7.4127,5.2809,0.005,0.025
RN50__layer2__fov,500_600,4,1,7.4139,5.2802,0.005,0.04
RN50__layer2__fov,600_700,0,1,7.4066,5.2957,0.005,0.02
RN50__layer2__fov,600_700,1,1,7.4137,5.2961,0.005,0.02
RN50__layer2__fov,600_700,2,1,7.408,5.2911,0.01,0.03
RN50__layer2__fov,600_700,3,1,7.413,5.2963,0.0,0.035
RN50__layer2__fov,600_700,4,1,7.4187,5.2931,0.005,0.02
RN50__layer2__fov,700_800,0,1,7.4168,5.2964,0.005,0.03
RN50__layer2__fov,700_800,1,1,7.4197,5.2954,0.015,0.025
RN50__layer2__fov,700_800,2,1,7.4159,5.2954,0.0,0.025
RN50__layer2__fov,700_800,3,1,7.426,5.2943,0.005,0.025
RN50__layer2__fov,700_800,4,1,7.4307,5.2962,0.005,0.03
RN50__layer2__fov,800_900,0,1,7.4211,5.3004,0.005,0.02
RN50__layer2__fov,800_900,1,1,7.4144,5.3039,0.005,0.04
RN50__layer2__fov,800_900,2,1,7.4161,5.3032,0.0,0.03
RN50__layer2__fov,800_900,3,1,7.426,5.301,0.005,0.035
RN50__layer2__fov,800_900,4,1,7.4276,5.3023,0.0,0.035
RN50__layer2__fov,900_1000,0,1,7.4235,5.3045,0.005,0.035
RN50__layer2__fov,900_1000,1,1,7.4211,5.302,0.0,0.03
RN50__layer2__fov,900_1000,2,1,7.4218,5.3028,0.005,0.025
RN50__layer2__fov,900_1000,3,1,7.4317,5.3018,0.005,0.035
RN50__layer2__fov,900_1000,4,1,7.4327,5.3,0.005,0.025
RN50__layer3,0_100,0,3,6.8556,4.0875,0.085,0.29
RN50__layer3,0_100,1,3,6.8635,4.1296,0.1,0.26
RN50__layer3,0_100,2,3,6.8687,4.0921,0.085,0.285
RN50__layer3,0_100,3,4,6.852,3.9803,0.12,0.275
RN50__layer3,0_100,4,4,6.8447,4.0095,0.12,0.3
RN50__layer3,100_200,0,5,6.2013,3.038,0.275,0.58
RN50__layer3,100_200,1,5,6.2713,3.0708,0.265,0.6
RN50__layer3,100_200,2,5,6.2286,3.0511,0.275,0.585
RN50__layer3,100_200,3,5,6.2346,3.0891,0.24,0.555
RN50__layer3,100_200,4,5,6.1757,2.9922,0.285,0.63
RN50__layer3,200_300,0,5,6.3683,3.25,0.225,0.485
RN50__layer3,200_300,1,5,6.408,3.1543,0.24,0.59
RN50__layer3,200_300,2,5,6.4207,3.2047,0.25,0.54
RN50__layer3,200_300,3,5,6.3488,3.3043,0.22,0.495
RN50__layer3,200_300,4,5,6.4165,3.1977,0.24,0.545
RN50__layer3,300_400,0,3,6.9684,4.0978,0.125,0.315
RN50__layer3,300_400,1,3,7.0188,4.0994,0.105,0.295
RN50__layer3,300_400,2,3,7.0003,4.0705,0.07,0.325
RN50__layer3,300_400,3,4,6.9711,4.0389,0.095,0.3
RN50__layer3,300_400,4,3,6.985,4.1211,0.07,0.28
RN50__layer3,400_500,0,2,7.3501,4.9736,0.015,0.07
RN50__layer3,400_500,1,1,7.3659,5.227,0.005,0.05
RN50__layer3,400_500,2,1,7.3635,5.2183,0.01,0.045
RN50__layer3,400_500,3,1,7.3727,5.2162,0.01,0.05
RN50__layer3,400_500,4,1,7.3571,5.2204,0.015,0.045
RN50__layer3,500_600,0,1,7.4167,5.2755,0.005,0.035
RN50__layer3,500_600,1,1,7.4202,5.2888,0.0,0.03
RN50__layer3,500_600,2,1,7.4131,5.2814,0.0,0.025
RN50__layer3,500_600,3,1,7.4323,5.2798,0.01,0.03
RN50__layer3,500_600,4,1,7.4129,5.2839,0.01,0.03
RN50__layer3,600_700,0,1,7.4242,5.3003,0.0,0.03
RN50__layer3,600_700,1,1,7.4313,5.3043,0.01,0.03
RN50__layer3,600_700,2,1,7.4281,5.2999,0.0,0.025
RN50__layer3,600_700,3,1,7.437,5.2984,0.005,0.03
RN50__layer3,600_700,4,1,7.4238,5.3087,0.005,0.025
RN50__layer3,700_800,0,1,7.4437,5.2992,0.0,0.025
RN50__layer3,700_800,1,1,7.4442,5.305,0.005,0.02
RN50__layer3,700_800,2,1,7.4416,5.3095,0.01,0.03
RN50__layer3,700_800,3,1,7.4498,5.2998,0.005,0.035
RN50__layer3,700_800,4,1,7.4372,5.3113,0.005,0.02
RN50__layer3,800_900,0,1,7.4454,5.3102,0.005,0.025
RN50__layer3,800_900,1,1,7.4408,5.3104,0.005,0.02
RN50__layer3,800_900,2,1,7.4399,5.3141,0.005,0.025
RN50__layer3,800_900,3,1,7.4401,5.3054,0.005,0.02
RN50__layer3,800_900,4,1,7.4372,5.3171,0.005,0.025
RN50__layer3,900_1000,0,1,7.4546,5.3053,0.005,0.035
RN50__layer3,900_1000,1,1,7.4483,5.3137,0.005,0.025
RN50__layer3,900_1000,2,1,7.4477,5.3194,0.0,0.02
RN50__layer3,900_1000,3,1,7.4525,5.3034,0.01,0.03
RN50__layer3,900_1000,4,1,7.4451,5.3186,0.0,0.025
RN50__layer3__fov,0_100,0,3,6.8622,4.0698,0.11,0.275
RN50__layer3__fov,0_100,1,4,6.8329,3.9841,0.145,0.31
RN50__layer3__fov,0_100,2,3,6.8505,4.0636,0.105,0.295
RN50__layer3__fov,0_100,3,4,6.8344,3.9597,0.1,0.285
RN50__layer3__fov,0_100,4,4,6.8234,3.9695,0.1,0.31
RN50__layer3__fov,100_200,0,5,6.1779,3.0145,0.3,0.565
RN50__layer3__fov,100_200,1,5,6.2173,3.0303,0.305,0.62
RN50__layer3__fov,100_200,2,5,6.1847,3.0241,0.305,0.58
RN50__layer3__fov,100_200,3,5,6.1898,3.0515,0.25,0.53
RN50__layer3__fov,100_200,4,4,6.1389,3.1341,0.24,0.565
RN50__layer3__fov,200_300,0,5,6.3525,3.2011,0.25,0.555
RN50__layer3__fov,200_300,1,5,6.3718,3.1467,0.26,0.605
RN50__layer3__fov,200_300,2,5,6.3907,3.2105,0.275,0.57
RN50__layer3__fov,200_300,3,5,6.3351,3.2527,0.215,0.525
RN50__layer3__fov,200_300,4,4,6.4026,3.3227,0.19,0.495
RN50__layer3__fov,300_400,0,3,6.9541,4.0823,0.1,0.335
RN50__layer3__fov,300_400,1,3,7.0139,4.0287,0.125,0.355
RN50__layer3__fov,300_400,2,3,6.9855,4.0935,0.095,0.29
RN50__layer3__fov,300_400,3,4,6.9803,4.0357,0.075,0.31
RN50__layer3__fov,300_400,4,3,6.9839,4.0846,0.085,0.31
RN50__layer3__fov,400_500,0,2,7.353,4.9709,0.02,0.07
RN50__layer3__fov,400_500,1,1,7.3689,5.2263,0.025,0.04
RN50__layer3__fov,400_500,2,1,7.364,5.2152,0.005,0.045
RN50__layer3__fov,400_500,3,1,7.3723,5.216,0.015,0.035
RN50__layer3__fov,400_500,4,2,7.3473,4.9917,0.01,0.095
RN50__layer3__fov,500_600,0,1,7.4119,5.2761,0.005,0.02
RN50__layer3__fov,500_600,1,1,7.4202,5.2852,0.005,0.03
RN50__layer3__fov,500_600,2,1,7.4144,5.2762,0.005,0.02
RN50__layer3__fov,500_600,3,1,7.4292,5.2786,0.01,0.02
RN50__layer3__fov,500_600,4,1,7.4113,5.2784,0.01,0.02
RN50__layer3__fov,600_700,0,1,7.419,5.3005,0.005,0.02
RN50__layer3__fov,600_700,1,1,7.4302,5.3051,0.005,0.035
RN50__layer3__fov,600_700,2,1,7.4297,5.2995,0.01,0.04
RN50__layer3__fov,600_700,3,1,7.4311,5.299,0.01,0.03
RN50__layer3__fov,600_700,4,1,7.4196,5.3018,0.005,0.025
RN50__layer3__fov,700_800,0,1,7.4334,5.3006,0.0,0.02
RN50__layer3__fov,700_800,1,1,7.4432,5.3063,0.015,0.03
RN50__layer3__fov,700_800,2,1,7.447,5.3014,0.01,0.03
RN50__layer3__fov,700_800,3,1,7.45,5.3021,0.0,0.015
RN50__layer3__fov,700_800,4,1,7.433,5.3025,0.005,0.015
RN50__layer3__fov,800_900,0,1,7.442,5.3079,0.005,0.02
RN50__layer3__fov,800_900,1,1,7.4384,5.3152,0.005,0.015
RN50__layer3__fov,800_900,2,1,7.444,5.3111,0.01,0.03
RN50__layer3__fov,800_900,3,1,7.4447,5.3054,0.0,0.02
RN50__layer3__fov,800_900,4,1,7.4315,5.3107,0.005,0.025
RN50__layer3__fov,900_1000,0,1,7.4458,5.3053,0.0,0.025
RN50__layer3__fov,900_1000,1,1,7.4489,5.3211,0.005,0.02
RN50__layer3__fov,900_1000,2,1,7.4559,5.3148,0.005,0.02
RN50__layer3__fov,900_1000,3,1,7.4555,5.3103,0.005,0.005
RN50__layer3__fov,900_1000,4,1,7.434,5.3151,0.005,0.02
RN50__layer4,0_100,0,3,7.0406,4.5144,0.06,0.195
RN50__layer4,0_100,1,3,7.0316,4.489,0.04,0.19
RN50__layer4,0_100,2,3,7.0237,4.4668,0.075,0.22
RN50__layer4,0_100,3,4,7.0485,4.4267,0.055,0.205
RN50__layer4,0_100,4,3,7.0179,4.4559,0.065,0.205
RN50__layer4,100_200,0,4,6.4269,3.5935,0.175,0.435
RN50__layer4,100_200,1,5,6.4499,3.541,0.16,0.44
RN50__layer4,100_200,2,4,6.4371,3.5876,0.155,0.44
RN50__layer4,100_200,3,5,6.4141,3.541,0.16,0.435
RN50__layer4,100_200,4,4,6.3799,3.593,0.17,0.415
RN50__layer4,200_300,0,5,6.4964,3.4971,0.15,0.47
RN50__layer4,200_300,1,5,6.5157,3.4775,0.215,0.475
RN50__layer4,200_300,2,5,6.5225,3.471,0.18,0.455
RN50__layer4,200_300,3,5,6.455,3.5335,0.175,0.42
RN50__layer4,200_300,4,4,6.5164,3.5921,0.145,0.42
RN50__layer4,300_400,0,3,6.9849,4.1858,0.085,0.29
RN50__layer4,300_400,1,3,6.9935,4.1313,0.075,0.26
RN50__layer4,300_400,2,3,6.9895,4.1326,0.08,0.295
RN50__layer4,300_400,3,4,6.9505,4.0623,0.09,0.315
RN50__layer4,300_400,4,4,7.0057,4.0945,0.065,0.345
RN50__layer4,400_500,0,2,7.3696,4.9645,0.025,0.1
RN50__layer4,400_500,1,1,7.3724,5.2097,0.015,0.045
RN50__layer4,400_500,2,1,7.3741,5.2153,0.015,0.065
RN50__layer4,400_500,3,1,7.3706,5.2182,0.015,0.03
RN50__layer4,400_500,4,1,7.365,5.2092,0.005,0.06
RN50__layer4,500_600,0,1,7.432,5.2714,0.01,0.035
RN50__layer4,500_600,1,1,7.4259,5.2823,0.005,0.035
RN50__layer4,500_600,2,1,7.4191,5.2847,0.01,0.03
RN50__layer4,500_600,3,1,7.4275,5.2815,0.005,0.03
RN50__layer4,500_600,4,1,7.4309,5.2859,0.0,0.025
RN50__layer4,600_700,0,1,7.4308,5.2971,0.005,0.025
RN50__layer4,600_700,1,1,7.4392,5.2911,0.01,0.04
RN50__layer4,600_700,2,1,7.4286,5.294,0.005,0.035
RN50__layer4,600_700,3,1,7.4325,5.3065,0.005,0.03
RN50__layer4,600_700,4,1,7.4379,5.3044,0.0,0.03
RN50__layer4,700_800,0,1,7.4504,5.3046,0.02,0.035
RN50__layer4,700_800,1,1,7.447,5.3089,0.005,0.03
RN50__layer4,700_800,2,1,7.4601,5.3043,0.005,0.025
RN50__layer4,700_800,3,1,7.4505,5.3036,0.0,0.01
RN50__layer4,700_800,4,1,7.4479,5.3164,0.005,0.025
RN50__layer4,800_900,0,1,7.4498,5.315,0.01,0.02
RN50__layer4,800_900,1,1,7.4407,5.3114,0.005,0.03
RN50__layer4,800_900,2,1,7.446,5.3128,0.01,0.03
RN50__layer4,800_900,3,1,7.4426,5.3117,0.005,0.02
RN50__layer4,800_900,4,1,7.4525,5.3186,0.005,0.01
RN50__layer4,900_1000,0,1,7.4601,5.3129,0.005,0.025
RN50__layer4,900_1000,1,1,7.4515,5.3167,0.01,0.025
RN50__layer4,900_1000,2,1,7.4628,5.3187,0.01,0.02
RN50__layer4,900_1000,3,1,7.4418,5.3139,0.005,0.02
RN50__layer4,900_1000,4,1,7.453,5.321,0.005,0.03
RN50__layer4__fov,0_100,0,3,7.0358,4.4733,0.06,0.205
RN50__layer4__fov,0_100,1,3,7.018,4.4686,0.055,0.205
RN50__layer4__fov,0_100,2,3,7.0201,4.4242,0.07,0.19
RN50__layer4__fov,0_100,3,3,7.0324,4.4247,0.075,0.195
RN50__layer4__fov,0_100,4,3,7.0,4.4327,0.055,0.19
RN50__layer4__fov,100_200,0,5,6.398,3.421,0.175,0.475
RN50__layer4__fov,100_200,1,5,6.4007,3.4655,0.165,0.45
RN50__layer4__fov,100_200,2,5,6.4143,3.4691,0.165,0.485
RN50__layer4__fov,100_200,3,4,6.3901,3.5051,0.185,0.445
RN50__layer4__fov,100_200,4,4,6.3494,3.5562,0.17,0.48
RN50__layer4__fov,200_300,0,5,6.4648,3.4346,0.2,0.49
RN50__layer4__fov,200_300,1,5,6.501,3.4022,0.2,0.49
RN50__layer4__fov,200_300,2,5,6.5084,3.4195,0.19,0.47
RN50__layer4__fov,200_300,3,5,6.434,3.4857,0.2,0.48
RN50__layer4__fov,200_300,4,4,6.495,3.5534,0.15,0.48
RN50__layer4__fov,300_400,0,3,6.9588,4.1123,0.075,0.325
RN50__layer4__fov,300_400,1,3,6.9758,4.1326,0.07,0.315
RN50__layer4__fov,300_400,2,3,7.0088,4.0978,0.085,0.34
RN50__layer4__fov,300_400,3,4,6.9582,4.0647,0.07,0.31
RN50__layer4__fov,300_400,4,4,6.9919,4.0856,0.085,0.31
RN50__layer4__fov,400_500,0,2,7.3443,4.9485,0.025,0.095
RN50__layer4__fov,400_500,1,1,7.3688,5.2137,0.005,0.025
RN50__layer4__fov,400_500,2,1,7.3751,5.2163,0.005,0.04
RN50__layer4__fov,400_500,3,1,7.3585,5.2106,0.01,0.025
RN50__layer4__fov,400_500,4,1,7.3662,5.1961,0.02,0.05
RN50__layer4__fov,500_600,0,1,7.4209,5.2704,0.015,0.055
RN50__layer4__fov,500_600,1,1,7.4217,5.2813,0.01,0.03
RN50__layer4__fov,500_600,2,1,7.4222,5.2741,0.005,0.025
RN50__layer4__fov,500_600,3,1,7.4228,5.2777,0.005,0.04
RN50__layer4__fov,500_600,4,1,7.4314,5.2749,0.0,0.03
RN50__layer4__fov,600_700,0,1,7.4271,5.2937,0.01,0.04
RN50__layer4__fov,600_700,1,1,7.4356,5.2886,0.005,0.025
RN50__layer4__fov,600_700,2,1,7.4286,5.297,0.005,0.025
RN50__layer4__fov,600_700,3,1,7.4302,5.301,0.0,0.02
RN50__layer4__fov,600_700,4,1,7.4344,5.2987,0.005,0.025
RN50__layer4__fov,700_800,0,1,7.4466,5.3016,0.005,0.04
RN50__layer4__fov,700_800,1,1,7.446,5.2982,0.005,0.025
RN50__layer4__fov,700_800,2,1,7.4503,5.3007,0.005,0.035
RN50__layer4__fov,700_800,3,1,7.4496,5.3005,0.01,0.03
RN50__layer4__fov,700_800,4,1,7.444,5.3078,0.005,0.02
RN50__layer4__fov,800_900,0,1,7.4472,5.3089,0.005,0.03
RN50__layer4__fov,800_900,1,1,7.4361,5.3105,0.005,0.02
RN50__layer4__fov,800_900,2,1,7.4448,5.3162,0.005,0.02
RN50__layer4__fov,800_900,3,1,7.4372,5.3118,0.0,0.015
RN50__layer4__fov,800_900,4,1,7.4468,5.3168,0.0,0.025
RN50__layer4__fov,900_1000,0,1,7.4515,5.3084,0.01,0.035
RN50__layer4__fov,900_1000,1,1,7.4515,5.3224,0.005,0.025
RN50__layer4__fov,900_1000,2,1,7.4536,5.3148,0.005,0.025
RN50__layer4__fov,900_1000,3,1,7.4437,5.312,0.005,0.02
RN50__layer4__fov,900_1000,4,1,7.4496,5.3227,0.005,0.015
RN50__stem,0_100,0,5,7.0043,4.3684,0.06,0.215
RN50__stem,0_100,1,4,7.0121,4.4334,0.045,0.19
RN50__stem,0_100,2,4,7.0206,4.4724,0.04,0.18
RN50__stem,0_100,3,4,7.0461,4.455,0.05,0.185
RN50__stem,0_100,4,4,7.0164,4.4564,0.045,0.195
RN50__stem,100_200,0,5,6.7899,4.015,0.115,0.37
RN50__stem,100_200,1,4,6.8906,4.121,0.075,0.29
RN50__stem,100_200,2,5,6.7885,4.0723,0.095,0.315
RN50__stem,100_200,3,6,6.7665,3.9884,0.125,0.335
RN50__stem,100_200,4,5,6.7563,4.0254,0.07,0.325
RN50__stem,200_300,0,5,6.9496,4.2045,0.05,0.26
RN50__stem,200_300,1,8,6.9343,4.1699,0.05,0.28
RN50__stem,200_300,2,6,6.9558,4.2262,0.045,0.26
RN50__stem,200_300,3,6,6.9362,4.2068,0.06,0.26
RN50__stem,200_300,4,4,6.9609,4.3006,0.055,0.225
RN50__stem,300_400,0,2,7.2804,5.0017,0.025,0.1
RN50__stem,300_400,1,3,7.2855,4.8998,0.01,0.095
RN50__stem,300_400,2,3,7.2722,4.9147,0.015,0.11
RN50__stem,300_400,3,3,7.3009,4.8784,0.025,0.13
RN50__stem,300_400,4,3,7.2913,4.9172,0.025,0.115
RN50__stem,400_500,0,2,7.3997,5.2208,0.005,0.04
RN50__stem,400_500,1,2,7.3952,5.2148,0.005,0.04
RN50__stem,400_500,2,2,7.3965,5.2274,0.0,0.035
RN50__stem,400_500,3,2,7.4058,5.2133,0.01,0.04
RN50__stem,400_500,4,2,7.3964,5.2249,0.005,0.045
RN50__stem,500_600,0,2,7.4472,5.2731,0.005,0.025
RN50__stem,500_600,1,1,7.4459,5.2944,0.01,0.03
RN50__stem,500_600,2,2,7.4302,5.2814,0.005,0.04
RN50__stem,500_600,3,2,7.4506,5.2745,0.005,0.025
RN50__stem,500_600,4,2,7.4325,5.2855,0.0,0.02
RN50__stem,600_700,0,2,7.4305,5.2918,0.005,0.015
RN50__stem,600_700,1,1,7.4537,5.3092,0.005,0.02
RN50__stem,600_700,2,2,7.4323,5.2999,0.005,0.03
RN50__stem,600_700,3,2,7.4444,5.2915,0.005,0.03
RN50__stem,600_700,4,1,7.4394,5.3116,0.005,0.025
RN50__stem,700_800,0,2,7.4445,5.3005,0.005,0.025
RN50__stem,700_800,1,2,7.4618,5.3012,0.005,0.03
RN50__stem,700_800,2,2,7.449,5.2995,0.01,0.03
RN50__stem,700_800,3,2,7.4536,5.2991,0.01,0.015
RN50__stem,700_800,4,2,7.4542,5.3044,0.01,0.025
RN50__stem,800_900,0,1,7.4412,5.3122,0.005,0.02
RN50__stem,800_900,1,2,7.45,5.3095,0.01,0.02
RN50__stem,800_900,2,2,7.4383,5.3081,0.0,0.025
RN50__stem,800_900,3,2,7.4493,5.2985,0.005,0.035
RN50__stem,800_900,4,2,7.4488,5.3122,0.01,0.02
RN50__stem,900_1000,0,2,7.4532,5.3092,0.005,0.025
RN50__stem,900_1000,1,2,7.454,5.3217,0.005,0.02
RN50__stem,900_1000,2,2,7.4491,5.3095,0.01,0.02
RN50__stem,900_1000,3,2,7.4606,5.3093,0.0,0.015
RN50__stem,900_1000,4,2,7.4546,5.3142,0.005,0.025
RN50__stem__fov,0_100,0,5,6.9713,4.2927,0.05,0.255
RN50__stem__fov,0_100,1,4,6.9754,4.3681,0.03,0.195
RN50__stem__fov,0_100,2,6,6.99,4.3087,0.04,0.22
RN50__stem__fov,0_100,3,6,7.0223,4.2484,0.05,0.245
RN50__stem__fov,0_100,4,3,6.9918,4.4788,0.035,0.195
RN50__stem__fov,100_200,0,8,6.751,3.816,0.135,0.375
RN50__stem__fov,100_200,1,4,6.8448,4.0231,0.095,0.315
RN50__stem__fov,100_200,2,5,6.7473,3.9759,0.09,0.335
RN50__stem__fov,100_200,3,6,6.7358,3.9204,0.11,0.36
RN50__stem__fov,100_200,4,5,6.7262,3.9538,0.09,0.34
RN50__stem__fov,200_300,0,5,6.9028,4.1246,0.05,0.29
RN50__stem__fov,200_300,1,7,6.9052,4.0837,0.07,0.275
RN50__stem__fov,200_300,2,6,6.9195,4.1368,0.065,0.29
RN50__stem__fov,200_300,3,6,6.9142,4.1617,0.075,0.265
RN50__stem__fov,200_300,4,4,6.9394,4.2357,0.06,0.25
RN50__stem__fov,300_400,0,2,7.2781,4.9954,0.01,0.09
RN50__stem__fov,300_400,1,3,7.2909,4.8795,0.005,0.105
RN50__stem__fov,300_400,2,3,7.2681,4.9045,0.01,0.08
RN50__stem__fov,300_400,3,3,7.295,4.8672,0.035,0.13
RN50__stem__fov,300_400,4,3,7.2975,4.9046,0.02,0.15
RN50__stem__fov,400_500,0,1,7.3886,5.2532,0.005,0.025
RN50__stem__fov,400_500,1,2,7.3978,5.2177,0.01,0.06
RN50__stem__fov,400_500,2,2,7.4046,5.2276,0.0,0.025
RN50__stem__fov,400_500,3,2,7.4038,5.2146,0.0,0.04
RN50__stem__fov,400_500,4,2,7.4026,5.2281,0.01,0.045
RN50__stem__fov,500_600,0,1,7.4387,5.2958,0.005,0.02
RN50__stem__fov,500_600,1,2,7.4474,5.2741,0.015,0.03
RN50__stem__fov,500_600,2,2,7.436,5.2778,0.0,0.03
RN50__stem__fov,500_600,3,2,7.4524,5.2774,0.005,0.03
RN50__stem__fov,500_600,4,2,7.442,5.2815,0.005,0.025
RN50__stem__fov,600_700,0,1,7.4263,5.2988,0.01,0.03
RN50__stem__fov,600_700,1,2,7.4559,5.2929,0.005,0.025
RN50__stem__fov,600_700,2,2,7.4332,5.2977,0.0,0.035
RN50__stem__fov,600_700,3,2,7.4423,5.2952,0.005,0.025
RN50__stem__fov,600_700,4,1,7.4457,5.3105,0.0,0.02
RN50__stem__fov,700_800,0,2,7.4363,5.3004,0.01,0.025
RN50__stem__fov,700_800,1,2,7.457,5.3013,0.005,0.03
RN50__stem__fov,700_800,2,2,7.4525,5.3025,0.01,0.035
RN50__stem__fov,700_800,3,2,7.4597,5.3014,0.015,0.03
RN50__stem__fov,700_800,4,2,7.4617,5.3042,0.005,0.015
RN50__stem__fov,800_900,0,1,7.4421,5.3165,0.005,0.025
RN50__stem__fov,800_900,1,2,7.4465,5.3081,0.0,0.02
RN50__stem__fov,800_900,2,2,7.4361,5.3049,0.005,0.035
RN50__stem__fov,800_900,3,2,7.4493,5.3047,0.005,0.02
RN50__stem__fov,800_900,4,2,7.4562,5.3155,0.005,0.03
RN50__stem__fov,900_1000,0,2,7.4492,5.3098,0.01,0.015
RN50__stem__fov,900_1000,1,2,7.4531,5.3163,0.0,0.015
RN50__stem__fov,900_1000,2,2,7.4504,5.3103,0.0,0.025
RN50__stem__fov,900_1000,3,2,7.4556,5.3099,0.005,0.02
RN50__stem__fov,900_1000,4,2,7.4634,5.3171,0.005,0.025
ViT-B-16__block10,0_100,0,3,7.1149,4.6048,0.075,0.145
ViT-B-16__block10,0_100,1,3,7.1067,4.5685,0.045,0.16
ViT-B-16__block10,0_100,2,3,7.0778,4.5784,0.045,0.155
ViT-B-16__block10,0_100,3,3,7.0752,4.564,0.045,0.175
ViT-B-16__block10,0_100,4,3,7.0836,4.5872,0.065,0.17
ViT-B-16__block10,100_200,0,5,6.5876,3.6793,0.185,0.43
ViT-B-16__block10,100_200,1,4,6.623,3.752,0.145,0.4
ViT-B-16__block10,100_200,2,3,6.6017,3.8323,0.155,0.39
ViT-B-16__block10,100_200,3,5,6.5623,3.7014,0.15,0.385
ViT-B-16__block10,100_200,4,4,6.5735,3.7911,0.13,0.42
ViT-B-16__block10,200_300,0,5,6.6196,3.7267,0.13,0.425
ViT-B-16__block10,200_300,1,4,6.6617,3.7784,0.12,0.39
ViT-B-16__block10,200_300,2,5,6.6539,3.6954,0.145,0.405
ViT-B-16__block10,200_300,3,5,6.5863,3.7373,0.115,0.375
ViT-B-16__block10,200_300,4,4,6.6522,3.804,0.11,0.33
ViT-B-16__block10,300_400,0,3,7.0389,4.2988,0.065,0.25
ViT-B-16__block10,300_400,1,3,7.0565,4.2838,0.065,0.255
ViT-B-16__block10,300_400,2,3,7.0497,4.2493,0.07,0.225
ViT-B-16__block10,300_400,3,4,7.0543,4.218,0.075,0.27
ViT-B-16__block10,300_400,4,3,7.0827,4.256,0.08,0.25
ViT-B-16__block10,400_500,0,2,7.3705,4.9963,0.015,0.08
ViT-B-16__block10,400_500,1,1,7.3911,5.234,0.01,0.045
ViT-B-16__block10,400_500,2,1,7.3835,5.2335,0.0,0.045
ViT-B-16__block10,400_500,3,1,7.3781,5.2371,0.005,0.03
ViT-B-16__block10,400_500,4,1,7.379,5.2374,0.005,0.045
ViT-B-16__block10,500_600,0,1,7.4266,5.2797,0.0,0.03
ViT-B-16__block10,500_600,1,1,7.4341,5.2853,0.015,0.025
ViT-B-16__block10,500_600,2,1,7.4276,5.2805,0.015,0.035
ViT-B-16__block10,500_600,3,1,7.4326,5.2848,0.005,0.035
ViT-B-16__block10,500_600,4,1,7.4242,5.292,0.005,0.025
ViT-B-16__block10,600_700,0,1,7.4293,5.2979,0.005,0.035
ViT-B-16__block10,600_700,1,1,7.4392,5.3047,0.005,0.03
ViT-B-16__block10,600_700,2,1,7.4313,5.3079,0.005,0.03
ViT-B-16__block10,600_700,3,1,7.4277,5.3045,0.005,0.025
ViT-B-16__block10,600_700,4,1,7.4358,5.3076,0.01,0.03
ViT-B-16__block10,700_800,0,1,7.4461,5.3099,0.0,0.02
ViT-B-16__block10,700_800,1,1,7.4545,5.313,0.01,0.02
ViT-B-16__block10,700_800,2,1,7.4414,5.3133,0.0,0.015
ViT-B-16__block10,700_800,3,1,7.4457,5.3112,0.01,0.025
ViT-B-16__block10,700_800,4,1,7.4455,5.3157,0.005,0.025
ViT-B-16__block10,800_900,0,1,7.4413,5.3108,0.005,0.03
ViT-B-16__block10,800_900,1,1,7.4426,5.318,0.0,0.025
ViT-B-16__block10,800_900,2,1,7.4367,5.3149,0.01,0.02
ViT-B-16__block10,800_900,3,1,7.4359,5.3124,0.005,0.025
ViT-B-16__block10,800_900,4,1,7.4398,5.3138,0.01,0.03
ViT-B-16__block10,900_1000,0,1,7.4565,5.3091,0.005,0.02
ViT-B-16__block10,900_1000,1,1,7.4513,5.3165,0.0,0.025
ViT-B-16__block10,900_1000,2,1,7.4494,5.3175,0.005,0.025
ViT-B-16__block10,900_1000,3,1,7.4531,5.3152,0.005,0.035
ViT-B-16__block10,900_1000,4,1,7.4491,5.3127,0.005,0.03
ViT-B-16__block10__fov,0_100,0,3,7.1114,4.5516,0.065,0.165
ViT-B-16__block10__fov,0_100,1,3,7.0928,4.511,0.07,0.18
ViT-B-16__block10__fov,0_100,2,3,7.0529,4.4866,0.075,0.17
ViT-B-16__block10__fov,0_100,3,3,7.0678,4.5201,0.075,0.175
ViT-B-16__block10__fov,0_100,4,3,7.0342,4.5192,0.065,0.195
ViT-B-16__block10__fov,100_200,0,5,6.5506,3.6226,0.155,0.475
ViT-B-16__block10__fov,100_200,1,5,6.5787,3.5916,0.15,0.435
ViT-B-16__block10__fov,100_200,2,3,6.5688,3.7951,0.16,0.4
ViT-B-16__block10__fov,100_200,3,5,6.5227,3.5588,0.17,0.44
ViT-B-16__block10__fov,100_200,4,4,6.5164,3.697,0.15,0.41
ViT-B-16__block10__fov,200_300,0,5,6.5778,3.668,0.17,0.42
ViT-B-16__block10__fov,200_300,1,5,6.6447,3.6201,0.165,0.47
ViT-B-16__block10__fov,200_300,2,4,6.6383,3.7055,0.15,0.435
ViT-B-16__block10__fov,200_300,3,5,6.5726,3.6633,0.16,0.435
ViT-B-16__block10__fov,200_300,4,4,6.6261,3.6748,0.14,0.405
ViT-B-16__block10__fov,300_400,0,2,7.0371,4.2983,0.08,0.265
ViT-B-16__block10__fov,300_400,1,3,7.0479,4.2005,0.08,0.28
ViT-B-16__block10__fov,300_400,2,3,7.0373,4.186,0.06,0.275
ViT-B-16__block10__fov,300_400,3,3,7.0609,4.2215,0.065,0.265
ViT-B-16__block10__fov,300_400,4,3,7.0563,4.2094,0.085,0.325
ViT-B-16__block10__fov,400_500,0,2,7.3714,5.0259,0.01,0.08
ViT-B-16__block10__fov,400_500,1,1,7.3879,5.231,0.0,0.04
ViT-B-16__block10__fov,400_500,2,1,7.3833,5.2334,0.0,0.045
ViT-B-16__block10__fov,400_500,3,1,7.3843,5.2342,0.005,0.045
ViT-B-16__block10__fov,400_500,4,1,7.3735,5.2274,0.01,0.05
ViT-B-16__block10__fov,500_600,0,1,7.4359,5.2817,0.02,0.045
ViT-B-16__block10__fov,500_600,1,1,7.4343,5.2795,0.01,0.025
ViT-B-16__block10__fov,500_600,2,1,7.4268,5.2738,0.0,0.03
ViT-B-16__block10__fov,500_600,3,1,7.4329,5.2808,0.005,0.03
ViT-B-16__block10__fov,500_600,4,1,7.4221,5.275,0.01,0.035
ViT-B-16__block10__fov,600_700,0,1,7.4308,5.3035,0.015,0.025
ViT-B-16__block10__fov,600_700,1,1,7.4415,5.3042,0.015,0.03
ViT-B-16__block10__fov,600_700,2,1,7.4289,5.3025,0.01,0.025
ViT-B-16__block10__fov,600_700,3,1,7.4341,5.305,0.005,0.025
ViT-B-16__block10__fov,600_700,4,1,7.4307,5.3022,0.005,0.015
ViT-B-16__block10__fov,700_800,0,1,7.4523,5.3112,0.0,0.035
ViT-B-16__block10__fov,700_800,1,1,7.4542,5.3155,0.01,0.025
ViT-B-16__block10__fov,700_800,2,1,7.4458,5.3118,0.005,0.03
ViT-B-16__block10__fov,700_800,3,1,7.4526,5.3077,0.01,0.03
ViT-B-16__block10__fov,700_800,4,1,7.4449,5.3072,0.01,0.04
ViT-B-16__block10__fov,800_900,0,1,7.4464,5.311,0.01,0.03
ViT-B-16__block10__fov,800_900,1,1,7.4448,5.3138,0.01,0.03
ViT-B-16__block10__fov,800_900,2,1,7.4379,5.3146,0.0,0.02
ViT-B-16__block10__fov,800_900,3,1,7.4481,5.3133,0.005,0.025
ViT-B-16__block10__fov,800_900,4,1,7.442,5.3078,0.0,0.035
ViT-B-16__block10__fov,900_1000,0,1,7.4558,5.3083,0.01,0.025
ViT-B-16__block10__fov,900_1000,1,1,7.4574,5.3135,0.005,0.025
ViT-B-16__block10__fov,900_1000,2,1,7.4498,5.3155,0.0,0.01
ViT-B-16__block10__fov,900_1000,3,1,7.4519,5.3176,0.0,0.03
ViT-B-16__block10__fov,900_1000,4,1,7.4516,5.3121,0.0,0.02
ViT-B-16__block12,0_100,0,2,7.2472,4.8348,0.03,0.09
ViT-B-16__block12,0_100,1,2,7.2007,4.8692,0.025,0.125
ViT-B-16__block12,0_100,2,3,7.2048,4.81,0.035,0.14
ViT-B-16__block12,0_100,3,2,7.2103,4.8267,0.03,0.105
ViT-B-16__block12,0_100,4,3,7.2171,4.8152,0.025,0.145
ViT-B-16__block12,100_200,0,3,6.7921,4.1701,0.085,0.255
ViT-B-16__block12,100_200,1,3,6.7811,4.1952,0.065,0.29
ViT-B-16__block12,100_200,2,3,6.7576,4.2022,0.075,0.29
ViT-B-16__block12,100_200,3,4,6.7745,4.0744,0.08,0.29
ViT-B-16__block12,100_200,4,4,6.7643,4.1201,0.09,0.285
ViT-B-16__block12,200_300,0,4,6.8173,4.052,0.08,0.29
ViT-B-16__block12,200_300,1,4,6.8277,4.0575,0.09,0.29
ViT-B-16__block12,200_300,2,4,6.8013,4.0367,0.11,0.295
ViT-B-16__block12,200_300,3,4,6.792,4.0552,0.065,0.295
ViT-B-16__block12,200_300,4,4,6.8389,4.0774,0.08,0.27
ViT-B-16__block12,300_400,0,3,7.1266,4.4198,0.05,0.235
ViT-B-16__block12,300_400,1,3,7.1158,4.449,0.035,0.235
ViT-B-16__block12,300_400,2,3,7.1063,4.4136,0.055,0.185
ViT-B-16__block12,300_400,3,4,7.1411,4.395,0.065,0.205
ViT-B-16__block12,300_400,4,3,7.1396,4.432,0.04,0.205
ViT-B-16__block12,400_500,0,1,7.411,5.263,0.015,0.065
ViT-B-16__block12,400_500,1,1,7.4029,5.2682,0.01,0.045
ViT-B-16__block12,400_500,2,1,7.3877,5.2551,0.01,0.045
ViT-B-16__block12,400_500,3,1,7.4081,5.2542,0.01,0.05
ViT-B-16__block12,400_500,4,1,7.3989,5.2572,0.015,0.025
ViT-B-16__block12,500_600,0,1,7.4552,5.2908,0.005,0.05
ViT-B-16__block12,500_600,1,1,7.4479,5.2965,0.01,0.03
ViT-B-16__block12,500_600,2,1,7.4245,5.2891,0.0,0.05
ViT-B-16__block12,500_600,3,1,7.4481,5.2899,0.005,0.035
ViT-B-16__block12,500_600,4,1,7.4357,5.2963,0.01,0.025
ViT-B-16__block12,600_700,0,1,7.4401,5.3032,0.005,0.045
ViT-B-16__block12,600_700,1,1,7.4478,5.3121,0.005,0.02
ViT-B-16__block12,600_700,2,1,7.4296,5.3027,0.005,0.025
ViT-B-16__block12,600_700,3,1,7.4435,5.3055,0.005,0.035
ViT-B-16__block12,600_700,4,1,7.4426,5.311,0.005,0.03
ViT-B-16__block12,700_800,0,1,7.459,5.3196,0.005,0.03
ViT-B-16__block12,700_800,1,1,7.4533,5.3167,0.01,0.01
ViT-B-16__block12,700_800,2,1,7.4473,5.324,0.005,0.02
ViT-B-16__block12,700_800,3,1,7.4611,5.3168,0.005,0.02
ViT-B-16__block12,700_800,4,1,7.4512,5.3157,0.01,0.035
ViT-B-16__block12,800_900,0,1,7.4507,5.3235,0.0,0.03
ViT-B-16__block12,800_900,1,1,7.4434,5.3228,0.005,0.01
ViT-B-16__block12,800_900,2,1,7.4442,5.3213,0.005,0.015
ViT-B-16__block12,800_900,3,1,7.4494,5.3197,0.0,0.04
ViT-B-16__block12,800_900,4,1,7.4496,5.3184,0.005,0.015
ViT-B-16__block12,900_1000,0,1,7.467,5.3291,0.005,0.04
ViT-B-16__block12,900_1000,1,1,7.4595,5.3173,0.005,0.025
ViT-B-16__block12,900_1000,2,1,7.4551,5.3414,0.01,0.015
ViT-B-16__block12,900_1000,3,1,7.459,5.3222,0.005,0.02
ViT-B-16__block12,900_1000,4,1,7.4605,5.327,0.005,0.03
ViT-B-16__block12__fov,0_100,0,3,7.2432,4.8089,0.025,0.125
ViT-B-16__block12__fov,0_100,1,2,7.2184,4.8445,0.035,0.11
ViT-B-16__block12__fov,0_100,2,3,7.1883,4.7791,0.045,0.14
ViT-B-16__block12__fov,0_100,3,2,7.1968,4.8249,0.015,0.115
ViT-B-16__block12__fov,0_100,4,3,7.2015,4.7981,0.035,0.12
ViT-B-16__block12__fov,100_200,0,4,6.7908,4.0509,0.125,0.295
ViT-B-16__block12__fov,100_200,1,4,6.7764,4.0685,0.085,0.29
ViT-B-16__block12__fov,100_200,2,3,6.7656,4.1495,0.08,0.285
ViT-B-16__block12__fov,100_200,3,4,6.7553,4.0516,0.095,0.34
ViT-B-16__block12__fov,100_200,4,4,6.7458,4.0801,0.125,0.295
ViT-B-16__block12__fov,200_300,0,4,6.8158,3.9858,0.09,0.31
ViT-B-16__block12__fov,200_300,1,4,6.8143,4.0221,0.12,0.305
ViT-B-16__block12__fov,200_300,2,5,6.7752,3.9407,0.12,0.335
ViT-B-16__block12__fov,200_300,3,4,6.7937,4.042,0.085,0.275
ViT-B-16__block12__fov,200_300,4,5,6.8207,3.9502,0.095,0.325
ViT-B-16__block12__fov,300_400,0,3,7.12,4.3993,0.08,0.24
ViT-B-16__block12__fov,300_400,1,3,7.1177,4.4255,0.045,0.205
ViT-B-16__block12__fov,300_400,2,3,7.1118,4.4267,0.06,0.22
ViT-B-16__block12__fov,300_400,3,4,7.1196,4.3979,0.08,0.22
ViT-B-16__block12__fov,300_400,4,3,7.131,4.4448,0.055,0.19
ViT-B-16__block12__fov,400_500,0,1,7.4005,5.2568,0.005,0.03
ViT-B-16__block12__fov,400_500,1,1,7.4029,5.2764,0.005,0.035
ViT-B-16__block12__fov,400_500,2,1,7.3841,5.2662,0.005,0.045
ViT-B-16__block12__fov,400_500,3,1,7.401,5.2582,0.005,0.02
ViT-B-16__block12__fov,400_500,4,1,7.3949,5.2619,0.01,0.035
ViT-B-16__block12__fov,500_600,0,1,7.4444,5.2991,0.01,0.03
ViT-B-16__block12__fov,500_600,1,1,7.4465,5.3005,0.01,0.04
ViT-B-16__block12__fov,500_600,2,1,7.4139,5.2856,0.01,0.03
ViT-B-16__block12__fov,500_600,3,1,7.4413,5.2978,0.005,0.025
ViT-B-16__block12__fov,500_600,4,1,7.4375,5.3014,0.005,0.03
ViT-B-16__block12__fov,600_700,0,1,7.4297,5.3099,0.005,0.03
ViT-B-16__block12__fov,600_700,1,1,7.4488,5.3166,0.005,0.03
ViT-B-16__block12__fov,600_700,2,1,7.4204,5.3076,0.005,0.03
ViT-B-16__block12__fov,600_700,3,1,7.4354,5.3102,0.005,0.03
ViT-B-16__block12__fov,600_700,4,1,7.4453,5.3183,0.005,0.025
ViT-B-16__block12__fov,700_800,0,1,7.4548,5.3266,0.005,0.025
ViT-B-16__block12__fov,700_800,1,1,7.4559,5.3214,0.005,0.035
ViT-B-16__block12__fov,700_800,2,1,7.4353,5.3216,0.015,0.025
ViT-B-16__block12__fov,700_800,3,1,7.453,5.3091,0.01,0.03
ViT-B-16__block12__fov,700_800,4,1,7.4604,5.3222,0.0,0.02
ViT-B-16__block12__fov,800_900,0,1,7.4473,5.3229,0.005,0.03
ViT-B-16__block12__fov,800_900,1,1,7.4495,5.3284,0.005,0.02
ViT-B-16__block12__fov,800_900,2,1,7.4341,5.3245,0.005,0.025
ViT-B-16__block12__fov,800_900,3,1,7.4497,5.319,0.005,0.025
ViT-B-16__block12__fov,800_900,4,1,7.4548,5.3228,0.005,0.025
ViT-B-16__block12__fov,900_1000,0,1,7.4553,5.3275,0.005,0.03
ViT-B-16__block12__fov,900_1000,1,1,7.4612,5.3245,0.01,0.04
ViT-B-16__block12__fov,900_1000,2,1,7.4439,5.3316,0.0,0.025
ViT-B-16__block12__fov,900_1000,3,1,7.4512,5.3193,0.005,0.03
ViT-B-16__block12__fov,900_1000,4,1,7.4719,5.3366,0.005,0.03
ViT-B-16__block2,0_100,0,5,6.7389,3.7561,0.09,0.34
ViT-B-16__block2,0_100,1,3,6.7469,3.9299,0.075,0.285
ViT-B-16__block2,0_100,2,4,6.7606,3.8406,0.095,0.325
ViT-B-16__block2,0_100,3,4,6.7665,3.8307,0.08,0.315
ViT-B-16__block2,0_100,4,4,6.7356,3.8612,0.095,0.26
ViT-B-16__block2,100_200,0,5,6.4506,3.3129,0.235,0.49
ViT-B-16__block2,100_200,1,4,6.5029,3.4049,0.175,0.49
ViT-B-16__block2,100_200,2,4,6.4638,3.4326,0.165,0.475
ViT-B-16__block2,100_200,3,5,6.4629,3.3377,0.195,0.475
ViT-B-16__block2,100_200,4,4,6.395,3.4172,0.195,0.475
ViT-B-16__block2,200_300,0,4,6.666,3.7451,0.18,0.4
ViT-B-16__block2,200_300,1,5,6.686,3.5738,0.225,0.455
ViT-B-16__block2,200_300,2,4,6.714,3.6876,0.205,0.43
ViT-B-16__block2,200_300,3,5,6.6901,3.6699,0.215,0.44
ViT-B-16__block2,200_300,4,4,6.6836,3.7034,0.215,0.43
ViT-B-16__block2,300_400,0,2,7.2011,4.6833,0.045,0.175
ViT-B-16__block2,300_400,1,3,7.2224,4.614,0.05,0.21
ViT-B-16__block2,300_400,2,3,7.2064,4.6226,0.06,0.185
ViT-B-16__block2,300_400,3,3,7.2322,4.6365,0.06,0.2
ViT-B-16__block2,300_400,4,3,7.2216,4.5823,0.04,0.19
ViT-B-16__block2,400_500,0,1,7.3787,5.236,0.01,0.045
ViT-B-16__block2,400_500,1,1,7.3715,5.2463,0.01,0.045
ViT-B-16__block2,400_500,2,1,7.3712,5.2433,0.01,0.05
ViT-B-16__block2,400_500,3,1,7.3804,5.2418,0.025,0.06
ViT-B-16__block2,400_500,4,1,7.3684,5.2462,0.005,0.035
ViT-B-16__block2,500_600,0,1,7.4165,5.2778,0.005,0.035
ViT-B-16__block2,500_600,1,1,7.4041,5.2812,0.005,0.045
ViT-B-16__block2,500_600,2,1,7.4104,5.2838,0.02,0.03
ViT-B-16__block2,500_600,3,1,7.4125,5.2814,0.015,0.055
ViT-B-16__block2,500_600,4,1,7.4021,5.2858,0.005,0.045
ViT-B-16__block2,600_700,0,1,7.4188,5.2946,0.005,0.025
ViT-B-16__block2,600_700,1,1,7.4129,5.2937,0.005,0.03
ViT-B-16__block2,600_700,2,1,7.4118,5.295,0.015,0.025
ViT-B-16__block2,600_700,3,1,7.4134,5.2946,0.015,0.025
ViT-B-16__block2,600_700,4,1,7.4116,5.2958,0.0,0.03
ViT-B-16__block2,700_800,0,1,7.4189,5.2999,0.015,0.03
ViT-B-16__block2,700_800,1,1,7.4185,5.2969,0.005,0.02
ViT-B-16__block2,700_800,2,1,7.4212,5.2982,0.01,0.03
ViT-B-16__block2,700_800,3,1,7.4204,5.2954,0.01,0.035
ViT-B-16__block2,700_800,4,1,7.4188,5.2983,0.005,0.025
ViT-B-16__block2,800_900,0,1,7.4202,5.3022,0.005,0.025
ViT-B-16__block2,800_900,1,1,7.4127,5.3003,0.005,0.03
ViT-B-16__block2,800_900,2,1,7.4192,5.3017,0.01,0.02
ViT-B-16__block2,800_900,3,1,7.4175,5.2992,0.005,0.02
ViT-B-16__block2,800_900,4,1,7.4162,5.3018,0.005,0.03
ViT-B-16__block2,900_1000,0,1,7.4235,5.3046,0.01,0.02
ViT-B-16__block2,900_1000,1,1,7.4187,5.2999,0.005,0.035
ViT-B-16__block2,900_1000,2,1,7.4231,5.3024,0.005,0.015
ViT-B-16__block2,900_1000,3,1,7.4227,5.2976,0.02,0.035
ViT-B-16__block2,900_1000,4,1,7.4184,5.3027,0.005,0.025
ViT-B-16__block2__fov,0_100,0,5,6.7161,3.6723,0.115,0.36
ViT-B-16__block2__fov,0_100,1,4,6.7125,3.7587,0.115,0.335
ViT-B-16__block2__fov,0_100,2,3,6.7336,3.7836,0.125,0.35
ViT-B-16__block2__fov,0_100,3,4,6.7337,3.7584,0.12,0.34
ViT-B-16__block2__fov,0_100,4,4,6.6976,3.7896,0.13,0.29
ViT-B-16__block2__fov,100_200,0,5,6.421,3.2356,0.235,0.525
ViT-B-16__block2__fov,100_200,1,4,6.4665,3.3194,0.21,0.495
ViT-B-16__block2__fov,100_200,2,4,6.4288,3.3666,0.165,0.455
ViT-B-16__block2__fov,100_200,3,5,6.4281,3.2828,0.175,0.475
ViT-B-16__block2__fov,100_200,4,4,6.3598,3.3324,0.21,0.505
ViT-B-16__block2__fov,200_300,0,5,6.6331,3.5593,0.255,0.46
ViT-B-16__block2__fov,200_300,1,4,6.6741,3.6288,0.225,0.43
ViT-B-16__block2__fov,200_300,2,4,6.6861,3.6275,0.225,0.455
ViT-B-16__block2__fov,200_300,3,5,6.6558,3.6082,0.22,0.445
ViT-B-16__block2__fov,200_300,4,4,6.6585,3.6592,0.225,0.42
ViT-B-16__block2__fov,300_400,0,2,7.1894,4.6675,0.05,0.17
ViT-B-16__block2__fov,300_400,1,3,7.2118,4.5813,0.055,0.225
ViT-B-16__block2__fov,300_400,2,3,7.1982,4.5844,0.065,0.195
ViT-B-16__block2__fov,300_400,3,3,7.2277,4.6283,0.055,0.205
ViT-B-16__block2__fov,300_400,4,3,7.2093,4.5693,0.055,0.185
ViT-B-16__block2__fov,400_500,0,1,7.3753,5.2375,0.015,0.08
ViT-B-16__block2__fov,400_500,1,1,7.3735,5.2451,0.005,0.065
ViT-B-16__block2__fov,400_500,2,1,7.3686,5.2396,0.015,0.05
ViT-B-16__block2__fov,400_500,3,1,7.3814,5.2423,0.015,0.055
ViT-B-16__block2__fov,400_500,4,1,7.3695,5.2458,0.01,0.065
ViT-B-16__block2__fov,500_600,0,1,7.4128,5.2793,0.01,0.035
ViT-B-16__block2__fov,500_600,1,1,7.4077,5.2784,0.005,0.025
ViT-B-16__block2__fov,500_600,2,1,7.4067,5.2823,0.01,0.045
ViT-B-16__block2__fov,500_600,3,1,7.4125,5.2824,0.005,0.04
ViT-B-16__block2__fov,500_600,4,1,7.4027,5.2859,0.005,0.015
ViT-B-16__block2__fov,600_700,0,1,7.4143,5.2956,0.01,0.025
ViT-B-16__block2__fov,600_700,1,1,7.4151,5.2925,0.0,0.02
ViT-B-16__block2__fov,600_700,2,1,7.4088,5.2952,0.005,0.04
ViT-B-16__block2__fov,600_700,3,1,7.4122,5.2956,0.01,0.02
ViT-B-16__block2__fov,600_700,4,1,7.411,5.2958,0.005,0.025
ViT-B-16__block2__fov,700_800,0,1,7.4186,5.2983,0.01,0.035
ViT-B-16__block2__fov,700_800,1,1,7.4206,5.2974,0.0,0.02
ViT-B-16__block2__fov,700_800,2,1,7.4163,5.3,0.0,0.035
ViT-B-16__block2__fov,700_800,3,1,7.4183,5.2974,0.01,0.035
ViT-B-16__block2__fov,700_800,4,1,7.4174,5.2968,0.005,0.025
ViT-B-16__block2__fov,800_900,0,1,7.4202,5.3019,0.005,0.03
ViT-B-16__block2__fov,800_900,1,1,7.4149,5.2997,0.0,0.01
ViT-B-16__block2__fov,800_900,2,1,7.4159,5.3031,0.005,0.025
ViT-B-16__block2__fov,800_900,3,1,7.4151,5.301,0.005,0.03
ViT-B-16__block2__fov,800_900,4,1,7.4149,5.2999,0.015,0.025
ViT-B-16__block2__fov,900_1000,0,1,7.4206,5.3029,0.01,0.025
ViT-B-16__block2__fov,900_1000,1,1,7.4211,5.2994,0.005,0.015
ViT-B-16__block2__fov,900_1000,2,1,7.4188,5.3039,0.0,0.015
ViT-B-16__block2__fov,900_1000,3,1,7.4175,5.3002,0.01,0.045
ViT-B-16__block2__fov,900_1000,4,1,7.4149,5.3015,0.005,0.02
ViT-B-16__block4,0_100,0,3,6.7395,3.7607,0.12,0.345
ViT-B-16__block4,0_100,1,3,6.7245,3.8292,0.1,0.32
ViT-B-16__block4,0_100,2,3,6.7502,3.7461,0.105,0.33
ViT-B-16__block4,0_100,3,3,6.7177,3.7868,0.11,0.31
ViT-B-16__block4,0_100,4,3,6.7088,3.7664,0.12,0.325
ViT-B-16__block4,100_200,0,5,6.2272,2.9722,0.285,0.54
ViT-B-16__block4,100_200,1,5,6.2641,2.9947,0.255,0.545
ViT-B-16__block4,100_200,2,5,6.2505,2.9887,0.255,0.555
ViT-B-16__block4,100_200,3,5,6.248,3.0047,0.23,0.465
ViT-B-16__block4,100_200,4,4,6.2061,3.0988,0.24,0.545
ViT-B-16__block4,200_300,0,5,6.5155,3.391,0.2,0.5
ViT-B-16__block4,200_300,1,5,6.4894,3.3592,0.18,0.505
ViT-B-16__block4,200_300,2,5,6.5245,3.3579,0.19,0.47
ViT-B-16__block4,200_300,3,5,6.5057,3.3866,0.18,0.47
ViT-B-16__block4,200_300,4,4,6.535,3.4027,0.19,0.48
ViT-B-16__block4,300_400,0,3,7.0724,4.4085,0.07,0.21
ViT-B-16__block4,300_400,1,3,7.0933,4.3803,0.055,0.25
ViT-B-16__block4,300_400,2,3,7.0842,4.3766,0.07,0.245
ViT-B-16__block4,300_400,3,3,7.1208,4.4139,0.05,0.225
ViT-B-16__block4,300_400,4,3,7.1244,4.3502,0.08,0.235
ViT-B-16__block4,400_500,0,1,7.3626,5.2287,0.01,0.08
ViT-B-16__block4,400_500,1,1,7.3671,5.2332,0.01,0.07
ViT-B-16__block4,400_500,2,1,7.3592,5.2324,0.01,0.065
ViT-B-16__block4,400_500,3,1,7.3716,5.2282,0.01,0.075
ViT-B-16__block4,400_500,4,1,7.3603,5.2334,0.01,0.05
ViT-B-16__block4,500_600,0,1,7.4034,5.277,0.02,0.04
ViT-B-16__block4,500_600,1,1,7.4049,5.2776,0.015,0.04
ViT-B-16__block4,500_600,2,1,7.4036,5.2861,0.01,0.035
ViT-B-16__block4,500_600,3,1,7.407,5.2762,0.005,0.045
ViT-B-16__block4,500_600,4,1,7.405,5.2842,0.01,0.04
ViT-B-16__block4,600_700,0,1,7.4106,5.2935,0.01,0.035
ViT-B-16__block4,600_700,1,1,7.4139,5.2934,0.005,0.03
ViT-B-16__block4,600_700,2,1,7.4077,5.2947,0.005,0.025
ViT-B-16__block4,600_700,3,1,7.4194,5.2927,0.0,0.025
ViT-B-16__block4,600_700,4,1,7.412,5.295,0.005,0.025
ViT-B-16__block4,700_800,0,1,7.4178,5.2986,0.005,0.03
ViT-B-16__block4,700_800,1,1,7.422,5.2962,0.015,0.035
ViT-B-16__block4,700_800,2,1,7.4171,5.2985,0.01,0.025
ViT-B-16__block4,700_800,3,1,7.4224,5.2889,0.005,0.015
ViT-B-16__block4,700_800,4,1,7.4206,5.2958,0.005,0.045
ViT-B-16__block4,800_900,0,1,7.4171,5.2977,0.0,0.015
ViT-B-16__block4,800_900,1,1,7.415,5.2986,0.0,0.02
ViT-B-16__block4,800_900,2,1,7.4161,5.3024,0.015,0.035
ViT-B-16__block4,800_900,3,1,7.4232,5.2963,0.0,0.035
ViT-B-16__block4,800_900,4,1,7.4203,5.2996,0.01,0.03
ViT-B-16__block4,900_1000,0,1,7.4234,5.3054,0.005,0.015
ViT-B-16__block4,900_1000,1,1,7.421,5.2996,0.0,0.035
ViT-B-16__block4,900_1000,2,1,7.4221,5.3058,0.005,0.03
ViT-B-16__block4,900_1000,3,1,7.4275,5.296,0.01,0.025
ViT-B-16__block4,900_1000,4,1,7.4246,5.3008,0.01,0.04
ViT-B-16__block4__fov,0_100,0,3,6.7047,3.7349,0.135,0.365
ViT-B-16__block4__fov,0_100,1,4,6.6844,3.7025,0.12,0.35
ViT-B-16__block4__fov,0_100,2,4,6.7276,3.6662,0.135,0.325
ViT-B-16__block4__fov,0_100,3,3,6.7108,3.7647,0.115,0.31
ViT-B-16__block4__fov,0_100,4,3,6.6874,3.7257,0.135,0.33
ViT-B-16__block4__fov,100_200,0,5,6.2034,2.88,0.285,0.585
ViT-B-16__block4__fov,100_200,1,5,6.2229,2.909,0.26,0.56
ViT-B-16__block4__fov,100_200,2,5,6.2009,2.9104,0.24,0.55
ViT-B-16__block4__fov,100_200,3,5,6.2199,2.9187,0.245,0.54
ViT-B-16__block4__fov,100_200,4,4,6.1802,3.0337,0.24,0.535
ViT-B-16__block4__fov,200_300,0,5,6.4929,3.3079,0.235,0.51
ViT-B-16__block4__fov,200_300,1,5,6.4831,3.3015,0.18,0.475
ViT-B-16__block4__fov,200_300,2,5,6.4951,3.2643,0.22,0.49
ViT-B-16__block4__fov,200_300,3,5,6.4984,3.314,0.24,0.465
ViT-B-16__block4__fov,200_300,4,4,6.5152,3.3251,0.205,0.53
ViT-B-16__block4__fov,300_400,0,3,7.0745,4.3901,0.09,0.205
ViT-B-16__block4__fov,300_400,1,3,7.0971,4.3341,0.095,0.24
ViT-B-16__block4__fov,300_400,2,3,7.0932,4.3861,0.065,0.235
ViT-B-16__block4__fov,300_400,3,3,7.1121,4.394,0.06,0.22
ViT-B-16__block4__fov,300_400,4,3,7.1359,4.3425,0.09,0.24
ViT-B-16__block4__fov,400_500,0,1,7.3631,5.2305,0.01,0.065
ViT-B-16__block4__fov,400_500,1,1,7.3662,5.2408,0.005,0.04
ViT-B-16__block4__fov,400_500,2,1,7.3613,5.2287,0.015,0.045
ViT-B-16__block4__fov,400_500,3,1,7.3714,5.2273,0.01,0.07
ViT-B-16__block4__fov,400_500,4,1,7.3588,5.2308,0.015,0.05
ViT-B-16__block4__fov,500_600,0,1,7.407,5.28,0.005,0.03
ViT-B-16__block4__fov,500_600,1,1,7.4083,5.2781,0.005,0.04
ViT-B-16__block4__fov,500_600,2,1,7.4011,5.2855,0.01,0.035
ViT-B-16__block4__fov,500_600,3,1,7.4079,5.2773,0.015,0.04
ViT-B-16__block4__fov,500_600,4,1,7.4013,5.28,0.005,0.03
ViT-B-16__block4__fov,600_700,0,1,7.4117,5.2959,0.005,0.03
ViT-B-16__block4__fov,600_700,1,1,7.4163,5.2968,0.0,0.025
ViT-B-16__block4__fov,600_700,2,1,7.4076,5.2946,0.005,0.03
ViT-B-16__block4__fov,600_700,3,1,7.4155,5.2919,0.0,0.045
ViT-B-16__block4__fov,600_700,4,1,7.4105,5.293,0.01,0.025
ViT-B-16__block4__fov,700_800,0,1,7.4163,5.2996,0.005,0.02
ViT-B-16__block4__fov,700_800,1,1,7.423,5.2984,0.005,0.03
ViT-B-16__block4__fov,700_800,2,1,7.4138,5.2977,0.0,0.035
ViT-B-16__block4__fov,700_800,3,1,7.4228,5.2863,0.005,0.015
ViT-B-16__block4__fov,700_800,4,1,7.4191,5.295,0.0,0.02
ViT-B-16__block4__fov,800_900,0,1,7.4172,5.3009,0.005,0.015
ViT-B-16__block4__fov,800_900,1,1,7.4172,5.2992,0.005,0.025
ViT-B-16__block4__fov,800_900,2,1,7.4155,5.2996,0.005,0.015
ViT-B-16__block4__fov,800_900,3,1,7.423,5.2952,0.0,0.035
ViT-B-16__block4__fov,800_900,4,1,7.4178,5.3006,0.005,0.03
ViT-B-16__block4__fov,900_1000,0,1,7.423,5.3064,0.0,0.015
ViT-B-16__block4__fov,900_1000,1,1,7.4238,5.3019,0.005,0.01
ViT-B-16__block4__fov,900_1000,2,1,7.4213,5.3027,0.0,0.025
ViT-B-16__block4__fov,900_1000,3,1,7.427,5.2968,0.01,0.025
ViT-B-16__block4__fov,900_1000,4,1,7.4251,5.3018,0.005,0.015
ViT-B-16__block6,0_100,0,3,6.8413,3.9808,0.085,0.325
ViT-B-16__block6,0_100,1,3,6.8682,4.0113,0.11,0.3
ViT-B-16__block6,0_100,2,3,6.8843,3.9365,0.12,0.295
ViT-B-16__block6,0_100,3,3,6.8288,3.994,0.095,0.295
ViT-B-16__block6,0_100,4,3,6.8626,3.9801,0.12,0.295
ViT-B-16__block6,100_200,0,5,6.3325,3.2002,0.225,0.5
ViT-B-16__block6,100_200,1,5,6.3719,3.2145,0.205,0.505
ViT-B-16__block6,100_200,2,5,6.3379,3.167,0.265,0.535
ViT-B-16__block6,100_200,3,4,6.3269,3.3285,0.22,0.455
ViT-B-16__block6,100_200,4,4,6.3118,3.3373,0.205,0.495
ViT-B-16__block6,200_300,0,5,6.5118,3.431,0.18,0.47
ViT-B-16__block6,200_300,1,5,6.5197,3.4134,0.2,0.485
ViT-B-16__block6,200_300,2,4,6.5518,3.5377,0.18,0.43
ViT-B-16__block6,200_300,3,4,6.5212,3.5098,0.15,0.465
ViT-B-16__block6,200_300,4,6,6.5451,3.3284,0.245,0.485
ViT-B-16__block6,300_400,0,3,7.0855,4.2942,0.07,0.265
ViT-B-16__block6,300_400,1,3,7.0955,4.314,0.055,0.275
ViT-B-16__block6,300_400,2,3,7.0697,4.2748,0.065,0.255
ViT-B-16__block6,300_400,3,3,7.127,4.3317,0.06,0.26
ViT-B-16__block6,300_400,4,3,7.1144,4.2909,0.075,0.265
ViT-B-16__block6,400_500,0,1,7.3708,5.2371,0.02,0.06
ViT-B-16__block6,400_500,1,1,7.3762,5.253,0.01,0.035
ViT-B-16__block6,400_500,2,1,7.3718,5.2405,0.01,0.06
ViT-B-16__block6,400_500,3,1,7.3912,5.2433,0.005,0.075
ViT-B-16__block6,400_500,4,1,7.3765,5.2395,0.005,0.05
ViT-B-16__block6,500_600,0,1,7.4162,5.2745,0.005,0.045
ViT-B-16__block6,500_600,1,1,7.422,5.2852,0.005,0.035
ViT-B-16__block6,500_600,2,1,7.4203,5.2801,0.005,0.025
ViT-B-16__block6,500_600,3,1,7.4246,5.2836,0.01,0.04
ViT-B-16__block6,500_600,4,1,7.4067,5.2751,0.02,0.05
ViT-B-16__block6,600_700,0,1,7.4175,5.2937,0.015,0.03
ViT-B-16__block6,600_700,1,1,7.4285,5.2994,0.005,0.04
ViT-B-16__block6,600_700,2,1,7.4232,5.2927,0.005,0.03
ViT-B-16__block6,600_700,3,1,7.4288,5.2981,0.005,0.03
ViT-B-16__block6,600_700,4,1,7.4168,5.2956,0.005,0.035
ViT-B-16__block6,700_800,0,1,7.4299,5.2965,0.01,0.035
ViT-B-16__block6,700_800,1,1,7.4326,5.2998,0.015,0.035
ViT-B-16__block6,700_800,2,1,7.4329,5.3,0.01,0.025
ViT-B-16__block6,700_800,3,1,7.4399,5.2929,0.005,0.03
ViT-B-16__block6,700_800,4,1,7.4252,5.2965,0.005,0.035
ViT-B-16__block6,800_900,0,1,7.4287,5.2974,0.005,0.035
ViT-B-16__block6,800_900,1,1,7.4261,5.3002,0.005,0.04
ViT-B-16__block6,800_900,2,1,7.4284,5.3009,0.0,0.04
ViT-B-16__block6,800_900,3,1,7.4339,5.2996,0.015,0.02
ViT-B-16__block6,800_900,4,1,7.425,5.301,0.01,0.035
ViT-B-16__block6,900_1000,0,1,7.4344,5.3023,0.015,0.025
ViT-B-16__block6,900_1000,1,1,7.4277,5.302,0.015,0.03
ViT-B-16__block6,900_1000,2,1,7.4347,5.3035,0.0,0.035
ViT-B-16__block6,900_1000,3,1,7.4437,5.299,0.005,0.035
ViT-B-16__block6,900_1000,4,1,7.4324,5.3001,0.005,0.03
ViT-B-16__block6__fov,0_100,0,3,6.8239,3.9198,0.11,0.33
ViT-B-16__block6__fov,0_100,1,3,6.8462,3.9906,0.125,0.275
ViT-B-16__block6__fov,0_100,2,3,6.8541,3.9398,0.13,0.3
ViT-B-16__block6__fov,0_100,3,3,6.8112,3.947,0.11,0.32
ViT-B-16__block6__fov,0_100,4,3,6.8423,3.9714,0.125,0.315
ViT-B-16__block6__fov,100_200,0,4,6.2973,3.2884,0.235,0.495
ViT-B-16__block6__fov,100_200,1,5,6.3395,3.1332,0.225,0.535
ViT-B-16__block6__fov,100_200,2,5,6.2994,3.1504,0.23,0.515
ViT-B-16__block6__fov,100_200,3,5,6.283,3.1708,0.24,0.495
ViT-B-16__block6__fov,100_200,4,5,6.2756,3.1617,0.27,0.52
ViT-B-16__block6__fov,200_300,0,5,6.4795,3.3966,0.19,0.49
ViT-B-16__block6__fov,200_300,1,5,6.4926,3.3776,0.21,0.47
ViT-B-16__block6__fov,200_300,2,5,6.5035,3.3654,0.17,0.5
ViT-B-16__block6__fov,200_300,3,4,6.5099,3.4963,0.15,0.455
ViT-B-16__block6__fov,200_300,4,5,6.5205,3.3179,0.175,0.505
ViT-B-16__block6__fov,300_400,0,3,7.0654,4.3035,0.065,0.275
ViT-B-16__block6__fov,300_400,1,3,7.0905,4.2988,0.095,0.27
ViT-B-16__block6__fov,300_400,2,3,7.0531,4.2574,0.075,0.275
ViT-B-16__block6__fov,300_400,3,3,7.1206,4.3391,0.075,0.255
ViT-B-16__block6__fov,300_400,4,3,7.0783,4.2689,0.08,0.295
ViT-B-16__block6__fov,400_500,0,1,7.3777,5.249,0.005,0.06
ViT-B-16__block6__fov,400_500,1,1,7.3818,5.2503,0.01,0.04
ViT-B-16__block6__fov,400_500,2,1,7.3762,5.2439,0.01,0.05
ViT-B-16__block6__fov,400_500,3,1,7.3877,5.2397,0.015,0.04
ViT-B-16__block6__fov,400_500,4,1,7.3661,5.2492,0.01,0.04
ViT-B-16__block6__fov,500_600,0,1,7.4226,5.282,0.005,0.04
ViT-B-16__block6__fov,500_600,1,1,7.4255,5.285,0.0,0.04
ViT-B-16__block6__fov,500_600,2,1,7.4148,5.2818,0.0,0.035
ViT-B-16__block6__fov,500_600,3,1,7.4231,5.2794,0.01,0.02
ViT-B-16__block6__fov,500_600,4,1,7.4065,5.2952,0.01,0.03
ViT-B-16__block6__fov,600_700,0,1,7.4221,5.3003,0.0,0.035
ViT-B-16__block6__fov,600_700,1,1,7.4307,5.3012,0.005,0.015
ViT-B-16__block6__fov,600_700,2,1,7.4192,5.299,0.005,0.03
ViT-B-16__block6__fov,600_700,3,1,7.4329,5.2987,0.0,0.015
ViT-B-16__block6__fov,600_700,4,1,7.419,5.3,0.005,0.04
ViT-B-16__block6__fov,700_800,0,1,7.4347,5.3057,0.005,0.025
ViT-B-16__block6__fov,700_800,1,1,7.439,5.3031,0.005,0.02
ViT-B-16__block6__fov,700_800,2,1,7.427,5.3004,0.0,0.025
ViT-B-16__block6__fov,700_800,3,1,7.4415,5.2968,0.005,0.03
ViT-B-16__block6__fov,700_800,4,1,7.4314,5.3038,0.005,0.025
ViT-B-16__block6__fov,800_900,0,1,7.432,5.3075,0.01,0.04
ViT-B-16__block6__fov,800_900,1,1,7.4302,5.305,0.005,0.02
ViT-B-16__block6__fov,800_900,2,1,7.4269,5.3041,0.015,0.02
ViT-B-16__block6__fov,800_900,3,1,7.4369,5.2965,0.0,0.04
ViT-B-16__block6__fov,800_900,4,1,7.4306,5.3045,0.0,0.03
ViT-B-16__block6__fov,900_1000,0,1,7.4434,5.3086,0.0,0.03
ViT-B-16__block6__fov,900_1000,1,1,7.4356,5.3035,0.005,0.025
ViT-B-16__block6__fov,900_1000,2,1,7.4328,5.3026,0.005,0.035
ViT-B-16__block6__fov,900_1000,3,1,7.4445,5.2964,0.005,0.02
ViT-B-16__block6__fov,900_1000,4,1,7.4345,5.3085,0.005,0.02
ViT-B-16__block8,0_100,0,3,7.0122,4.3108,0.085,0.22
ViT-B-16__block8,0_100,1,3,6.9905,4.2827,0.06,0.225
ViT-B-16__block8,0_100,2,3,7.0186,4.2887,0.075,0.225
ViT-B-16__block8,0_100,3,3,6.9778,4.3185,0.07,0.205
ViT-B-16__block8,0_100,4,3,6.9727,4.3147,0.07,0.23
ViT-B-16__block8,100_200,0,4,6.5258,3.6923,0.19,0.395
ViT-B-16__block8,100_200,1,4,6.5369,3.5819,0.185,0.455
ViT-B-16__block8,100_200,2,4,6.5242,3.631,0.155,0.42
ViT-B-16__block8,100_200,3,5,6.4906,3.5332,0.19,0.43
ViT-B-16__block8,100_200,4,4,6.5064,3.6929,0.145,0.39
ViT-B-16__block8,200_300,0,5,6.6153,3.7382,0.125,0.38
ViT-B-16__block8,200_300,1,5,6.6166,3.6917,0.15,0.39
ViT-B-16__block8,200_300,2,5,6.6652,3.6932,0.135,0.36
ViT-B-16__block8,200_300,3,5,6.6186,3.702,0.13,0.385
ViT-B-16__block8,200_300,4,4,6.6663,3.7888,0.14,0.345
ViT-B-16__block8,300_400,0,3,7.0943,4.3921,0.06,0.21
ViT-B-16__block8,300_400,1,3,7.0959,4.3682,0.065,0.25
ViT-B-16__block8,300_400,2,3,7.0752,4.3277,0.08,0.24
ViT-B-16__block8,300_400,3,3,7.107,4.3654,0.07,0.215
ViT-B-16__block8,300_400,4,3,7.1041,4.3471,0.055,0.225
ViT-B-16__block8,400_500,0,1,7.3779,5.2507,0.01,0.045
ViT-B-16__block8,400_500,1,1,7.3832,5.2557,0.01,0.06
ViT-B-16__block8,400_500,2,1,7.3843,5.2449,0.005,0.03
ViT-B-16__block8,400_500,3,1,7.387,5.2444,0.02,0.065
ViT-B-16__block8,400_500,4,1,7.3836,5.2506,0.01,0.03
ViT-B-16__block8,500_600,0,1,7.4273,5.2881,0.005,0.03
ViT-B-16__block8,500_600,1,1,7.4233,5.2871,0.005,0.04
ViT-B-16__block8,500_600,2,1,7.4189,5.2819,0.01,0.035
ViT-B-16__block8,500_600,3,1,7.426,5.283,0.01,0.04
ViT-B-16__block8,500_600,4,1,7.4236,5.2869,0.005,0.03
ViT-B-16__block8,600_700,0,1,7.4202,5.304,0.005,0.025
ViT-B-16__block8,600_700,1,1,7.4244,5.3078,0.005,0.02
ViT-B-16__block8,600_700,2,1,7.4275,5.3015,0.005,0.02
ViT-B-16__block8,600_700,3,1,7.4332,5.2998,0.0,0.02
ViT-B-16__block8,600_700,4,1,7.4228,5.3024,0.01,0.025
ViT-B-16__block8,700_800,0,1,7.4333,5.3019,0.005,0.03
ViT-B-16__block8,700_800,1,1,7.4284,5.3046,0.005,0.03
ViT-B-16__block8,700_800,2,1,7.4441,5.3066,0.005,0.04
ViT-B-16__block8,700_800,3,1,7.4347,5.3024,0.01,0.025
ViT-B-16__block8,700_800,4,1,7.435,5.3064,0.005,0.03
ViT-B-16__block8,800_900,0,1,7.4302,5.3029,0.0,0.025
ViT-B-16__block8,800_900,1,1,7.4204,5.3133,0.005,0.025
ViT-B-16__block8,800_900,2,1,7.4298,5.306,0.005,0.03
ViT-B-16__block8,800_900,3,1,7.4352,5.3041,0.005,0.03
ViT-B-16__block8,800_900,4,1,7.4341,5.3074,0.0,0.025
ViT-B-16__block8,900_1000,0,1,7.4373,5.3077,0.01,0.015
ViT-B-16__block8,900_1000,1,1,7.4254,5.3107,0.005,0.035
ViT-B-16__block8,900_1000,2,1,7.4387,5.3102,0.01,0.03
ViT-B-16__block8,900_1000,3,1,7.4364,5.3068,0.015,0.02
ViT-B-16__block8,900_1000,4,1,7.435,5.3005,0.015,0.03
ViT-B-16__block8__fov,0_100,0,3,6.9686,4.2311,0.095,0.245
ViT-B-16__block8__fov,0_100,1,3,6.9641,4.2576,0.08,0.25
ViT-B-16__block8__fov,0_100,2,3,6.9866,4.2511,0.08,0.245
ViT-B-16__block8__fov,0_100,3,3,6.9606,4.2546,0.07,0.265
ViT-B-16__block8__fov,0_100,4,3,6.9594,4.2653,0.105,0.235
ViT-B-16__block8__fov,100_200,0,4,6.4504,3.5509,0.185,0.435
ViT-B-16__block8__fov,100_200,1,5,6.4714,3.4231,0.185,0.45
ViT-B-16__block8__fov,100_200,2,5,6.4591,3.4421,0.165,0.44
ViT-B-16__block8__fov,100_200,3,5,6.4373,3.4955,0.16,0.42
ViT-B-16__block8__fov,100_200,4,4,6.4419,3.6014,0.115,0.4
ViT-B-16__block8__fov,200_300,0,5,6.53,3.6112,0.17,0.39
ViT-B-16__block8__fov,200_300,1,5,6.5777,3.6034,0.175,0.36
ViT-B-16__block8__fov,200_300,2,5,6.5945,3.5718,0.17,0.38
ViT-B-16__block8__fov,200_300,3,5,6.6022,3.6496,0.13,0.365
ViT-B-16__block8__fov,200_300,4,4,6.6039,3.7002,0.145,0.325
ViT-B-16__block8__fov,300_400,0,3,7.0686,4.3413,0.085,0.235
ViT-B-16__block8__fov,300_400,1,3,7.0911,4.3126,0.065,0.24
ViT-B-16__block8__fov,300_400,2,3,7.0637,4.3027,0.06,0.255
ViT-B-16__block8__fov,300_400,3,3,7.1033,4.3532,0.075,0.235
ViT-B-16__block8__fov,300_400,4,3,7.0955,4.3262,0.075,0.255
ViT-B-16__block8__fov,400_500,0,1,7.3723,5.2439,0.005,0.05
ViT-B-16__block8__fov,400_500,1,1,7.3836,5.2473,0.015,0.055
ViT-B-16__block8__fov,400_500,2,1,7.386,5.2427,0.0,0.025
ViT-B-16__block8__fov,400_500,3,1,7.3853,5.2453,0.015,0.06
ViT-B-16__block8__fov,400_500,4,1,7.3815,5.2443,0.01,0.045
ViT-B-16__block8__fov,500_600,0,1,7.4233,5.2823,0.005,0.04
ViT-B-16__block8__fov,500_600,1,1,7.4273,5.2839,0.0,0.03
ViT-B-16__block8__fov,500_600,2,1,7.4225,5.2794,0.005,0.02
ViT-B-16__block8__fov,500_600,3,1,7.426,5.2833,0.005,0.03
ViT-B-16__block8__fov,500_600,4,1,7.4186,5.2848,0.005,0.02
ViT-B-16__block8__fov,600_700,0,1,7.4168,5.301,0.01,0.035
ViT-B-16__block8__fov,600_700,1,1,7.4324,5.3009,0.005,0.03
ViT-B-16__block8__fov,600_700,2,1,7.4301,5.3004,0.005,0.025
ViT-B-16__block8__fov,600_700,3,1,7.4298,5.3016,0.01,0.035
ViT-B-16__block8__fov,600_700,4,1,7.4262,5.3026,0.015,0.035
ViT-B-16__block8__fov,700_800,0,1,7.4319,5.3046,0.015,0.035
ViT-B-16__block8__fov,700_800,1,1,7.4383,5.3034,0.01,0.02
ViT-B-16__block8__fov,700_800,2,1,7.4435,5.3066,0.01,0.02
ViT-B-16__block8__fov,700_800,3,1,7.4396,5.2999,0.005,0.025
ViT-B-16__block8__fov,700_800,4,1,7.436,5.3031,0.0,0.025
ViT-B-16__block8__fov,800_900,0,1,7.4306,5.3103,0.005,0.025
ViT-B-16__block8__fov,800_900,1,1,7.4303,5.3016,0.005,0.03
ViT-B-16__block8__fov,800_900,2,1,7.4339,5.3068,0.005,0.03
ViT-B-16__block8__fov,800_900,3,1,7.44,5.3075,0.0,0.02
ViT-B-16__block8__fov,800_900,4,1,7.4347,5.3063,0.01,0.02
ViT-B-16__block8__fov,900_1000,0,1,7.443,5.3149,0.005,0.035
ViT-B-16__block8__fov,900_1000,1,1,7.4383,5.3045,0.005,0.025
ViT-B-16__block8__fov,900_1000,2,1,7.4415,5.3045,0.01,0.025
ViT-B-16__block8__fov,900_1000,3,1,7.4428,5.3065,0.0,0.02
ViT-B-16__block8__fov,900_1000,4,1,7.4392,5.3037,0.005,0.025
ViT-L-14__block12,0_100,0,3,6.9916,4.2572,0.075,0.235
ViT-L-14__block12,0_100,1,3,6.9935,4.2886,0.065,0.235
ViT-L-14__block12,0_100,2,3,6.9863,4.2923,0.06,0.24
ViT-L-14__block12,0_100,3,3,6.9843,4.2634,0.085,0.22
ViT-L-14__block12,0_100,4,3,6.9493,4.2694,0.075,0.23
ViT-L-14__block12,100_200,0,4,6.5252,3.7201,0.155,0.38
ViT-L-14__block12,100_200,1,4,6.5808,3.6591,0.165,0.415
ViT-L-14__block12,100_200,2,5,6.5178,3.5656,0.19,0.425
ViT-L-14__block12,100_200,3,4,6.554,3.6958,0.15,0.425
ViT-L-14__block12,100_200,4,5,6.5137,3.5838,0.165,0.435
ViT-L-14__block12,200_300,0,5,6.66,3.7823,0.12,0.365
ViT-L-14__block12,200_300,1,5,6.7012,3.7867,0.105,0.375
ViT-L-14__block12,200_300,2,5,6.7035,3.7443,0.13,0.37
ViT-L-14__block12,200_300,3,5,6.6584,3.8553,0.09,0.37
ViT-L-14__block12,200_300,4,5,6.712,3.7323,0.14,0.4
ViT-L-14__block12,300_400,0,3,7.1536,4.4954,0.04,0.215
ViT-L-14__block12,300_400,1,3,7.1703,4.4883,0.05,0.19
ViT-L-14__block12,300_400,2,3,7.158,4.4331,0.045,0.195
ViT-L-14__block12,300_400,3,3,7.1534,4.509,0.03,0.18
ViT-L-14__block12,300_400,4,3,7.1695,4.4366,0.07,0.225
ViT-L-14__block12,400_500,0,1,7.3948,5.2593,0.005,0.03
ViT-L-14__block12,400_500,1,1,7.4004,5.2646,0.01,0.045
ViT-L-14__block12,400_500,2,1,7.393,5.2684,0.01,0.035
ViT-L-14__block12,400_500,3,1,7.3922,5.269,0.005,0.03
ViT-L-14__block12,400_500,4,1,7.3846,5.2595,0.005,0.03
ViT-L-14__block12,500_600,0,1,7.4394,5.2867,0.0,0.035
ViT-L-14__block12,500_600,1,1,7.4346,5.2956,0.01,0.035
ViT-L-14__block12,500_600,2,1,7.4341,5.298,0.005,0.03
ViT-L-14__block12,500_600,3,1,7.4314,5.2959,0.005,0.035
ViT-L-14__block12,500_600,4,1,7.4313,5.2871,0.01,0.04
ViT-L-14__block12,600_700,0,1,7.4333,5.2999,0.005,0.02
ViT-L-14__block12,600_700,1,1,7.4329,5.3077,0.005,0.025
ViT-L-14__block12,600_700,2,1,7.4311,5.307,0.005,0.04
ViT-L-14__block12,600_700,3,1,7.4329,5.3071,0.0,0.02
ViT-L-14__block12,600_700,4,1,7.4308,5.2986,0.005,0.03
ViT-L-14__block12,700_800,0,1,7.4508,5.3024,0.01,0.03
ViT-L-14__block12,700_800,1,1,7.4405,5.3044,0.0,0.03
ViT-L-14__block12,700_800,2,1,7.4431,5.3069,0.005,0.025
ViT-L-14__block12,700_800,3,1,7.4466,5.3079,0.005,0.025
ViT-L-14__block12,700_800,4,1,7.4462,5.3027,0.005,0.045
ViT-L-14__block12,800_900,0,1,7.4432,5.3051,0.01,0.025
ViT-L-14__block12,800_900,1,1,7.4295,5.309,0.005,0.03
ViT-L-14__block12,800_900,2,1,7.4342,5.3115,0.01,0.03
ViT-L-14__block12,800_900,3,1,7.4462,5.3091,0.0,0.04
ViT-L-14__block12,800_900,4,1,7.4368,5.3006,0.005,0.035
ViT-L-14__block12,900_1000,0,1,7.4444,5.3071,0.02,0.035
ViT-L-14__block12,900_1000,1,1,7.4367,5.3027,0.01,0.035
ViT-L-14__block12,900_1000,2,1,7.4438,5.3101,0.005,0.03
ViT-L-14__block12,900_1000,3,1,7.4541,5.3105,0.01,0.035
ViT-L-14__block12,900_1000,4,1,7.4521,5.2965,0.015,0.035
ViT-L-14__block12__fov,0_100,0,3,6.9377,4.2445,0.065,0.225
ViT-L-14__block12__fov,0_100,1,3,6.9463,4.2776,0.075,0.2
ViT-L-14__block12__fov,0_100,2,3,6.934,4.2259,0.095,0.205
ViT-L-14__block12__fov,0_100,3,4,6.9574,4.1007,0.1,0.245
ViT-L-14__block12__fov,0_100,4,3,6.9179,4.1907,0.075,0.25
ViT-L-14__block12__fov,100_200,0,4,6.4646,3.611,0.165,0.43
ViT-L-14__block12__fov,100_200,1,5,6.5166,3.4759,0.2,0.435
ViT-L-14__block12__fov,100_200,2,5,6.4501,3.424,0.185,0.465
ViT-L-14__block12__fov,100_200,3,5,6.474,3.4735,0.19,0.43
ViT-L-14__block12__fov,100_200,4,5,6.4223,3.4526,0.195,0.43
ViT-L-14__block12__fov,200_300,0,5,6.6015,3.6493,0.13,0.41
ViT-L-14__block12__fov,200_300,1,5,6.6216,3.6523,0.165,0.415
ViT-L-14__block12__fov,200_300,2,5,6.6334,3.6374,0.155,0.385
ViT-L-14__block12__fov,200_300,3,5,6.6104,3.7208,0.145,0.37
ViT-L-14__block12__fov,200_300,4,5,6.6176,3.6148,0.175,0.42
ViT-L-14__block12__fov,300_400,0,3,7.1539,4.4131,0.07,0.22
ViT-L-14__block12__fov,300_400,1,3,7.1593,4.384,0.045,0.235
ViT-L-14__block12__fov,300_400,2,3,7.1546,4.3973,0.07,0.225
ViT-L-14__block12__fov,300_400,3,3,7.1352,4.4299,0.04,0.205
ViT-L-14__block12__fov,300_400,4,3,7.1277,4.3442,0.09,0.265
ViT-L-14__block12__fov,400_500,0,1,7.3979,5.2597,0.015,0.03
ViT-L-14__block12__fov,400_500,1,1,7.4011,5.2551,0.0,0.025
ViT-L-14__block12__fov,400_500,2,1,7.3938,5.2624,0.01,0.03
ViT-L-14__block12__fov,400_500,3,1,7.398,5.2715,0.005,0.025
ViT-L-14__block12__fov,400_500,4,1,7.3852,5.2619,0.005,0.03
ViT-L-14__block12__fov,500_600,0,1,7.437,5.2836,0.005,0.02
ViT-L-14__block12__fov,500_600,1,1,7.4266,5.2909,0.005,0.025
ViT-L-14__block12__fov,500_600,2,1,7.4304,5.2887,0.005,0.03
ViT-L-14__block12__fov,500_600,3,1,7.4322,5.2955,0.01,0.03
ViT-L-14__block12__fov,500_600,4,1,7.4257,5.2925,0.005,0.04
ViT-L-14__block12__fov,600_700,0,1,7.4367,5.3005,0.01,0.03
ViT-L-14__block12__fov,600_700,1,1,7.4345,5.3055,0.0,0.025
ViT-L-14__block12__fov,600_700,2,1,7.4341,5.3069,0.005,0.025
ViT-L-14__block12__fov,600_700,3,1,7.4315,5.308,0.005,0.03
ViT-L-14__block12__fov,600_700,4,1,7.4284,5.3019,0.005,0.035
ViT-L-14__block12__fov,700_800,0,1,7.45,5.3038,0.005,0.015
ViT-L-14__block12__fov,700_800,1,1,7.4478,5.3038,0.01,0.02
ViT-L-14__block12__fov,700_800,2,1,7.4498,5.3121,0.005,0.03
ViT-L-14__block12__fov,700_800,3,1,7.4456,5.3053,0.005,0.03
ViT-L-14__block12__fov,700_800,4,1,7.4354,5.3129,0.005,0.025
ViT-L-14__block12__fov,800_900,0,1,7.4506,5.3056,0.005,0.025
ViT-L-14__block12__fov,800_900,1,1,7.4348,5.3064,0.005,0.025
ViT-L-14__block12__fov,800_900,2,1,7.4376,5.311,0.005,0.03
ViT-L-14__block12__fov,800_900,3,1,7.4439,5.3086,0.005,0.025
ViT-L-14__block12__fov,800_900,4,1,7.4367,5.3107,0.01,0.03
ViT-L-14__block12__fov,900_1000,0,1,7.4538,5.3066,0.01,0.035
ViT-L-14__block12__fov,900_1000,1,1,7.4461,5.301,0.005,0.035
ViT-L-14__block12__fov,900_1000,2,1,7.4466,5.3079,0.0,0.03
ViT-L-14__block12__fov,900_1000,3,1,7.4496,5.3048,0.005,0.03
ViT-L-14__block12__fov,900_1000,4,1,7.4448,5.3147,0.005,0.035
ViT-L-14__block16,0_100,0,3,7.0408,4.4198,0.04,0.18
ViT-L-14__block16,0_100,1,3,7.0228,4.398,0.07,0.2
ViT-L-14__block16,0_100,2,3,7.0214,4.4013,0.055,0.195
ViT-L-14__block16,0_100,3,3,7.0384,4.3885,0.065,0.21
ViT-L-14__block16,0_100,4,3,6.9979,4.3975,0.07,0.23
ViT-L-14__block16,100_200,0,4,6.5599,3.837,0.14,0.345
ViT-L-14__block16,100_200,1,4,6.613,3.7752,0.14,0.345
ViT-L-14__block16,100_200,2,5,6.5948,3.664,0.16,0.385
ViT-L-14__block16,100_200,3,4,6.5532,3.7381,0.15,0.345
ViT-L-14__block16,100_200,4,4,6.565,3.7699,0.17,0.355
ViT-L-14__block16,200_300,0,4,6.6307,3.8488,0.095,0.365
ViT-L-14__block16,200_300,1,5,6.6622,3.7059,0.13,0.385
ViT-L-14__block16,200_300,2,5,6.682,3.6931,0.11,0.405
ViT-L-14__block16,200_300,3,5,6.6377,3.7783,0.085,0.335
ViT-L-14__block16,200_300,4,5,6.688,3.6952,0.165,0.405
ViT-L-14__block16,300_400,0,2,7.1071,4.4367,0.055,0.21
ViT-L-14__block16,300_400,1,3,7.1085,4.3622,0.04,0.24
ViT-L-14__block16,300_400,2,3,7.1087,4.3327,0.065,0.235
ViT-L-14__block16,300_400,3,3,7.1064,4.3677,0.05,0.23
ViT-L-14__block16,300_400,4,3,7.1002,4.355,0.055,0.215
ViT-L-14__block16,400_500,0,1,7.3973,5.2567,0.01,0.05
ViT-L-14__block16,400_500,1,1,7.3999,5.2557,0.02,0.03
ViT-L-14__block16,400_500,2,1,7.3939,5.2565,0.005,0.035
ViT-L-14__block16,400_500,3,1,7.3974,5.2631,0.005,0.035
ViT-L-14__block16,400_500,4,1,7.3884,5.2571,0.015,0.04
ViT-L-14__block16,500_600,0,1,7.4403,5.2792,0.005,0.025
ViT-L-14__block16,500_600,1,1,7.4379,5.2874,0.005,0.02
ViT-L-14__block16,500_600,2,1,7.4321,5.2918,0.005,0.03
ViT-L-14__block16,500_600,3,1,7.4399,5.2915,0.005,0.025
ViT-L-14__block16,500_600,4,1,7.4287,5.2966,0.0,0.02
ViT-L-14__block16,600_700,0,1,7.4308,5.3026,0.01,0.04
ViT-L-14__block16,600_700,1,1,7.4367,5.3069,0.005,0.01
ViT-L-14__block16,600_700,2,1,7.4342,5.3032,0.005,0.03
ViT-L-14__block16,600_700,3,1,7.4405,5.3068,0.005,0.03
ViT-L-14__block16,600_700,4,1,7.4335,5.3033,0.005,0.015
ViT-L-14__block16,700_800,0,1,7.4514,5.3082,0.01,0.02
ViT-L-14__block16,700_800,1,1,7.4492,5.3016,0.005,0.025
ViT-L-14__block16,700_800,2,1,7.4512,5.3162,0.0,0.025
ViT-L-14__block16,700_800,3,1,7.452,5.3076,0.01,0.03
ViT-L-14__block16,700_800,4,1,7.4455,5.3084,0.005,0.03
ViT-L-14__block16,800_900,0,1,7.4445,5.3081,0.005,0.035
ViT-L-14__block16,800_900,1,1,7.438,5.3062,0.005,0.025
ViT-L-14__block16,800_900,2,1,7.4422,5.3088,0.0,0.03
ViT-L-14__block16,800_900,3,1,7.4476,5.3097,0.01,0.03
ViT-L-14__block16,800_900,4,1,7.4417,5.3072,0.005,0.03
ViT-L-14__block16,900_1000,0,1,7.4535,5.3094,0.005,0.015
ViT-L-14__block16,900_1000,1,1,7.4427,5.2999,0.005,0.02
ViT-L-14__block16,900_1000,2,1,7.4534,5.3134,0.0,0.02
ViT-L-14__block16,900_1000,3,1,7.4558,5.3067,0.01,0.04
ViT-L-14__block16,900_1000,4,1,7.4526,5.3084,0.0,0.02
ViT-L-14__block16__fov,0_100,0,3,7.0021,4.3466,0.085,0.225
ViT-L-14__block16__fov,0_100,1,3,6.9871,4.376,0.065,0.23
ViT-L-14__block16__fov,0_100,2,3,6.9785,4.3338,0.05,0.215
ViT-L-14__block16__fov,0_100,3,3,7.0082,4.3688,0.09,0.25
ViT-L-14__block16__fov,0_100,4,3,6.9855,4.3203,0.065,0.255
ViT-L-14__block16__fov,100_200,0,4,6.5162,3.6902,0.15,0.385
ViT-L-14__block16__fov,100_200,1,5,6.5778,3.5222,0.21,0.44
ViT-L-14__block16__fov,100_200,2,5,6.5193,3.5145,0.17,0.43
ViT-L-14__block16__fov,100_200,3,4,6.5281,3.6247,0.15,0.405
ViT-L-14__block16__fov,100_200,4,5,6.493,3.5528,0.155,0.405
ViT-L-14__block16__fov,200_300,0,5,6.5933,3.6679,0.105,0.38
ViT-L-14__block16__fov,200_300,1,5,6.6372,3.6261,0.15,0.41
ViT-L-14__block16__fov,200_300,2,5,6.6005,3.6034,0.125,0.44
ViT-L-14__block16__fov,200_300,3,5,6.5989,3.6943,0.1,0.41
ViT-L-14__block16__fov,200_300,4,5,6.6255,3.6019,0.135,0.47
ViT-L-14__block16__fov,300_400,0,3,7.1055,4.3758,0.05,0.195
ViT-L-14__block16__fov,300_400,1,3,7.0739,4.345,0.065,0.225
ViT-L-14__block16__fov,300_400,2,3,7.0743,4.3165,0.075,0.255
ViT-L-14__block16__fov,300_400,3,3,7.111,4.3547,0.045,0.225
ViT-L-14__block16__fov,300_400,4,3,7.0878,4.3301,0.08,0.255
ViT-L-14__block16__fov,400_500,0,2,7.3918,5.099,0.04,0.1
ViT-L-14__block16__fov,400_500,1,1,7.3918,5.2632,0.015,0.045
ViT-L-14__block16__fov,400_500,2,1,7.3921,5.2509,0.02,0.04
ViT-L-14__block16__fov,400_500,3,1,7.4025,5.2514,0.005,0.035
ViT-L-14__block16__fov,400_500,4,1,7.3849,5.2578,0.015,0.03
ViT-L-14__block16__fov,500_600,0,1,7.4326,5.2834,0.01,0.06
ViT-L-14__block16__fov,500_600,1,1,7.4333,5.2994,0.015,0.035
ViT-L-14__block16__fov,500_600,2,1,7.4286,5.2899,0.005,0.04
ViT-L-14__block16__fov,500_600,3,1,7.4412,5.2923,0.005,0.02
ViT-L-14__block16__fov,500_600,4,1,7.424,5.2904,0.0,0.02
ViT-L-14__block16__fov,600_700,0,1,7.4337,5.2999,0.005,0.03
ViT-L-14__block16__fov,600_700,1,1,7.4417,5.3153,0.005,0.025
ViT-L-14__block16__fov,600_700,2,1,7.4324,5.3034,0.005,0.025
ViT-L-14__block16__fov,600_700,3,1,7.4423,5.3066,0.005,0.02
ViT-L-14__block16__fov,600_700,4,1,7.4317,5.3085,0.01,0.02
ViT-L-14__block16__fov,700_800,0,1,7.4524,5.3081,0.005,0.045
ViT-L-14__block16__fov,700_800,1,1,7.4569,5.3145,0.01,0.03
ViT-L-14__block16__fov,700_800,2,1,7.4493,5.3103,0.01,0.015
ViT-L-14__block16__fov,700_800,3,1,7.4562,5.3045,0.01,0.03
ViT-L-14__block16__fov,700_800,4,1,7.4447,5.3036,0.015,0.025
ViT-L-14__block16__fov,800_900,0,1,7.4477,5.3043,0.005,0.04
ViT-L-14__block16__fov,800_900,1,1,7.4422,5.3157,0.005,0.03
ViT-L-14__block16__fov,800_900,2,1,7.4361,5.3125,0.0,0.015
ViT-L-14__block16__fov,800_900,3,1,7.4518,5.3068,0.005,0.025
ViT-L-14__block16__fov,800_900,4,1,7.4375,5.3056,0.01,0.035
ViT-L-14__block16__fov,900_1000,0,1,7.4613,5.3062,0.01,0.02
ViT-L-14__block16__fov,900_1000,1,1,7.4543,5.3183,0.01,0.03
ViT-L-14__block16__fov,900_1000,2,1,7.4525,5.3093,0.005,0.02
ViT-L-14__block16__fov,900_1000,3,1,7.4632,5.3033,0.005,0.025
ViT-L-14__block16__fov,900_1000,4,1,7.452,5.3057,0.0,0.025
ViT-L-14__block20,0_100,0,3,7.1553,4.664,0.025,0.145
ViT-L-14__block20,0_100,1,3,7.1359,4.6416,0.03,0.155
ViT-L-14__block20,0_100,2,3,7.1294,4.6558,0.03,0.135
ViT-L-14__block20,0_100,3,2,7.1345,4.7023,0.02,0.15
ViT-L-14__block20,0_100,4,3,7.1265,4.6495,0.04,0.145
ViT-L-14__block20,100_200,0,4,6.6791,3.9564,0.1,0.295
ViT-L-14__block20,100_200,1,3,6.6919,4.0294,0.09,0.31
ViT-L-14__block20,100_200,2,4,6.686,3.9074,0.085,0.335
ViT-L-14__block20,100_200,3,4,6.6575,3.9021,0.095,0.335
ViT-L-14__block20,100_200,4,4,6.6806,3.9529,0.095,0.335
ViT-L-14__block20,200_300,0,4,6.7092,3.9077,0.1,0.345
ViT-L-14__block20,200_300,1,4,6.7103,3.8565,0.105,0.415
ViT-L-14__block20,200_300,2,4,6.7346,3.8747,0.105,0.375
ViT-L-14__block20,200_300,3,5,6.6567,3.869,0.11,0.355
ViT-L-14__block20,200_300,4,4,6.7443,3.8788,0.125,0.335
ViT-L-14__block20,300_400,0,3,7.0811,4.3237,0.07,0.215
ViT-L-14__block20,300_400,1,3,7.0823,4.311,0.065,0.245
ViT-L-14__block20,300_400,2,3,7.0683,4.2851,0.065,0.205
ViT-L-14__block20,300_400,3,3,7.0596,4.339,0.055,0.23
ViT-L-14__block20,300_400,4,3,7.0919,4.2893,0.065,0.23
ViT-L-14__block20,400_500,0,1,7.3958,5.2428,0.01,0.04
ViT-L-14__block20,400_500,1,1,7.3973,5.2517,0.0,0.03
ViT-L-14__block20,400_500,2,1,7.3907,5.2491,0.005,0.04
ViT-L-14__block20,400_500,3,1,7.3953,5.242,0.005,0.035
ViT-L-14__block20,400_500,4,1,7.3979,5.2402,0.01,0.03
ViT-L-14__block20,500_600,0,1,7.4497,5.2918,0.01,0.035
ViT-L-14__block20,500_600,1,1,7.4469,5.2969,0.005,0.02
ViT-L-14__block20,500_600,2,1,7.4399,5.3006,0.015,0.04
ViT-L-14__block20,500_600,3,1,7.464,5.2973,0.005,0.02
ViT-L-14__block20,500_600,4,1,7.4436,5.2885,0.01,0.025
ViT-L-14__block20,600_700,0,1,7.4434,5.3111,0.005,0.02
ViT-L-14__block20,600_700,1,1,7.4486,5.315,0.005,0.02
ViT-L-14__block20,600_700,2,1,7.4475,5.3121,0.005,0.03
ViT-L-14__block20,600_700,3,1,7.4516,5.3106,0.005,0.03
ViT-L-14__block20,600_700,4,1,7.4502,5.3092,0.005,0.04
ViT-L-14__block20,700_800,0,1,7.4686,5.3182,0.01,0.03
ViT-L-14__block20,700_800,1,1,7.4685,5.3177,0.005,0.03
ViT-L-14__block20,700_800,2,1,7.4644,5.3204,0.005,0.02
ViT-L-14__block20,700_800,3,1,7.4683,5.3096,0.015,0.03
ViT-L-14__block20,700_800,4,1,7.4634,5.3053,0.015,0.03
ViT-L-14__block20,800_900,0,1,7.4513,5.3223,0.005,0.03
ViT-L-14__block20,800_900,1,1,7.4567,5.3247,0.0,0.025
ViT-L-14__block20,800_900,2,1,7.46,5.3246,0.005,0.02
ViT-L-14__block20,800_900,3,1,7.4551,5.3144,0.0,0.025
ViT-L-14__block20,800_900,4,1,7.4527,5.3104,0.01,0.045
ViT-L-14__block20,900_1000,0,1,7.4681,5.3291,0.005,0.03
ViT-L-14__block20,900_1000,1,1,7.4662,5.3282,0.005,0.025
ViT-L-14__block20,900_1000,2,1,7.4639,5.3308,0.005,0.02
ViT-L-14__block20,900_1000,3,1,7.4595,5.3172,0.005,0.035
ViT-L-14__block20,900_1000,4,1,7.4665,5.3128,0.01,0.025
ViT-L-14__block20__fov,0_100,0,3,7.1468,4.6226,0.04,0.16
ViT-L-14__block20__fov,0_100,1,3,7.1184,4.6701,0.045,0.17
ViT-L-14__block20__fov,0_100,2,3,7.1087,4.5927,0.07,0.18
ViT-L-14__block20__fov,0_100,3,2,7.1271,4.7075,0.055,0.16
ViT-L-14__block20__fov,0_100,4,3,7.1324,4.6366,0.05,0.17
ViT-L-14__block20__fov,100_200,0,4,6.6511,3.8962,0.125,0.345
ViT-L-14__block20__fov,100_200,1,4,6.6658,3.8569,0.125,0.355
ViT-L-14__block20__fov,100_200,2,4,6.6673,3.8792,0.105,0.325
ViT-L-14__block20__fov,100_200,3,4,6.6263,3.8631,0.085,0.385
ViT-L-14__block20__fov,100_200,4,4,6.6333,3.8611,0.13,0.34
ViT-L-14__block20__fov,200_300,0,5,6.6816,3.7719,0.085,0.38
ViT-L-14__block20__fov,200_300,1,4,6.712,3.8453,0.12,0.39
ViT-L-14__block20__fov,200_300,2,4,6.7037,3.8433,0.13,0.325
ViT-L-14__block20__fov,200_300,3,5,6.6566,3.8537,0.125,0.34
ViT-L-14__block20__fov,200_300,4,4,6.7268,3.8233,0.12,0.325
ViT-L-14__block20__fov,300_400,0,3,7.0741,4.2791,0.075,0.22
ViT-L-14__block20__fov,300_400,1,3,7.0652,4.2824,0.06,0.195
ViT-L-14__block20__fov,300_400,2,3,7.055,4.2956,0.06,0.195
ViT-L-14__block20__fov,300_400,3,4,7.0601,4.1923,0.055,0.225
ViT-L-14__block20__fov,300_400,4,3,7.0806,4.2869,0.07,0.24
ViT-L-14__block20__fov,400_500,0,1,7.3937,5.2412,0.01,0.035
ViT-L-14__block20__fov,400_500,1,2,7.3956,5.0795,0.015,0.085
ViT-L-14__block20__fov,400_500,2,1,7.397,5.2482,0.005,0.035
ViT-L-14__block20__fov,400_500,3,1,7.3979,5.2495,0.0,0.05
ViT-L-14__block20__fov,400_500,4,1,7.3993,5.2479,0.005,0.045
ViT-L-14__block20__fov,500_600,0,1,7.4379,5.2978,0.005,0.03
ViT-L-14__block20__fov,500_600,1,1,7.4462,5.2945,0.005,0.025
ViT-L-14__block20__fov,500_600,2,1,7.4343,5.2846,0.005,0.02
ViT-L-14__block20__fov,500_600,3,1,7.4531,5.3042,0.005,0.015
ViT-L-14__block20__fov,500_600,4,1,7.439,5.2973,0.005,0.05
ViT-L-14__block20__fov,600_700,0,1,7.4377,5.3173,0.005,0.02
ViT-L-14__block20__fov,600_700,1,1,7.4547,5.315,0.015,0.035
ViT-L-14__block20__fov,600_700,2,1,7.4414,5.315,0.005,0.025
ViT-L-14__block20__fov,600_700,3,1,7.45,5.3204,0.005,0.025
ViT-L-14__block20__fov,600_700,4,1,7.4468,5.3152,0.005,0.03
ViT-L-14__block20__fov,700_800,0,1,7.4602,5.3201,0.005,0.02
ViT-L-14__block20__fov,700_800,1,1,7.4616,5.3072,0.005,0.03
ViT-L-14__block20__fov,700_800,2,1,7.4563,5.3174,0.0,0.025
ViT-L-14__block20__fov,700_800,3,1,7.4782,5.3172,0.005,0.025
ViT-L-14__block20__fov,700_800,4,1,7.4617,5.3185,0.01,0.045
ViT-L-14__block20__fov,800_900,0,1,7.4503,5.3237,0.01,0.03
ViT-L-14__block20__fov,800_900,1,1,7.4483,5.3228,0.005,0.02
ViT-L-14__block20__fov,800_900,2,1,7.455,5.3232,0.005,0.025
ViT-L-14__block20__fov,800_900,3,1,7.4611,5.3175,0.005,0.025
ViT-L-14__block20__fov,800_900,4,1,7.4563,5.3185,0.005,0.03
ViT-L-14__block20__fov,900_1000,0,1,7.4666,5.3371,0.015,0.025
ViT-L-14__block20__fov,900_1000,1,1,7.4577,5.3271,0.005,0.03
ViT-L-14__block20__fov,900_1000,2,1,7.4616,5.3181,0.005,0.025
ViT-L-14__block20__fov,900_1000,3,1,7.4701,5.3241,0.005,0.02
ViT-L-14__block20__fov,900_1000,4,1,7.4673,5.3201,0.015,0.03
ViT-L-14__block24,0_100,0,2,7.2814,4.9076,0.04,0.095
ViT-L-14__block24,0_100,1,2,7.269,4.9139,0.04,0.085
ViT-L-14__block24,0_100,2,3,7.2542,4.8342,0.035,0.14
ViT-L-14__block24,0_100,3,2,7.2459,4.9079,0.02,0.095
ViT-L-14__block24,0_100,4,2,7.2473,4.9301,0.035,0.1
ViT-L-14__block24,100_200,0,3,6.8476,4.2883,0.07,0.22
ViT-L-14__block24,100_200,1,4,6.8649,4.2694,0.06,0.26
ViT-L-14__block24,100_200,2,4,6.8679,4.2482,0.05,0.235
ViT-L-14__block24,100_200,3,4,6.8369,4.2326,0.05,0.25
ViT-L-14__block24,100_200,4,3,6.881,4.3013,0.05,0.23
ViT-L-14__block24,200_300,0,4,6.8988,4.2253,0.085,0.245
ViT-L-14__block24,200_300,1,4,6.9018,4.2141,0.09,0.275
ViT-L-14__block24,200_300,2,4,6.8658,4.2193,0.065,0.27
ViT-L-14__block24,200_300,3,4,6.8689,4.2003,0.085,0.245
ViT-L-14__block24,200_300,4,5,6.9107,4.1672,0.075,0.245
ViT-L-14__block24,300_400,0,3,7.1772,4.5251,0.045,0.205
ViT-L-14__block24,300_400,1,3,7.1518,4.5113,0.045,0.195
ViT-L-14__block24,300_400,2,3,7.1544,4.5145,0.03,0.185
ViT-L-14__block24,300_400,3,4,7.1935,4.5056,0.05,0.18
ViT-L-14__block24,300_400,4,3,7.169,4.5142,0.05,0.21
ViT-L-14__block24,400_500,0,1,7.4226,5.2561,0.025,0.045
ViT-L-14__block24,400_500,1,1,7.4157,5.2729,0.005,0.04
ViT-L-14__block24,400_500,2,1,7.4039,5.2595,0.0,0.03
ViT-L-14__block24,400_500,3,1,7.4187,5.2564,0.01,0.03
ViT-L-14__block24,400_500,4,1,7.4157,5.2769,0.015,0.05
ViT-L-14__block24,500_600,0,1,7.467,5.2965,0.005,0.035
ViT-L-14__block24,500_600,1,1,7.4581,5.2992,0.005,0.025
ViT-L-14__block24,500_600,2,1,7.4406,5.2899,0.0,0.035
ViT-L-14__block24,500_600,3,1,7.4604,5.2911,0.01,0.02
ViT-L-14__block24,500_600,4,1,7.4498,5.3134,0.01,0.025
ViT-L-14__block24,600_700,0,1,7.4562,5.3144,0.005,0.03
ViT-L-14__block24,600_700,1,1,7.4561,5.3116,0.005,0.03
ViT-L-14__block24,600_700,2,1,7.4423,5.3184,0.005,0.02
ViT-L-14__block24,600_700,3,1,7.4557,5.3103,0.005,0.03
ViT-L-14__block24,600_700,4,1,7.4431,5.3307,0.005,0.035
ViT-L-14__block24,700_800,0,1,7.4787,5.3147,0.015,0.025
ViT-L-14__block24,700_800,1,1,7.4688,5.3158,0.005,0.025
ViT-L-14__block24,700_800,2,1,7.4644,5.3252,0.0,0.02
ViT-L-14__block24,700_800,3,1,7.4728,5.3109,0.005,0.03
ViT-L-14__block24,700_800,4,1,7.4609,5.3396,0.005,0.035
ViT-L-14__block24,800_900,0,1,7.4715,5.3315,0.005,0.025
ViT-L-14__block24,800_900,1,1,7.4593,5.3296,0.005,0.025
ViT-L-14__block24,800_900,2,1,7.46,5.3339,0.0,0.025
ViT-L-14__block24,800_900,3,1,7.4675,5.3158,0.005,0.025
ViT-L-14__block24,800_900,4,1,7.4559,5.3371,0.0,0.02
ViT-L-14__block24,900_1000,0,1,7.4813,5.3321,0.01,0.03
ViT-L-14__block24,900_1000,1,1,7.4681,5.3286,0.01,0.03
ViT-L-14__block24,900_1000,2,1,7.4726,5.3321,0.0,0.01
ViT-L-14__block24,900_1000,3,1,7.4705,5.3202,0.0,0.015
ViT-L-14__block24,900_1000,4,1,7.4789,5.3462,0.005,0.025
ViT-L-14__block24__fov,0_100,0,3,7.2817,4.8989,0.035,0.115
ViT-L-14__block24__fov,0_100,1,2,7.2718,4.9068,0.025,0.1
ViT-L-14__block24__fov,0_100,2,3,7.2398,4.814,0.05,0.13
ViT-L-14__block24__fov,0_100,3,2,7.2388,4.924,0.04,0.09
ViT-L-14__block24__fov,0_100,4,2,7.2314,4.9266,0.02,0.095
ViT-L-14__block24__fov,100_200,0,4,6.838,4.2053,0.05,0.26
ViT-L-14__block24__fov,100_200,1,4,6.8466,4.204,0.075,0.23
ViT-L-14__block24__fov,100_200,2,4,6.8447,4.1996,0.055,0.23
ViT-L-14__block24__fov,100_200,3,4,6.8144,4.1935,0.07,0.225
ViT-L-14__block24__fov,100_200,4,4,6.8522,4.228,0.06,0.245
ViT-L-14__block24__fov,200_300,0,4,6.8826,4.1712,0.085,0.245
ViT-L-14__block24__fov,200_300,1,4,6.9032,4.1497,0.08,0.295
ViT-L-14__block24__fov,200_300,2,4,6.8608,4.1666,0.09,0.275
ViT-L-14__block24__fov,200_300,3,4,6.8354,4.167,0.09,0.225
ViT-L-14__block24__fov,200_300,4,4,6.9118,4.1695,0.09,0.24
ViT-L-14__block24__fov,300_400,0,3,7.1806,4.536,0.07,0.175
ViT-L-14__block24__fov,300_400,1,3,7.1767,4.5203,0.065,0.175
ViT-L-14__block24__fov,300_400,2,3,7.1487,4.5202,0.045,0.155
ViT-L-14__block24__fov,300_400,3,4,7.1749,4.5059,0.065,0.17
ViT-L-14__block24__fov,300_400,4,3,7.1539,4.5477,0.04,0.16
ViT-L-14__block24__fov,400_500,0,1,7.4193,5.2517,0.005,0.035
ViT-L-14__block24__fov,400_500,1,1,7.4124,5.2585,0.01,0.02
ViT-L-14__block24__fov,400_500,2,1,7.4048,5.2654,0.0,0.035
ViT-L-14__block24__fov,400_500,3,1,7.4187,5.2551,0.005,0.045
ViT-L-14__block24__fov,400_500,4,1,7.4202,5.2589,0.005,0.05
ViT-L-14__block24__fov,500_600,0,1,7.4567,5.2823,0.01,0.035
ViT-L-14__block24__fov,500_600,1,1,7.4489,5.3035,0.005,0.03
ViT-L-14__block24__fov,500_600,2,1,7.4518,5.3002,0.005,0.03
ViT-L-14__block24__fov,500_600,3,1,7.4601,5.2974,0.005,0.025
ViT-L-14__block24__fov,500_600,4,1,7.4518,5.2878,0.02,0.045
ViT-L-14__block24__fov,600_700,0,1,7.4517,5.3106,0.005,0.025
ViT-L-14__block24__fov,600_700,1,1,7.4522,5.3204,0.01,0.025
ViT-L-14__block24__fov,600_700,2,1,7.4534,5.3216,0.005,0.025
ViT-L-14__block24__fov,600_700,3,1,7.455,5.3189,0.005,0.035
ViT-L-14__block24__fov,600_700,4,1,7.4498,5.3222,0.005,0.015
ViT-L-14__block24__fov,700_800,0,1,7.479,5.3263,0.005,0.03
ViT-L-14__block24__fov,700_800,1,1,7.4691,5.3251,0.01,0.025
ViT-L-14__block24__fov,700_800,2,1,7.465,5.3384,0.01,0.02
ViT-L-14__block24__fov,700_800,3,1,7.472,5.319,0.005,0.025
ViT-L-14__block24__fov,700_800,4,1,7.4701,5.329,0.005,0.035
ViT-L-14__block24__fov,800_900,0,1,7.4625,5.3348,0.005,0.035
ViT-L-14__block24__fov,800_900,1,1,7.4531,5.3312,0.0,0.025
ViT-L-14__block24__fov,800_900,2,1,7.4534,5.3304,0.005,0.02
ViT-L-14__block24__fov,800_900,3,1,7.4661,5.3216,0.005,0.025
ViT-L-14__block24__fov,800_900,4,1,7.4619,5.3272,0.005,0.02
ViT-L-14__block24__fov,900_1000,0,1,7.4786,5.3351,0.005,0.02
ViT-L-14__block24__fov,900_1000,1,1,7.4668,5.3369,0.005,0.035
ViT-L-14__block24__fov,900_1000,2,1,7.4697,5.3389,0.015,0.025
ViT-L-14__block24__fov,900_1000,3,1,7.483,5.3235,0.0,0.03
ViT-L-14__block24__fov,900_1000,4,1,7.475,5.3318,0.0,0.035
ViT-L-14__block4,0_100,0,5,6.7072,3.7359,0.095,0.345
ViT-L-14__block4,0_100,1,5,6.6531,3.6786,0.105,0.39
ViT-L-14__block4,0_100,2,5,6.7005,3.707,0.085,0.355
ViT-L-14__block4,0_100,3,4,6.7283,3.7998,0.08,0.345
ViT-L-14__block4,0_100,4,5,6.6808,3.7294,0.12,0.325
ViT-L-14__block4,100_200,0,5,6.3549,3.2677,0.215,0.55
ViT-L-14__block4,100_200,1,5,6.3816,3.2583,0.195,0.515
ViT-L-14__block4,100_200,2,5,6.3547,3.2633,0.2,0.49
ViT-L-14__block4,100_200,3,5,6.3662,3.2823,0.175,0.5
ViT-L-14__block4,100_200,4,5,6.2841,3.2754,0.185,0.505
ViT-L-14__block4,200_300,0,4,6.6064,3.7292,0.135,0.405
ViT-L-14__block4,200_300,1,5,6.5869,3.61,0.2,0.435
ViT-L-14__block4,200_300,2,5,6.6191,3.6324,0.16,0.41
ViT-L-14__block4,200_300,3,5,6.6173,3.6148,0.14,0.455
ViT-L-14__block4,200_300,4,6,6.6115,3.5549,0.185,0.43
ViT-L-14__block4,300_400,0,2,7.184,4.6281,0.045,0.16
ViT-L-14__block4,300_400,1,3,7.1635,4.5466,0.05,0.18
ViT-L-14__block4,300_400,2,3,7.1405,4.5667,0.045,0.165
ViT-L-14__block4,300_400,3,3,7.193,4.5744,0.045,0.195
ViT-L-14__block4,300_400,4,3,7.196,4.5507,0.04,0.17
ViT-L-14__block4,400_500,0,1,7.3756,5.2405,0.02,0.07
ViT-L-14__block4,400_500,1,1,7.3748,5.2503,0.01,0.07
ViT-L-14__block4,400_500,2,1,7.3731,5.2502,0.015,0.05
ViT-L-14__block4,400_500,3,1,7.3811,5.2425,0.015,0.045
ViT-L-14__block4,400_500,4,1,7.3675,5.2408,0.015,0.05
ViT-L-14__block4,500_600,0,1,7.4121,5.2804,0.02,0.04
ViT-L-14__block4,500_600,1,1,7.406,5.2804,0.0,0.025
ViT-L-14__block4,500_600,2,1,7.4119,5.287,0.015,0.025
ViT-L-14__block4,500_600,3,1,7.4155,5.2848,0.0,0.035
ViT-L-14__block4,500_600,4,1,7.4071,5.2843,0.005,0.035
ViT-L-14__block4,600_700,0,1,7.4131,5.2964,0.01,0.025
ViT-L-14__block4,600_700,1,1,7.4135,5.2966,0.005,0.03
ViT-L-14__block4,600_700,2,1,7.4127,5.2973,0.005,0.03
ViT-L-14__block4,600_700,3,1,7.4147,5.3011,0.005,0.03
ViT-L-14__block4,600_700,4,1,7.4125,5.2958,0.005,0.02
ViT-L-14__block4,700_800,0,1,7.4185,5.2997,0.01,0.025
ViT-L-14__block4,700_800,1,1,7.4191,5.2951,0.0,0.025
ViT-L-14__block4,700_800,2,1,7.4205,5.3015,0.0,0.015
ViT-L-14__block4,700_800,3,1,7.4219,5.3002,0.005,0.02
ViT-L-14__block4,700_800,4,1,7.421,5.2983,0.005,0.02
ViT-L-14__block4,800_900,0,1,7.4197,5.3039,0.005,0.025
ViT-L-14__block4,800_900,1,1,7.4122,5.3018,0.005,0.02
ViT-L-14__block4,800_900,2,1,7.4182,5.3047,0.005,0.025
ViT-L-14__block4,800_900,3,1,7.4208,5.3029,0.0,0.025
ViT-L-14__block4,800_900,4,1,7.4155,5.3012,0.005,0.015
ViT-L-14__block4,900_1000,0,1,7.4226,5.3073,0.0,0.03
ViT-L-14__block4,900_1000,1,1,7.4181,5.3053,0.0,0.025
ViT-L-14__block4,900_1000,2,1,7.4227,5.3051,0.0,0.035
ViT-L-14__block4,900_1000,3,1,7.4233,5.3003,0.01,0.035
ViT-L-14__block4,900_1000,4,1,7.4218,5.3055,0.005,0.035
ViT-L-14__block4__fov,0_100,0,5,6.6681,3.6424,0.095,0.37
ViT-L-14__block4__fov,0_100,1,5,6.6177,3.6314,0.12,0.35
ViT-L-14__block4__fov,0_100,2,5,6.6684,3.6581,0.1,0.365
ViT-L-14__block4__fov,0_100,3,4,6.6856,3.7344,0.115,0.34
ViT-L-14__block4__fov,0_100,4,5,6.644,3.6482,0.12,0.35
ViT-L-14__block4__fov,100_200,0,5,6.3163,3.1766,0.24,0.57
ViT-L-14__block4__fov,100_200,1,5,6.3347,3.1759,0.21,0.535
ViT-L-14__block4__fov,100_200,2,5,6.3147,3.1938,0.22,0.515
ViT-L-14__block4__fov,100_200,3,5,6.3049,3.2028,0.17,0.54
ViT-L-14__block4__fov,100_200,4,6,6.2416,3.1191,0.215,0.54
ViT-L-14__block4__fov,200_300,0,5,6.5735,3.5337,0.185,0.47
ViT-L-14__block4__fov,200_300,1,5,6.5574,3.5184,0.215,0.445
ViT-L-14__block4__fov,200_300,2,5,6.6038,3.5647,0.145,0.445
ViT-L-14__block4__fov,200_300,3,5,6.5969,3.5575,0.175,0.465
ViT-L-14__block4__fov,200_300,4,6,6.5776,3.4253,0.18,0.47
ViT-L-14__block4__fov,300_400,0,3,7.1724,4.5255,0.065,0.195
ViT-L-14__block4__fov,300_400,1,3,7.1643,4.5225,0.055,0.195
ViT-L-14__block4__fov,300_400,2,3,7.1355,4.562,0.05,0.21
ViT-L-14__block4__fov,300_400,3,3,7.196,4.5629,0.035,0.205
ViT-L-14__block4__fov,300_400,4,3,7.1883,4.5051,0.055,0.19
ViT-L-14__block4__fov,400_500,0,1,7.3745,5.2383,0.015,0.065
ViT-L-14__block4__fov,400_500,1,1,7.3706,5.2505,0.005,0.045
ViT-L-14__block4__fov,400_500,2,1,7.3721,5.2473,0.02,0.055
ViT-L-14__block4__fov,400_500,3,1,7.3803,5.2351,0.01,0.06
ViT-L-14__block4__fov,400_500,4,1,7.3676,5.2376,0.015,0.05
ViT-L-14__block4__fov,500_600,0,1,7.4144,5.2803,0.01,0.04
ViT-L-14__block4__fov,500_600,1,1,7.4064,5.2824,0.005,0.04
ViT-L-14__block4__fov,500_600,2,1,7.4099,5.2898,0.005,0.035
ViT-L-14__block4__fov,500_600,3,1,7.4149,5.2843,0.005,0.025
ViT-L-14__block4__fov,500_600,4,1,7.4054,5.2846,0.005,0.035
ViT-L-14__block4__fov,600_700,0,1,7.4111,5.295,0.005,0.035
ViT-L-14__block4__fov,600_700,1,1,7.4134,5.2966,0.0,0.025
ViT-L-14__block4__fov,600_700,2,1,7.4138,5.2969,0.005,0.02
ViT-L-14__block4__fov,600_700,3,1,7.4132,5.2984,0.01,0.015
ViT-L-14__block4__fov,600_700,4,1,7.4131,5.2959,0.005,0.045
ViT-L-14__block4__fov,700_800,0,1,7.4187,5.2957,0.01,0.025
ViT-L-14__block4__fov,700_800,1,1,7.418,5.2973,0.005,0.025
ViT-L-14__block4__fov,700_800,2,1,7.4199,5.3004,0.01,0.025
ViT-L-14__block4__fov,700_800,3,1,7.4209,5.2973,0.005,0.035
ViT-L-14__block4__fov,700_800,4,1,7.4207,5.2984,0.005,0.01
ViT-L-14__block4__fov,800_900,0,1,7.4201,5.3022,0.0,0.03
ViT-L-14__block4__fov,800_900,1,1,7.4125,5.301,0.005,0.035
ViT-L-14__block4__fov,800_900,2,1,7.4177,5.3049,0.0,0.025
ViT-L-14__block4__fov,800_900,3,1,7.4195,5.3002,0.0,0.025
ViT-L-14__block4__fov,800_900,4,1,7.4173,5.301,0.005,0.025
ViT-L-14__block4__fov,900_1000,0,1,7.4239,5.3026,0.005,0.03
ViT-L-14__block4__fov,900_1000,1,1,7.4199,5.3037,0.0,0.03
ViT-L-14__block4__fov,900_1000,2,1,7.4219,5.3052,0.0,0.03
ViT-L-14__block4__fov,900_1000,3,1,7.422,5.299,0.0,0.015
ViT-L-14__block4__fov,900_1000,4,1,7.4205,5.3033,0.005,0.025
ViT-L-14__block8,0_100,0,3,6.7502,3.8205,0.105,0.345
ViT-L-14__block8,0_100,1,5,6.7275,3.647,0.145,0.36
ViT-L-14__block8,0_100,2,3,6.775,3.8045,0.135,0.345
ViT-L-14__block8,0_100,3,3,6.7633,3.8185,0.12,0.31
ViT-L-14__block8,0_100,4,3,6.7269,3.7703,0.15,0.36
ViT-L-14__block8,100_200,0,5,6.2176,2.9379,0.31,0.615
ViT-L-14__block8,100_200,1,5,6.2967,2.9414,0.27,0.635
ViT-L-14__block8,100_200,2,5,6.2312,3.0073,0.26,0.57
ViT-L-14__block8,100_200,3,5,6.2389,3.0038,0.235,0.58
ViT-L-14__block8,100_200,4,6,6.1899,2.875,0.28,0.635
ViT-L-14__block8,200_300,0,5,6.4775,3.3599,0.185,0.48
ViT-L-14__block8,200_300,1,5,6.4841,3.3865,0.17,0.455
ViT-L-14__block8,200_300,2,5,6.4804,3.3336,0.17,0.46
ViT-L-14__block8,200_300,3,5,6.4826,3.3813,0.195,0.49
ViT-L-14__block8,200_300,4,4,6.5299,3.4013,0.185,0.47
ViT-L-14__block8,300_400,0,3,7.0856,4.3569,0.08,0.245
ViT-L-14__block8,300_400,1,3,7.0762,4.312,0.095,0.24
ViT-L-14__block8,300_400,2,3,7.0786,4.3425,0.075,0.23
ViT-L-14__block8,300_400,3,3,7.0958,4.3662,0.075,0.215
ViT-L-14__block8,300_400,4,3,7.1014,4.3141,0.085,0.255
ViT-L-14__block8,400_500,0,1,7.3736,5.2311,0.015,0.06
ViT-L-14__block8,400_500,1,1,7.3684,5.2404,0.015,0.035
ViT-L-14__block8,400_500,2,1,7.3699,5.236,0.01,0.04
ViT-L-14__block8,400_500,3,1,7.3808,5.2411,0.005,0.035
ViT-L-14__block8,400_500,4,1,7.367,5.2324,0.015,0.045
ViT-L-14__block8,500_600,0,1,7.4209,5.2744,0.0,0.02
ViT-L-14__block8,500_600,1,1,7.4063,5.2822,0.005,0.04
ViT-L-14__block8,500_600,2,1,7.4086,5.2784,0.005,0.045
ViT-L-14__block8,500_600,3,1,7.4159,5.2797,0.005,0.04
ViT-L-14__block8,500_600,4,1,7.4113,5.2803,0.005,0.045
ViT-L-14__block8,600_700,0,1,7.4205,5.2955,0.005,0.03
ViT-L-14__block8,600_700,1,1,7.4178,5.3004,0.0,0.02
ViT-L-14__block8,600_700,2,1,7.4144,5.2972,0.01,0.035
ViT-L-14__block8,600_700,3,1,7.4192,5.2997,0.005,0.01
ViT-L-14__block8,600_700,4,1,7.4145,5.2924,0.01,0.03
ViT-L-14__block8,700_800,0,1,7.4319,5.2975,0.005,0.03
ViT-L-14__block8,700_800,1,1,7.4284,5.298,0.0,0.03
ViT-L-14__block8,700_800,2,1,7.4251,5.2983,0.0,0.03
ViT-L-14__block8,700_800,3,1,7.4329,5.2976,0.0,0.025
ViT-L-14__block8,700_800,4,1,7.4254,5.2936,0.01,0.045
ViT-L-14__block8,800_900,0,1,7.4319,5.3009,0.0,0.03
ViT-L-14__block8,800_900,1,1,7.4206,5.3012,0.005,0.03
ViT-L-14__block8,800_900,2,1,7.4218,5.3008,0.005,0.025
ViT-L-14__block8,800_900,3,1,7.4274,5.3,0.005,0.04
ViT-L-14__block8,800_900,4,1,7.4211,5.3006,0.005,0.02
ViT-L-14__block8,900_1000,0,1,7.4353,5.3061,0.0,0.025
ViT-L-14__block8,900_1000,1,1,7.4238,5.3067,0.005,0.03
ViT-L-14__block8,900_1000,2,1,7.4301,5.3042,0.0,0.03
ViT-L-14__block8,900_1000,3,1,7.4325,5.2968,0.01,0.03
ViT-L-14__block8,900_1000,4,1,7.4284,5.3009,0.01,0.045
ViT-L-14__block8__fov,0_100,0,5,6.753,3.5942,0.16,0.37
ViT-L-14__block8__fov,0_100,1,3,6.7192,3.7597,0.14,0.355
ViT-L-14__block8__fov,0_100,2,3,6.7506,3.762,0.16,0.375
ViT-L-14__block8__fov,0_100,3,3,6.7622,3.7694,0.125,0.36
ViT-L-14__block8__fov,0_100,4,3,6.7355,3.7877,0.15,0.35
ViT-L-14__block8__fov,100_200,0,5,6.1881,2.8772,0.31,0.635
ViT-L-14__block8__fov,100_200,1,5,6.2485,2.9026,0.245,0.615
ViT-L-14__block8__fov,100_200,2,5,6.2129,2.9591,0.24,0.605
ViT-L-14__block8__fov,100_200,3,5,6.195,2.9455,0.25,0.56
ViT-L-14__block8__fov,100_200,4,6,6.1652,2.8066,0.285,0.665
ViT-L-14__block8__fov,200_300,0,5,6.467,3.3292,0.175,0.535
ViT-L-14__block8__fov,200_300,1,5,6.4577,3.3258,0.19,0.53
ViT-L-14__block8__fov,200_300,2,5,6.4702,3.316,0.18,0.49
ViT-L-14__block8__fov,200_300,3,5,6.4773,3.3403,0.18,0.515
ViT-L-14__block8__fov,200_300,4,4,6.5248,3.3809,0.17,0.5
ViT-L-14__block8__fov,300_400,0,3,7.0839,4.3216,0.095,0.205
ViT-L-14__block8__fov,300_400,1,3,7.0782,4.3366,0.085,0.255
ViT-L-14__block8__fov,300_400,2,3,7.0717,4.3615,0.07,0.225
ViT-L-14__block8__fov,300_400,3,3,7.1057,4.359,0.08,0.215
ViT-L-14__block8__fov,300_400,4,3,7.102,4.2981,0.095,0.265
ViT-L-14__block8__fov,400_500,0,1,7.3765,5.2319,0.01,0.045
ViT-L-14__block8__fov,400_500,1,1,7.3654,5.232,0.02,0.06
ViT-L-14__block8__fov,400_500,2,1,7.3666,5.2374,0.01,0.035
ViT-L-14__block8__fov,400_500,3,1,7.3829,5.2314,0.005,0.035
ViT-L-14__block8__fov,400_500,4,1,7.3655,5.2337,0.005,0.06
ViT-L-14__block8__fov,500_600,0,1,7.4207,5.2728,0.01,0.04
ViT-L-14__block8__fov,500_600,1,1,7.4073,5.2785,0.01,0.03
ViT-L-14__block8__fov,500_600,2,1,7.4086,5.2799,0.005,0.03
ViT-L-14__block8__fov,500_600,3,1,7.421,5.2764,0.005,0.05
ViT-L-14__block8__fov,500_600,4,1,7.4091,5.278,0.01,0.025
ViT-L-14__block8__fov,600_700,0,1,7.4172,5.2947,0.005,0.03
ViT-L-14__block8__fov,600_700,1,1,7.4173,5.2966,0.005,0.025
ViT-L-14__block8__fov,600_700,2,1,7.4172,5.2955,0.005,0.03
ViT-L-14__block8__fov,600_700,3,1,7.4218,5.296,0.01,0.03
ViT-L-14__block8__fov,600_700,4,1,7.4157,5.2952,0.005,0.025
ViT-L-14__block8__fov,700_800,0,1,7.4274,5.298,0.005,0.02
ViT-L-14__block8__fov,700_800,1,1,7.4307,5.2967,0.005,0.025
ViT-L-14__block8__fov,700_800,2,1,7.4232,5.2954,0.0,0.03
ViT-L-14__block8__fov,700_800,3,1,7.4295,5.2946,0.015,0.04
ViT-L-14__block8__fov,700_800,4,1,7.4241,5.2979,0.005,0.02
ViT-L-14__block8__fov,800_900,0,1,7.4293,5.2991,0.005,0.015
ViT-L-14__block8__fov,800_900,1,1,7.4233,5.3018,0.005,0.03
ViT-L-14__block8__fov,800_900,2,1,7.4211,5.3,0.0,0.03
ViT-L-14__block8__fov,800_900,3,1,7.4259,5.2981,0.01,0.04
ViT-L-14__block8__fov,800_900,4,1,7.4214,5.3031,0.005,0.015
ViT-L-14__block8__fov,900_1000,0,1,7.4341,5.3015,0.01,0.02
ViT-L-14__block8__fov,900_1000,1,1,7.4282,5.3037,0.005,0.015
ViT-L-14__block8__fov,900_1000,2,1,7.4267,5.3016,0.01,0.025
ViT-L-14__block8__fov,900_1000,3,1,7.4339,5.2999,0.01,0.045
ViT-L-14__block8__fov,900_1000,4,1,7.4271,5.3029,0.0,0.025
