target,window,seed,best_epoch,val_loss,test_loss,top1,top5
RN50__attnpool,0_100,0,11,7.2652,4.8489,0.03,0.135
RN50__attnpool,0_100,1,10,7.2701,4.8105,0.045,0.115
RN50__attnpool,0_100,2,10,7.286,4.8248,0.025,0.12
RN50__attnpool,0_100,3,9,7.3318,4.8023,0.03,0.16
RN50__attnpool,0_100,4,10,7.2837,4.8473,0.025,0.105
RN50__attnpool,100_200,0,17,6.6991,3.8594,0.12,0.42
RN50__attnpool,100_200,1,17,6.7287,3.7955,0.125,0.455
RN50__attnpool,100_200,2,16,6.7126,3.8791,0.075,0.43
RN50__attnpool,100_200,3,16,6.7634,3.8843,0.11,0.39
RN50__attnpool,100_200,4,17,6.678,3.8601,0.11,0.39
RN50__attnpool,200_300,0,20,6.6993,3.575,0.14,0.425
RN50__attnpool,200_300,1,20,6.6903,3.6008,0.18,0.43
RN50__attnpool,200_300,2,21,6.6607,3.569,0.16,0.465
RN50__attnpool,200_300,3,19,6.677,3.5896,0.15,0.425
RN50__attnpool,200_300,4,17,6.6759,3.6062,0.165,0.46
RN50__attnpool,300_400,0,13,7.2017,4.2424,0.07,0.23
RN50__attnpool,300_400,1,14,7.1477,4.1997,0.07,0.27
RN50__attnpool,300_400,2,16,7.1968,4.2155,0.08,0.265
RN50__attnpool,300_400,3,16,7.1533,4.1717,0.095,0.26
RN50__attnpool,300_400,4,16,7.1784,4.1784,0.09,0.28
RN50__attnpool,400_500,0,13,7.3588,4.701,0.025,0.165
RN50__attnpool,400_500,1,11,7.3599,4.7295,0.04,0.165
RN50__attnpool,400_500,2,14,7.3459,4.7021,0.05,0.15
RN50__attnpool,400_500,3,12,7.3736,4.7019,0.03,0.085
RN50__attnpool,400_500,4,11,7.3801,4.7753,0.03,0.105
RN50__attnpool,500_600,0,3,7.4762,5.2458,0.015,0.04
RN50__attnpool,500_600,1,3,7.4716,5.2268,0.015,0.045
RN50__attnpool,500_600,2,3,7.4578,5.2368,0.005,0.065
RN50__attnpool,500_600,3,3,7.498,5.2154,0.025,0.08
RN50__attnpool,500_600,4,3,7.4796,5.2649,0.02,0.045
RN50__attnpool,600_700,0,3,7.4722,5.3268,0.015,0.045
RN50__attnpool,600_700,1,3,7.4901,5.3221,0.005,0.035
RN50__attnpool,600_700,2,2,7.4816,5.3205,0.01,0.03
RN50__attnpool,600_700,3,3,7.4876,5.2735,0.01,0.06
RN50__attnpool,600_700,4,2,7.4869,5.355,0.005,0.035
RN50__attnpool,700_800,0,3,7.482,5.3385,0.01,0.03
RN50__attnpool,700_800,1,3,7.4996,5.3372,0.005,0.03
RN50__attnpool,700_800,2,2,7.48,5.354,0.005,0.025
RN50__attnpool,700_800,3,3,7.5106,5.3279,0.005,0.035
RN50__attnpool,700_800,4,2,7.4871,5.3605,0.005,0.035
RN50__attnpool,800_900,0,3,7.4727,5.3568,0.005,0.03
RN50__attnpool,800_900,1,3,7.4983,5.3274,0.01,0.03
RN50__attnpool,800_900,2,2,7.4879,5.3635,0.005,0.02
RN50__attnpool,800_900,3,3,7.498,5.334,0.01,0.05
RN50__attnpool,800_900,4,2,7.4855,5.3505,0.01,0.025
RN50__attnpool,900_1000,0,3,7.486,5.3571,0.01,0.02
RN50__attnpool,900_1000,1,3,7.4984,5.3409,0.01,0.04
RN50__attnpool,900_1000,2,2,7.4866,5.3563,0.01,0.03
RN50__attnpool,900_1000,3,3,7.5109,5.3716,0.0,0.02
RN50__attnpool,900_1000,4,2,7.4752,5.3526,0.0,0.03
RN50__attnpool__fov,0_100,0,11,7.2771,4.8401,0.03,0.125
RN50__attnpool__fov,0_100,1,11,7.2668,4.8004,0.015,0.11
RN50__attnpool__fov,0_100,2,10,7.2913,4.8172,0.04,0.135
RN50__attnpool__fov,0_100,3,9,7.3083,4.8,0.05,0.135
RN50__attnpool__fov,0_100,4,11,7.3138,4.7983,0.04,0.115
RN50__attnpool__fov,100_200,0,16,6.7111,3.8155,0.11,0.395
RN50__attnpool__fov,100_200,1,17,6.6989,3.8105,0.165,0.385
RN50__attnpool__fov,100_200,2,16,6.6928,3.8286,0.135,0.39
RN50__attnpool__fov,100_200,3,15,6.7477,3.8577,0.12,0.4
RN50__attnpool__fov,100_200,4,17,6.683,3.8042,0.135,0.425
RN50__attnpool__fov,200_300,0,20,6.6608,3.541,0.195,0.47
RN50__attnpool__fov,200_300,1,18,6.6744,3.5566,0.18,0.45
RN50__attnpool__fov,200_300,2,18,6.6601,3.5775,0.17,0.495
RN50__attnpool__fov,200_300,3,19,6.6782,3.5443,0.19,0.455
RN50__attnpool__fov,200_300,4,17,6.6993,3.6182,0.145,0.435
RN50__attnpool__fov,300_400,0,13,7.1798,4.2235,0.095,0.27
RN50__attnpool__fov,300_400,1,14,7.146,4.2511,0.05,0.255
RN50__attnpool__fov,300_400,2,16,7.1901,4.1714,0.055,0.31
RN50__attnpool__fov,300_400,3,16,7.136,4.2069,0.07,0.25
RN50__attnpool__fov,300_400,4,16,7.1748,4.2015,0.085,0.265
RN50__attnpool__fov,400_500,0,13,7.3526,4.692,0.06,0.18
RN50__attnpool__fov,400_500,1,14,7.3599,4.6872,0.035,0.13
RN50__attnpool__fov,400_500,2,10,7.3528,4.7156,0.015,0.14
RN50__attnpool__fov,400_500,3,13,7.3778,4.6596,0.04,0.15
RN50__attnpool__fov,400_500,4,11,7.3938,4.7285,0.025,0.16
RN50__attnpool__fov,500_600,0,4,7.4722,5.2498,0.005,0.04
RN50__attnpool__fov,500_600,1,4,7.4834,5.2232,0.015,0.05
RN50__attnpool__fov,500_600,2,3,7.4659,5.2407,0.005,0.035
RN50__attnpool__fov,500_600,3,3,7.4864,5.2497,0.005,0.045
RN50__attnpool__fov,500_600,4,3,7.4884,5.2392,0.01,0.045
RN50__attnpool__fov,600_700,0,3,7.4869,5.338,0.005,0.03
RN50__attnpool__fov,600_700,1,3,7.4978,5.3064,0.01,0.05
RN50__attnpool__fov,600_700,2,3,7.4826,5.3101,0.0,0.02
RN50__attnpool__fov,600_700,3,3,7.5074,5.2901,0.01,0.045
RN50__attnpool__fov,600_700,4,2,7.4956,5.3222,0.01,0.065
RN50__attnpool__fov,700_800,0,3,7.4998,5.3691,0.0,0.035
RN50__attnpool__fov,700_800,1,3,7.508,5.3583,0.0,0.04
RN50__attnpool__fov,700_800,2,3,7.4847,5.3778,0.005,0.025
RN50__attnpool__fov,700_800,3,3,7.514,5.3786,0.0,0.02
RN50__attnpool__fov,700_800,4,2,7.5033,5.3502,0.005,0.01
RN50__attnpool__fov,800_900,0,3,7.5008,5.3365,0.0,0.035
RN50__attnpool__fov,800_900,1,3,7.5104,5.3806,0.0,0.005
RN50__attnpool__fov,800_900,2,3,7.4919,5.3504,0.0,0.025
RN50__attnpool__fov,800_900,3,3,7.5064,5.355,0.005,0.03
RN50__attnpool__fov,800_900,4,2,7.4913,5.3433,0.0,0.03
RN50__attnpool__fov,900_1000,0,3,7.5019,5.3701,0.0,0.02
RN50__attnpool__fov,900_1000,1,3,7.505,5.355,0.005,0.02
RN50__attnpool__fov,900_1000,2,3,7.4846,5.3608,0.0,0.025
RN50__attnpool__fov,900_1000,3,3,7.5163,5.3577,0.005,0.025
RN50__attnpool__fov,900_1000,4,2,7.499,5.3532,0.01,0.035
RN50__layer1,0_100,0,11,7.0153,4.3675,0.035,0.17
RN50__layer1,0_100,1,12,7.0554,4.3199,0.045,0.18
RN50__layer1,0_100,2,13,7.0373,4.334,0.035,0.175
RN50__layer1,0_100,3,12,7.0732,4.4099,0.05,0.145
RN50__layer1,0_100,4,12,7.1081,4.381,0.045,0.165
RN50__layer1,100_200,0,23,6.3771,3.3096,0.145,0.48
RN50__layer1,100_200,1,25,6.4211,3.3017,0.15,0.47
RN50__layer1,100_200,2,23,6.3649,3.3374,0.155,0.485
RN50__layer1,100_200,3,21,6.5065,3.3696,0.14,0.45
RN50__layer1,100_200,4,26,6.4024,3.2987,0.17,0.48
RN50__layer1,200_300,0,22,6.4906,3.2726,0.23,0.53
RN50__layer1,200_300,1,19,6.5534,3.2524,0.23,0.545
RN50__layer1,200_300,2,23,6.4901,3.2571,0.22,0.515
RN50__layer1,200_300,3,22,6.5065,3.2675,0.22,0.5
RN50__layer1,200_300,4,21,6.4927,3.2676,0.245,0.52
RN50__layer1,300_400,0,10,7.2698,4.4628,0.07,0.175
RN50__layer1,300_400,1,8,7.2894,4.5725,0.04,0.17
RN50__layer1,300_400,2,9,7.279,4.4911,0.06,0.17
RN50__layer1,300_400,3,9,7.275,4.4919,0.055,0.2
RN50__layer1,300_400,4,9,7.3153,4.5192,0.065,0.205
RN50__layer1,400_500,0,5,7.3883,5.0035,0.04,0.115
RN50__layer1,400_500,1,7,7.4091,4.8583,0.035,0.14
RN50__layer1,400_500,2,5,7.4084,5.005,0.01,0.09
RN50__layer1,400_500,3,5,7.4033,5.0173,0.005,0.065
RN50__layer1,400_500,4,6,7.4166,4.9586,0.03,0.13
RN50__layer1,500_600,0,5,7.4467,5.1775,0.005,0.08
RN50__layer1,500_600,1,4,7.4506,5.1877,0.02,0.06
RN50__layer1,500_600,2,5,7.4439,5.2035,0.015,0.03
RN50__layer1,500_600,3,5,7.476,5.1862,0.015,0.055
RN50__layer1,500_600,4,4,7.4771,5.1938,0.005,0.035
RN50__layer1,600_700,0,5,7.4695,5.2999,0.005,0.03
RN50__layer1,600_700,1,4,7.4793,5.3008,0.0,0.025
RN50__layer1,600_700,2,3,7.463,5.3076,0.0,0.03
RN50__layer1,600_700,3,3,7.4757,5.2858,0.01,0.04
RN50__layer1,600_700,4,3,7.4895,5.2943,0.01,0.03
RN50__layer1,700_800,0,4,7.4701,5.3353,0.0,0.03
RN50__layer1,700_800,1,4,7.4932,5.3218,0.015,0.02
RN50__layer1,700_800,2,3,7.4746,5.3215,0.01,0.02
RN50__layer1,700_800,3,3,7.4957,5.3586,0.0,0.01
RN50__layer1,700_800,4,3,7.4847,5.3236,0.0,0.03
RN50__layer1,800_900,0,4,7.4774,5.3102,0.01,0.015
RN50__layer1,800_900,1,3,7.4802,5.3168,0.02,0.04
RN50__layer1,800_900,2,3,7.4705,5.3334,0.015,0.025
RN50__layer1,800_900,3,3,7.4701,5.3391,0.005,0.025
RN50__layer1,800_900,4,3,7.4826,5.3381,0.005,0.035
RN50__layer1,900_1000,0,4,7.4788,5.3373,0.01,0.05
RN50__layer1,900_1000,1,3,7.4803,5.3335,0.015,0.03
RN50__layer1,900_1000,2,3,7.4695,5.3355,0.0,0.02
RN50__layer1,900_1000,3,3,7.4724,5.341,0.01,0.035
RN50__layer1,900_1000,4,3,7.4988,5.299,0.015,0.04
RN50__layer1__fov,0_100,0,13,7.0,4.2928,0.05,0.195
RN50__layer1__fov,0_100,1,14,7.031,4.3153,0.04,0.2
RN50__layer1__fov,0_100,2,13,7.0128,4.2892,0.035,0.195
RN50__layer1__fov,0_100,3,13,7.0381,4.3322,0.055,0.18
RN50__layer1__fov,0_100,4,12,7.0987,4.3381,0.04,0.145
RN50__layer1__fov,100_200,0,23,6.3371,3.2809,0.16,0.455
RN50__layer1__fov,100_200,1,25,6.3874,3.2471,0.15,0.49
RN50__layer1__fov,100_200,2,26,6.3373,3.2135,0.195,0.485
RN50__layer1__fov,100_200,3,21,6.4563,3.2781,0.15,0.46
RN50__layer1__fov,100_200,4,26,6.3694,3.2449,0.185,0.48
RN50__layer1__fov,200_300,0,22,6.4591,3.2374,0.22,0.525
RN50__layer1__fov,200_300,1,19,6.5184,3.2058,0.235,0.545
RN50__layer1__fov,200_300,2,23,6.4698,3.2177,0.245,0.525
RN50__layer1__fov,200_300,3,22,6.4898,3.2018,0.22,0.545
RN50__layer1__fov,200_300,4,21,6.4685,3.2114,0.225,0.51
RN50__layer1__fov,300_400,0,10,7.2742,4.4031,0.09,0.2
RN50__layer1__fov,300_400,1,8,7.2923,4.5361,0.07,0.17
RN50__layer1__fov,300_400,2,9,7.2794,4.4905,0.055,0.225
RN50__layer1__fov,300_400,3,9,7.2603,4.4831,0.055,0.19
RN50__layer1__fov,300_400,4,9,7.3075,4.4847,0.06,0.215
RN50__layer1__fov,400_500,0,5,7.3841,5.0015,0.025,0.1
RN50__layer1__fov,400_500,1,7,7.4068,4.8933,0.02,0.12
RN50__layer1__fov,400_500,2,8,7.4052,4.8454,0.01,0.145
RN50__layer1__fov,400_500,3,7,7.4096,4.8835,0.015,0.105
RN50__layer1__fov,400_500,4,6,7.4044,4.9605,0.025,0.1
RN50__layer1__fov,500_600,0,5,7.4549,5.2057,0.005,0.03
RN50__layer1__fov,500_600,1,4,7.4602,5.1919,0.015,0.05
RN50__layer1__fov,500_600,2,4,7.4497,5.2447,0.0,0.025
RN50__layer1__fov,500_600,3,3,7.47,5.2272,0.025,0.055
RN50__layer1__fov,500_600,4,4,7.4735,5.203,0.005,0.05
RN50__layer1__fov,600_700,0,5,7.4734,5.2881,0.015,0.03
RN50__layer1__fov,600_700,1,4,7.4857,5.2858,0.0,0.015
RN50__layer1__fov,600_700,2,4,7.4764,5.2936,0.01,0.035
RN50__layer1__fov,600_700,3,3,7.482,5.2734,0.005,0.055
RN50__layer1__fov,600_700,4,3,7.487,5.3131,0.01,0.02
RN50__layer1__fov,700_800,0,5,7.4732,5.3435,0.0,0.025
RN50__layer1__fov,700_800,1,4,7.4928,5.3059,0.005,0.01
RN50__layer1__fov,700_800,2,3,7.4873,5.3226,0.0,0.025
RN50__layer1__fov,700_800,3,3,7.4921,5.3505,0.0,0.03
RN50__layer1__fov,700_800,4,3,7.4851,5.3487,0.005,0.02
RN50__layer1__fov,800_900,0,5,7.4773,5.3205,0.005,0.025
RN50__layer1__fov,800_900,1,3,7.485,5.314,0.01,0.025
RN50__layer1__fov,800_900,2,3,7.4739,5.3177,0.015,0.055
RN50__layer1__fov,800_900,3,3,7.4843,5.335,0.01,0.035
RN50__layer1__fov,800_900,4,3,7.4866,5.3399,0.0,0.04
RN50__layer1__fov,900_1000,0,5,7.4867,5.3351,0.015,0.05
RN50__layer1__fov,900_1000,1,3,7.4757,5.3148,0.005,0.025
RN50__layer1__fov,900_1000,2,3,7.4753,5.3355,0.005,0.03
RN50__layer1__fov,900_1000,3,3,7.4824,5.3304,0.015,0.045
RN50__layer1__fov,900_1000,4,3,7.4909,5.3197,0.005,0.05
RN50__layer2,0_100,0,11,7.0021,4.3141,0.06,0.21
RN50__layer2,0_100,1,11,7.0438,4.2971,0.03,0.205
RN50__layer2,0_100,2,12,7.0024,4.2989,0.05,0.18
RN50__layer2,0_100,3,12,7.0212,4.2754,0.04,0.19
RN50__layer2,0_100,4,13,7.0752,4.2841,0.045,0.21
RN50__layer2,100_200,0,23,6.1852,2.9869,0.23,0.58
RN50__layer2,100_200,1,23,6.2217,2.9877,0.235,0.585
RN50__layer2,100_200,2,25,6.2072,2.9631,0.265,0.585
RN50__layer2,100_200,3,18,6.3087,3.0409,0.225,0.56
RN50__layer2,100_200,4,29,6.2108,2.9564,0.245,0.6
RN50__layer2,200_300,0,22,6.3138,3.0165,0.24,0.57
RN50__layer2,200_300,1,21,6.3861,2.9774,0.285,0.56
RN50__layer2,200_300,2,21,6.325,3.019,0.255,0.59
RN50__layer2,200_300,3,18,6.3215,3.0111,0.235,0.6
RN50__layer2,200_300,4,20,6.2811,3.0188,0.25,0.585
RN50__layer2,300_400,0,11,7.187,4.268,0.07,0.255
RN50__layer2,300_400,1,11,7.2226,4.271,0.055,0.265
RN50__layer2,300_400,2,10,7.1997,4.2796,0.045,0.305
RN50__layer2,300_400,3,11,7.1873,4.2747,0.07,0.29
RN50__layer2,300_400,4,12,7.2115,4.2292,0.09,0.285
RN50__layer2,400_500,0,8,7.3472,4.754,0.03,0.13
RN50__layer2,400_500,1,8,7.3922,4.7362,0.025,0.155
RN50__layer2,400_500,2,7,7.3583,4.7524,0.035,0.15
RN50__layer2,400_500,3,9,7.3819,4.7117,0.045,0.13
RN50__layer2,400_500,4,10,7.3606,4.6701,0.03,0.18
RN50__layer2,500_600,0,4,7.4323,5.1808,0.015,0.065
RN50__layer2,500_600,1,4,7.4476,5.1729,0.02,0.065
RN50__layer2,500_600,2,4,7.4415,5.1758,0.015,0.06
RN50__layer2,500_600,3,3,7.4607,5.2257,0.0,0.06
RN50__layer2,500_600,4,3,7.4519,5.2166,0.015,0.065
RN50__layer2,600_700,0,3,7.4512,5.2891,0.0,0.035
RN50__layer2,600_700,1,3,7.4749,5.2981,0.02,0.04
RN50__layer2,600_700,2,3,7.4533,5.3231,0.01,0.05
RN50__layer2,600_700,3,2,7.4733,5.2732,0.015,0.04
RN50__layer2,600_700,4,2,7.4697,5.3516,0.005,0.035
RN50__layer2,700_800,0,3,7.4529,5.3234,0.01,0.045
RN50__layer2,700_800,1,3,7.4851,5.3157,0.01,0.035
RN50__layer2,700_800,2,3,7.4671,5.3201,0.005,0.025
RN50__layer2,700_800,3,2,7.4737,5.3535,0.005,0.025
RN50__layer2,700_800,4,3,7.4745,5.3264,0.0,0.035
RN50__layer2,800_900,0,3,7.4464,5.3447,0.0,0.025
RN50__layer2,800_900,1,3,7.469,5.3454,0.015,0.035
RN50__layer2,800_900,2,3,7.4598,5.3392,0.015,0.055
RN50__layer2,800_900,3,2,7.4727,5.3629,0.005,0.03
RN50__layer2,800_900,4,2,7.475,5.3432,0.01,0.025
RN50__layer2,900_1000,0,3,7.4517,5.3033,0.01,0.035
RN50__layer2,900_1000,1,2,7.4868,5.3573,0.015,0.035
RN50__layer2,900_1000,2,3,7.4628,5.3175,0.0,0.04
RN50__layer2,900_1000,3,2,7.463,5.3638,0.005,0.045
RN50__layer2,900_1000,4,2,7.4721,5.3408,0.005,0.01
RN50__layer2__fov,0_100,0,11,6.9725,4.2698,0.035,0.19
RN50__layer2__fov,0_100,1,12,7.0251,4.2229,0.04,0.215
RN50__layer2__fov,0_100,2,12,6.9732,4.2287,0.045,0.195
RN50__layer2__fov,0_100,3,12,7.021,4.2014,0.07,0.23
RN50__layer2__fov,0_100,4,11,7.06,4.3002,0.045,0.205
RN50__layer2__fov,100_200,0,23,6.1448,2.9138,0.27,0.615
RN50__layer2__fov,100_200,1,22,6.1863,2.9455,0.265,0.6
RN50__layer2__fov,100_200,2,25,6.1761,2.9017,0.265,0.6
RN50__layer2__fov,100_200,3,25,6.2692,2.8926,0.285,0.61
RN50__layer2__fov,100_200,4,29,6.1698,2.8848,0.265,0.585
RN50__layer2__fov,200_300,0,22,6.3086,2.9798,0.24,0.565
RN50__layer2__fov,200_300,1,21,6.3603,2.9644,0.27,0.58
RN50__layer2__fov,200_300,2,25,6.3061,2.9167,0.23,0.59
RN50__layer2__fov,200_300,3,19,6.3068,2.9499,0.26,0.615
RN50__layer2__fov,200_300,4,20,6.2716,2.9645,0.245,0.59
RN50__layer2__fov,300_400,0,11,7.1769,4.2419,0.065,0.265
RN50__layer2__fov,300_400,1,11,7.2248,4.2731,0.05,0.265
RN50__layer2__fov,300_400,2,10,7.2154,4.2721,0.05,0.255
RN50__layer2__fov,300_400,3,12,7.1865,4.2767,0.025,0.25
RN50__layer2__fov,300_400,4,12,7.202,4.2403,0.08,0.29
RN50__layer2__fov,400_500,0,11,7.3473,4.6661,0.03,0.15
RN50__layer2__fov,400_500,1,8,7.3933,4.7267,0.06,0.16
RN50__layer2__fov,400_500,2,8,7.3539,4.7562,0.02,0.165
RN50__layer2__fov,400_500,3,8,7.3705,4.7383,0.035,0.135
RN50__layer2__fov,400_500,4,9,7.3642,4.7195,0.015,0.14
RN50__layer2__fov,500_600,0,4,7.4473,5.1769,0.015,0.06
RN50__layer2__fov,500_600,1,4,7.4473,5.1956,0.01,0.06
RN50__layer2__fov,500_600,2,3,7.4416,5.2331,0.005,0.02
RN50__layer2__fov,500_600,3,3,7.4529,5.2385,0.02,0.06
RN50__layer2__fov,500_600,4,3,7.4539,5.2078,0.015,0.055
RN50__layer2__fov,600_700,0,3,7.4547,5.2903,0.0,0.04
RN50__layer2__fov,600_700,1,3,7.475,5.3319,0.01,0.045
RN50__layer2__fov,600_700,2,3,7.4502,5.3423,0.01,0.03
RN50__layer2__fov,600_700,3,3,7.4663,5.2885,0.01,0.05
RN50__layer2__fov,600_700,4,2,7.4762,5.3174,0.005,0.035
RN50__layer2__fov,700_800,0,3,7.4601,5.3335,0.0,0.025
RN50__layer2__fov,700_800,1,3,7.4927,5.3371,0.015,0.04
RN50__layer2__fov,700_800,2,3,7.4589,5.3224,0.005,0.03
RN50__layer2__fov,700_800,3,3,7.4641,5.3229,0.005,0.035
RN50__layer2__fov,700_800,4,3,7.479,5.3064,0.01,0.045
RN50__layer2__fov,800_900,0,3,7.4625,5.3375,0.015,0.03
RN50__layer2__fov,800_900,1,2,7.4754,5.3564,0.005,0.015
RN50__layer2__fov,800_900,2,3,7.4602,5.3381,0.005,0.03
RN50__layer2__fov,800_900,3,2,7.4644,5.3644,0.0,0.025
RN50__layer2__fov,800_900,4,2,7.4796,5.3214,0.01,0.04
RN50__layer2__fov,900_1000,0,3,7.4646,5.3277,0.01,0.03
RN50__layer2__fov,900_1000,1,2,7.4879,5.3744,0.0,0.03
RN50__layer2__fov,900_1000,2,3,7.4565,5.3264,0.005,0.04
RN50__layer2__fov,900_1000,3,3,7.4647,5.3522,0.01,0.04
RN50__layer2__fov,900_1000,4,2,7.472,5.3165,0.0,0.035
RN50__layer3,0_100,0,13,7.0881,4.4107,0.08,0.18
RN50__layer3,0_100,1,13,7.0964,4.3768,0.06,0.185
RN50__layer3,0_100,2,15,7.0735,4.3566,0.055,0.205
RN50__layer3,0_100,3,14,7.1184,4.3492,0.06,0.2
RN50__layer3,0_100,4,14,7.1427,4.4091,0.05,0.215
RN50__layer3,100_200,0,31,6.2518,2.9159,0.315,0.65
RN50__layer3,100_200,1,31,6.2308,2.9276,0.315,0.64
RN50__layer3,100_200,2,33,6.2208,2.9081,0.345,0.66
RN50__layer3,100_200,3,22,6.2898,3.002,0.305,0.64
RN50__layer3,100_200,4,27,6.2203,2.9548,0.31,0.63
RN50__layer3,200_300,0,29,6.2776,2.8087,0.32,0.66
RN50__layer3,200_300,1,25,6.3162,2.858,0.27,0.64
RN50__layer3,200_300,2,25,6.243,2.8688,0.275,0.665
RN50__layer3,200_300,3,30,6.2621,2.8339,0.285,0.67
RN50__layer3,200_300,4,29,6.2345,2.863,0.275,0.645
RN50__layer3,300_400,0,15,7.0984,3.901,0.13,0.35
RN50__layer3,300_400,1,18,7.104,3.8542,0.145,0.395
RN50__layer3,300_400,2,16,7.0897,3.8976,0.11,0.4
RN50__layer3,300_400,3,15,7.068,3.8432,0.14,0.41
RN50__layer3,300_400,4,20,7.0639,3.8578,0.145,0.4
RN50__layer3,400_500,0,12,7.3315,4.4992,0.05,0.2
RN50__layer3,400_500,1,13,7.3526,4.4737,0.035,0.195
RN50__layer3,400_500,2,15,7.3032,4.4691,0.055,0.205
RN50__layer3,400_500,3,13,7.332,4.4328,0.03,0.215
RN50__layer3,400_500,4,12,7.3439,4.4871,0.055,0.23
RN50__layer3,500_600,0,4,7.4775,5.2086,0.01,0.045
RN50__layer3,500_600,1,4,7.4704,5.2028,0.0,0.05
RN50__layer3,500_600,2,5,7.4473,5.1645,0.005,0.06
RN50__layer3,500_600,3,4,7.4663,5.1471,0.03,0.085
RN50__layer3,500_600,4,4,7.4664,5.1795,0.0,0.055
RN50__layer3,600_700,0,3,7.4867,5.3304,0.0,0.015
RN50__layer3,600_700,1,3,7.4939,5.3144,0.01,0.045
RN50__layer3,600_700,2,3,7.4803,5.2805,0.01,0.03
RN50__layer3,600_700,3,3,7.4742,5.2975,0.015,0.035
RN50__layer3,600_700,4,3,7.4911,5.2999,0.0,0.03
RN50__layer3,700_800,0,3,7.4882,5.3493,0.005,0.015
RN50__layer3,700_800,1,3,7.5069,5.3652,0.005,0.025
RN50__layer3,700_800,2,3,7.4869,5.3143,0.01,0.055
RN50__layer3,700_800,3,3,7.4953,5.3183,0.0,0.04
RN50__layer3,700_800,4,3,7.4951,5.3628,0.01,0.01
RN50__layer3,800_900,0,2,7.5,5.3502,0.01,0.025
RN50__layer3,800_900,1,3,7.5039,5.3632,0.005,0.025
RN50__layer3,800_900,2,3,7.4932,5.3421,0.005,0.03
RN50__layer3,800_900,3,3,7.5012,5.3686,0.005,0.025
RN50__layer3,800_900,4,3,7.4912,5.3732,0.005,0.025
RN50__layer3,900_1000,0,2,7.5047,5.3691,0.0,0.035
RN50__layer3,900_1000,1,2,7.509,5.3771,0.005,0.03
RN50__layer3,900_1000,2,3,7.4884,5.3331,0.025,0.05
RN50__layer3,900_1000,3,3,7.4944,5.347,0.0,0.045
RN50__layer3,900_1000,4,3,7.4943,5.3554,0.005,0.03
RN50__layer3__fov,0_100,0,13,7.078,4.3825,0.075,0.175
RN50__layer3__fov,0_100,1,14,7.1045,4.317,0.07,0.2
RN50__layer3__fov,0_100,2,15,7.0551,4.3686,0.06,0.19
RN50__layer3__fov,0_100,3,14,7.1108,4.3441,0.065,0.19
RN50__layer3__fov,0_100,4,14,7.1328,4.3476,0.06,0.18
RN50__layer3__fov,100_200,0,27,6.2195,2.9319,0.31,0.65
RN50__layer3__fov,100_200,1,31,6.1983,2.8999,0.355,0.65
RN50__layer3__fov,100_200,2,33,6.2002,2.9003,0.34,0.66
RN50__layer3__fov,100_200,3,26,6.2694,2.9275,0.315,0.645
RN50__layer3__fov,100_200,4,27,6.1891,2.942,0.33,0.635
RN50__layer3__fov,200_300,0,29,6.2501,2.8123,0.33,0.67
RN50__layer3__fov,200_300,1,25,6.2994,2.8129,0.315,0.65
RN50__layer3__fov,200_300,2,28,6.2143,2.8164,0.31,0.67
RN50__layer3__fov,200_300,3,28,6.2326,2.8049,0.325,0.665
RN50__layer3__fov,200_300,4,27,6.2272,2.8174,0.315,0.67
RN50__layer3__fov,300_400,0,15,7.0993,3.8832,0.11,0.375
RN50__layer3__fov,300_400,1,18,7.0945,3.8552,0.135,0.39
RN50__layer3__fov,300_400,2,16,7.0929,3.9088,0.11,0.38
RN50__layer3__fov,300_400,3,18,7.0643,3.8143,0.155,0.42
RN50__layer3__fov,300_400,4,18,7.0764,3.8626,0.135,0.38
RN50__layer3__fov,400_500,0,12,7.3391,4.4835,0.035,0.16
RN50__layer3__fov,400_500,1,13,7.3349,4.448,0.03,0.2
RN50__layer3__fov,400_500,2,12,7.324,4.4705,0.035,0.175
RN50__layer3__fov,400_500,3,13,7.3135,4.4099,0.065,0.215
RN50__layer3__fov,400_500,4,14,7.3316,4.4465,0.045,0.22
RN50__layer3__fov,500_600,0,4,7.4692,5.2095,0.015,0.065
RN50__layer3__fov,500_600,1,4,7.4801,5.2202,0.02,0.05
RN50__layer3__fov,500_600,2,3,7.4548,5.1904,0.005,0.015
RN50__layer3__fov,500_600,3,3,7.4575,5.1924,0.0,0.045
RN50__layer3__fov,500_600,4,5,7.486,5.1524,0.025,0.06
RN50__layer3__fov,600_700,0,4,7.4909,5.3364,0.0,0.03
RN50__layer3__fov,600_700,1,3,7.4979,5.3067,0.005,0.035
RN50__layer3__fov,600_700,2,3,7.4828,5.2858,0.0,0.045
RN50__layer3__fov,600_700,3,3,7.4668,5.3065,0.01,0.055
RN50__layer3__fov,600_700,4,3,7.5101,5.313,0.005,0.045
RN50__layer3__fov,700_800,0,4,7.4917,5.3927,0.005,0.02
RN50__layer3__fov,700_800,1,3,7.5082,5.3452,0.0,0.01
RN50__layer3__fov,700_800,2,3,7.4912,5.3439,0.0,0.02
RN50__layer3__fov,700_800,3,3,7.4765,5.338,0.01,0.035
RN50__layer3__fov,700_800,4,3,7.5088,5.3695,0.005,0.015
RN50__layer3__fov,800_900,0,3,7.5051,5.3795,0.0,0.03
RN50__layer3__fov,800_900,1,3,7.5069,5.3779,0.02,0.025
RN50__layer3__fov,800_900,2,2,7.4975,5.3421,0.015,0.05
RN50__layer3__fov,800_900,3,3,7.4734,5.3639,0.005,0.025
RN50__layer3__fov,800_900,4,3,7.512,5.3537,0.005,0.04
RN50__layer3__fov,900_1000,0,3,7.5094,5.36,0.0,0.03
RN50__layer3__fov,900_1000,1,2,7.5126,5.3894,0.0,0.015
RN50__layer3__fov,900_1000,2,2,7.494,5.3609,0.0,0.025
RN50__layer3__fov,900_1000,3,3,7.474,5.3836,0.0,0.015
RN50__layer3__fov,900_1000,4,3,7.5117,5.3393,0.0,0.035
RN50__layer4,0_100,0,12,7.1751,4.6734,0.03,0.135
RN50__layer4,0_100,1,13,7.2062,4.6414,0.04,0.13
RN50__layer4,0_100,2,12,7.1809,4.6815,0.035,0.125
RN50__layer4,0_100,3,12,7.2427,4.7113,0.04,0.13
RN50__layer4,0_100,4,14,7.2434,4.6741,0.04,0.125
RN50__layer4,100_200,0,21,6.4338,3.4594,0.2,0.51
RN50__layer4,100_200,1,22,6.4786,3.4394,0.215,0.51
RN50__layer4,100_200,2,23,6.4975,3.4511,0.21,0.535
RN50__layer4,100_200,3,22,6.5053,3.4645,0.205,0.505
RN50__layer4,100_200,4,23,6.4769,3.4831,0.195,0.48
RN50__layer4,200_300,0,20,6.4957,3.2207,0.225,0.535
RN50__layer4,200_300,1,22,6.4739,3.214,0.235,0.545
RN50__layer4,200_300,2,26,6.4231,3.2185,0.225,0.555
RN50__layer4,200_300,3,22,6.4501,3.2081,0.235,0.545
RN50__layer4,200_300,4,23,6.4568,3.1851,0.245,0.555
RN50__layer4,300_400,0,15,7.0853,3.9673,0.11,0.36
RN50__layer4,300_400,1,18,7.0948,3.91,0.145,0.39
RN50__layer4,300_400,2,16,7.1125,3.9877,0.135,0.345
RN50__layer4,300_400,3,20,7.075,3.9236,0.135,0.36
RN50__layer4,300_400,4,17,7.1154,3.9265,0.125,0.35
RN50__layer4,400_500,0,13,7.323,4.5491,0.04,0.155
RN50__layer4,400_500,1,15,7.3007,4.4824,0.03,0.17
RN50__layer4,400_500,2,14,7.3209,4.5198,0.09,0.17
RN50__layer4,400_500,3,15,7.3226,4.4609,0.045,0.19
RN50__layer4,400_500,4,14,7.3409,4.4857,0.045,0.195
RN50__layer4,500_600,0,4,7.4674,5.1924,0.005,0.04
RN50__layer4,500_600,1,4,7.4797,5.2188,0.0,0.04
RN50__layer4,500_600,2,6,7.4649,5.1404,0.01,0.085
RN50__layer4,500_600,3,3,7.5136,5.2068,0.015,0.06
RN50__layer4,500_600,4,5,7.5075,5.1546,0.01,0.065
RN50__layer4,600_700,0,3,7.4712,5.3493,0.01,0.05
RN50__layer4,600_700,1,3,7.5009,5.3348,0.005,0.025
RN50__layer4,600_700,2,3,7.5065,5.3452,0.01,0.03
RN50__layer4,600_700,3,3,7.5242,5.3204,0.005,0.05
RN50__layer4,600_700,4,3,7.5191,5.3153,0.01,0.035
RN50__layer4,700_800,0,2,7.4907,5.3652,0.01,0.025
RN50__layer4,700_800,1,3,7.5223,5.3972,0.005,0.025
RN50__layer4,700_800,2,3,7.5199,5.3699,0.005,0.025
RN50__layer4,700_800,3,3,7.5412,5.3209,0.0,0.04
RN50__layer4,700_800,4,3,7.5343,5.3843,0.015,0.045
RN50__layer4,800_900,0,2,7.5008,5.3803,0.015,0.04
RN50__layer4,800_900,1,3,7.5179,5.4099,0.005,0.015
RN50__layer4,800_900,2,3,7.5092,5.4063,0.0,0.025
RN50__layer4,800_900,3,3,7.5208,5.3554,0.0,0.03
RN50__layer4,800_900,4,3,7.5409,5.3568,0.02,0.055
RN50__layer4,900_1000,0,2,7.4972,5.4114,0.0,0.01
RN50__layer4,900_1000,1,3,7.5172,5.4268,0.0,0.015
RN50__layer4,900_1000,2,3,7.5128,5.402,0.0,0.015
RN50__layer4,900_1000,3,3,7.5328,5.3789,0.0,0.03
RN50__layer4,900_1000,4,3,7.5377,5.3828,0.01,0.03
RN50__layer4__fov,0_100,0,12,7.176,4.651,0.04,0.175
RN50__layer4__fov,0_100,1,13,7.1996,4.6219,0.04,0.165
RN50__layer4__fov,0_100,2,12,7.1858,4.6919,0.03,0.1
RN50__layer4__fov,0_100,3,11,7.2278,4.646,0.04,0.14
RN50__layer4__fov,0_100,4,12,7.2275,4.7186,0.04,0.14
RN50__layer4__fov,100_200,0,25,6.4414,3.4003,0.22,0.485
RN50__layer4__fov,100_200,1,22,6.469,3.4116,0.195,0.535
RN50__layer4__fov,100_200,2,23,6.4638,3.4165,0.22,0.52
RN50__layer4__fov,100_200,3,22,6.4924,3.4215,0.235,0.51
RN50__layer4__fov,100_200,4,24,6.4554,3.4231,0.215,0.52
RN50__layer4__fov,200_300,0,20,6.4585,3.2306,0.22,0.535
RN50__layer4__fov,200_300,1,24,6.4526,3.1434,0.25,0.525
RN50__layer4__fov,200_300,2,21,6.437,3.2114,0.22,0.545
RN50__layer4__fov,200_300,3,22,6.4414,3.1807,0.24,0.56
RN50__layer4__fov,200_300,4,23,6.435,3.2151,0.24,0.545
RN50__layer4__fov,300_400,0,17,7.0816,3.9607,0.145,0.355
RN50__layer4__fov,300_400,1,18,7.0646,3.9358,0.12,0.38
RN50__layer4__fov,300_400,2,16,7.1118,3.98,0.11,0.33
RN50__layer4__fov,300_400,3,20,7.0336,3.9565,0.105,0.36
RN50__layer4__fov,300_400,4,17,7.0973,3.973,0.115,0.37
RN50__layer4__fov,400_500,0,14,7.2834,4.5246,0.04,0.18
RN50__layer4__fov,400_500,1,15,7.3206,4.4576,0.055,0.18
RN50__layer4__fov,400_500,2,12,7.2975,4.5117,0.045,0.185
RN50__layer4__fov,400_500,3,18,7.3139,4.4132,0.035,0.215
RN50__layer4__fov,400_500,4,16,7.345,4.4648,0.05,0.17
RN50__layer4__fov,500_600,0,4,7.4694,5.1653,0.015,0.075
RN50__layer4__fov,500_600,1,4,7.4747,5.1616,0.015,0.045
RN50__layer4__fov,500_600,2,5,7.4646,5.1926,0.015,0.045
RN50__layer4__fov,500_600,3,3,7.4871,5.1931,0.01,0.045
RN50__layer4__fov,500_600,4,3,7.4783,5.2362,0.01,0.03
RN50__layer4__fov,600_700,0,3,7.4817,5.316,0.01,0.065
RN50__layer4__fov,600_700,1,3,7.5022,5.3148,0.005,0.04
RN50__layer4__fov,600_700,2,3,7.4937,5.3388,0.005,0.05
RN50__layer4__fov,600_700,3,3,7.4958,5.312,0.01,0.035
RN50__layer4__fov,600_700,4,3,7.5082,5.3366,0.0,0.015
RN50__layer4__fov,700_800,0,3,7.5096,5.3427,0.0,0.025
RN50__layer4__fov,700_800,1,3,7.5127,5.3598,0.005,0.025
RN50__layer4__fov,700_800,2,3,7.5089,5.3321,0.0,0.04
RN50__layer4__fov,700_800,3,3,7.5141,5.3343,0.0,0.03
RN50__layer4__fov,700_800,4,2,7.5045,5.3735,0.01,0.03
RN50__layer4__fov,800_900,0,3,7.5038,5.3162,0.01,0.03
RN50__layer4__fov,800_900,1,3,7.5085,5.3572,0.005,0.02
RN50__layer4__fov,800_900,2,3,7.4988,5.3608,0.01,0.025
RN50__layer4__fov,800_900,3,2,7.5116,5.3519,0.0,0.015
RN50__layer4__fov,800_900,4,3,7.512,5.3535,0.0,0.025
RN50__layer4__fov,900_1000,0,3,7.5156,5.3648,0.015,0.04
RN50__layer4__fov,900_1000,1,3,7.5081,5.3634,0.005,0.02
RN50__layer4__fov,900_1000,2,3,7.5128,5.3791,0.005,0.015
RN50__layer4__fov,900_1000,3,2,7.5083,5.369,0.0,0.025
RN50__layer4__fov,900_1000,4,3,7.503,5.3928,0.0,0.025
RN50__stem,0_100,0,15,7.1715,4.6604,0.03,0.17
RN50__stem,0_100,1,14,7.1951,4.658,0.02,0.14
RN50__stem,0_100,2,13,7.1638,4.6979,0.025,0.13
RN50__stem,0_100,3,12,7.1842,4.7582,0.03,0.115
RN50__stem,0_100,4,12,7.2299,4.7282,0.03,0.11
RN50__stem,100_200,0,29,6.7323,3.9743,0.09,0.315
RN50__stem,100_200,1,31,6.7524,4.0032,0.11,0.305
RN50__stem,100_200,2,28,6.7626,4.0461,0.095,0.305
RN50__stem,100_200,3,25,6.8508,4.1008,0.1,0.28
RN50__stem,100_200,4,27,6.8118,4.0215,0.075,0.325
RN50__stem,200_300,0,32,6.8063,3.964,0.095,0.335
RN50__stem,200_300,1,27,6.8647,3.9585,0.095,0.33
RN50__stem,200_300,2,29,6.833,4.0164,0.085,0.295
RN50__stem,200_300,3,33,6.8314,3.9698,0.1,0.335
RN50__stem,200_300,4,27,6.8169,3.9807,0.115,0.335
RN50__stem,300_400,0,13,7.351,4.879,0.025,0.105
RN50__stem,300_400,1,11,7.3477,4.9298,0.02,0.12
RN50__stem,300_400,2,12,7.3354,4.9083,0.02,0.13
RN50__stem,300_400,3,14,7.3448,4.8696,0.045,0.125
RN50__stem,300_400,4,11,7.3575,4.9435,0.025,0.14
RN50__stem,400_500,0,11,7.4261,5.1015,0.02,0.08
RN50__stem,400_500,1,9,7.4271,5.1488,0.0,0.025
RN50__stem,400_500,2,11,7.4207,5.1081,0.005,0.065
RN50__stem,400_500,3,12,7.413,5.1072,0.005,0.045
RN50__stem,400_500,4,11,7.439,5.1156,0.015,0.045
RN50__stem,500_600,0,10,7.4847,5.2227,0.005,0.035
RN50__stem,500_600,1,11,7.4696,5.2153,0.015,0.07
RN50__stem,500_600,2,10,7.4739,5.26,0.005,0.04
RN50__stem,500_600,3,12,7.4781,5.2222,0.0,0.03
RN50__stem,500_600,4,10,7.4926,5.25,0.015,0.025
RN50__stem,600_700,0,11,7.497,5.2821,0.0,0.02
RN50__stem,600_700,1,8,7.4912,5.324,0.005,0.02
RN50__stem,600_700,2,9,7.4834,5.3085,0.005,0.025
RN50__stem,600_700,3,8,7.48,5.3013,0.005,0.015
RN50__stem,600_700,4,10,7.4899,5.305,0.005,0.04
RN50__stem,700_800,0,13,7.5199,5.3069,0.005,0.035
RN50__stem,700_800,1,8,7.5181,5.3427,0.01,0.035
RN50__stem,700_800,2,9,7.4928,5.3677,0.0,0.025
RN50__stem,700_800,3,8,7.5009,5.3495,0.0,0.03
RN50__stem,700_800,4,11,7.506,5.311,0.0,0.02
RN50__stem,800_900,0,13,7.5094,5.3356,0.0,0.015
RN50__stem,800_900,1,9,7.4945,5.3203,0.005,0.02
RN50__stem,800_900,2,13,7.4814,5.349,0.005,0.03
RN50__stem,800_900,3,8,7.4877,5.3345,0.005,0.015
RN50__stem,800_900,4,10,7.5162,5.3449,0.01,0.025
RN50__stem,900_1000,0,15,7.5175,5.3381,0.01,0.025
RN50__stem,900_1000,1,8,7.507,5.3405,0.005,0.02
RN50__stem,900_1000,2,13,7.4895,5.3969,0.0,0.025
RN50__stem,900_1000,3,8,7.487,5.3346,0.005,0.03
RN50__stem,900_1000,4,10,7.5171,5.3326,0.0,0.02
RN50__stem__fov,0_100,0,17,7.16,4.5844,0.03,0.14
RN50__stem__fov,0_100,1,16,7.1539,4.5841,0.025,0.145
RN50__stem__fov,0_100,2,14,7.1516,4.6361,0.015,0.15
RN50__stem__fov,0_100,3,12,7.1474,4.7208,0.02,0.13
RN50__stem__fov,0_100,4,17,7.2297,4.5948,0.035,0.13
RN50__stem__fov,100_200,0,35,6.6814,3.877,0.1,0.35
RN50__stem__fov,100_200,1,30,6.7214,3.8815,0.1,0.33
RN50__stem__fov,100_200,2,36,6.7169,3.9049,0.1,0.34
RN50__stem__fov,100_200,3,25,6.782,3.9707,0.085,0.305
RN50__stem__fov,100_200,4,27,6.7627,3.9489,0.1,0.365
RN50__stem__fov,200_300,0,35,6.7723,3.9414,0.085,0.325
RN50__stem__fov,200_300,1,26,6.8182,3.8598,0.085,0.34
RN50__stem__fov,200_300,2,29,6.8088,3.8915,0.11,0.325
RN50__stem__fov,200_300,3,33,6.7853,3.8843,0.095,0.355
RN50__stem__fov,200_300,4,27,6.8061,3.8848,0.115,0.35
RN50__stem__fov,300_400,0,13,7.3319,4.8699,0.035,0.145
RN50__stem__fov,300_400,1,11,7.3396,4.8917,0.02,0.13
RN50__stem__fov,300_400,2,13,7.3461,4.8721,0.025,0.105
RN50__stem__fov,300_400,3,14,7.3383,4.8616,0.035,0.125
RN50__stem__fov,300_400,4,11,7.3465,4.924,0.03,0.11
RN50__stem__fov,400_500,0,11,7.4243,5.0976,0.02,0.08
RN50__stem__fov,400_500,1,10,7.4345,5.1174,0.01,0.045
RN50__stem__fov,400_500,2,11,7.4491,5.1077,0.01,0.055
RN50__stem__fov,400_500,3,12,7.4208,5.1071,0.01,0.085
RN50__stem__fov,400_500,4,11,7.44,5.1026,0.02,0.065
RN50__stem__fov,500_600,0,13,7.4848,5.1896,0.01,0.04
RN50__stem__fov,500_600,1,10,7.4883,5.1956,0.015,0.05
RN50__stem__fov,500_600,2,10,7.4958,5.246,0.01,0.04
RN50__stem__fov,500_600,3,12,7.4849,5.2194,0.01,0.035
RN50__stem__fov,500_600,4,10,7.4953,5.2411,0.01,0.04
RN50__stem__fov,600_700,0,13,7.4905,5.2767,0.005,0.02
RN50__stem__fov,600_700,1,10,7.498,5.3072,0.005,0.025
RN50__stem__fov,600_700,2,11,7.4919,5.2992,0.01,0.025
RN50__stem__fov,600_700,3,8,7.488,5.3,0.005,0.02
RN50__stem__fov,600_700,4,11,7.4828,5.3027,0.0,0.045
RN50__stem__fov,700_800,0,13,7.5141,5.3101,0.01,0.02
RN50__stem__fov,700_800,1,11,7.5228,5.3206,0.0,0.035
RN50__stem__fov,700_800,2,11,7.5191,5.3564,0.0,0.03
RN50__stem__fov,700_800,3,12,7.4911,5.3427,0.005,0.025
RN50__stem__fov,700_800,4,11,7.5012,5.317,0.01,0.03
RN50__stem__fov,800_900,0,13,7.4978,5.3241,0.005,0.02
RN50__stem__fov,800_900,1,12,7.5019,5.3161,0.0,0.01
RN50__stem__fov,800_900,2,13,7.5016,5.3526,0.005,0.02
RN50__stem__fov,800_900,3,8,7.4993,5.3416,0.01,0.025
RN50__stem__fov,800_900,4,11,7.5083,5.3385,0.01,0.035
RN50__stem__fov,900_1000,0,13,7.5147,5.3169,0.005,0.035
RN50__stem__fov,900_1000,1,8,7.5101,5.3368,0.005,0.01
RN50__stem__fov,900_1000,2,13,7.4999,5.3765,0.005,0.025
RN50__stem__fov,900_1000,3,15,7.491,5.3391,0.01,0.04
RN50__stem__fov,900_1000,4,10,7.5206,5.3102,0.01,0.065
ViT-B-16__block10,0_100,0,11,7.2295,4.7019,0.035,0.115
ViT-B-16__block10,0_100,1,11,7.2453,4.7259,0.045,0.13
ViT-B-16__block10,0_100,2,11,7.2357,4.7115,0.035,0.11
ViT-B-16__block10,0_100,3,12,7.2604,4.6833,0.035,0.12
ViT-B-16__block10,0_100,4,10,7.2676,4.7125,0.04,0.12
ViT-B-16__block10,100_200,0,20,6.6397,3.6344,0.125,0.42
ViT-B-16__block10,100_200,1,21,6.6133,3.6346,0.165,0.4
ViT-B-16__block10,100_200,2,20,6.694,3.6097,0.17,0.41
ViT-B-16__block10,100_200,3,19,6.6687,3.6006,0.175,0.405
ViT-B-16__block10,100_200,4,17,6.6069,3.6312,0.165,0.44
ViT-B-16__block10,200_300,0,20,6.6154,3.3757,0.2,0.52
ViT-B-16__block10,200_300,1,19,6.6103,3.3787,0.225,0.5
ViT-B-16__block10,200_300,2,20,6.5681,3.3991,0.205,0.475
ViT-B-16__block10,200_300,3,22,6.5965,3.3128,0.23,0.495
ViT-B-16__block10,200_300,4,21,6.5657,3.3749,0.2,0.51
ViT-B-16__block10,300_400,0,15,7.1654,4.0699,0.08,0.325
ViT-B-16__block10,300_400,1,17,7.1364,4.0516,0.1,0.295
ViT-B-16__block10,300_400,2,16,7.1655,4.0977,0.11,0.315
ViT-B-16__block10,300_400,3,20,7.1222,3.9963,0.105,0.3
ViT-B-16__block10,300_400,4,18,7.1653,4.0572,0.095,0.305
ViT-B-16__block10,400_500,0,13,7.3431,4.5975,0.045,0.2
ViT-B-16__block10,400_500,1,13,7.3292,4.5505,0.05,0.18
ViT-B-16__block10,400_500,2,14,7.3139,4.5235,0.07,0.185
ViT-B-16__block10,400_500,3,14,7.3337,4.5118,0.055,0.23
ViT-B-16__block10,400_500,4,13,7.3675,4.5347,0.055,0.205
ViT-B-16__block10,500_600,0,4,7.4631,5.1768,0.005,0.04
ViT-B-16__block10,500_600,1,4,7.4762,5.1815,0.01,0.05
ViT-B-16__block10,500_600,2,5,7.4522,5.1243,0.015,0.055
ViT-B-16__block10,500_600,3,4,7.5082,5.1522,0.02,0.08
ViT-B-16__block10,500_600,4,4,7.4851,5.186,0.01,0.03
ViT-B-16__block10,600_700,0,3,7.4841,5.2924,0.005,0.04
ViT-B-16__block10,600_700,1,4,7.4889,5.3079,0.005,0.035
ViT-B-16__block10,600_700,2,3,7.4785,5.2839,0.0,0.015
ViT-B-16__block10,600_700,3,3,7.5136,5.3174,0.0,0.035
ViT-B-16__block10,600_700,4,2,7.5198,5.2976,0.01,0.04
ViT-B-16__block10,700_800,0,2,7.4858,5.3384,0.015,0.04
ViT-B-16__block10,700_800,1,4,7.5152,5.3584,0.0,0.035
ViT-B-16__block10,700_800,2,3,7.4922,5.3404,0.02,0.03
ViT-B-16__block10,700_800,3,3,7.5312,5.3689,0.0,0.02
ViT-B-16__block10,700_800,4,2,7.5091,5.3185,0.01,0.06
ViT-B-16__block10,800_900,0,2,7.4894,5.3368,0.005,0.03
ViT-B-16__block10,800_900,1,3,7.505,5.3573,0.0,0.04
ViT-B-16__block10,800_900,2,2,7.4948,5.337,0.005,0.02
ViT-B-16__block10,800_900,3,2,7.514,5.3502,0.005,0.03
ViT-B-16__block10,800_900,4,2,7.5109,5.3074,0.01,0.04
ViT-B-16__block10,900_1000,0,2,7.4997,5.3898,0.005,0.055
ViT-B-16__block10,900_1000,1,3,7.5143,5.366,0.0,0.03
ViT-B-16__block10,900_1000,2,3,7.4912,5.324,0.005,0.02
ViT-B-16__block10,900_1000,3,2,7.5308,5.3777,0.01,0.025
ViT-B-16__block10,900_1000,4,2,7.5139,5.3502,0.015,0.05
ViT-B-16__block10__fov,0_100,0,12,7.2205,4.6084,0.035,0.145
ViT-B-16__block10__fov,0_100,1,11,7.2551,4.6773,0.04,0.125
ViT-B-16__block10__fov,0_100,2,12,7.2279,4.6204,0.05,0.15
ViT-B-16__block10__fov,0_100,3,11,7.2349,4.6323,0.04,0.14
ViT-B-16__block10__fov,0_100,4,12,7.2457,4.623,0.045,0.145
ViT-B-16__block10__fov,100_200,0,22,6.6002,3.5661,0.155,0.465
ViT-B-16__block10__fov,100_200,1,22,6.5808,3.5442,0.19,0.43
ViT-B-16__block10__fov,100_200,2,20,6.6365,3.5377,0.17,0.45
ViT-B-16__block10__fov,100_200,3,19,6.6371,3.5303,0.175,0.485
ViT-B-16__block10__fov,100_200,4,21,6.5804,3.5389,0.165,0.45
ViT-B-16__block10__fov,200_300,0,20,6.5674,3.3065,0.225,0.53
ViT-B-16__block10__fov,200_300,1,20,6.5672,3.3164,0.245,0.54
ViT-B-16__block10__fov,200_300,2,20,6.5261,3.3031,0.23,0.535
ViT-B-16__block10__fov,200_300,3,22,6.5645,3.2631,0.24,0.515
ViT-B-16__block10__fov,200_300,4,20,6.5502,3.2831,0.245,0.525
ViT-B-16__block10__fov,300_400,0,15,7.1607,3.9873,0.115,0.35
ViT-B-16__block10__fov,300_400,1,18,7.1042,4.0039,0.08,0.345
ViT-B-16__block10__fov,300_400,2,16,7.1319,4.0546,0.06,0.345
ViT-B-16__block10__fov,300_400,3,16,7.1068,4.0661,0.13,0.35
ViT-B-16__block10__fov,300_400,4,17,7.1786,4.0525,0.08,0.305
ViT-B-16__block10__fov,400_500,0,13,7.3487,4.5478,0.065,0.205
ViT-B-16__block10__fov,400_500,1,14,7.3199,4.4919,0.06,0.21
ViT-B-16__block10__fov,400_500,2,12,7.3146,4.5454,0.045,0.19
ViT-B-16__block10__fov,400_500,3,14,7.349,4.4546,0.05,0.2
ViT-B-16__block10__fov,400_500,4,17,7.3558,4.5156,0.06,0.21
ViT-B-16__block10__fov,500_600,0,6,7.4931,5.1341,0.02,0.075
ViT-B-16__block10__fov,500_600,1,4,7.4693,5.179,0.0,0.04
ViT-B-16__block10__fov,500_600,2,6,7.4804,5.1511,0.01,0.06
ViT-B-16__block10__fov,500_600,3,4,7.4998,5.1479,0.005,0.035
ViT-B-16__block10__fov,500_600,4,4,7.5034,5.1829,0.005,0.05
ViT-B-16__block10__fov,600_700,0,3,7.5075,5.2462,0.005,0.04
ViT-B-16__block10__fov,600_700,1,3,7.4819,5.3076,0.005,0.03
ViT-B-16__block10__fov,600_700,2,4,7.5003,5.2901,0.01,0.045
ViT-B-16__block10__fov,600_700,3,3,7.4971,5.2798,0.005,0.05
ViT-B-16__block10__fov,600_700,4,2,7.5164,5.3221,0.005,0.04
ViT-B-16__block10__fov,700_800,0,3,7.5156,5.3145,0.005,0.04
ViT-B-16__block10__fov,700_800,1,3,7.4963,5.3267,0.005,0.035
ViT-B-16__block10__fov,700_800,2,3,7.5105,5.3486,0.0,0.01
ViT-B-16__block10__fov,700_800,3,2,7.5277,5.361,0.005,0.015
ViT-B-16__block10__fov,700_800,4,2,7.5206,5.3473,0.0,0.02
ViT-B-16__block10__fov,800_900,0,3,7.5049,5.2989,0.01,0.02
ViT-B-16__block10__fov,800_900,1,3,7.4978,5.3679,0.0,0.02
ViT-B-16__block10__fov,800_900,2,3,7.5075,5.3629,0.01,0.025
ViT-B-16__block10__fov,800_900,3,2,7.516,5.3279,0.015,0.035
ViT-B-16__block10__fov,800_900,4,2,7.5186,5.3687,0.01,0.03
ViT-B-16__block10__fov,900_1000,0,3,7.5085,5.3463,0.005,0.02
ViT-B-16__block10__fov,900_1000,1,3,7.4969,5.3425,0.015,0.035
ViT-B-16__block10__fov,900_1000,2,3,7.5113,5.3922,0.0,0.035
ViT-B-16__block10__fov,900_1000,3,2,7.5215,5.3526,0.005,0.01
ViT-B-16__block10__fov,900_1000,4,2,7.5187,5.3508,0.005,0.03
ViT-B-16__block12,0_100,0,12,7.316,4.9282,0.025,0.09
ViT-B-16__block12,0_100,1,10,7.3342,4.9339,0.02,0.1
ViT-B-16__block12,0_100,2,12,7.3326,4.9112,0.015,0.125
ViT-B-16__block12,0_100,3,9,7.3508,4.9831,0.03,0.11
ViT-B-16__block12,0_100,4,10,7.3558,4.9316,0.03,0.11
ViT-B-16__block12,100_200,0,19,6.8313,4.0218,0.12,0.35
ViT-B-16__block12,100_200,1,17,6.8368,4.0027,0.115,0.365
ViT-B-16__block12,100_200,2,17,6.8503,4.0085,0.095,0.33
ViT-B-16__block12,100_200,3,19,6.8788,3.9843,0.12,0.33
ViT-B-16__block12,100_200,4,19,6.8134,4.005,0.115,0.355
ViT-B-16__block12,200_300,0,20,6.7802,3.685,0.17,0.425
ViT-B-16__block12,200_300,1,19,6.8017,3.7169,0.16,0.435
ViT-B-16__block12,200_300,2,20,6.8021,3.7369,0.145,0.43
ViT-B-16__block12,200_300,3,19,6.8021,3.7316,0.15,0.415
ViT-B-16__block12,200_300,4,19,6.7989,3.7422,0.155,0.39
ViT-B-16__block12,300_400,0,15,7.2224,4.2414,0.09,0.275
ViT-B-16__block12,300_400,1,14,7.213,4.3098,0.055,0.255
ViT-B-16__block12,300_400,2,16,7.2179,4.2316,0.09,0.285
ViT-B-16__block12,300_400,3,16,7.1859,4.2055,0.095,0.295
ViT-B-16__block12,300_400,4,16,7.2144,4.2284,0.1,0.31
ViT-B-16__block12,400_500,0,15,7.3771,4.6913,0.04,0.17
ViT-B-16__block12,400_500,1,13,7.3937,4.751,0.03,0.16
ViT-B-16__block12,400_500,2,16,7.3633,4.7161,0.035,0.13
ViT-B-16__block12,400_500,3,18,7.3619,4.7158,0.03,0.175
ViT-B-16__block12,400_500,4,19,7.3963,4.6551,0.035,0.19
ViT-B-16__block12,500_600,0,4,7.5227,5.244,0.005,0.03
ViT-B-16__block12,500_600,1,4,7.5025,5.3061,0.005,0.055
ViT-B-16__block12,500_600,2,4,7.4806,5.2653,0.005,0.045
ViT-B-16__block12,500_600,3,3,7.5085,5.2614,0.01,0.04
ViT-B-16__block12,500_600,4,3,7.5218,5.2801,0.01,0.04
ViT-B-16__block12,600_700,0,3,7.5304,5.3226,0.015,0.05
ViT-B-16__block12,600_700,1,3,7.5048,5.3602,0.005,0.015
ViT-B-16__block12,600_700,2,3,7.5351,5.3188,0.005,0.02
ViT-B-16__block12,600_700,3,3,7.5158,5.3626,0.005,0.035
ViT-B-16__block12,600_700,4,2,7.5414,5.3494,0.0,0.045
ViT-B-16__block12,700_800,0,3,7.5407,5.3618,0.02,0.035
ViT-B-16__block12,700_800,1,3,7.5154,5.4192,0.01,0.02
ViT-B-16__block12,700_800,2,3,7.5179,5.3591,0.01,0.02
ViT-B-16__block12,700_800,3,3,7.5233,5.4129,0.005,0.02
ViT-B-16__block12,700_800,4,2,7.5443,5.3677,0.005,0.03
ViT-B-16__block12,800_900,0,3,7.5355,5.3488,0.01,0.025
ViT-B-16__block12,800_900,1,3,7.5185,5.4335,0.0,0.02
ViT-B-16__block12,800_900,2,3,7.5286,5.3682,0.01,0.03
ViT-B-16__block12,800_900,3,3,7.5286,5.384,0.015,0.02
ViT-B-16__block12,800_900,4,2,7.5403,5.3984,0.0,0.025
ViT-B-16__block12,900_1000,0,2,7.5413,5.3546,0.015,0.03
ViT-B-16__block12,900_1000,1,3,7.5143,5.4162,0.01,0.025
ViT-B-16__block12,900_1000,2,3,7.5288,5.3174,0.015,0.025
ViT-B-16__block12,900_1000,3,3,7.5258,5.3733,0.005,0.03
ViT-B-16__block12,900_1000,4,2,7.546,5.3895,0.005,0.025
ViT-B-16__block12__fov,0_100,0,11,7.3146,4.933,0.02,0.11
ViT-B-16__block12__fov,0_100,1,11,7.3345,4.8654,0.015,0.14
ViT-B-16__block12__fov,0_100,2,12,7.3292,4.8967,0.05,0.13
ViT-B-16__block12__fov,0_100,3,9,7.3298,4.9,0.01,0.135
ViT-B-16__block12__fov,0_100,4,12,7.3643,4.8912,0.04,0.115
ViT-B-16__block12__fov,100_200,0,19,6.8022,4.0034,0.135,0.33
ViT-B-16__block12__fov,100_200,1,17,6.8243,4.0195,0.085,0.34
ViT-B-16__block12__fov,100_200,2,20,6.8327,3.9528,0.115,0.38
ViT-B-16__block12__fov,100_200,3,19,6.8595,3.9627,0.115,0.35
ViT-B-16__block12__fov,100_200,4,19,6.7866,3.9871,0.125,0.375
ViT-B-16__block12__fov,200_300,0,20,6.7896,3.7001,0.17,0.45
ViT-B-16__block12__fov,200_300,1,20,6.7943,3.7355,0.16,0.445
ViT-B-16__block12__fov,200_300,2,20,6.783,3.7158,0.16,0.425
ViT-B-16__block12__fov,200_300,3,19,6.7642,3.7237,0.165,0.41
ViT-B-16__block12__fov,200_300,4,21,6.7715,3.6964,0.19,0.43
ViT-B-16__block12__fov,300_400,0,15,7.2055,4.186,0.085,0.3
ViT-B-16__block12__fov,300_400,1,14,7.2164,4.2833,0.085,0.28
ViT-B-16__block12__fov,300_400,2,16,7.2358,4.2365,0.08,0.305
ViT-B-16__block12__fov,300_400,3,16,7.1731,4.2013,0.065,0.29
ViT-B-16__block12__fov,300_400,4,17,7.206,4.2388,0.08,0.3
ViT-B-16__block12__fov,400_500,0,15,7.3701,4.6976,0.035,0.13
ViT-B-16__block12__fov,400_500,1,13,7.4031,4.743,0.055,0.145
ViT-B-16__block12__fov,400_500,2,15,7.343,4.6965,0.06,0.17
ViT-B-16__block12__fov,400_500,3,17,7.355,4.6957,0.035,0.15
ViT-B-16__block12__fov,400_500,4,17,7.3889,4.6899,0.06,0.2
ViT-B-16__block12__fov,500_600,0,4,7.5212,5.2534,0.005,0.075
ViT-B-16__block12__fov,500_600,1,4,7.517,5.263,0.005,0.03
ViT-B-16__block12__fov,500_600,2,4,7.4867,5.2017,0.01,0.055
ViT-B-16__block12__fov,500_600,3,3,7.4952,5.2029,0.005,0.065
ViT-B-16__block12__fov,500_600,4,3,7.5192,5.2512,0.025,0.055
ViT-B-16__block12__fov,600_700,0,3,7.5172,5.3404,0.0,0.035
ViT-B-16__block12__fov,600_700,1,4,7.5365,5.3556,0.005,0.02
ViT-B-16__block12__fov,600_700,2,3,7.5207,5.3144,0.015,0.035
ViT-B-16__block12__fov,600_700,3,3,7.4979,5.2945,0.005,0.025
ViT-B-16__block12__fov,600_700,4,2,7.5411,5.3492,0.01,0.02
ViT-B-16__block12__fov,700_800,0,3,7.5322,5.3716,0.025,0.05
ViT-B-16__block12__fov,700_800,1,3,7.5423,5.3785,0.0,0.03
ViT-B-16__block12__fov,700_800,2,3,7.5296,5.3401,0.005,0.045
ViT-B-16__block12__fov,700_800,3,3,7.5249,5.3071,0.005,0.025
ViT-B-16__block12__fov,700_800,4,2,7.5497,5.3933,0.01,0.04
ViT-B-16__block12__fov,800_900,0,3,7.5315,5.3904,0.0,0.02
ViT-B-16__block12__fov,800_900,1,3,7.5356,5.3799,0.01,0.015
ViT-B-16__block12__fov,800_900,2,3,7.5299,5.3816,0.01,0.035
ViT-B-16__block12__fov,800_900,3,3,7.5078,5.293,0.0,0.065
ViT-B-16__block12__fov,800_900,4,3,7.5515,5.3743,0.005,0.035
ViT-B-16__block12__fov,900_1000,0,3,7.5416,5.3869,0.0,0.03
ViT-B-16__block12__fov,900_1000,1,3,7.5366,5.3761,0.015,0.045
ViT-B-16__block12__fov,900_1000,2,3,7.5334,5.3279,0.01,0.04
ViT-B-16__block12__fov,900_1000,3,3,7.5223,5.3089,0.01,0.02
ViT-B-16__block12__fov,900_1000,4,2,7.5513,5.3688,0.01,0.02
ViT-B-16__block2,0_100,0,11,6.9422,4.1825,0.07,0.215
ViT-B-16__block2,0_100,1,12,6.9824,4.1437,0.07,0.255
ViT-B-16__block2,0_100,2,11,6.9345,4.1299,0.065,0.235
ViT-B-16__block2,0_100,3,14,6.959,4.1038,0.06,0.225
ViT-B-16__block2,0_100,4,11,7.0173,4.1987,0.065,0.225
ViT-B-16__block2,100_200,0,20,6.3275,3.2278,0.17,0.515
ViT-B-16__block2,100_200,1,25,6.3223,3.1762,0.19,0.525
ViT-B-16__block2,100_200,2,24,6.3517,3.1802,0.19,0.52
ViT-B-16__block2,100_200,3,29,6.3484,3.1493,0.18,0.51
ViT-B-16__block2,100_200,4,20,6.3462,3.2396,0.19,0.525
ViT-B-16__block2,200_300,0,20,6.3805,3.2114,0.2,0.525
ViT-B-16__block2,200_300,1,17,6.4409,3.2542,0.2,0.515
ViT-B-16__block2,200_300,2,17,6.4317,3.2656,0.21,0.53
ViT-B-16__block2,200_300,3,19,6.3942,3.2234,0.19,0.51
ViT-B-16__block2,200_300,4,24,6.3962,3.1733,0.23,0.545
ViT-B-16__block2,300_400,0,9,7.245,4.5705,0.045,0.225
ViT-B-16__block2,300_400,1,8,7.2583,4.5668,0.065,0.235
ViT-B-16__block2,300_400,2,10,7.2457,4.5856,0.045,0.175
ViT-B-16__block2,300_400,3,9,7.2478,4.5924,0.04,0.215
ViT-B-16__block2,300_400,4,11,7.2894,4.5181,0.035,0.215
ViT-B-16__block2,400_500,0,6,7.3669,4.9467,0.025,0.095
ViT-B-16__block2,400_500,1,7,7.4045,4.8499,0.035,0.1
ViT-B-16__block2,400_500,2,7,7.3737,4.8685,0.03,0.125
ViT-B-16__block2,400_500,3,5,7.3812,4.9574,0.025,0.105
ViT-B-16__block2,400_500,4,6,7.3903,4.9154,0.025,0.105
ViT-B-16__block2,500_600,0,3,7.4392,5.2381,0.005,0.04
ViT-B-16__block2,500_600,1,4,7.4361,5.1938,0.01,0.055
ViT-B-16__block2,500_600,2,3,7.4426,5.2023,0.005,0.05
ViT-B-16__block2,500_600,3,3,7.4374,5.2041,0.015,0.05
ViT-B-16__block2,500_600,4,3,7.4622,5.2145,0.01,0.07
ViT-B-16__block2,600_700,0,3,7.4504,5.2988,0.0,0.05
ViT-B-16__block2,600_700,1,3,7.4592,5.31,0.005,0.03
ViT-B-16__block2,600_700,2,3,7.4565,5.3322,0.015,0.045
ViT-B-16__block2,600_700,3,2,7.4542,5.2986,0.01,0.03
ViT-B-16__block2,600_700,4,2,7.468,5.3006,0.005,0.035
ViT-B-16__block2,700_800,0,3,7.4605,5.3139,0.0,0.03
ViT-B-16__block2,700_800,1,3,7.4643,5.3102,0.005,0.02
ViT-B-16__block2,700_800,2,3,7.4541,5.3244,0.005,0.03
ViT-B-16__block2,700_800,3,2,7.4563,5.3096,0.005,0.04
ViT-B-16__block2,700_800,4,2,7.4738,5.32,0.0,0.025
ViT-B-16__block2,800_900,0,3,7.4601,5.3412,0.01,0.035
ViT-B-16__block2,800_900,1,3,7.4696,5.3081,0.005,0.025
ViT-B-16__block2,800_900,2,3,7.4561,5.342,0.005,0.03
ViT-B-16__block2,800_900,3,2,7.4552,5.3251,0.0,0.035
ViT-B-16__block2,800_900,4,2,7.4705,5.3359,0.01,0.035
ViT-B-16__block2,900_1000,0,2,7.4513,5.3112,0.0,0.04
ViT-B-16__block2,900_1000,1,2,7.4793,5.3344,0.01,0.03
ViT-B-16__block2,900_1000,2,3,7.4578,5.3343,0.01,0.025
ViT-B-16__block2,900_1000,3,2,7.4568,5.3333,0.0,0.04
ViT-B-16__block2,900_1000,4,2,7.474,5.3468,0.005,0.035
ViT-B-16__block2__fov,0_100,0,11,6.9241,4.1265,0.07,0.245
ViT-B-16__block2__fov,0_100,1,13,6.9704,4.0693,0.065,0.265
ViT-B-16__block2__fov,0_100,2,11,6.9174,4.0928,0.1,0.25
ViT-B-16__block2__fov,0_100,3,14,6.9453,4.0473,0.06,0.27
ViT-B-16__block2__fov,0_100,4,14,6.9997,4.0904,0.065,0.235
ViT-B-16__block2__fov,100_200,0,24,6.3066,3.1095,0.18,0.535
ViT-B-16__block2__fov,100_200,1,23,6.2948,3.0993,0.2,0.525
ViT-B-16__block2__fov,100_200,2,24,6.3213,3.1022,0.205,0.55
ViT-B-16__block2__fov,100_200,3,29,6.3236,3.0624,0.185,0.55
ViT-B-16__block2__fov,100_200,4,20,6.3106,3.1665,0.19,0.52
ViT-B-16__block2__fov,200_300,0,20,6.3559,3.1669,0.23,0.56
ViT-B-16__block2__fov,200_300,1,17,6.4054,3.1914,0.215,0.525
ViT-B-16__block2__fov,200_300,2,17,6.4076,3.209,0.225,0.55
ViT-B-16__block2__fov,200_300,3,20,6.3968,3.1414,0.205,0.555
ViT-B-16__block2__fov,200_300,4,24,6.3773,3.1362,0.225,0.565
ViT-B-16__block2__fov,300_400,0,11,7.2531,4.4768,0.05,0.225
ViT-B-16__block2__fov,300_400,1,11,7.2674,4.485,0.055,0.215
ViT-B-16__block2__fov,300_400,2,10,7.2369,4.5544,0.055,0.195
ViT-B-16__block2__fov,300_400,3,9,7.2539,4.5959,0.05,0.215
ViT-B-16__block2__fov,300_400,4,11,7.2726,4.4931,0.06,0.22
ViT-B-16__block2__fov,400_500,0,6,7.368,4.9263,0.02,0.105
ViT-B-16__block2__fov,400_500,1,7,7.4072,4.8353,0.035,0.145
ViT-B-16__block2__fov,400_500,2,7,7.3659,4.8755,0.045,0.12
ViT-B-16__block2__fov,400_500,3,6,7.3971,4.9179,0.015,0.085
ViT-B-16__block2__fov,400_500,4,6,7.3862,4.8935,0.015,0.135
ViT-B-16__block2__fov,500_600,0,3,7.4437,5.2271,0.005,0.04
ViT-B-16__block2__fov,500_600,1,4,7.4491,5.2131,0.01,0.03
ViT-B-16__block2__fov,500_600,2,3,7.437,5.2169,0.01,0.06
ViT-B-16__block2__fov,500_600,3,3,7.4514,5.2112,0.01,0.04
ViT-B-16__block2__fov,500_600,4,3,7.4605,5.185,0.01,0.065
ViT-B-16__block2__fov,600_700,0,3,7.4577,5.2875,0.005,0.03
ViT-B-16__block2__fov,600_700,1,3,7.4727,5.3251,0.0,0.015
ViT-B-16__block2__fov,600_700,2,3,7.4518,5.3368,0.01,0.03
ViT-B-16__block2__fov,600_700,3,3,7.4676,5.2897,0.0,0.025
ViT-B-16__block2__fov,600_700,4,2,7.4637,5.2822,0.02,0.045
ViT-B-16__block2__fov,700_800,0,2,7.4656,5.3042,0.005,0.04
ViT-B-16__block2__fov,700_800,1,2,7.4708,5.3277,0.005,0.02
ViT-B-16__block2__fov,700_800,2,3,7.4472,5.3256,0.01,0.035
ViT-B-16__block2__fov,700_800,3,2,7.4666,5.314,0.005,0.015
ViT-B-16__block2__fov,700_800,4,2,7.4627,5.2963,0.005,0.03
ViT-B-16__block2__fov,800_900,0,2,7.4639,5.3307,0.005,0.03
ViT-B-16__block2__fov,800_900,1,2,7.4706,5.3268,0.005,0.025
ViT-B-16__block2__fov,800_900,2,3,7.4548,5.3411,0.005,0.04
ViT-B-16__block2__fov,800_900,3,2,7.4697,5.3271,0.0,0.02
ViT-B-16__block2__fov,800_900,4,2,7.46,5.3134,0.0,0.07
ViT-B-16__block2__fov,900_1000,0,2,7.458,5.3088,0.0,0.025
ViT-B-16__block2__fov,900_1000,1,2,7.4846,5.3547,0.005,0.025
ViT-B-16__block2__fov,900_1000,2,3,7.4556,5.3351,0.01,0.04
ViT-B-16__block2__fov,900_1000,3,2,7.4688,5.3216,0.005,0.02
ViT-B-16__block2__fov,900_1000,4,2,7.4651,5.3461,0.005,0.025
ViT-B-16__block4,0_100,0,11,6.9663,4.1252,0.055,0.225
ViT-B-16__block4,0_100,1,12,6.9987,4.0642,0.06,0.24
ViT-B-16__block4,0_100,2,13,6.9625,4.1187,0.065,0.25
ViT-B-16__block4,0_100,3,12,7.0063,4.1019,0.05,0.25
ViT-B-16__block4,0_100,4,13,7.0233,4.0282,0.06,0.26
ViT-B-16__block4,100_200,0,25,6.1396,2.8516,0.23,0.58
ViT-B-16__block4,100_200,1,23,6.1534,2.8822,0.26,0.565
ViT-B-16__block4,100_200,2,24,6.176,2.8695,0.25,0.61
ViT-B-16__block4,100_200,3,19,6.226,2.9326,0.215,0.57
ViT-B-16__block4,100_200,4,27,6.1464,2.8332,0.25,0.58
ViT-B-16__block4,200_300,0,19,6.2247,2.934,0.26,0.61
ViT-B-16__block4,200_300,1,18,6.289,2.9369,0.265,0.61
ViT-B-16__block4,200_300,2,17,6.268,2.993,0.275,0.58
ViT-B-16__block4,200_300,3,20,6.2804,2.9347,0.275,0.585
ViT-B-16__block4,200_300,4,27,6.2289,2.8861,0.315,0.605
ViT-B-16__block4,300_400,0,12,7.1717,4.1862,0.09,0.315
ViT-B-16__block4,300_400,1,11,7.1885,4.2895,0.065,0.25
ViT-B-16__block4,300_400,2,12,7.1931,4.1861,0.08,0.28
ViT-B-16__block4,300_400,3,13,7.1923,4.1328,0.11,0.35
ViT-B-16__block4,300_400,4,10,7.211,4.2247,0.1,0.32
ViT-B-16__block4,400_500,0,7,7.3454,4.7507,0.03,0.125
ViT-B-16__block4,400_500,1,8,7.3859,4.7195,0.045,0.15
ViT-B-16__block4,400_500,2,7,7.3659,4.7571,0.05,0.15
ViT-B-16__block4,400_500,3,9,7.3787,4.6603,0.03,0.165
ViT-B-16__block4,400_500,4,7,7.3692,4.7804,0.025,0.15
ViT-B-16__block4,500_600,0,4,7.4472,5.1632,0.01,0.05
ViT-B-16__block4,500_600,1,4,7.4519,5.1814,0.0,0.04
ViT-B-16__block4,500_600,2,3,7.4423,5.1867,0.005,0.045
ViT-B-16__block4,500_600,3,3,7.4615,5.1952,0.0,0.045
ViT-B-16__block4,500_600,4,4,7.4642,5.1507,0.015,0.06
ViT-B-16__block4,600_700,0,4,7.4671,5.291,0.01,0.035
ViT-B-16__block4,600_700,1,3,7.4781,5.2992,0.005,0.03
ViT-B-16__block4,600_700,2,3,7.4593,5.2693,0.0,0.035
ViT-B-16__block4,600_700,3,2,7.4606,5.2729,0.015,0.035
ViT-B-16__block4,600_700,4,2,7.4828,5.2897,0.02,0.045
ViT-B-16__block4,700_800,0,4,7.4668,5.3016,0.015,0.075
ViT-B-16__block4,700_800,1,3,7.4785,5.3344,0.0,0.04
ViT-B-16__block4,700_800,2,3,7.4654,5.3295,0.005,0.03
ViT-B-16__block4,700_800,3,2,7.4631,5.2886,0.005,0.025
ViT-B-16__block4,700_800,4,2,7.4776,5.3089,0.015,0.025
ViT-B-16__block4,800_900,0,4,7.4695,5.3269,0.015,0.03
ViT-B-16__block4,800_900,1,3,7.4859,5.3081,0.005,0.03
ViT-B-16__block4,800_900,2,3,7.4725,5.3232,0.0,0.025
ViT-B-16__block4,800_900,3,2,7.4701,5.3406,0.005,0.025
ViT-B-16__block4,800_900,4,2,7.4801,5.311,0.01,0.04
ViT-B-16__block4,900_1000,0,2,7.4641,5.3217,0.01,0.03
ViT-B-16__block4,900_1000,1,3,7.501,5.347,0.005,0.03
ViT-B-16__block4,900_1000,2,3,7.4759,5.3238,0.005,0.015
ViT-B-16__block4,900_1000,3,2,7.4723,5.3147,0.005,0.04
ViT-B-16__block4,900_1000,4,2,7.4823,5.3237,0.01,0.03
ViT-B-16__block4__fov,0_100,0,12,6.9616,4.0996,0.09,0.225
ViT-B-16__block4__fov,0_100,1,12,6.9906,4.0447,0.07,0.265
ViT-B-16__block4__fov,0_100,2,13,6.9443,4.0474,0.06,0.23
ViT-B-16__block4__fov,0_100,3,13,6.9742,4.0891,0.065,0.235
ViT-B-16__block4__fov,0_100,4,13,7.0031,4.0282,0.08,0.27
ViT-B-16__block4__fov,100_200,0,21,6.1026,2.8551,0.29,0.605
ViT-B-16__block4__fov,100_200,1,26,6.0942,2.8094,0.26,0.595
ViT-B-16__block4__fov,100_200,2,24,6.1329,2.8124,0.28,0.595
ViT-B-16__block4__fov,100_200,3,19,6.1972,2.9002,0.255,0.585
ViT-B-16__block4__fov,100_200,4,27,6.0903,2.8086,0.265,0.6
ViT-B-16__block4__fov,200_300,0,19,6.2116,2.9251,0.26,0.61
ViT-B-16__block4__fov,200_300,1,17,6.2656,2.9358,0.275,0.59
ViT-B-16__block4__fov,200_300,2,24,6.2426,2.8655,0.265,0.62
ViT-B-16__block4__fov,200_300,3,20,6.2498,2.8709,0.28,0.6
ViT-B-16__block4__fov,200_300,4,27,6.1979,2.8392,0.285,0.605
ViT-B-16__block4__fov,300_400,0,12,7.1545,4.1503,0.1,0.305
ViT-B-16__block4__fov,300_400,1,11,7.1903,4.1921,0.085,0.33
ViT-B-16__block4__fov,300_400,2,14,7.1854,4.1058,0.09,0.34
ViT-B-16__block4__fov,300_400,3,13,7.1764,4.1051,0.115,0.325
ViT-B-16__block4__fov,300_400,4,10,7.2002,4.2264,0.105,0.295
ViT-B-16__block4__fov,400_500,0,8,7.3414,4.7296,0.055,0.18
ViT-B-16__block4__fov,400_500,1,7,7.3914,4.7741,0.05,0.145
ViT-B-16__block4__fov,400_500,2,7,7.3944,4.7527,0.04,0.13
ViT-B-16__block4__fov,400_500,3,9,7.3723,4.6174,0.045,0.215
ViT-B-16__block4__fov,400_500,4,7,7.3588,4.7652,0.035,0.15
ViT-B-16__block4__fov,500_600,0,4,7.4379,5.2053,0.005,0.055
ViT-B-16__block4__fov,500_600,1,4,7.4471,5.1903,0.0,0.04
ViT-B-16__block4__fov,500_600,2,3,7.4559,5.1892,0.01,0.075
ViT-B-16__block4__fov,500_600,3,3,7.4597,5.2024,0.0,0.08
ViT-B-16__block4__fov,500_600,4,3,7.4599,5.1932,0.015,0.06
ViT-B-16__block4__fov,600_700,0,2,7.4552,5.3192,0.005,0.025
ViT-B-16__block4__fov,600_700,1,2,7.4735,5.2992,0.005,0.02
ViT-B-16__block4__fov,600_700,2,3,7.473,5.3055,0.005,0.025
ViT-B-16__block4__fov,600_700,3,2,7.45,5.2946,0.015,0.045
ViT-B-16__block4__fov,600_700,4,2,7.4716,5.277,0.01,0.045
ViT-B-16__block4__fov,700_800,0,2,7.4612,5.3137,0.01,0.05
ViT-B-16__block4__fov,700_800,1,2,7.4704,5.3344,0.0,0.02
ViT-B-16__block4__fov,700_800,2,3,7.4701,5.3173,0.005,0.03
ViT-B-16__block4__fov,700_800,3,2,7.4654,5.3008,0.005,0.04
ViT-B-16__block4__fov,700_800,4,2,7.4728,5.3071,0.01,0.03
ViT-B-16__block4__fov,800_900,0,2,7.4619,5.3503,0.005,0.025
ViT-B-16__block4__fov,800_900,1,2,7.4735,5.349,0.005,0.025
ViT-B-16__block4__fov,800_900,2,3,7.4815,5.331,0.005,0.02
ViT-B-16__block4__fov,800_900,3,2,7.4643,5.3502,0.0,0.01
ViT-B-16__block4__fov,800_900,4,2,7.4743,5.3166,0.015,0.04
ViT-B-16__block4__fov,900_1000,0,2,7.4584,5.3178,0.02,0.04
ViT-B-16__block4__fov,900_1000,1,2,7.4936,5.3503,0.005,0.025
ViT-B-16__block4__fov,900_1000,2,3,7.4823,5.3346,0.01,0.03
ViT-B-16__block4__fov,900_1000,3,2,7.4715,5.3376,0.0,0.03
ViT-B-16__block4__fov,900_1000,4,2,7.4763,5.3231,0.01,0.045
ViT-B-16__block6,0_100,0,13,7.1274,4.324,0.05,0.185
ViT-B-16__block6,0_100,1,14,7.0649,4.3212,0.045,0.17
ViT-B-16__block6,0_100,2,13,7.0946,4.3025,0.045,0.165
ViT-B-16__block6,0_100,3,13,7.1037,4.3204,0.06,0.19
ViT-B-16__block6,0_100,4,14,7.1524,4.3299,0.035,0.195
ViT-B-16__block6,100_200,0,25,6.3171,3.0867,0.23,0.58
ViT-B-16__block6,100_200,1,27,6.3454,3.0727,0.21,0.55
ViT-B-16__block6,100_200,2,23,6.3443,3.0817,0.24,0.575
ViT-B-16__block6,100_200,3,19,6.4124,3.1644,0.215,0.57
ViT-B-16__block6,100_200,4,27,6.3065,3.0747,0.24,0.555
ViT-B-16__block6,200_300,0,24,6.3598,3.0061,0.25,0.59
ViT-B-16__block6,200_300,1,21,6.3889,3.0207,0.23,0.595
ViT-B-16__block6,200_300,2,25,6.3285,2.9928,0.23,0.615
ViT-B-16__block6,200_300,3,22,6.364,3.0032,0.25,0.575
ViT-B-16__block6,200_300,4,22,6.3613,3.0172,0.26,0.595
ViT-B-16__block6,300_400,0,12,7.2073,4.1941,0.05,0.29
ViT-B-16__block6,300_400,1,14,7.1657,4.1666,0.07,0.285
ViT-B-16__block6,300_400,2,14,7.2146,4.1274,0.09,0.31
ViT-B-16__block6,300_400,3,15,7.1885,4.1477,0.08,0.27
ViT-B-16__block6,300_400,4,16,7.2128,4.1566,0.07,0.28
ViT-B-16__block6,400_500,0,7,7.3958,4.7865,0.04,0.125
ViT-B-16__block6,400_500,1,9,7.3837,4.7019,0.055,0.19
ViT-B-16__block6,400_500,2,8,7.3941,4.7618,0.035,0.16
ViT-B-16__block6,400_500,3,11,7.4237,4.629,0.04,0.145
ViT-B-16__block6,400_500,4,8,7.4193,4.7544,0.04,0.135
ViT-B-16__block6,500_600,0,4,7.4864,5.2161,0.015,0.07
ViT-B-16__block6,500_600,1,4,7.4818,5.192,0.005,0.055
ViT-B-16__block6,500_600,2,3,7.4777,5.2428,0.01,0.055
ViT-B-16__block6,500_600,3,3,7.4965,5.2447,0.01,0.06
ViT-B-16__block6,500_600,4,3,7.4933,5.2284,0.0,0.06
ViT-B-16__block6,600_700,0,3,7.4959,5.3143,0.0,0.035
ViT-B-16__block6,600_700,1,3,7.4895,5.3066,0.005,0.04
ViT-B-16__block6,600_700,2,3,7.4915,5.2937,0.02,0.06
ViT-B-16__block6,600_700,3,2,7.5081,5.3211,0.01,0.035
ViT-B-16__block6,600_700,4,2,7.5041,5.2956,0.005,0.05
ViT-B-16__block6,700_800,0,3,7.5083,5.3549,0.015,0.03
ViT-B-16__block6,700_800,1,3,7.4993,5.3609,0.0,0.025
ViT-B-16__block6,700_800,2,2,7.4983,5.343,0.02,0.045
ViT-B-16__block6,700_800,3,2,7.5107,5.3478,0.015,0.035
ViT-B-16__block6,700_800,4,2,7.514,5.3434,0.01,0.04
ViT-B-16__block6,800_900,0,3,7.5127,5.3861,0.01,0.015
ViT-B-16__block6,800_900,1,3,7.5011,5.3322,0.015,0.055
ViT-B-16__block6,800_900,2,3,7.5003,5.3675,0.0,0.035
ViT-B-16__block6,800_900,3,2,7.5084,5.3593,0.0,0.04
ViT-B-16__block6,800_900,4,2,7.5072,5.3728,0.005,0.035
ViT-B-16__block6,900_1000,0,2,7.5169,5.3909,0.015,0.03
ViT-B-16__block6,900_1000,1,2,7.4976,5.3391,0.0,0.035
ViT-B-16__block6,900_1000,2,2,7.496,5.3578,0.01,0.05
ViT-B-16__block6,900_1000,3,2,7.5002,5.3439,0.0,0.035
ViT-B-16__block6,900_1000,4,2,7.5137,5.3419,0.0,0.045
ViT-B-16__block6__fov,0_100,0,13,7.1063,4.2202,0.045,0.215
ViT-B-16__block6__fov,0_100,1,14,7.0691,4.2226,0.075,0.21
ViT-B-16__block6__fov,0_100,2,13,7.0597,4.2547,0.055,0.215
ViT-B-16__block6__fov,0_100,3,14,7.0841,4.2382,0.045,0.195
ViT-B-16__block6__fov,0_100,4,13,7.0852,4.263,0.05,0.175
ViT-B-16__block6__fov,100_200,0,31,6.2729,2.9745,0.245,0.605
ViT-B-16__block6__fov,100_200,1,24,6.2619,3.0406,0.23,0.56
ViT-B-16__block6__fov,100_200,2,29,6.3135,2.9928,0.275,0.61
ViT-B-16__block6__fov,100_200,3,23,6.3577,3.0671,0.27,0.57
ViT-B-16__block6__fov,100_200,4,23,6.2919,3.0813,0.285,0.57
ViT-B-16__block6__fov,200_300,0,24,6.3137,2.9355,0.275,0.61
ViT-B-16__block6__fov,200_300,1,22,6.3575,2.927,0.25,0.585
ViT-B-16__block6__fov,200_300,2,27,6.3145,2.9155,0.245,0.585
ViT-B-16__block6__fov,200_300,3,22,6.3267,2.9346,0.245,0.61
ViT-B-16__block6__fov,200_300,4,23,6.342,2.91,0.25,0.63
ViT-B-16__block6__fov,300_400,0,13,7.1856,4.218,0.07,0.275
ViT-B-16__block6__fov,300_400,1,14,7.1701,4.1465,0.095,0.29
ViT-B-16__block6__fov,300_400,2,14,7.1867,4.1316,0.095,0.34
ViT-B-16__block6__fov,300_400,3,15,7.184,4.1496,0.07,0.295
ViT-B-16__block6__fov,300_400,4,13,7.2143,4.1886,0.07,0.285
ViT-B-16__block6__fov,400_500,0,9,7.4164,4.714,0.05,0.15
ViT-B-16__block6__fov,400_500,1,9,7.3741,4.7224,0.04,0.15
ViT-B-16__block6__fov,400_500,2,7,7.4099,4.8203,0.025,0.14
ViT-B-16__block6__fov,400_500,3,11,7.4051,4.6024,0.05,0.2
ViT-B-16__block6__fov,400_500,4,7,7.4179,4.7787,0.035,0.15
ViT-B-16__block6__fov,500_600,0,4,7.4947,5.1746,0.015,0.07
ViT-B-16__block6__fov,500_600,1,3,7.4724,5.2123,0.02,0.08
ViT-B-16__block6__fov,500_600,2,3,7.4854,5.211,0.025,0.035
ViT-B-16__block6__fov,500_600,3,3,7.4911,5.2016,0.03,0.05
ViT-B-16__block6__fov,500_600,4,3,7.4903,5.2088,0.005,0.05
ViT-B-16__block6__fov,600_700,0,3,7.5072,5.28,0.01,0.07
ViT-B-16__block6__fov,600_700,1,3,7.4828,5.2907,0.015,0.045
ViT-B-16__block6__fov,600_700,2,3,7.4961,5.2982,0.005,0.02
ViT-B-16__block6__fov,600_700,3,3,7.4934,5.2823,0.015,0.035
ViT-B-16__block6__fov,600_700,4,2,7.4901,5.2908,0.025,0.06
ViT-B-16__block6__fov,700_800,0,3,7.5168,5.3299,0.01,0.03
ViT-B-16__block6__fov,700_800,1,3,7.4837,5.285,0.025,0.05
ViT-B-16__block6__fov,700_800,2,3,7.5038,5.3106,0.015,0.04
ViT-B-16__block6__fov,700_800,3,3,7.5086,5.3055,0.005,0.025
ViT-B-16__block6__fov,700_800,4,2,7.493,5.3125,0.0,0.035
ViT-B-16__block6__fov,800_900,0,3,7.5099,5.3313,0.005,0.045
ViT-B-16__block6__fov,800_900,1,3,7.5006,5.3227,0.005,0.035
ViT-B-16__block6__fov,800_900,2,3,7.498,5.3355,0.005,0.02
ViT-B-16__block6__fov,800_900,3,3,7.5123,5.3414,0.0,0.015
ViT-B-16__block6__fov,800_900,4,2,7.4958,5.3362,0.01,0.035
ViT-B-16__block6__fov,900_1000,0,3,7.5138,5.3462,0.0,0.02
ViT-B-16__block6__fov,900_1000,1,3,7.4992,5.3491,0.005,0.02
ViT-B-16__block6__fov,900_1000,2,3,7.5056,5.3618,0.015,0.025
ViT-B-16__block6__fov,900_1000,3,3,7.5095,5.323,0.01,0.06
ViT-B-16__block6__fov,900_1000,4,2,7.5017,5.325,0.005,0.03
ViT-B-16__block8,0_100,0,11,7.1767,4.5992,0.015,0.13
ViT-B-16__block8,0_100,1,11,7.1654,4.5551,0.04,0.16
ViT-B-16__block8,0_100,2,11,7.1626,4.5941,0.035,0.165
ViT-B-16__block8,0_100,3,12,7.183,4.5479,0.05,0.16
ViT-B-16__block8,0_100,4,11,7.2099,4.6122,0.035,0.145
ViT-B-16__block8,100_200,0,20,6.5273,3.5017,0.16,0.44
ViT-B-16__block8,100_200,1,22,6.5212,3.443,0.175,0.445
ViT-B-16__block8,100_200,2,21,6.5495,3.4149,0.185,0.49
ViT-B-16__block8,100_200,3,19,6.5984,3.5367,0.16,0.435
ViT-B-16__block8,100_200,4,17,6.5211,3.5518,0.17,0.435
ViT-B-16__block8,200_300,0,20,6.5234,3.3291,0.24,0.51
ViT-B-16__block8,200_300,1,22,6.5242,3.3236,0.235,0.485
ViT-B-16__block8,200_300,2,21,6.5168,3.3424,0.24,0.5
ViT-B-16__block8,200_300,3,20,6.5352,3.3379,0.22,0.53
ViT-B-16__block8,200_300,4,22,6.5117,3.3391,0.21,0.5
ViT-B-16__block8,300_400,0,13,7.2385,4.2332,0.055,0.265
ViT-B-16__block8,300_400,1,14,7.2001,4.2302,0.085,0.265
ViT-B-16__block8,300_400,2,17,7.2217,4.2285,0.085,0.25
ViT-B-16__block8,300_400,3,14,7.1972,4.2229,0.105,0.285
ViT-B-16__block8,300_400,4,14,7.2169,4.2489,0.08,0.315
ViT-B-16__block8,400_500,0,10,7.3826,4.7182,0.025,0.155
ViT-B-16__block8,400_500,1,9,7.389,4.7683,0.025,0.1
ViT-B-16__block8,400_500,2,8,7.3912,4.7731,0.045,0.13
ViT-B-16__block8,400_500,3,12,7.3939,4.6444,0.04,0.15
ViT-B-16__block8,400_500,4,11,7.3966,4.7207,0.03,0.185
ViT-B-16__block8,500_600,0,4,7.4754,5.253,0.005,0.04
ViT-B-16__block8,500_600,1,3,7.4717,5.2404,0.005,0.035
ViT-B-16__block8,500_600,2,3,7.4811,5.2449,0.015,0.05
ViT-B-16__block8,500_600,3,4,7.5014,5.2076,0.02,0.035
ViT-B-16__block8,500_600,4,3,7.498,5.2443,0.01,0.055
ViT-B-16__block8,600_700,0,3,7.4817,5.3332,0.0,0.035
ViT-B-16__block8,600_700,1,3,7.468,5.3269,0.005,0.01
ViT-B-16__block8,600_700,2,3,7.4863,5.2731,0.005,0.03
ViT-B-16__block8,600_700,3,3,7.5071,5.3019,0.005,0.03
ViT-B-16__block8,600_700,4,2,7.51,5.313,0.02,0.045
ViT-B-16__block8,700_800,0,2,7.4893,5.3294,0.0,0.035
ViT-B-16__block8,700_800,1,3,7.4862,5.3677,0.0,0.02
ViT-B-16__block8,700_800,2,3,7.4906,5.3237,0.015,0.055
ViT-B-16__block8,700_800,3,3,7.517,5.3561,0.005,0.045
ViT-B-16__block8,700_800,4,2,7.527,5.3512,0.005,0.035
ViT-B-16__block8,800_900,0,2,7.4893,5.3368,0.0,0.025
ViT-B-16__block8,800_900,1,3,7.4872,5.3815,0.015,0.03
ViT-B-16__block8,800_900,2,3,7.4881,5.3546,0.0,0.03
ViT-B-16__block8,800_900,3,2,7.518,5.3653,0.0,0.04
ViT-B-16__block8,800_900,4,2,7.5231,5.3891,0.0,0.025
ViT-B-16__block8,900_1000,0,2,7.4923,5.3946,0.005,0.01
ViT-B-16__block8,900_1000,1,2,7.4968,5.3583,0.005,0.035
ViT-B-16__block8,900_1000,2,3,7.4918,5.3497,0.02,0.045
ViT-B-16__block8,900_1000,3,2,7.5168,5.378,0.005,0.03
ViT-B-16__block8,900_1000,4,2,7.5196,5.3464,0.0,0.01
ViT-B-16__block8__fov,0_100,0,11,7.1648,4.4662,0.045,0.16
ViT-B-16__block8__fov,0_100,1,11,7.1596,4.5143,0.04,0.15
ViT-B-16__block8__fov,0_100,2,11,7.1627,4.4749,0.055,0.17
ViT-B-16__block8__fov,0_100,3,12,7.1773,4.4814,0.05,0.165
ViT-B-16__block8__fov,0_100,4,11,7.1978,4.539,0.06,0.165
ViT-B-16__block8__fov,100_200,0,21,6.463,3.3902,0.195,0.485
ViT-B-16__block8__fov,100_200,1,23,6.4603,3.3806,0.21,0.485
ViT-B-16__block8__fov,100_200,2,23,6.4866,3.3471,0.2,0.48
ViT-B-16__block8__fov,100_200,3,19,6.5498,3.445,0.175,0.445
ViT-B-16__block8__fov,100_200,4,23,6.4711,3.3811,0.21,0.455
ViT-B-16__block8__fov,200_300,0,20,6.4693,3.2769,0.2,0.49
ViT-B-16__block8__fov,200_300,1,19,6.5043,3.2538,0.215,0.51
ViT-B-16__block8__fov,200_300,2,25,6.4631,3.235,0.215,0.505
ViT-B-16__block8__fov,200_300,3,22,6.4947,3.2385,0.24,0.505
ViT-B-16__block8__fov,200_300,4,20,6.4692,3.2426,0.225,0.54
ViT-B-16__block8__fov,300_400,0,12,7.186,4.1872,0.08,0.31
ViT-B-16__block8__fov,300_400,1,13,7.1911,4.2353,0.08,0.255
ViT-B-16__block8__fov,300_400,2,14,7.189,4.2044,0.08,0.29
ViT-B-16__block8__fov,300_400,3,15,7.1852,4.1943,0.08,0.265
ViT-B-16__block8__fov,300_400,4,16,7.2004,4.1696,0.09,0.285
ViT-B-16__block8__fov,400_500,0,12,7.3589,4.6431,0.025,0.14
ViT-B-16__block8__fov,400_500,1,11,7.3935,4.6425,0.06,0.155
ViT-B-16__block8__fov,400_500,2,10,7.3839,4.7318,0.025,0.14
ViT-B-16__block8__fov,400_500,3,14,7.4071,4.5612,0.06,0.155
ViT-B-16__block8__fov,400_500,4,9,7.4132,4.7066,0.04,0.14
ViT-B-16__block8__fov,500_600,0,4,7.4785,5.1608,0.015,0.055
ViT-B-16__block8__fov,500_600,1,3,7.4838,5.2378,0.0,0.045
ViT-B-16__block8__fov,500_600,2,3,7.4748,5.2213,0.005,0.045
ViT-B-16__block8__fov,500_600,3,3,7.4971,5.249,0.005,0.05
ViT-B-16__block8__fov,500_600,4,3,7.4937,5.2412,0.015,0.06
ViT-B-16__block8__fov,600_700,0,4,7.4815,5.3115,0.005,0.04
ViT-B-16__block8__fov,600_700,1,3,7.4916,5.3196,0.015,0.05
ViT-B-16__block8__fov,600_700,2,3,7.4762,5.3261,0.005,0.04
ViT-B-16__block8__fov,600_700,3,3,7.4986,5.3071,0.005,0.035
ViT-B-16__block8__fov,600_700,4,3,7.5165,5.3191,0.0,0.025
ViT-B-16__block8__fov,700_800,0,4,7.4932,5.3087,0.01,0.035
ViT-B-16__block8__fov,700_800,1,3,7.5047,5.3422,0.0,0.035
ViT-B-16__block8__fov,700_800,2,3,7.4808,5.3325,0.0,0.03
ViT-B-16__block8__fov,700_800,3,2,7.4961,5.3802,0.005,0.02
ViT-B-16__block8__fov,700_800,4,2,7.5171,5.3517,0.01,0.045
ViT-B-16__block8__fov,800_900,0,4,7.5043,5.34,0.005,0.035
ViT-B-16__block8__fov,800_900,1,3,7.5075,5.3513,0.005,0.045
ViT-B-16__block8__fov,800_900,2,3,7.4928,5.3566,0.01,0.035
ViT-B-16__block8__fov,800_900,3,2,7.5117,5.3689,0.005,0.015
ViT-B-16__block8__fov,800_900,4,2,7.5125,5.3669,0.005,0.03
ViT-B-16__block8__fov,900_1000,0,4,7.4988,5.3365,0.0,0.03
ViT-B-16__block8__fov,900_1000,1,3,7.511,5.364,0.01,0.05
ViT-B-16__block8__fov,900_1000,2,3,7.4883,5.3565,0.01,0.04
ViT-B-16__block8__fov,900_1000,3,2,7.498,5.4058,0.005,0.015
ViT-B-16__block8__fov,900_1000,4,2,7.5119,5.352,0.01,0.075
ViT-L-14__block12,0_100,0,13,7.182,4.539,0.065,0.185
ViT-L-14__block12,0_100,1,11,7.1777,4.5458,0.05,0.175
ViT-L-14__block12,0_100,2,12,7.1564,4.5579,0.02,0.155
ViT-L-14__block12,0_100,3,14,7.168,4.4526,0.045,0.16
ViT-L-14__block12,0_100,4,13,7.1964,4.4976,0.05,0.185
ViT-L-14__block12,100_200,0,24,6.5013,3.4624,0.19,0.445
ViT-L-14__block12,100_200,1,21,6.5533,3.5077,0.175,0.465
ViT-L-14__block12,100_200,2,23,6.5339,3.4791,0.2,0.465
ViT-L-14__block12,100_200,3,22,6.5943,3.4778,0.18,0.455
ViT-L-14__block12,100_200,4,21,6.5444,3.4584,0.175,0.45
ViT-L-14__block12,200_300,0,24,6.5341,3.3603,0.18,0.48
ViT-L-14__block12,200_300,1,21,6.5466,3.3494,0.215,0.495
ViT-L-14__block12,200_300,2,23,6.5383,3.3666,0.195,0.5
ViT-L-14__block12,200_300,3,22,6.5306,3.3321,0.205,0.505
ViT-L-14__block12,200_300,4,23,6.4968,3.3361,0.195,0.525
ViT-L-14__block12,300_400,0,13,7.2753,4.4235,0.05,0.22
ViT-L-14__block12,300_400,1,14,7.2559,4.4327,0.06,0.225
ViT-L-14__block12,300_400,2,14,7.2751,4.3807,0.065,0.19
ViT-L-14__block12,300_400,3,16,7.2669,4.3529,0.055,0.24
ViT-L-14__block12,300_400,4,13,7.2838,4.3918,0.04,0.22
ViT-L-14__block12,400_500,0,6,7.429,4.9897,0.02,0.1
ViT-L-14__block12,400_500,1,5,7.4542,4.9687,0.025,0.125
ViT-L-14__block12,400_500,2,5,7.4339,4.9931,0.035,0.085
ViT-L-14__block12,400_500,3,9,7.4581,4.7969,0.035,0.125
ViT-L-14__block12,400_500,4,7,7.4411,4.9721,0.025,0.075
ViT-L-14__block12,500_600,0,3,7.502,5.2456,0.015,0.04
ViT-L-14__block12,500_600,1,3,7.4934,5.2992,0.01,0.02
ViT-L-14__block12,500_600,2,3,7.4882,5.2639,0.01,0.055
ViT-L-14__block12,500_600,3,2,7.4969,5.2727,0.01,0.05
ViT-L-14__block12,500_600,4,3,7.5099,5.2812,0.01,0.055
ViT-L-14__block12,600_700,0,2,7.5094,5.3154,0.01,0.025
ViT-L-14__block12,600_700,1,3,7.5,5.337,0.005,0.02
ViT-L-14__block12,600_700,2,2,7.4973,5.329,0.015,0.03
ViT-L-14__block12,600_700,3,2,7.4951,5.3333,0.0,0.03
ViT-L-14__block12,600_700,4,3,7.5079,5.308,0.005,0.04
ViT-L-14__block12,700_800,0,2,7.4976,5.3742,0.0,0.02
ViT-L-14__block12,700_800,1,2,7.5064,5.3626,0.005,0.03
ViT-L-14__block12,700_800,2,2,7.5064,5.3694,0.0,0.02
ViT-L-14__block12,700_800,3,2,7.5083,5.3802,0.0,0.005
ViT-L-14__block12,700_800,4,3,7.5212,5.3564,0.01,0.03
ViT-L-14__block12,800_900,0,2,7.5047,5.3791,0.005,0.02
ViT-L-14__block12,800_900,1,2,7.5129,5.3651,0.0,0.025
ViT-L-14__block12,800_900,2,2,7.503,5.3654,0.005,0.03
ViT-L-14__block12,800_900,3,2,7.5084,5.3731,0.025,0.04
ViT-L-14__block12,800_900,4,3,7.5137,5.3443,0.0,0.02
ViT-L-14__block12,900_1000,0,2,7.5018,5.3633,0.01,0.035
ViT-L-14__block12,900_1000,1,2,7.5127,5.3821,0.0,0.02
ViT-L-14__block12,900_1000,2,2,7.5006,5.3507,0.005,0.04
ViT-L-14__block12,900_1000,3,2,7.5073,5.4086,0.0,0.005
ViT-L-14__block12,900_1000,4,3,7.5125,5.3816,0.01,0.02
ViT-L-14__block12__fov,0_100,0,13,7.1031,4.493,0.045,0.175
ViT-L-14__block12__fov,0_100,1,14,7.1219,4.4742,0.025,0.205
ViT-L-14__block12__fov,0_100,2,13,7.1249,4.4296,0.045,0.19
ViT-L-14__block12__fov,0_100,3,12,7.136,4.478,0.035,0.195
ViT-L-14__block12__fov,0_100,4,14,7.1707,4.4665,0.035,0.175
ViT-L-14__block12__fov,100_200,0,25,6.4281,3.3356,0.24,0.475
ViT-L-14__block12__fov,100_200,1,26,6.4454,3.3135,0.24,0.505
ViT-L-14__block12__fov,100_200,2,25,6.4716,3.3062,0.27,0.51
ViT-L-14__block12__fov,100_200,3,22,6.5151,3.3616,0.225,0.49
ViT-L-14__block12__fov,100_200,4,22,6.5,3.3783,0.235,0.46
ViT-L-14__block12__fov,200_300,0,24,6.4566,3.2658,0.21,0.535
ViT-L-14__block12__fov,200_300,1,21,6.5243,3.2799,0.21,0.51
ViT-L-14__block12__fov,200_300,2,25,6.4976,3.2697,0.225,0.51
ViT-L-14__block12__fov,200_300,3,22,6.4925,3.2784,0.22,0.52
ViT-L-14__block12__fov,200_300,4,23,6.4668,3.2564,0.245,0.555
ViT-L-14__block12__fov,300_400,0,15,7.2431,4.2792,0.08,0.265
ViT-L-14__block12__fov,300_400,1,14,7.2402,4.3247,0.065,0.245
ViT-L-14__block12__fov,300_400,2,14,7.2615,4.3273,0.06,0.285
ViT-L-14__block12__fov,300_400,3,16,7.2456,4.2791,0.065,0.285
ViT-L-14__block12__fov,300_400,4,14,7.2555,4.3387,0.07,0.27
ViT-L-14__block12__fov,400_500,0,10,7.4049,4.7473,0.02,0.14
ViT-L-14__block12__fov,400_500,1,5,7.4318,5.0078,0.035,0.08
ViT-L-14__block12__fov,400_500,2,7,7.4399,4.9066,0.02,0.11
ViT-L-14__block12__fov,400_500,3,11,7.4499,4.752,0.03,0.16
ViT-L-14__block12__fov,400_500,4,11,7.4443,4.7869,0.015,0.115
ViT-L-14__block12__fov,500_600,0,4,7.482,5.2122,0.015,0.06
ViT-L-14__block12__fov,500_600,1,3,7.4893,5.2591,0.005,0.055
ViT-L-14__block12__fov,500_600,2,3,7.5024,5.2451,0.015,0.055
ViT-L-14__block12__fov,500_600,3,3,7.5072,5.2651,0.01,0.05
ViT-L-14__block12__fov,500_600,4,3,7.4911,5.2742,0.0,0.03
ViT-L-14__block12__fov,600_700,0,3,7.4902,5.3234,0.005,0.035
ViT-L-14__block12__fov,600_700,1,2,7.4874,5.3442,0.0,0.045
ViT-L-14__block12__fov,600_700,2,3,7.5091,5.3222,0.0,0.045
ViT-L-14__block12__fov,600_700,3,2,7.5069,5.3402,0.01,0.025
ViT-L-14__block12__fov,600_700,4,3,7.5113,5.3207,0.005,0.035
ViT-L-14__block12__fov,700_800,0,3,7.4999,5.3274,0.005,0.045
ViT-L-14__block12__fov,700_800,1,2,7.4964,5.3756,0.005,0.02
ViT-L-14__block12__fov,700_800,2,3,7.5235,5.3429,0.01,0.03
ViT-L-14__block12__fov,700_800,3,2,7.5232,5.3421,0.005,0.02
ViT-L-14__block12__fov,700_800,4,2,7.5188,5.3832,0.0,0.015
ViT-L-14__block12__fov,800_900,0,2,7.497,5.3628,0.005,0.015
ViT-L-14__block12__fov,800_900,1,2,7.4949,5.3794,0.0,0.015
ViT-L-14__block12__fov,800_900,2,3,7.5187,5.3464,0.01,0.05
ViT-L-14__block12__fov,800_900,3,2,7.5128,5.3888,0.0,0.015
ViT-L-14__block12__fov,800_900,4,2,7.5194,5.3824,0.01,0.03
ViT-L-14__block12__fov,900_1000,0,2,7.4997,5.3507,0.005,0.005
ViT-L-14__block12__fov,900_1000,1,2,7.4976,5.3845,0.005,0.025
ViT-L-14__block12__fov,900_1000,2,3,7.5153,5.3596,0.01,0.035
ViT-L-14__block12__fov,900_1000,3,2,7.5127,5.3656,0.005,0.035
ViT-L-14__block12__fov,900_1000,4,2,7.5271,5.3519,0.005,0.035
ViT-L-14__block16,0_100,0,13,7.2298,4.6001,0.045,0.155
ViT-L-14__block16,0_100,1,11,7.2154,4.6412,0.04,0.145
ViT-L-14__block16,0_100,2,14,7.1853,4.5684,0.045,0.16
ViT-L-14__block16,0_100,3,11,7.2293,4.5748,0.045,0.17
ViT-L-14__block16,0_100,4,10,7.2511,4.6942,0.04,0.15
ViT-L-14__block16,100_200,0,23,6.6146,3.5652,0.18,0.455
ViT-L-14__block16,100_200,1,23,6.5754,3.5928,0.17,0.415
ViT-L-14__block16,100_200,2,21,6.6277,3.5942,0.16,0.42
ViT-L-14__block16,100_200,3,21,6.643,3.6081,0.18,0.4
ViT-L-14__block16,100_200,4,19,6.6038,3.6241,0.12,0.4
ViT-L-14__block16,200_300,0,20,6.5914,3.4289,0.155,0.47
ViT-L-14__block16,200_300,1,21,6.5796,3.3843,0.2,0.49
ViT-L-14__block16,200_300,2,21,6.5561,3.4176,0.19,0.48
ViT-L-14__block16,200_300,3,21,6.6053,3.3747,0.205,0.495
ViT-L-14__block16,200_300,4,21,6.5574,3.3874,0.22,0.475
ViT-L-14__block16,300_400,0,13,7.253,4.2987,0.05,0.235
ViT-L-14__block16,300_400,1,14,7.2145,4.2919,0.06,0.25
ViT-L-14__block16,300_400,2,15,7.2124,4.2604,0.07,0.255
ViT-L-14__block16,300_400,3,16,7.1991,4.2516,0.09,0.25
ViT-L-14__block16,300_400,4,13,7.224,4.327,0.065,0.235
ViT-L-14__block16,400_500,0,11,7.4045,4.7573,0.025,0.13
ViT-L-14__block16,400_500,1,13,7.4161,4.6452,0.055,0.16
ViT-L-14__block16,400_500,2,10,7.405,4.7518,0.015,0.125
ViT-L-14__block16,400_500,3,12,7.4125,4.6246,0.04,0.18
ViT-L-14__block16,400_500,4,13,7.3886,4.6796,0.045,0.125
ViT-L-14__block16,500_600,0,4,7.4823,5.2453,0.01,0.045
ViT-L-14__block16,500_600,1,3,7.5023,5.2746,0.015,0.035
ViT-L-14__block16,500_600,2,5,7.488,5.1784,0.02,0.07
ViT-L-14__block16,500_600,3,3,7.5164,5.2462,0.0,0.06
ViT-L-14__block16,500_600,4,3,7.4821,5.2653,0.015,0.03
ViT-L-14__block16,600_700,0,4,7.5114,5.3232,0.005,0.035
ViT-L-14__block16,600_700,1,3,7.5144,5.3376,0.01,0.03
ViT-L-14__block16,600_700,2,3,7.5107,5.3183,0.0,0.01
ViT-L-14__block16,600_700,3,2,7.516,5.288,0.01,0.03
ViT-L-14__block16,600_700,4,2,7.5044,5.3507,0.0,0.025
ViT-L-14__block16,700_800,0,4,7.5149,5.3662,0.0,0.035
ViT-L-14__block16,700_800,1,3,7.5136,5.3895,0.015,0.04
ViT-L-14__block16,700_800,2,2,7.5232,5.3602,0.0,0.025
ViT-L-14__block16,700_800,3,2,7.512,5.3425,0.0,0.04
ViT-L-14__block16,700_800,4,2,7.5075,5.371,0.0,0.01
ViT-L-14__block16,800_900,0,2,7.516,5.3731,0.01,0.045
ViT-L-14__block16,800_900,1,3,7.5163,5.3852,0.005,0.02
ViT-L-14__block16,800_900,2,2,7.513,5.3444,0.01,0.02
ViT-L-14__block16,800_900,3,2,7.5088,5.304,0.01,0.05
ViT-L-14__block16,800_900,4,2,7.5046,5.3634,0.005,0.02
ViT-L-14__block16,900_1000,0,2,7.5198,5.3956,0.005,0.035
ViT-L-14__block16,900_1000,1,3,7.5164,5.387,0.0,0.025
ViT-L-14__block16,900_1000,2,2,7.5183,5.3413,0.015,0.035
ViT-L-14__block16,900_1000,3,2,7.5165,5.3387,0.015,0.03
ViT-L-14__block16,900_1000,4,2,7.5107,5.3996,0.0,0.0
ViT-L-14__block16__fov,0_100,0,14,7.1927,4.5228,0.045,0.16
ViT-L-14__block16__fov,0_100,1,12,7.1699,4.5905,0.05,0.165
ViT-L-14__block16__fov,0_100,2,13,7.1727,4.5873,0.04,0.155
ViT-L-14__block16__fov,0_100,3,11,7.2303,4.6038,0.045,0.145
ViT-L-14__block16__fov,0_100,4,14,7.2314,4.5613,0.04,0.13
ViT-L-14__block16__fov,100_200,0,25,6.5415,3.4437,0.24,0.485
ViT-L-14__block16__fov,100_200,1,24,6.5116,3.4839,0.215,0.485
ViT-L-14__block16__fov,100_200,2,20,6.5576,3.4951,0.225,0.5
ViT-L-14__block16__fov,100_200,3,22,6.5952,3.5058,0.24,0.49
ViT-L-14__block16__fov,100_200,4,21,6.5315,3.482,0.2,0.48
ViT-L-14__block16__fov,200_300,0,20,6.5359,3.3181,0.195,0.505
ViT-L-14__block16__fov,200_300,1,21,6.5443,3.2932,0.2,0.535
ViT-L-14__block16__fov,200_300,2,24,6.5165,3.311,0.22,0.51
ViT-L-14__block16__fov,200_300,3,22,6.5371,3.3097,0.225,0.495
ViT-L-14__block16__fov,200_300,4,23,6.5181,3.293,0.23,0.54
ViT-L-14__block16__fov,300_400,0,14,7.2315,4.1758,0.07,0.29
ViT-L-14__block16__fov,300_400,1,14,7.2002,4.2669,0.07,0.265
ViT-L-14__block16__fov,300_400,2,16,7.2023,4.1877,0.055,0.25
ViT-L-14__block16__fov,300_400,3,17,7.1929,4.1955,0.055,0.29
ViT-L-14__block16__fov,300_400,4,15,7.1954,4.1587,0.065,0.325
ViT-L-14__block16__fov,400_500,0,14,7.3764,4.6585,0.025,0.13
ViT-L-14__block16__fov,400_500,1,11,7.3807,4.6808,0.045,0.15
ViT-L-14__block16__fov,400_500,2,14,7.388,4.608,0.03,0.165
ViT-L-14__block16__fov,400_500,3,14,7.3945,4.5439,0.055,0.195
ViT-L-14__block16__fov,400_500,4,11,7.3979,4.6606,0.04,0.165
ViT-L-14__block16__fov,500_600,0,4,7.4725,5.2062,0.015,0.045
ViT-L-14__block16__fov,500_600,1,3,7.4938,5.2373,0.01,0.04
ViT-L-14__block16__fov,500_600,2,4,7.4848,5.2068,0.01,0.07
ViT-L-14__block16__fov,500_600,3,3,7.5021,5.2351,0.005,0.05
ViT-L-14__block16__fov,500_600,4,4,7.4936,5.2353,0.015,0.055
ViT-L-14__block16__fov,600_700,0,3,7.4863,5.307,0.005,0.035
ViT-L-14__block16__fov,600_700,1,3,7.496,5.32,0.005,0.02
ViT-L-14__block16__fov,600_700,2,3,7.5075,5.2961,0.01,0.03
ViT-L-14__block16__fov,600_700,3,3,7.5204,5.3087,0.005,0.03
ViT-L-14__block16__fov,600_700,4,4,7.5092,5.3152,0.0,0.045
ViT-L-14__block16__fov,700_800,0,3,7.4979,5.3369,0.01,0.02
ViT-L-14__block16__fov,700_800,1,2,7.5019,5.3404,0.0,0.025
ViT-L-14__block16__fov,700_800,2,3,7.5175,5.3427,0.0,0.04
ViT-L-14__block16__fov,700_800,3,3,7.515,5.3208,0.015,0.035
ViT-L-14__block16__fov,700_800,4,3,7.5248,5.3617,0.01,0.055
ViT-L-14__block16__fov,800_900,0,2,7.4993,5.3961,0.005,0.01
ViT-L-14__block16__fov,800_900,1,2,7.4982,5.3473,0.0,0.025
ViT-L-14__block16__fov,800_900,2,3,7.5133,5.3495,0.0,0.015
ViT-L-14__block16__fov,800_900,3,2,7.5241,5.3792,0.01,0.03
ViT-L-14__block16__fov,800_900,4,3,7.5156,5.3663,0.0,0.01
ViT-L-14__block16__fov,900_1000,0,2,7.4936,5.3605,0.0,0.025
ViT-L-14__block16__fov,900_1000,1,2,7.4977,5.3749,0.015,0.03
ViT-L-14__block16__fov,900_1000,2,3,7.5084,5.3516,0.01,0.01
ViT-L-14__block16__fov,900_1000,3,2,7.522,5.3599,0.0,0.035
ViT-L-14__block16__fov,900_1000,4,3,7.5228,5.3533,0.005,0.04
ViT-L-14__block20,0_100,0,11,7.2967,4.8187,0.045,0.155
ViT-L-14__block20,0_100,1,12,7.2977,4.7696,0.045,0.14
ViT-L-14__block20,0_100,2,12,7.2789,4.8009,0.03,0.15
ViT-L-14__block20,0_100,3,11,7.3075,4.7665,0.03,0.165
ViT-L-14__block20,0_100,4,11,7.3005,4.769,0.04,0.155
ViT-L-14__block20,100_200,0,20,6.7237,3.8474,0.115,0.375
ViT-L-14__block20,100_200,1,22,6.7271,3.8373,0.12,0.34
ViT-L-14__block20,100_200,2,20,6.7329,3.8569,0.11,0.365
ViT-L-14__block20,100_200,3,22,6.7285,3.8597,0.1,0.37
ViT-L-14__block20,100_200,4,19,6.704,3.8382,0.11,0.36
ViT-L-14__block20,200_300,0,20,6.676,3.5402,0.165,0.465
ViT-L-14__block20,200_300,1,20,6.6702,3.5101,0.17,0.51
ViT-L-14__block20,200_300,2,22,6.6663,3.581,0.17,0.43
ViT-L-14__block20,200_300,3,22,6.6907,3.5456,0.19,0.465
ViT-L-14__block20,200_300,4,23,6.656,3.515,0.18,0.48
ViT-L-14__block20,300_400,0,17,7.2076,4.1813,0.07,0.27
ViT-L-14__block20,300_400,1,18,7.1751,4.1739,0.12,0.295
ViT-L-14__block20,300_400,2,18,7.1843,4.1723,0.095,0.285
ViT-L-14__block20,300_400,3,20,7.1387,4.1355,0.11,0.29
ViT-L-14__block20,300_400,4,19,7.1755,4.2256,0.08,0.265
ViT-L-14__block20,400_500,0,15,7.3616,4.6244,0.06,0.135
ViT-L-14__block20,400_500,1,16,7.3672,4.5725,0.07,0.17
ViT-L-14__block20,400_500,2,15,7.3453,4.6157,0.025,0.16
ViT-L-14__block20,400_500,3,19,7.3424,4.513,0.09,0.205
ViT-L-14__block20,400_500,4,13,7.3577,4.6128,0.055,0.175
ViT-L-14__block20,500_600,0,4,7.5181,5.2457,0.0,0.03
ViT-L-14__block20,500_600,1,3,7.4971,5.2366,0.015,0.045
ViT-L-14__block20,500_600,2,5,7.4901,5.2347,0.02,0.06
ViT-L-14__block20,500_600,3,3,7.5017,5.264,0.0,0.03
ViT-L-14__block20,500_600,4,3,7.4896,5.2632,0.01,0.06
ViT-L-14__block20,600_700,0,3,7.5364,5.3479,0.01,0.025
ViT-L-14__block20,600_700,1,3,7.5322,5.3537,0.015,0.03
ViT-L-14__block20,600_700,2,3,7.5271,5.3551,0.005,0.025
ViT-L-14__block20,600_700,3,3,7.5039,5.3452,0.0,0.02
ViT-L-14__block20,600_700,4,2,7.5003,5.3389,0.01,0.035
ViT-L-14__block20,700_800,0,3,7.538,5.3855,0.005,0.025
ViT-L-14__block20,700_800,1,3,7.5324,5.3639,0.005,0.05
ViT-L-14__block20,700_800,2,3,7.533,5.4014,0.005,0.02
ViT-L-14__block20,700_800,3,2,7.5136,5.3652,0.01,0.04
ViT-L-14__block20,700_800,4,2,7.5095,5.3378,0.01,0.04
ViT-L-14__block20,800_900,0,2,7.531,5.3875,0.0,0.02
ViT-L-14__block20,800_900,1,3,7.5328,5.3739,0.005,0.01
ViT-L-14__block20,800_900,2,2,7.5293,5.4024,0.0,0.01
ViT-L-14__block20,800_900,3,2,7.5089,5.3839,0.005,0.025
ViT-L-14__block20,800_900,4,2,7.5063,5.3531,0.005,0.015
ViT-L-14__block20,900_1000,0,2,7.545,5.3771,0.01,0.03
ViT-L-14__block20,900_1000,1,2,7.5307,5.4,0.01,0.03
ViT-L-14__block20,900_1000,2,2,7.5289,5.3959,0.01,0.03
ViT-L-14__block20,900_1000,3,2,7.5232,5.3986,0.0,0.01
ViT-L-14__block20,900_1000,4,2,7.507,5.3424,0.005,0.04
ViT-L-14__block20__fov,0_100,0,13,7.2686,4.7725,0.05,0.155
ViT-L-14__block20__fov,0_100,1,13,7.263,4.7041,0.06,0.185
ViT-L-14__block20__fov,0_100,2,12,7.2627,4.782,0.03,0.155
ViT-L-14__block20__fov,0_100,3,11,7.2846,4.7911,0.02,0.125
ViT-L-14__block20__fov,0_100,4,12,7.3007,4.7762,0.025,0.16
ViT-L-14__block20__fov,100_200,0,20,6.7201,3.8337,0.12,0.37
ViT-L-14__block20__fov,100_200,1,21,6.6798,3.8019,0.105,0.405
ViT-L-14__block20__fov,100_200,2,21,6.7599,3.7886,0.14,0.38
ViT-L-14__block20__fov,100_200,3,22,6.7213,3.7901,0.085,0.395
ViT-L-14__block20__fov,100_200,4,21,6.6755,3.8083,0.105,0.385
ViT-L-14__block20__fov,200_300,0,20,6.6728,3.5102,0.205,0.455
ViT-L-14__block20__fov,200_300,1,23,6.6501,3.4462,0.19,0.53
ViT-L-14__block20__fov,200_300,2,22,6.6523,3.4516,0.2,0.49
ViT-L-14__block20__fov,200_300,3,22,6.6802,3.4847,0.195,0.48
ViT-L-14__block20__fov,200_300,4,23,6.6292,3.4102,0.185,0.51
ViT-L-14__block20__fov,300_400,0,17,7.1984,4.1352,0.085,0.32
ViT-L-14__block20__fov,300_400,1,18,7.1845,4.1271,0.11,0.3
ViT-L-14__block20__fov,300_400,2,17,7.1887,4.1325,0.09,0.28
ViT-L-14__block20__fov,300_400,3,18,7.1598,4.1284,0.095,0.27
ViT-L-14__block20__fov,300_400,4,19,7.1807,4.1422,0.095,0.275
ViT-L-14__block20__fov,400_500,0,17,7.3682,4.5816,0.055,0.17
ViT-L-14__block20__fov,400_500,1,16,7.3781,4.5518,0.06,0.165
ViT-L-14__block20__fov,400_500,2,17,7.3421,4.5758,0.05,0.175
ViT-L-14__block20__fov,400_500,3,18,7.3384,4.5229,0.045,0.195
ViT-L-14__block20__fov,400_500,4,16,7.3703,4.5455,0.045,0.18
ViT-L-14__block20__fov,500_600,0,7,7.5288,5.1711,0.025,0.07
ViT-L-14__block20__fov,500_600,1,4,7.5255,5.1817,0.04,0.075
ViT-L-14__block20__fov,500_600,2,4,7.4952,5.2184,0.0,0.05
ViT-L-14__block20__fov,500_600,3,5,7.5156,5.1962,0.015,0.055
ViT-L-14__block20__fov,500_600,4,4,7.5059,5.2248,0.02,0.05
ViT-L-14__block20__fov,600_700,0,4,7.5467,5.3216,0.0,0.03
ViT-L-14__block20__fov,600_700,1,4,7.5477,5.3258,0.01,0.025
ViT-L-14__block20__fov,600_700,2,3,7.5103,5.3322,0.005,0.03
ViT-L-14__block20__fov,600_700,3,3,7.5221,5.3249,0.015,0.03
ViT-L-14__block20__fov,600_700,4,3,7.5383,5.3222,0.005,0.035
ViT-L-14__block20__fov,700_800,0,3,7.5595,5.3648,0.015,0.045
ViT-L-14__block20__fov,700_800,1,3,7.5495,5.3194,0.01,0.03
ViT-L-14__block20__fov,700_800,2,2,7.5278,5.3705,0.0,0.02
ViT-L-14__block20__fov,700_800,3,3,7.5316,5.3666,0.0,0.025
ViT-L-14__block20__fov,700_800,4,3,7.5453,5.337,0.02,0.04
ViT-L-14__block20__fov,800_900,0,3,7.5545,5.3742,0.005,0.04
ViT-L-14__block20__fov,800_900,1,3,7.5497,5.3283,0.01,0.04
ViT-L-14__block20__fov,800_900,2,2,7.5306,5.3899,0.0,0.025
ViT-L-14__block20__fov,800_900,3,3,7.5359,5.3578,0.01,0.03
ViT-L-14__block20__fov,800_900,4,4,7.5385,5.3363,0.0,0.015
ViT-L-14__block20__fov,900_1000,0,2,7.5682,5.3782,0.01,0.025
ViT-L-14__block20__fov,900_1000,1,3,7.5545,5.3469,0.01,0.04
ViT-L-14__block20__fov,900_1000,2,2,7.5303,5.3866,0.0,0.02
ViT-L-14__block20__fov,900_1000,3,3,7.5378,5.359,0.005,0.045
ViT-L-14__block20__fov,900_1000,4,4,7.5404,5.3585,0.01,0.035
ViT-L-14__block24,0_100,0,12,7.3488,4.9994,0.035,0.085
ViT-L-14__block24,0_100,1,11,7.3798,4.9757,0.02,0.1
ViT-L-14__block24,0_100,2,11,7.3551,5.0079,0.025,0.11
ViT-L-14__block24,0_100,3,10,7.3714,4.9916,0.015,0.115
ViT-L-14__block24,0_100,4,12,7.414,4.9699,0.02,0.13
ViT-L-14__block24,100_200,0,17,6.9024,4.1818,0.09,0.325
ViT-L-14__block24,100_200,1,18,6.9459,4.1372,0.09,0.32
ViT-L-14__block24,100_200,2,15,6.9153,4.2484,0.08,0.22
ViT-L-14__block24,100_200,3,19,6.9807,4.1774,0.095,0.31
ViT-L-14__block24,100_200,4,19,6.9187,4.1569,0.1,0.33
ViT-L-14__block24,200_300,0,20,6.869,3.914,0.12,0.35
ViT-L-14__block24,200_300,1,20,6.867,3.9032,0.115,0.35
ViT-L-14__block24,200_300,2,19,6.887,3.8972,0.125,0.36
ViT-L-14__block24,200_300,3,22,6.8951,3.8882,0.135,0.385
ViT-L-14__block24,200_300,4,19,6.8812,3.9449,0.12,0.36
ViT-L-14__block24,300_400,0,17,7.2583,4.3692,0.06,0.205
ViT-L-14__block24,300_400,1,17,7.2493,4.3112,0.045,0.25
ViT-L-14__block24,300_400,2,15,7.2583,4.3969,0.045,0.205
ViT-L-14__block24,300_400,3,16,7.2191,4.3436,0.04,0.26
ViT-L-14__block24,300_400,4,19,7.2526,4.2696,0.05,0.25
ViT-L-14__block24,400_500,0,13,7.4056,4.8163,0.035,0.105
ViT-L-14__block24,400_500,1,14,7.4103,4.8154,0.025,0.095
ViT-L-14__block24,400_500,2,15,7.3825,4.7533,0.045,0.13
ViT-L-14__block24,400_500,3,19,7.3863,4.7819,0.03,0.115
ViT-L-14__block24,400_500,4,19,7.3905,4.7511,0.035,0.105
ViT-L-14__block24,500_600,0,4,7.5149,5.2788,0.015,0.04
ViT-L-14__block24,500_600,1,4,7.5079,5.3086,0.01,0.035
ViT-L-14__block24,500_600,2,5,7.5184,5.2907,0.01,0.025
ViT-L-14__block24,500_600,3,3,7.5239,5.2735,0.01,0.04
ViT-L-14__block24,500_600,4,4,7.5343,5.2904,0.005,0.04
ViT-L-14__block24,600_700,0,3,7.5347,5.3232,0.01,0.06
ViT-L-14__block24,600_700,1,3,7.5246,5.3611,0.01,0.03
ViT-L-14__block24,600_700,2,3,7.5239,5.3571,0.01,0.035
ViT-L-14__block24,600_700,3,3,7.5222,5.3656,0.005,0.025
ViT-L-14__block24,600_700,4,2,7.5573,5.4013,0.005,0.03
ViT-L-14__block24,700_800,0,3,7.5428,5.3514,0.0,0.01
ViT-L-14__block24,700_800,1,2,7.5308,5.4001,0.01,0.03
ViT-L-14__block24,700_800,2,3,7.5398,5.4071,0.0,0.015
ViT-L-14__block24,700_800,3,3,7.5301,5.395,0.005,0.02
ViT-L-14__block24,700_800,4,2,7.5603,5.4157,0.0,0.005
ViT-L-14__block24,800_900,0,3,7.5421,5.3694,0.005,0.04
ViT-L-14__block24,800_900,1,2,7.5359,5.3708,0.01,0.035
ViT-L-14__block24,800_900,2,3,7.5429,5.4211,0.005,0.025
ViT-L-14__block24,800_900,3,3,7.5303,5.3894,0.005,0.025
ViT-L-14__block24,800_900,4,3,7.5409,5.4143,0.0,0.03
ViT-L-14__block24,900_1000,0,3,7.5594,5.374,0.005,0.025
ViT-L-14__block24,900_1000,1,2,7.5358,5.433,0.005,0.025
ViT-L-14__block24,900_1000,2,3,7.5327,5.4073,0.005,0.03
ViT-L-14__block24,900_1000,3,3,7.541,5.3893,0.0,0.015
ViT-L-14__block24,900_1000,4,2,7.5558,5.4121,0.005,0.02
ViT-L-14__block24__fov,0_100,0,12,7.3437,4.94,0.025,0.075
ViT-L-14__block24__fov,0_100,1,10,7.3821,4.9775,0.025,0.095
ViT-L-14__block24__fov,0_100,2,11,7.3828,5.0154,0.025,0.105
ViT-L-14__block24__fov,0_100,3,10,7.3812,4.9377,0.025,0.105
ViT-L-14__block24__fov,0_100,4,10,7.378,5.0086,0.035,0.1
ViT-L-14__block24__fov,100_200,0,16,6.8981,4.2034,0.095,0.35
ViT-L-14__block24__fov,100_200,1,17,6.9209,4.1523,0.1,0.27
ViT-L-14__block24__fov,100_200,2,17,6.8957,4.1632,0.095,0.31
ViT-L-14__block24__fov,100_200,3,19,6.9616,4.1367,0.1,0.315
ViT-L-14__block24__fov,100_200,4,19,6.9093,4.2031,0.085,0.29
ViT-L-14__block24__fov,200_300,0,21,6.8634,3.8996,0.135,0.35
ViT-L-14__block24__fov,200_300,1,20,6.8817,3.8765,0.13,0.37
ViT-L-14__block24__fov,200_300,2,19,6.8852,3.898,0.145,0.35
ViT-L-14__block24__fov,200_300,3,19,6.8781,3.8954,0.145,0.335
ViT-L-14__block24__fov,200_300,4,19,6.8806,3.9491,0.125,0.335
ViT-L-14__block24__fov,300_400,0,15,7.2508,4.3503,0.07,0.225
ViT-L-14__block24__fov,300_400,1,16,7.2545,4.2993,0.06,0.235
ViT-L-14__block24__fov,300_400,2,16,7.2522,4.3749,0.06,0.205
ViT-L-14__block24__fov,300_400,3,18,7.2168,4.2875,0.075,0.235
ViT-L-14__block24__fov,300_400,4,19,7.2648,4.3194,0.055,0.245
ViT-L-14__block24__fov,400_500,0,15,7.3906,4.7862,0.035,0.13
ViT-L-14__block24__fov,400_500,1,14,7.4168,4.7756,0.005,0.09
ViT-L-14__block24__fov,400_500,2,16,7.4103,4.7621,0.04,0.13
ViT-L-14__block24__fov,400_500,3,19,7.3788,4.7563,0.045,0.105
ViT-L-14__block24__fov,400_500,4,19,7.4335,4.7418,0.04,0.105
ViT-L-14__block24__fov,500_600,0,4,7.5465,5.3035,0.005,0.035
ViT-L-14__block24__fov,500_600,1,4,7.5148,5.2112,0.02,0.055
ViT-L-14__block24__fov,500_600,2,5,7.5194,5.2611,0.01,0.03
ViT-L-14__block24__fov,500_600,3,3,7.5326,5.2687,0.015,0.085
ViT-L-14__block24__fov,500_600,4,3,7.5393,5.2983,0.015,0.03
ViT-L-14__block24__fov,600_700,0,3,7.5623,5.3477,0.015,0.035
ViT-L-14__block24__fov,600_700,1,3,7.5366,5.3079,0.01,0.04
ViT-L-14__block24__fov,600_700,2,3,7.5345,5.3158,0.01,0.025
ViT-L-14__block24__fov,600_700,3,3,7.5304,5.3209,0.005,0.04
ViT-L-14__block24__fov,600_700,4,2,7.5449,5.3766,0.0,0.025
ViT-L-14__block24__fov,700_800,0,3,7.563,5.3305,0.005,0.015
ViT-L-14__block24__fov,700_800,1,2,7.5474,5.364,0.005,0.025
ViT-L-14__block24__fov,700_800,2,3,7.5407,5.3484,0.0,0.03
ViT-L-14__block24__fov,700_800,3,3,7.5387,5.3537,0.005,0.035
ViT-L-14__block24__fov,700_800,4,2,7.545,5.378,0.005,0.025
ViT-L-14__block24__fov,800_900,0,3,7.5577,5.3557,0.005,0.015
ViT-L-14__block24__fov,800_900,1,2,7.5463,5.3447,0.0,0.015
ViT-L-14__block24__fov,800_900,2,3,7.5402,5.3787,0.005,0.035
ViT-L-14__block24__fov,800_900,3,3,7.5337,5.3428,0.005,0.04
ViT-L-14__block24__fov,800_900,4,2,7.5364,5.4013,0.005,0.05
ViT-L-14__block24__fov,900_1000,0,3,7.5556,5.3954,0.0,0.035
ViT-L-14__block24__fov,900_1000,1,2,7.5471,5.3734,0.015,0.035
ViT-L-14__block24__fov,900_1000,2,3,7.5388,5.3586,0.01,0.055
ViT-L-14__block24__fov,900_1000,3,3,7.5332,5.3642,0.015,0.045
ViT-L-14__block24__fov,900_1000,4,2,7.544,5.4169,0.02,0.035
ViT-L-14__block4,0_100,0,15,6.9117,4.0707,0.065,0.25
ViT-L-14__block4,0_100,1,14,6.9445,4.1011,0.07,0.225
ViT-L-14__block4,0_100,2,14,6.919,4.0629,0.075,0.235
ViT-L-14__block4,0_100,3,14,6.9387,4.0773,0.075,0.24
ViT-L-14__block4,0_100,4,14,6.9859,4.0876,0.065,0.215
ViT-L-14__block4,100_200,0,24,6.2275,3.0969,0.19,0.52
ViT-L-14__block4,100_200,1,25,6.2251,3.0972,0.2,0.515
ViT-L-14__block4,100_200,2,24,6.2605,3.089,0.205,0.505
ViT-L-14__block4,100_200,3,29,6.2875,3.0381,0.22,0.525
ViT-L-14__block4,100_200,4,27,6.2326,3.0723,0.2,0.5
ViT-L-14__block4,200_300,0,24,6.3206,3.1272,0.205,0.515
ViT-L-14__block4,200_300,1,17,6.3926,3.2006,0.205,0.53
ViT-L-14__block4,200_300,2,24,6.3297,3.1717,0.205,0.52
ViT-L-14__block4,200_300,3,23,6.3239,3.1317,0.205,0.53
ViT-L-14__block4,200_300,4,29,6.3459,3.1096,0.21,0.54
ViT-L-14__block4,300_400,0,11,7.223,4.4534,0.09,0.2
ViT-L-14__block4,300_400,1,11,7.2371,4.4557,0.075,0.23
ViT-L-14__block4,300_400,2,10,7.242,4.5201,0.065,0.205
ViT-L-14__block4,300_400,3,9,7.1986,4.5084,0.055,0.2
ViT-L-14__block4,300_400,4,12,7.246,4.4309,0.08,0.23
ViT-L-14__block4,400_500,0,7,7.3601,4.8713,0.02,0.125
ViT-L-14__block4,400_500,1,7,7.3879,4.8209,0.025,0.13
ViT-L-14__block4,400_500,2,8,7.3654,4.8812,0.015,0.13
ViT-L-14__block4,400_500,3,9,7.3804,4.7699,0.045,0.175
ViT-L-14__block4,400_500,4,6,7.384,4.9174,0.015,0.13
ViT-L-14__block4,500_600,0,4,7.4497,5.1483,0.02,0.075
ViT-L-14__block4,500_600,1,4,7.451,5.1873,0.005,0.035
ViT-L-14__block4,500_600,2,3,7.4407,5.258,0.01,0.055
ViT-L-14__block4,500_600,3,3,7.4446,5.2345,0.01,0.055
ViT-L-14__block4,500_600,4,3,7.4667,5.2021,0.015,0.055
ViT-L-14__block4,600_700,0,3,7.454,5.2745,0.015,0.03
ViT-L-14__block4,600_700,1,3,7.4608,5.2935,0.0,0.015
ViT-L-14__block4,600_700,2,3,7.4588,5.3166,0.01,0.035
ViT-L-14__block4,600_700,3,2,7.4583,5.2871,0.005,0.04
ViT-L-14__block4,600_700,4,2,7.4659,5.3256,0.01,0.03
ViT-L-14__block4,700_800,0,3,7.4592,5.296,0.01,0.035
ViT-L-14__block4,700_800,1,3,7.4699,5.3194,0.005,0.03
ViT-L-14__block4,700_800,2,3,7.4621,5.3568,0.01,0.06
ViT-L-14__block4,700_800,3,2,7.4696,5.3268,0.005,0.02
ViT-L-14__block4,700_800,4,2,7.4619,5.3167,0.015,0.045
ViT-L-14__block4,800_900,0,3,7.4638,5.3126,0.01,0.025
ViT-L-14__block4,800_900,1,2,7.4672,5.3352,0.01,0.025
ViT-L-14__block4,800_900,2,3,7.4609,5.3365,0.005,0.04
ViT-L-14__block4,800_900,3,2,7.4597,5.3267,0.0,0.04
ViT-L-14__block4,800_900,4,2,7.4691,5.3599,0.01,0.03
ViT-L-14__block4,900_1000,0,3,7.4561,5.3113,0.0,0.05
ViT-L-14__block4,900_1000,1,2,7.4662,5.3272,0.01,0.045
ViT-L-14__block4,900_1000,2,3,7.4527,5.3407,0.005,0.035
ViT-L-14__block4,900_1000,3,2,7.4498,5.3398,0.0,0.02
ViT-L-14__block4,900_1000,4,2,7.4711,5.3447,0.005,0.035
ViT-L-14__block4__fov,0_100,0,14,6.8933,4.0262,0.07,0.21
ViT-L-14__block4__fov,0_100,1,13,6.9256,4.0668,0.05,0.23
ViT-L-14__block4__fov,0_100,2,14,6.899,4.0355,0.065,0.24
ViT-L-14__block4__fov,0_100,3,14,6.9161,4.0422,0.065,0.23
ViT-L-14__block4__fov,0_100,4,14,6.959,4.0275,0.065,0.225
ViT-L-14__block4__fov,100_200,0,24,6.1929,3.0421,0.225,0.525
ViT-L-14__block4__fov,100_200,1,25,6.1998,3.0365,0.215,0.515
ViT-L-14__block4__fov,100_200,2,30,6.2235,2.9673,0.215,0.54
ViT-L-14__block4__fov,100_200,3,29,6.2568,2.9634,0.225,0.54
ViT-L-14__block4__fov,100_200,4,27,6.2076,3.0035,0.235,0.52
ViT-L-14__block4__fov,200_300,0,24,6.2955,3.0831,0.215,0.53
ViT-L-14__block4__fov,200_300,1,17,6.35,3.1564,0.2,0.515
ViT-L-14__block4__fov,200_300,2,19,6.3066,3.1398,0.195,0.515
ViT-L-14__block4__fov,200_300,3,20,6.3122,3.1048,0.215,0.545
ViT-L-14__block4__fov,200_300,4,29,6.3102,3.0468,0.225,0.54
ViT-L-14__block4__fov,300_400,0,11,7.2279,4.4747,0.075,0.23
ViT-L-14__block4__fov,300_400,1,11,7.2215,4.433,0.075,0.24
ViT-L-14__block4__fov,300_400,2,10,7.2361,4.5286,0.07,0.18
ViT-L-14__block4__fov,300_400,3,9,7.2136,4.498,0.065,0.22
ViT-L-14__block4__fov,300_400,4,10,7.2443,4.4947,0.075,0.195
ViT-L-14__block4__fov,400_500,0,8,7.3609,4.823,0.025,0.145
ViT-L-14__block4__fov,400_500,1,7,7.3741,4.8456,0.03,0.155
ViT-L-14__block4__fov,400_500,2,8,7.3635,4.8456,0.025,0.145
ViT-L-14__block4__fov,400_500,3,9,7.3728,4.7767,0.045,0.17
ViT-L-14__block4__fov,400_500,4,6,7.3651,4.9059,0.02,0.1
ViT-L-14__block4__fov,500_600,0,4,7.453,5.1667,0.01,0.07
ViT-L-14__block4__fov,500_600,1,3,7.4334,5.2085,0.005,0.04
ViT-L-14__block4__fov,500_600,2,3,7.4317,5.2435,0.005,0.045
ViT-L-14__block4__fov,500_600,3,3,7.4433,5.2256,0.015,0.06
ViT-L-14__block4__fov,500_600,4,3,7.4557,5.2191,0.005,0.075
ViT-L-14__block4__fov,600_700,0,3,7.4607,5.2857,0.01,0.035
ViT-L-14__block4__fov,600_700,1,3,7.4464,5.2987,0.01,0.035
ViT-L-14__block4__fov,600_700,2,3,7.4509,5.3265,0.005,0.02
ViT-L-14__block4__fov,600_700,3,3,7.4598,5.2781,0.005,0.035
ViT-L-14__block4__fov,600_700,4,2,7.468,5.3184,0.005,0.035
ViT-L-14__block4__fov,700_800,0,3,7.4608,5.3013,0.03,0.04
ViT-L-14__block4__fov,700_800,1,2,7.4568,5.3185,0.0,0.01
ViT-L-14__block4__fov,700_800,2,3,7.453,5.3453,0.005,0.04
ViT-L-14__block4__fov,700_800,3,2,7.4656,5.3313,0.005,0.04
ViT-L-14__block4__fov,700_800,4,2,7.4585,5.3419,0.005,0.04
ViT-L-14__block4__fov,800_900,0,4,7.4656,5.3178,0.0,0.035
ViT-L-14__block4__fov,800_900,1,2,7.4527,5.3297,0.01,0.04
ViT-L-14__block4__fov,800_900,2,2,7.4483,5.3484,0.0,0.015
ViT-L-14__block4__fov,800_900,3,2,7.4633,5.3314,0.0,0.03
ViT-L-14__block4__fov,800_900,4,2,7.4609,5.3539,0.01,0.035
ViT-L-14__block4__fov,900_1000,0,4,7.4623,5.3262,0.015,0.055
ViT-L-14__block4__fov,900_1000,1,2,7.4569,5.3259,0.0,0.025
ViT-L-14__block4__fov,900_1000,2,2,7.4473,5.3433,0.01,0.045
ViT-L-14__block4__fov,900_1000,3,2,7.4494,5.3254,0.01,0.035
ViT-L-14__block4__fov,900_1000,4,2,7.4693,5.3432,0.015,0.05
ViT-L-14__block8,0_100,0,13,7.0196,4.2008,0.07,0.2
ViT-L-14__block8,0_100,1,14,7.0078,4.1564,0.075,0.235
ViT-L-14__block8,0_100,2,13,7.0174,4.2157,0.055,0.22
ViT-L-14__block8,0_100,3,14,7.0141,4.167,0.075,0.25
ViT-L-14__block8,0_100,4,13,7.0724,4.2023,0.055,0.24
ViT-L-14__block8,100_200,0,24,6.1359,2.8866,0.245,0.595
ViT-L-14__block8,100_200,1,25,6.1811,2.8905,0.265,0.595
ViT-L-14__block8,100_200,2,24,6.1814,2.8625,0.265,0.565
ViT-L-14__block8,100_200,3,22,6.2557,2.9456,0.24,0.575
ViT-L-14__block8,100_200,4,27,6.1825,2.8574,0.245,0.59
ViT-L-14__block8,200_300,0,24,6.2568,2.8544,0.295,0.615
ViT-L-14__block8,200_300,1,22,6.313,2.8803,0.275,0.595
ViT-L-14__block8,200_300,2,25,6.2482,2.8984,0.265,0.6
ViT-L-14__block8,200_300,3,22,6.2788,2.8954,0.275,0.605
ViT-L-14__block8,200_300,4,27,6.2607,2.832,0.29,0.615
ViT-L-14__block8,300_400,0,13,7.215,4.1504,0.08,0.29
ViT-L-14__block8,300_400,1,12,7.2074,4.2363,0.095,0.25
ViT-L-14__block8,300_400,2,12,7.2022,4.1852,0.095,0.31
ViT-L-14__block8,300_400,3,13,7.1923,4.1979,0.11,0.275
ViT-L-14__block8,300_400,4,12,7.2191,4.1726,0.095,0.275
ViT-L-14__block8,400_500,0,10,7.3772,4.6866,0.03,0.155
ViT-L-14__block8,400_500,1,8,7.3796,4.7222,0.045,0.14
ViT-L-14__block8,400_500,2,7,7.3868,4.8194,0.02,0.13
ViT-L-14__block8,400_500,3,9,7.3954,4.6701,0.035,0.14
ViT-L-14__block8,400_500,4,9,7.4071,4.7765,0.02,0.11
ViT-L-14__block8,500_600,0,4,7.4605,5.1868,0.015,0.065
ViT-L-14__block8,500_600,1,3,7.4488,5.2,0.015,0.085
ViT-L-14__block8,500_600,2,4,7.4832,5.1818,0.005,0.04
ViT-L-14__block8,500_600,3,3,7.48,5.2234,0.005,0.06
ViT-L-14__block8,500_600,4,3,7.4808,5.2079,0.015,0.04
ViT-L-14__block8,600_700,0,3,7.4699,5.3397,0.0,0.02
ViT-L-14__block8,600_700,1,3,7.4679,5.2715,0.015,0.045
ViT-L-14__block8,600_700,2,3,7.4917,5.2919,0.015,0.03
ViT-L-14__block8,600_700,3,2,7.4947,5.3032,0.015,0.045
ViT-L-14__block8,600_700,4,2,7.4828,5.306,0.0,0.02
ViT-L-14__block8,700_800,0,3,7.4757,5.3432,0.01,0.035
ViT-L-14__block8,700_800,1,2,7.475,5.3484,0.01,0.025
ViT-L-14__block8,700_800,2,3,7.4927,5.3206,0.005,0.01
ViT-L-14__block8,700_800,3,2,7.4993,5.3421,0.0,0.025
ViT-L-14__block8,700_800,4,2,7.4957,5.356,0.005,0.04
ViT-L-14__block8,800_900,0,3,7.4928,5.3492,0.005,0.025
ViT-L-14__block8,800_900,1,2,7.4714,5.3632,0.005,0.06
ViT-L-14__block8,800_900,2,3,7.4911,5.3364,0.0,0.015
ViT-L-14__block8,800_900,3,2,7.4971,5.3565,0.015,0.03
ViT-L-14__block8,800_900,4,2,7.4947,5.3257,0.005,0.01
ViT-L-14__block8,900_1000,0,3,7.4872,5.3783,0.01,0.02
ViT-L-14__block8,900_1000,1,2,7.4726,5.361,0.0,0.04
ViT-L-14__block8,900_1000,2,3,7.5038,5.3463,0.0,0.035
ViT-L-14__block8,900_1000,3,2,7.4931,5.3534,0.0,0.03
ViT-L-14__block8,900_1000,4,2,7.4961,5.3244,0.015,0.045
ViT-L-14__block8__fov,0_100,0,12,6.9714,4.1744,0.05,0.22
ViT-L-14__block8__fov,0_100,1,14,6.9964,4.0801,0.085,0.25
ViT-L-14__block8__fov,0_100,2,13,6.9948,4.1663,0.08,0.22
ViT-L-14__block8__fov,0_100,3,14,7.0153,4.1459,0.07,0.22
ViT-L-14__block8__fov,0_100,4,13,7.0636,4.1494,0.075,0.21
ViT-L-14__block8__fov,100_200,0,32,6.1052,2.7664,0.275,0.61
ViT-L-14__block8__fov,100_200,1,26,6.1207,2.8274,0.26,0.585
ViT-L-14__block8__fov,100_200,2,24,6.1635,2.797,0.255,0.595
ViT-L-14__block8__fov,100_200,3,22,6.2429,2.8794,0.24,0.585
ViT-L-14__block8__fov,100_200,4,27,6.1429,2.7973,0.265,0.61
ViT-L-14__block8__fov,200_300,0,24,6.2298,2.8027,0.265,0.6
ViT-L-14__block8__fov,200_300,1,22,6.302,2.8285,0.295,0.625
ViT-L-14__block8__fov,200_300,2,25,6.2398,2.8312,0.265,0.625
ViT-L-14__block8__fov,200_300,3,22,6.2628,2.8331,0.285,0.615
ViT-L-14__block8__fov,200_300,4,27,6.2334,2.7786,0.28,0.63
ViT-L-14__block8__fov,300_400,0,12,7.1972,4.1815,0.095,0.295
ViT-L-14__block8__fov,300_400,1,13,7.1934,4.174,0.105,0.315
ViT-L-14__block8__fov,300_400,2,12,7.1851,4.1569,0.11,0.33
ViT-L-14__block8__fov,300_400,3,13,7.1957,4.1515,0.085,0.295
ViT-L-14__block8__fov,300_400,4,12,7.2083,4.1507,0.085,0.31
ViT-L-14__block8__fov,400_500,0,10,7.3544,4.6677,0.03,0.135
ViT-L-14__block8__fov,400_500,1,8,7.3715,4.7557,0.035,0.14
ViT-L-14__block8__fov,400_500,2,8,7.3741,4.7725,0.04,0.11
ViT-L-14__block8__fov,400_500,3,8,7.4043,4.742,0.025,0.15
ViT-L-14__block8__fov,400_500,4,7,7.4067,4.8128,0.015,0.095
ViT-L-14__block8__fov,500_600,0,4,7.4596,5.184,0.02,0.045
ViT-L-14__block8__fov,500_600,1,3,7.4621,5.197,0.01,0.035
ViT-L-14__block8__fov,500_600,2,3,7.439,5.2283,0.015,0.045
ViT-L-14__block8__fov,500_600,3,3,7.474,5.2049,0.015,0.075
ViT-L-14__block8__fov,500_600,4,2,7.4787,5.2327,0.01,0.065
ViT-L-14__block8__fov,600_700,0,3,7.4631,5.2811,0.005,0.03
ViT-L-14__block8__fov,600_700,1,3,7.4705,5.2946,0.015,0.03
ViT-L-14__block8__fov,600_700,2,3,7.4608,5.3242,0.005,0.03
ViT-L-14__block8__fov,600_700,3,3,7.4791,5.2982,0.015,0.045
ViT-L-14__block8__fov,600_700,4,2,7.4892,5.3208,0.005,0.03
ViT-L-14__block8__fov,700_800,0,3,7.4717,5.3472,0.005,0.02
ViT-L-14__block8__fov,700_800,1,3,7.4802,5.341,0.01,0.03
ViT-L-14__block8__fov,700_800,2,3,7.4657,5.2986,0.015,0.045
ViT-L-14__block8__fov,700_800,3,2,7.4843,5.3428,0.01,0.03
ViT-L-14__block8__fov,700_800,4,2,7.5013,5.3477,0.005,0.02
ViT-L-14__block8__fov,800_900,0,3,7.4785,5.3369,0.005,0.03
ViT-L-14__block8__fov,800_900,1,3,7.4821,5.3547,0.005,0.025
ViT-L-14__block8__fov,800_900,2,2,7.4713,5.3514,0.005,0.025
ViT-L-14__block8__fov,800_900,3,3,7.4747,5.341,0.005,0.04
ViT-L-14__block8__fov,800_900,4,2,7.4952,5.3576,0.005,0.03
ViT-L-14__block8__fov,900_1000,0,3,7.4837,5.3606,0.005,0.025
ViT-L-14__block8__fov,900_1000,1,3,7.4941,5.3465,0.005,0.025
ViT-L-14__block8__fov,900_1000,2,2,7.4719,5.3563,0.005,0.025
ViT-L-14__block8__fov,900_1000,3,3,7.4846,5.3638,0.01,0.03
ViT-L-14__block8__fov,900_1000,4,2,7.4949,5.326,0.02,0.035
