target,window,seed,best_epoch,val_loss,test_loss,top1,top5
RN50__attnpool,0_100,0,12,7.2966,4.7344,0.03,0.14
RN50__attnpool,0_100,1,12,7.2917,4.7444,0.035,0.155
RN50__attnpool,0_100,2,14,7.2876,4.7411,0.03,0.13
RN50__attnpool,0_100,3,11,7.2676,4.7554,0.055,0.11
RN50__attnpool,0_100,4,10,7.3325,4.7672,0.04,0.135
RN50__attnpool,100_200,0,18,6.7745,3.8038,0.105,0.38
RN50__attnpool,100_200,1,19,6.7004,3.7988,0.125,0.355
RN50__attnpool,100_200,2,21,6.7087,3.8092,0.1,0.395
RN50__attnpool,100_200,3,22,6.7221,3.8114,0.14,0.395
RN50__attnpool,100_200,4,20,6.7133,3.786,0.155,0.42
RN50__attnpool,200_300,0,19,6.7501,3.6857,0.14,0.405
RN50__attnpool,200_300,1,18,6.6928,3.7026,0.15,0.39
RN50__attnpool,200_300,2,21,6.7144,3.664,0.145,0.4
RN50__attnpool,200_300,3,19,6.7039,3.6937,0.175,0.385
RN50__attnpool,200_300,4,21,6.7025,3.6309,0.16,0.425
RN50__attnpool,300_400,0,19,7.0921,4.2344,0.07,0.245
RN50__attnpool,300_400,1,18,7.0416,4.2473,0.07,0.255
RN50__attnpool,300_400,2,21,7.0189,4.2067,0.085,0.23
RN50__attnpool,300_400,3,18,7.048,4.2788,0.06,0.225
RN50__attnpool,300_400,4,15,7.1097,4.2699,0.04,0.23
RN50__attnpool,400_500,0,8,7.3993,4.8222,0.035,0.125
RN50__attnpool,400_500,1,8,7.3727,4.8116,0.035,0.145
RN50__attnpool,400_500,2,7,7.4023,4.8211,0.015,0.115
RN50__attnpool,400_500,3,8,7.3701,4.8117,0.04,0.115
RN50__attnpool,400_500,4,6,7.4133,4.8729,0.01,0.09
RN50__attnpool,500_600,0,3,7.5018,5.3076,0.01,0.04
RN50__attnpool,500_600,1,3,7.4713,5.2812,0.005,0.025
RN50__attnpool,500_600,2,3,7.4777,5.3022,0.0,0.015
RN50__attnpool,500_600,3,3,7.4767,5.2913,0.01,0.04
RN50__attnpool,500_600,4,3,7.4893,5.2713,0.01,0.03
RN50__attnpool,600_700,0,2,7.5093,5.3011,0.005,0.015
RN50__attnpool,600_700,1,2,7.4864,5.3163,0.035,0.045
RN50__attnpool,600_700,2,2,7.5172,5.3289,0.005,0.02
RN50__attnpool,600_700,3,2,7.4887,5.3021,0.005,0.01
RN50__attnpool,600_700,4,2,7.4911,5.3278,0.0,0.05
RN50__attnpool,700_800,0,3,7.5209,5.319,0.0,0.015
RN50__attnpool,700_800,1,2,7.4908,5.3265,0.005,0.03
RN50__attnpool,700_800,2,3,7.5182,5.325,0.0,0.045
RN50__attnpool,700_800,3,3,7.4965,5.3019,0.02,0.04
RN50__attnpool,700_800,4,2,7.4856,5.3192,0.005,0.03
RN50__attnpool,800_900,0,2,7.5188,5.3288,0.005,0.01
RN50__attnpool,800_900,1,2,7.4933,5.3338,0.005,0.025
RN50__attnpool,800_900,2,2,7.5048,5.3499,0.005,0.015
RN50__attnpool,800_900,3,2,7.4939,5.3026,0.005,0.02
RN50__attnpool,800_900,4,2,7.4927,5.3132,0.01,0.04
RN50__attnpool,900_1000,0,2,7.5111,5.3494,0.02,0.025
RN50__attnpool,900_1000,1,2,7.5024,5.3479,0.005,0.03
RN50__attnpool,900_1000,2,2,7.5154,5.3953,0.0,0.01
RN50__attnpool,900_1000,3,2,7.492,5.3102,0.015,0.035
RN50__attnpool,900_1000,4,2,7.4935,5.3445,0.005,0.04
RN50__attnpool__fov,0_100,0,12,7.2808,4.7419,0.07,0.15
RN50__attnpool__fov,0_100,1,12,7.2853,4.739,0.05,0.145
RN50__attnpool__fov,0_100,2,13,7.2803,4.7303,0.02,0.15
RN50__attnpool__fov,0_100,3,12,7.2858,4.7332,0.03,0.12
RN50__attnpool__fov,0_100,4,10,7.3305,4.7853,0.045,0.145
RN50__attnpool__fov,100_200,0,19,6.7301,3.7518,0.14,0.415
RN50__attnpool__fov,100_200,1,21,6.6739,3.7806,0.15,0.395
RN50__attnpool__fov,100_200,2,21,6.667,3.7394,0.145,0.41
RN50__attnpool__fov,100_200,3,20,6.7244,3.7567,0.15,0.39
RN50__attnpool__fov,100_200,4,24,6.7032,3.6969,0.14,0.425
RN50__attnpool__fov,200_300,0,18,6.7177,3.6337,0.175,0.43
RN50__attnpool__fov,200_300,1,21,6.6575,3.6745,0.16,0.385
RN50__attnpool__fov,200_300,2,20,6.703,3.617,0.15,0.445
RN50__attnpool__fov,200_300,3,18,6.6981,3.6602,0.16,0.415
RN50__attnpool__fov,200_300,4,20,6.7036,3.6627,0.145,0.42
RN50__attnpool__fov,300_400,0,15,7.081,4.2669,0.09,0.23
RN50__attnpool__fov,300_400,1,17,7.0329,4.2463,0.08,0.265
RN50__attnpool__fov,300_400,2,17,7.0123,4.2531,0.05,0.23
RN50__attnpool__fov,300_400,3,18,7.0805,4.2306,0.085,0.245
RN50__attnpool__fov,300_400,4,16,7.0943,4.2669,0.075,0.225
RN50__attnpool__fov,400_500,0,8,7.3589,4.8132,0.02,0.115
RN50__attnpool__fov,400_500,1,7,7.3805,4.8852,0.015,0.085
RN50__attnpool__fov,400_500,2,7,7.4039,4.8058,0.03,0.125
RN50__attnpool__fov,400_500,3,8,7.3705,4.8305,0.015,0.085
RN50__attnpool__fov,400_500,4,6,7.3935,4.8706,0.02,0.09
RN50__attnpool__fov,500_600,0,3,7.4843,5.3052,0.005,0.035
RN50__attnpool__fov,500_600,1,3,7.4574,5.3041,0.005,0.035
RN50__attnpool__fov,500_600,2,3,7.4941,5.2717,0.01,0.04
RN50__attnpool__fov,500_600,3,3,7.489,5.2907,0.0,0.05
RN50__attnpool__fov,500_600,4,3,7.4923,5.2602,0.0,0.04
RN50__attnpool__fov,600_700,0,2,7.4896,5.3114,0.0,0.05
RN50__attnpool__fov,600_700,1,2,7.4619,5.3431,0.0,0.015
RN50__attnpool__fov,600_700,2,2,7.5106,5.3057,0.0,0.01
RN50__attnpool__fov,600_700,3,3,7.5049,5.3068,0.0,0.02
RN50__attnpool__fov,600_700,4,2,7.4941,5.3182,0.0,0.02
RN50__attnpool__fov,700_800,0,2,7.5026,5.3319,0.0,0.035
RN50__attnpool__fov,700_800,1,2,7.4755,5.3214,0.01,0.025
RN50__attnpool__fov,700_800,2,3,7.5086,5.3033,0.01,0.02
RN50__attnpool__fov,700_800,3,3,7.5049,5.2743,0.02,0.04
RN50__attnpool__fov,700_800,4,3,7.4913,5.3085,0.005,0.015
RN50__attnpool__fov,800_900,0,2,7.5099,5.3369,0.0,0.045
RN50__attnpool__fov,800_900,1,2,7.4817,5.3517,0.0,0.045
RN50__attnpool__fov,800_900,2,2,7.5085,5.3168,0.0,0.005
RN50__attnpool__fov,800_900,3,2,7.4994,5.3051,0.0,0.03
RN50__attnpool__fov,800_900,4,2,7.479,5.3431,0.0,0.02
RN50__attnpool__fov,900_1000,0,2,7.5075,5.3359,0.0,0.02
RN50__attnpool__fov,900_1000,1,2,7.4912,5.3691,0.01,0.02
RN50__attnpool__fov,900_1000,2,2,7.5208,5.3353,0.01,0.02
RN50__attnpool__fov,900_1000,3,2,7.4975,5.316,0.01,0.03
RN50__attnpool__fov,900_1000,4,2,7.4798,5.3408,0.005,0.015
RN50__layer1,0_100,0,17,6.998,4.3533,0.075,0.22
RN50__layer1,0_100,1,17,7.0425,4.4222,0.055,0.2
RN50__layer1,0_100,2,22,7.0237,4.3513,0.07,0.22
RN50__layer1,0_100,3,18,7.0761,4.3921,0.055,0.205
RN50__layer1,0_100,4,21,7.0498,4.3381,0.075,0.22
RN50__layer1,100_200,0,34,6.4272,3.2612,0.2,0.51
RN50__layer1,100_200,1,25,6.499,3.3477,0.165,0.49
RN50__layer1,100_200,2,23,6.4457,3.3325,0.195,0.515
RN50__layer1,100_200,3,28,6.4978,3.3456,0.2,0.49
RN50__layer1,100_200,4,26,6.432,3.2978,0.19,0.49
RN50__layer1,200_300,0,24,6.7755,3.8602,0.105,0.35
RN50__layer1,200_300,1,21,6.795,3.8891,0.12,0.33
RN50__layer1,200_300,2,23,6.7029,3.86,0.1,0.325
RN50__layer1,200_300,3,25,6.7455,3.8656,0.125,0.33
RN50__layer1,200_300,4,26,6.7482,3.8433,0.12,0.365
RN50__layer1,300_400,0,12,7.2167,4.4939,0.06,0.215
RN50__layer1,300_400,1,10,7.2053,4.5401,0.05,0.18
RN50__layer1,300_400,2,10,7.1818,4.5319,0.075,0.17
RN50__layer1,300_400,3,10,7.1904,4.5493,0.05,0.175
RN50__layer1,300_400,4,9,7.2229,4.5773,0.05,0.165
RN50__layer1,400_500,0,5,7.4316,5.1549,0.01,0.06
RN50__layer1,400_500,1,4,7.4367,5.1874,0.015,0.08
RN50__layer1,400_500,2,4,7.4402,5.1803,0.005,0.065
RN50__layer1,400_500,3,6,7.4064,5.12,0.025,0.09
RN50__layer1,400_500,4,3,7.4277,5.2103,0.01,0.075
RN50__layer1,500_600,0,3,7.4525,5.274,0.005,0.04
RN50__layer1,500_600,1,3,7.4596,5.2641,0.005,0.045
RN50__layer1,500_600,2,3,7.4726,5.2627,0.0,0.025
RN50__layer1,500_600,3,4,7.466,5.2615,0.005,0.025
RN50__layer1,500_600,4,3,7.4697,5.266,0.005,0.025
RN50__layer1,600_700,0,3,7.4717,5.2876,0.015,0.04
RN50__layer1,600_700,1,3,7.4528,5.2838,0.01,0.035
RN50__layer1,600_700,2,3,7.4757,5.3033,0.005,0.04
RN50__layer1,600_700,3,3,7.4643,5.2805,0.0,0.02
RN50__layer1,600_700,4,3,7.4669,5.2956,0.005,0.03
RN50__layer1,700_800,0,3,7.4812,5.3058,0.01,0.045
RN50__layer1,700_800,1,3,7.4726,5.3008,0.005,0.04
RN50__layer1,700_800,2,3,7.4906,5.2969,0.0,0.025
RN50__layer1,700_800,3,3,7.4683,5.3104,0.0,0.015
RN50__layer1,700_800,4,3,7.4832,5.2888,0.005,0.02
RN50__layer1,800_900,0,3,7.4635,5.3071,0.005,0.025
RN50__layer1,800_900,1,3,7.4712,5.2996,0.0,0.03
RN50__layer1,800_900,2,3,7.4789,5.3213,0.02,0.025
RN50__layer1,800_900,3,3,7.466,5.3022,0.0,0.025
RN50__layer1,800_900,4,3,7.4746,5.2953,0.005,0.035
RN50__layer1,900_1000,0,3,7.4771,5.3094,0.0,0.03
RN50__layer1,900_1000,1,4,7.4717,5.3042,0.0,0.03
RN50__layer1,900_1000,2,3,7.4867,5.3198,0.0,0.01
RN50__layer1,900_1000,3,3,7.4701,5.3071,0.01,0.015
RN50__layer1,900_1000,4,3,7.4736,5.3156,0.005,0.03
RN50__layer1__fov,0_100,0,21,6.9686,4.2285,0.08,0.255
RN50__layer1__fov,0_100,1,17,7.0193,4.3151,0.075,0.225
RN50__layer1__fov,0_100,2,22,6.9938,4.2195,0.085,0.26
RN50__layer1__fov,0_100,3,18,7.0183,4.3298,0.06,0.215
RN50__layer1__fov,0_100,4,16,7.0231,4.342,0.05,0.185
RN50__layer1__fov,100_200,0,34,6.4014,3.1925,0.225,0.515
RN50__layer1__fov,100_200,1,30,6.4935,3.2144,0.235,0.51
RN50__layer1__fov,100_200,2,30,6.3843,3.2198,0.22,0.535
RN50__layer1__fov,100_200,3,26,6.4744,3.2567,0.215,0.545
RN50__layer1__fov,100_200,4,26,6.3785,3.2431,0.225,0.505
RN50__layer1__fov,200_300,0,23,6.7543,3.834,0.12,0.305
RN50__layer1__fov,200_300,1,19,6.7748,3.865,0.115,0.3
RN50__layer1__fov,200_300,2,22,6.6857,3.7943,0.115,0.35
RN50__layer1__fov,200_300,3,22,6.7179,3.8348,0.125,0.325
RN50__layer1__fov,200_300,4,26,6.735,3.7525,0.125,0.35
RN50__layer1__fov,300_400,0,10,7.2025,4.4588,0.085,0.175
RN50__layer1__fov,300_400,1,10,7.2173,4.5377,0.03,0.16
RN50__layer1__fov,300_400,2,10,7.1618,4.5353,0.06,0.185
RN50__layer1__fov,300_400,3,10,7.1899,4.5304,0.04,0.18
RN50__layer1__fov,300_400,4,9,7.2215,4.5378,0.05,0.17
RN50__layer1__fov,400_500,0,5,7.4288,5.1527,0.02,0.06
RN50__layer1__fov,400_500,1,4,7.4383,5.1945,0.01,0.07
RN50__layer1__fov,400_500,2,4,7.4299,5.1929,0.02,0.05
RN50__layer1__fov,400_500,3,6,7.4245,5.1318,0.01,0.08
RN50__layer1__fov,400_500,4,4,7.4345,5.1805,0.01,0.07
RN50__layer1__fov,500_600,0,3,7.4583,5.2658,0.005,0.015
RN50__layer1__fov,500_600,1,3,7.4645,5.2583,0.005,0.04
RN50__layer1__fov,500_600,2,3,7.4626,5.2683,0.005,0.025
RN50__layer1__fov,500_600,3,4,7.4687,5.267,0.01,0.045
RN50__layer1__fov,500_600,4,3,7.4688,5.2593,0.015,0.065
RN50__layer1__fov,600_700,0,3,7.4809,5.2921,0.0,0.04
RN50__layer1__fov,600_700,1,3,7.4588,5.2823,0.005,0.055
RN50__layer1__fov,600_700,2,3,7.4605,5.2811,0.0,0.04
RN50__layer1__fov,600_700,3,4,7.4714,5.2796,0.015,0.04
RN50__layer1__fov,600_700,4,3,7.469,5.2867,0.0,0.025
RN50__layer1__fov,700_800,0,3,7.4818,5.2929,0.0,0.025
RN50__layer1__fov,700_800,1,3,7.4668,5.3011,0.015,0.045
RN50__layer1__fov,700_800,2,3,7.4769,5.2895,0.0,0.03
RN50__layer1__fov,700_800,3,3,7.4731,5.3016,0.0,0.03
RN50__layer1__fov,700_800,4,3,7.4772,5.2964,0.01,0.035
RN50__layer1__fov,800_900,0,3,7.4691,5.3113,0.0,0.03
RN50__layer1__fov,800_900,1,3,7.4684,5.3045,0.01,0.025
RN50__layer1__fov,800_900,2,3,7.4638,5.3127,0.005,0.02
RN50__layer1__fov,800_900,3,3,7.4842,5.3126,0.015,0.02
RN50__layer1__fov,800_900,4,4,7.4758,5.295,0.005,0.04
RN50__layer1__fov,900_1000,0,4,7.4822,5.2994,0.01,0.025
RN50__layer1__fov,900_1000,1,3,7.4631,5.3155,0.01,0.03
RN50__layer1__fov,900_1000,2,3,7.4782,5.3144,0.01,0.035
RN50__layer1__fov,900_1000,3,4,7.4781,5.3094,0.01,0.035
RN50__layer1__fov,900_1000,4,3,7.4753,5.304,0.01,0.025
RN50__layer2,0_100,0,20,6.9458,4.2728,0.06,0.23
RN50__layer2,0_100,1,16,7.0061,4.3201,0.055,0.205
RN50__layer2,0_100,2,20,6.9457,4.2523,0.065,0.23
RN50__layer2,0_100,3,16,6.9909,4.3163,0.07,0.18
RN50__layer2,0_100,4,15,7.0053,4.2988,0.065,0.185
RN50__layer2,100_200,0,34,6.2151,2.9437,0.28,0.64
RN50__layer2,100_200,1,40,6.2826,2.9627,0.28,0.63
RN50__layer2,100_200,2,26,6.2522,3.0238,0.255,0.595
RN50__layer2,100_200,3,25,6.315,3.0536,0.255,0.595
RN50__layer2,100_200,4,30,6.2138,3.0021,0.285,0.6
RN50__layer2,200_300,0,26,6.5899,3.4135,0.2,0.47
RN50__layer2,200_300,1,26,6.5914,3.4233,0.245,0.455
RN50__layer2,200_300,2,26,6.5427,3.4504,0.18,0.46
RN50__layer2,200_300,3,25,6.5417,3.4608,0.19,0.465
RN50__layer2,200_300,4,25,6.553,3.4517,0.18,0.435
RN50__layer2,300_400,0,13,7.115,4.2367,0.1,0.235
RN50__layer2,300_400,1,12,7.0897,4.2856,0.07,0.235
RN50__layer2,300_400,2,14,7.0864,4.1979,0.075,0.24
RN50__layer2,300_400,3,13,7.0966,4.2943,0.075,0.25
RN50__layer2,300_400,4,12,7.1301,4.2678,0.075,0.245
RN50__layer2,400_500,0,6,7.4075,4.9572,0.03,0.14
RN50__layer2,400_500,1,8,7.4186,4.9489,0.03,0.085
RN50__layer2,400_500,2,4,7.4315,5.0402,0.01,0.1
RN50__layer2,400_500,3,8,7.3885,4.9558,0.02,0.09
RN50__layer2,400_500,4,5,7.4095,5.0134,0.035,0.125
RN50__layer2,500_600,0,2,7.4621,5.2769,0.0,0.025
RN50__layer2,500_600,1,3,7.4651,5.2361,0.01,0.04
RN50__layer2,500_600,2,2,7.4848,5.2538,0.015,0.05
RN50__layer2,500_600,3,3,7.4635,5.2708,0.01,0.04
RN50__layer2,500_600,4,3,7.469,5.2422,0.015,0.065
RN50__layer2,600_700,0,2,7.4837,5.288,0.0,0.02
RN50__layer2,600_700,1,2,7.4683,5.2718,0.0,0.035
RN50__layer2,600_700,2,2,7.4866,5.2863,0.005,0.02
RN50__layer2,600_700,3,2,7.4522,5.2909,0.0,0.015
RN50__layer2,600_700,4,2,7.4778,5.296,0.0,0.025
RN50__layer2,700_800,0,2,7.4711,5.3076,0.0,0.02
RN50__layer2,700_800,1,2,7.4793,5.2914,0.005,0.035
RN50__layer2,700_800,2,3,7.4923,5.2942,0.005,0.025
RN50__layer2,700_800,3,3,7.4619,5.3001,0.0,0.015
RN50__layer2,700_800,4,2,7.479,5.2958,0.015,0.045
RN50__layer2,800_900,0,2,7.4785,5.3137,0.01,0.04
RN50__layer2,800_900,1,2,7.4635,5.2985,0.0,0.03
RN50__layer2,800_900,2,2,7.4993,5.3116,0.01,0.02
RN50__layer2,800_900,3,2,7.4733,5.3233,0.0,0.02
RN50__layer2,800_900,4,2,7.4839,5.3135,0.01,0.03
RN50__layer2,900_1000,0,2,7.4921,5.3195,0.0,0.02
RN50__layer2,900_1000,1,2,7.4668,5.2987,0.005,0.03
RN50__layer2,900_1000,2,2,7.503,5.2869,0.005,0.035
RN50__layer2,900_1000,3,2,7.4726,5.3257,0.0,0.02
RN50__layer2,900_1000,4,2,7.4841,5.3246,0.0,0.035
RN50__layer2__fov,0_100,0,20,6.9166,4.1985,0.065,0.23
RN50__layer2__fov,0_100,1,16,6.9782,4.2258,0.075,0.21
RN50__layer2__fov,0_100,2,20,6.9371,4.1623,0.07,0.23
RN50__layer2__fov,0_100,3,20,6.9786,4.1808,0.06,0.235
RN50__layer2__fov,0_100,4,15,6.9794,4.2476,0.06,0.215
RN50__layer2__fov,100_200,0,44,6.1774,2.8638,0.3,0.65
RN50__layer2__fov,100_200,1,32,6.2608,2.9112,0.29,0.63
RN50__layer2__fov,100_200,2,26,6.2222,2.9548,0.28,0.62
RN50__layer2__fov,100_200,3,36,6.2815,2.9183,0.29,0.615
RN50__layer2__fov,100_200,4,42,6.1838,2.8763,0.32,0.625
RN50__layer2__fov,200_300,0,24,6.5517,3.4048,0.195,0.455
RN50__layer2__fov,200_300,1,26,6.5589,3.3785,0.22,0.465
RN50__layer2__fov,200_300,2,26,6.5204,3.4056,0.205,0.445
RN50__layer2__fov,200_300,3,22,6.5203,3.4515,0.22,0.46
RN50__layer2__fov,200_300,4,27,6.5315,3.3745,0.2,0.45
RN50__layer2__fov,300_400,0,13,7.1003,4.2301,0.1,0.235
RN50__layer2__fov,300_400,1,13,7.0987,4.2183,0.075,0.265
RN50__layer2__fov,300_400,2,14,7.076,4.1535,0.075,0.265
RN50__layer2__fov,300_400,3,11,7.1056,4.3042,0.075,0.245
RN50__layer2__fov,300_400,4,13,7.1203,4.2516,0.085,0.225
RN50__layer2__fov,400_500,0,6,7.4144,4.9482,0.02,0.165
RN50__layer2__fov,400_500,1,8,7.4332,4.9443,0.01,0.085
RN50__layer2__fov,400_500,2,4,7.4214,5.0754,0.01,0.08
RN50__layer2__fov,400_500,3,7,7.3777,4.9184,0.015,0.13
RN50__layer2__fov,400_500,4,5,7.4093,5.0156,0.04,0.105
RN50__layer2__fov,500_600,0,2,7.4708,5.2783,0.02,0.035
RN50__layer2__fov,500_600,1,3,7.4791,5.2235,0.01,0.04
RN50__layer2__fov,500_600,2,2,7.4714,5.2679,0.01,0.025
RN50__layer2__fov,500_600,3,3,7.4635,5.248,0.01,0.05
RN50__layer2__fov,500_600,4,3,7.4659,5.2361,0.01,0.065
RN50__layer2__fov,600_700,0,2,7.4954,5.2916,0.005,0.02
RN50__layer2__fov,600_700,1,2,7.4843,5.2781,0.005,0.02
RN50__layer2__fov,600_700,2,2,7.473,5.2907,0.005,0.03
RN50__layer2__fov,600_700,3,3,7.456,5.246,0.005,0.035
RN50__layer2__fov,600_700,4,2,7.4667,5.2949,0.01,0.03
RN50__layer2__fov,700_800,0,2,7.4763,5.2998,0.0,0.02
RN50__layer2__fov,700_800,1,3,7.4921,5.2745,0.02,0.045
RN50__layer2__fov,700_800,2,2,7.487,5.299,0.0,0.015
RN50__layer2__fov,700_800,3,3,7.4595,5.2561,0.01,0.03
RN50__layer2__fov,700_800,4,2,7.4755,5.2908,0.01,0.04
RN50__layer2__fov,800_900,0,2,7.4825,5.321,0.005,0.015
RN50__layer2__fov,800_900,1,2,7.4751,5.3072,0.005,0.02
RN50__layer2__fov,800_900,2,2,7.485,5.3191,0.005,0.015
RN50__layer2__fov,800_900,3,2,7.4789,5.2886,0.005,0.015
RN50__layer2__fov,800_900,4,2,7.4766,5.3111,0.005,0.035
RN50__layer2__fov,900_1000,0,2,7.4861,5.3188,0.005,0.01
RN50__layer2__fov,900_1000,1,3,7.475,5.2931,0.0,0.02
RN50__layer2__fov,900_1000,2,2,7.5012,5.3073,0.0,0.015
RN50__layer2__fov,900_1000,3,2,7.4765,5.2844,0.01,0.035
RN50__layer2__fov,900_1000,4,2,7.4757,5.3266,0.005,0.02
RN50__layer3,0_100,0,21,7.0366,4.3653,0.05,0.165
RN50__layer3,0_100,1,19,7.099,4.3394,0.07,0.185
RN50__layer3,0_100,2,21,7.0498,4.3386,0.045,0.175
RN50__layer3,0_100,3,24,7.0569,4.3603,0.055,0.185
RN50__layer3,0_100,4,19,7.0687,4.375,0.05,0.165
RN50__layer3,100_200,0,40,6.2179,2.9517,0.3,0.605
RN50__layer3,100_200,1,38,6.2112,2.9619,0.305,0.65
RN50__layer3,100_200,2,36,6.2027,2.9485,0.315,0.63
RN50__layer3,100_200,3,47,6.2471,2.9905,0.315,0.615
RN50__layer3,100_200,4,40,6.2076,2.9378,0.325,0.645
RN50__layer3,200_300,0,26,6.38,3.1785,0.22,0.52
RN50__layer3,200_300,1,26,6.4056,3.1648,0.25,0.54
RN50__layer3,200_300,2,34,6.3582,3.1254,0.24,0.52
RN50__layer3,200_300,3,36,6.3589,3.156,0.25,0.55
RN50__layer3,200_300,4,42,6.4059,3.0897,0.25,0.53
RN50__layer3,300_400,0,19,6.9936,3.9586,0.12,0.31
RN50__layer3,300_400,1,19,6.9465,3.9568,0.12,0.285
RN50__layer3,300_400,2,21,6.9568,3.9488,0.11,0.26
RN50__layer3,300_400,3,18,6.9351,4.0341,0.085,0.275
RN50__layer3,300_400,4,17,7.0031,3.986,0.125,0.285
RN50__layer3,400_500,0,9,7.3785,4.7406,0.04,0.15
RN50__layer3,400_500,1,10,7.3685,4.7029,0.045,0.175
RN50__layer3,400_500,2,7,7.3848,4.8475,0.02,0.08
RN50__layer3,400_500,3,8,7.3565,4.7849,0.025,0.11
RN50__layer3,400_500,4,6,7.3852,4.885,0.01,0.09
RN50__layer3,500_600,0,4,7.4769,5.2914,0.005,0.035
RN50__layer3,500_600,1,3,7.4852,5.2458,0.0,0.035
RN50__layer3,500_600,2,3,7.4818,5.2718,0.0,0.025
RN50__layer3,500_600,3,3,7.4977,5.2482,0.0,0.06
RN50__layer3,500_600,4,3,7.4913,5.2883,0.0,0.01
RN50__layer3,600_700,0,2,7.5047,5.3277,0.0,0.015
RN50__layer3,600_700,1,2,7.4896,5.2864,0.01,0.04
RN50__layer3,600_700,2,2,7.5033,5.3224,0.005,0.015
RN50__layer3,600_700,3,3,7.4868,5.2912,0.005,0.03
RN50__layer3,600_700,4,2,7.5038,5.3377,0.005,0.04
RN50__layer3,700_800,0,3,7.5,5.3435,0.01,0.015
RN50__layer3,700_800,1,2,7.4977,5.2904,0.01,0.045
RN50__layer3,700_800,2,3,7.5015,5.3299,0.005,0.015
RN50__layer3,700_800,3,3,7.5023,5.3223,0.015,0.04
RN50__layer3,700_800,4,2,7.5023,5.3296,0.005,0.03
RN50__layer3,800_900,0,3,7.5032,5.3449,0.0,0.02
RN50__layer3,800_900,1,2,7.4915,5.3107,0.01,0.05
RN50__layer3,800_900,2,2,7.5025,5.339,0.0,0.04
RN50__layer3,800_900,3,3,7.5021,5.3394,0.005,0.025
RN50__layer3,800_900,4,2,7.5028,5.3396,0.0,0.025
RN50__layer3,900_1000,0,3,7.5076,5.3546,0.025,0.04
RN50__layer3,900_1000,1,2,7.5096,5.318,0.01,0.02
RN50__layer3,900_1000,2,2,7.5178,5.3489,0.005,0.03
RN50__layer3,900_1000,3,3,7.5184,5.3405,0.0,0.04
RN50__layer3,900_1000,4,2,7.5041,5.3568,0.0,0.025
RN50__layer3__fov,0_100,0,21,7.035,4.3337,0.06,0.205
RN50__layer3__fov,0_100,1,19,7.0695,4.3754,0.055,0.185
RN50__layer3__fov,0_100,2,27,7.0168,4.2729,0.065,0.225
RN50__layer3__fov,0_100,3,20,7.039,4.3284,0.05,0.19
RN50__layer3__fov,0_100,4,19,7.0738,4.3244,0.065,0.19
RN50__layer3__fov,100_200,0,40,6.2011,2.9085,0.325,0.635
RN50__layer3__fov,100_200,1,38,6.1854,2.9342,0.285,0.655
RN50__layer3__fov,100_200,2,36,6.1889,2.928,0.315,0.63
RN50__layer3__fov,100_200,3,47,6.2176,2.9412,0.32,0.63
RN50__layer3__fov,100_200,4,35,6.1785,2.9405,0.315,0.61
RN50__layer3__fov,200_300,0,26,6.3798,3.1387,0.21,0.54
RN50__layer3__fov,200_300,1,37,6.3845,3.1093,0.25,0.57
RN50__layer3__fov,200_300,2,34,6.3316,3.0888,0.23,0.575
RN50__layer3__fov,200_300,3,40,6.3279,3.0947,0.23,0.565
RN50__layer3__fov,200_300,4,38,6.3947,3.0896,0.24,0.545
RN50__layer3__fov,300_400,0,19,6.9811,3.9562,0.09,0.31
RN50__layer3__fov,300_400,1,19,6.9387,3.9487,0.105,0.315
RN50__layer3__fov,300_400,2,21,6.936,3.9229,0.115,0.325
RN50__layer3__fov,300_400,3,20,6.9302,3.9525,0.085,0.32
RN50__layer3__fov,300_400,4,17,6.9885,3.9659,0.115,0.3
RN50__layer3__fov,400_500,0,9,7.3686,4.7037,0.04,0.165
RN50__layer3__fov,400_500,1,10,7.3846,4.7057,0.035,0.145
RN50__layer3__fov,400_500,2,9,7.3782,4.7414,0.025,0.135
RN50__layer3__fov,400_500,3,10,7.3411,4.7327,0.03,0.145
RN50__layer3__fov,400_500,4,6,7.3935,4.8667,0.035,0.13
RN50__layer3__fov,500_600,0,4,7.4965,5.2466,0.015,0.04
RN50__layer3__fov,500_600,1,3,7.5054,5.245,0.01,0.04
RN50__layer3__fov,500_600,2,3,7.498,5.2513,0.0,0.015
RN50__layer3__fov,500_600,3,3,7.4805,5.2862,0.0,0.035
RN50__layer3__fov,500_600,4,3,7.4939,5.2587,0.0,0.025
RN50__layer3__fov,600_700,0,2,7.5062,5.3113,0.0,0.02
RN50__layer3__fov,600_700,1,2,7.5047,5.2982,0.0,0.02
RN50__layer3__fov,600_700,2,2,7.5137,5.3019,0.005,0.03
RN50__layer3__fov,600_700,3,3,7.4782,5.3222,0.005,0.04
RN50__layer3__fov,600_700,4,2,7.5033,5.3075,0.0,0.02
RN50__layer3__fov,700_800,0,3,7.5178,5.3308,0.01,0.045
RN50__layer3__fov,700_800,1,2,7.5053,5.3198,0.02,0.035
RN50__layer3__fov,700_800,2,3,7.5053,5.3088,0.0,0.035
RN50__layer3__fov,700_800,3,3,7.5013,5.3239,0.0,0.025
RN50__layer3__fov,700_800,4,2,7.4987,5.2827,0.01,0.025
RN50__layer3__fov,800_900,0,3,7.5132,5.3294,0.01,0.035
RN50__layer3__fov,800_900,1,2,7.4981,5.3257,0.0,0.01
RN50__layer3__fov,800_900,2,2,7.5078,5.3086,0.005,0.025
RN50__layer3__fov,800_900,3,3,7.4915,5.3243,0.005,0.025
RN50__layer3__fov,800_900,4,2,7.5167,5.323,0.01,0.055
RN50__layer3__fov,900_1000,0,3,7.5206,5.329,0.015,0.035
RN50__layer3__fov,900_1000,1,2,7.5087,5.3415,0.005,0.015
RN50__layer3__fov,900_1000,2,2,7.5232,5.3296,0.01,0.025
RN50__layer3__fov,900_1000,3,3,7.5032,5.3461,0.0,0.025
RN50__layer3__fov,900_1000,4,2,7.5113,5.3282,0.01,0.045
RN50__layer4,0_100,0,19,7.1929,4.623,0.04,0.125
RN50__layer4,0_100,1,16,7.2092,4.5568,0.05,0.13
RN50__layer4,0_100,2,20,7.1768,4.5719,0.035,0.14
RN50__layer4,0_100,3,20,7.169,4.5946,0.05,0.125
RN50__layer4,0_100,4,14,7.2457,4.5942,0.05,0.145
RN50__layer4,100_200,0,30,6.4982,3.4152,0.195,0.48
RN50__layer4,100_200,1,36,6.4637,3.3933,0.215,0.49
RN50__layer4,100_200,2,32,6.4408,3.3984,0.195,0.495
RN50__layer4,100_200,3,33,6.4634,3.4338,0.2,0.495
RN50__layer4,100_200,4,35,6.4518,3.4161,0.2,0.49
RN50__layer4,200_300,0,29,6.529,3.3027,0.205,0.51
RN50__layer4,200_300,1,34,6.4961,3.2874,0.225,0.53
RN50__layer4,200_300,2,31,6.4907,3.3277,0.2,0.5
RN50__layer4,200_300,3,30,6.4895,3.3249,0.26,0.495
RN50__layer4,200_300,4,28,6.5005,3.3514,0.205,0.5
RN50__layer4,300_400,0,18,6.9847,4.0602,0.105,0.31
RN50__layer4,300_400,1,23,6.9417,4.0005,0.125,0.3
RN50__layer4,300_400,2,23,6.9242,3.989,0.135,0.3
RN50__layer4,300_400,3,18,6.9908,4.0725,0.09,0.3
RN50__layer4,300_400,4,21,6.9987,4.0312,0.13,0.305
RN50__layer4,400_500,0,11,7.3541,4.6641,0.05,0.2
RN50__layer4,400_500,1,10,7.3772,4.6574,0.05,0.195
RN50__layer4,400_500,2,12,7.3698,4.6202,0.055,0.195
RN50__layer4,400_500,3,10,7.3425,4.7154,0.02,0.14
RN50__layer4,400_500,4,10,7.3761,4.6693,0.045,0.21
RN50__layer4,500_600,0,4,7.4868,5.3128,0.01,0.025
RN50__layer4,500_600,1,3,7.5006,5.2543,0.01,0.04
RN50__layer4,500_600,2,3,7.5029,5.2552,0.015,0.045
RN50__layer4,500_600,3,4,7.4966,5.2987,0.0,0.02
RN50__layer4,500_600,4,3,7.5041,5.2994,0.0,0.04
RN50__layer4,600_700,0,3,7.5143,5.3421,0.01,0.035
RN50__layer4,600_700,1,2,7.5204,5.3337,0.015,0.06
RN50__layer4,600_700,2,3,7.5194,5.3176,0.005,0.025
RN50__layer4,600_700,3,3,7.5083,5.3319,0.01,0.035
RN50__layer4,600_700,4,2,7.5164,5.358,0.005,0.04
RN50__layer4,700_800,0,3,7.5174,5.3375,0.005,0.01
RN50__layer4,700_800,1,3,7.5145,5.3228,0.005,0.04
RN50__layer4,700_800,2,3,7.5248,5.3288,0.005,0.05
RN50__layer4,700_800,3,3,7.5032,5.3537,0.005,0.035
RN50__layer4,700_800,4,3,7.512,5.3701,0.0,0.015
RN50__layer4,800_900,0,3,7.5227,5.3767,0.0,0.015
RN50__layer4,800_900,1,2,7.5214,5.3445,0.005,0.035
RN50__layer4,800_900,2,3,7.5167,5.3386,0.01,0.02
RN50__layer4,800_900,3,2,7.521,5.3744,0.01,0.025
RN50__layer4,800_900,4,3,7.511,5.3815,0.005,0.02
RN50__layer4,900_1000,0,3,7.5195,5.3588,0.005,0.015
RN50__layer4,900_1000,1,2,7.5342,5.3704,0.01,0.025
RN50__layer4,900_1000,2,3,7.5294,5.3769,0.0,0.035
RN50__layer4,900_1000,3,2,7.5251,5.3578,0.005,0.025
RN50__layer4,900_1000,4,2,7.5323,5.3827,0.0,0.025
RN50__layer4__fov,0_100,0,15,7.1919,4.5691,0.04,0.15
RN50__layer4__fov,0_100,1,19,7.189,4.506,0.045,0.155
RN50__layer4__fov,0_100,2,20,7.1476,4.5517,0.025,0.17
RN50__layer4__fov,0_100,3,20,7.157,4.5422,0.035,0.175
RN50__layer4__fov,0_100,4,16,7.2161,4.5434,0.03,0.185
RN50__layer4__fov,100_200,0,32,6.4417,3.3313,0.195,0.53
RN50__layer4__fov,100_200,1,37,6.4159,3.3346,0.215,0.515
RN50__layer4__fov,100_200,2,32,6.4131,3.3935,0.2,0.515
RN50__layer4__fov,100_200,3,33,6.4602,3.3804,0.22,0.51
RN50__layer4__fov,100_200,4,35,6.4459,3.342,0.225,0.505
RN50__layer4__fov,200_300,0,29,6.4751,3.2999,0.18,0.52
RN50__layer4__fov,200_300,1,37,6.4519,3.2539,0.215,0.5
RN50__layer4__fov,200_300,2,30,6.4527,3.2912,0.235,0.52
RN50__layer4__fov,200_300,3,27,6.4549,3.3318,0.2,0.515
RN50__layer4__fov,200_300,4,25,6.4882,3.3478,0.19,0.47
RN50__layer4__fov,300_400,0,20,6.9563,4.0227,0.12,0.335
RN50__layer4__fov,300_400,1,20,6.9353,4.0388,0.115,0.295
RN50__layer4__fov,300_400,2,24,6.9097,3.9349,0.135,0.325
RN50__layer4__fov,300_400,3,23,6.942,3.9977,0.135,0.32
RN50__layer4__fov,300_400,4,20,7.0017,3.9974,0.105,0.315
RN50__layer4__fov,400_500,0,10,7.3568,4.673,0.05,0.195
RN50__layer4__fov,400_500,1,8,7.3498,4.6863,0.04,0.18
RN50__layer4__fov,400_500,2,10,7.3622,4.6286,0.045,0.22
RN50__layer4__fov,400_500,3,12,7.3601,4.6608,0.025,0.195
RN50__layer4__fov,400_500,4,10,7.3805,4.6465,0.035,0.205
RN50__layer4__fov,500_600,0,4,7.4839,5.3037,0.005,0.035
RN50__layer4__fov,500_600,1,3,7.4596,5.2545,0.0,0.02
RN50__layer4__fov,500_600,2,3,7.5009,5.2711,0.005,0.04
RN50__layer4__fov,500_600,3,3,7.4822,5.2968,0.005,0.055
RN50__layer4__fov,500_600,4,3,7.5046,5.2677,0.0,0.05
RN50__layer4__fov,600_700,0,2,7.4985,5.322,0.0,0.02
RN50__layer4__fov,600_700,1,2,7.4747,5.309,0.005,0.025
RN50__layer4__fov,600_700,2,3,7.5031,5.3441,0.005,0.02
RN50__layer4__fov,600_700,3,3,7.4987,5.3203,0.015,0.04
RN50__layer4__fov,600_700,4,3,7.5223,5.3328,0.01,0.035
RN50__layer4__fov,700_800,0,3,7.5009,5.3423,0.0,0.025
RN50__layer4__fov,700_800,1,3,7.4749,5.2965,0.0,0.04
RN50__layer4__fov,700_800,2,3,7.5079,5.3328,0.005,0.03
RN50__layer4__fov,700_800,3,2,7.4969,5.3372,0.005,0.04
RN50__layer4__fov,700_800,4,3,7.5123,5.3142,0.015,0.025
RN50__layer4__fov,800_900,0,3,7.5139,5.3835,0.0,0.035
RN50__layer4__fov,800_900,1,3,7.4817,5.3537,0.01,0.04
RN50__layer4__fov,800_900,2,3,7.5155,5.3499,0.005,0.025
RN50__layer4__fov,800_900,3,2,7.4886,5.3578,0.01,0.03
RN50__layer4__fov,800_900,4,3,7.5076,5.3712,0.01,0.04
RN50__layer4__fov,900_1000,0,3,7.5065,5.354,0.005,0.02
RN50__layer4__fov,900_1000,1,3,7.4924,5.3746,0.0,0.015
RN50__layer4__fov,900_1000,2,3,7.5185,5.3423,0.01,0.045
RN50__layer4__fov,900_1000,3,2,7.5211,5.3524,0.015,0.045
RN50__layer4__fov,900_1000,4,3,7.5267,5.345,0.01,0.05
RN50__stem,0_100,0,29,7.1249,4.5493,0.035,0.215
RN50__stem,0_100,1,12,7.2259,4.7318,0.035,0.115
RN50__stem,0_100,2,26,7.1764,4.5856,0.045,0.175
RN50__stem,0_100,3,17,7.2082,4.6564,0.015,0.135
RN50__stem,0_100,4,28,7.1614,4.565,0.045,0.17
RN50__stem,100_200,0,33,6.7946,3.9261,0.085,0.315
RN50__stem,100_200,1,26,6.8516,4.0441,0.1,0.285
RN50__stem,100_200,2,35,6.7835,4.0128,0.09,0.305
RN50__stem,100_200,3,31,6.7998,4.0181,0.085,0.305
RN50__stem,100_200,4,39,6.7711,3.9485,0.085,0.345
RN50__stem,200_300,0,29,7.0349,4.3885,0.06,0.215
RN50__stem,200_300,1,26,7.0647,4.3644,0.06,0.215
RN50__stem,200_300,2,28,7.0227,4.3702,0.07,0.19
RN50__stem,200_300,3,29,6.9944,4.3717,0.07,0.185
RN50__stem,200_300,4,29,6.983,4.4045,0.07,0.18
RN50__stem,300_400,0,11,7.3012,4.8952,0.04,0.12
RN50__stem,300_400,1,12,7.3175,4.8976,0.015,0.09
RN50__stem,300_400,2,15,7.2932,4.7965,0.035,0.12
RN50__stem,300_400,3,11,7.2933,4.9206,0.03,0.11
RN50__stem,300_400,4,11,7.3093,4.9504,0.015,0.095
RN50__stem,400_500,0,10,7.4421,5.2213,0.01,0.07
RN50__stem,400_500,1,10,7.4422,5.2167,0.0,0.05
RN50__stem,400_500,2,10,7.4598,5.2171,0.005,0.04
RN50__stem,400_500,3,10,7.4454,5.2238,0.005,0.04
RN50__stem,400_500,4,8,7.4427,5.2493,0.01,0.02
RN50__stem,500_600,0,11,7.4754,5.2673,0.02,0.05
RN50__stem,500_600,1,8,7.473,5.2721,0.005,0.025
RN50__stem,500_600,2,10,7.4886,5.2733,0.0,0.015
RN50__stem,500_600,3,8,7.4818,5.2812,0.005,0.03
RN50__stem,500_600,4,9,7.4754,5.2678,0.005,0.045
RN50__stem,600_700,0,9,7.482,5.2843,0.005,0.03
RN50__stem,600_700,1,8,7.4796,5.2958,0.005,0.03
RN50__stem,600_700,2,10,7.4869,5.2955,0.005,0.025
RN50__stem,600_700,3,10,7.4805,5.296,0.0,0.02
RN50__stem,600_700,4,9,7.4771,5.2949,0.01,0.03
RN50__stem,700_800,0,10,7.4904,5.2864,0.01,0.045
RN50__stem,700_800,1,8,7.4878,5.2951,0.005,0.025
RN50__stem,700_800,2,10,7.484,5.3153,0.005,0.025
RN50__stem,700_800,3,8,7.4927,5.3033,0.005,0.025
RN50__stem,700_800,4,9,7.4922,5.2986,0.005,0.035
RN50__stem,800_900,0,10,7.4898,5.299,0.02,0.025
RN50__stem,800_900,1,8,7.4948,5.3108,0.0,0.02
RN50__stem,800_900,2,8,7.4976,5.3006,0.0,0.03
RN50__stem,800_900,3,8,7.4924,5.3066,0.0,0.03
RN50__stem,800_900,4,9,7.4809,5.3127,0.005,0.02
RN50__stem,900_1000,0,9,7.4892,5.2914,0.005,0.04
RN50__stem,900_1000,1,11,7.5055,5.2958,0.005,0.025
RN50__stem,900_1000,2,10,7.4974,5.331,0.0,0.015
RN50__stem,900_1000,3,8,7.5008,5.3231,0.005,0.025
RN50__stem,900_1000,4,9,7.4883,5.314,0.005,0.02
RN50__stem__fov,0_100,0,29,7.1107,4.448,0.045,0.205
RN50__stem__fov,0_100,1,28,7.1844,4.4898,0.035,0.195
RN50__stem__fov,0_100,2,28,7.127,4.4946,0.06,0.17
RN50__stem__fov,0_100,3,23,7.1772,4.5336,0.025,0.16
RN50__stem__fov,0_100,4,28,7.1191,4.5268,0.04,0.175
RN50__stem__fov,100_200,0,39,6.7435,3.8415,0.1,0.335
RN50__stem__fov,100_200,1,31,6.8032,3.8862,0.11,0.32
RN50__stem__fov,100_200,2,33,6.743,3.9227,0.12,0.315
RN50__stem__fov,100_200,3,42,6.7821,3.8817,0.1,0.335
RN50__stem__fov,100_200,4,39,6.7513,3.8857,0.11,0.345
RN50__stem__fov,200_300,0,30,6.9969,4.309,0.07,0.22
RN50__stem__fov,200_300,1,26,7.0251,4.3522,0.06,0.215
RN50__stem__fov,200_300,2,30,6.9948,4.3061,0.075,0.22
RN50__stem__fov,200_300,3,29,6.9547,4.3315,0.08,0.22
RN50__stem__fov,200_300,4,26,6.9544,4.3588,0.075,0.19
RN50__stem__fov,300_400,0,11,7.3063,4.8909,0.03,0.11
RN50__stem__fov,300_400,1,11,7.3099,4.8935,0.025,0.115
RN50__stem__fov,300_400,2,15,7.2808,4.7925,0.025,0.135
RN50__stem__fov,300_400,3,12,7.2927,4.8792,0.025,0.095
RN50__stem__fov,300_400,4,11,7.3142,4.9333,0.02,0.085
RN50__stem__fov,400_500,0,10,7.4421,5.212,0.015,0.055
RN50__stem__fov,400_500,1,10,7.4413,5.2249,0.0,0.035
RN50__stem__fov,400_500,2,9,7.4489,5.2233,0.005,0.045
RN50__stem__fov,400_500,3,10,7.4443,5.2205,0.0,0.04
RN50__stem__fov,400_500,4,9,7.4489,5.2241,0.005,0.035
RN50__stem__fov,500_600,0,11,7.4794,5.2666,0.005,0.025
RN50__stem__fov,500_600,1,8,7.477,5.2598,0.01,0.03
RN50__stem__fov,500_600,2,10,7.4886,5.274,0.0,0.03
RN50__stem__fov,500_600,3,10,7.4863,5.2615,0.005,0.035
RN50__stem__fov,500_600,4,9,7.4651,5.2747,0.005,0.035
RN50__stem__fov,600_700,0,9,7.4879,5.291,0.005,0.05
RN50__stem__fov,600_700,1,8,7.4806,5.2949,0.0,0.025
RN50__stem__fov,600_700,2,10,7.4823,5.3065,0.005,0.035
RN50__stem__fov,600_700,3,10,7.4812,5.2931,0.0,0.02
RN50__stem__fov,600_700,4,9,7.4844,5.3027,0.005,0.03
RN50__stem__fov,700_800,0,10,7.5015,5.3014,0.005,0.035
RN50__stem__fov,700_800,1,10,7.4966,5.2953,0.005,0.025
RN50__stem__fov,700_800,2,10,7.4787,5.2966,0.005,0.045
RN50__stem__fov,700_800,3,10,7.4918,5.2989,0.005,0.03
RN50__stem__fov,700_800,4,9,7.4918,5.3081,0.005,0.03
RN50__stem__fov,800_900,0,10,7.4886,5.2936,0.005,0.035
RN50__stem__fov,800_900,1,9,7.4929,5.3033,0.0,0.015
RN50__stem__fov,800_900,2,8,7.492,5.3196,0.0,0.03
RN50__stem__fov,800_900,3,8,7.4924,5.305,0.0,0.02
RN50__stem__fov,800_900,4,9,7.4832,5.3052,0.005,0.03
RN50__stem__fov,900_1000,0,10,7.5052,5.3039,0.015,0.035
RN50__stem__fov,900_1000,1,11,7.4986,5.3028,0.0,0.02
RN50__stem__fov,900_1000,2,10,7.4907,5.3294,0.01,0.04
RN50__stem__fov,900_1000,3,8,7.4951,5.3072,0.005,0.025
RN50__stem__fov,900_1000,4,9,7.4836,5.3159,0.005,0.02
ViT-B-16__block10,0_100,0,15,7.2405,4.7085,0.035,0.105
ViT-B-16__block10,0_100,1,12,7.2553,4.7178,0.02,0.09
ViT-B-16__block10,0_100,2,16,7.2522,4.6772,0.025,0.1
ViT-B-16__block10,0_100,3,14,7.2568,4.6879,0.015,0.105
ViT-B-16__block10,0_100,4,14,7.2356,4.6296,0.025,0.115
ViT-B-16__block10,100_200,0,26,6.6492,3.6394,0.145,0.4
ViT-B-16__block10,100_200,1,23,6.6301,3.6791,0.125,0.38
ViT-B-16__block10,100_200,2,23,6.6048,3.6931,0.14,0.37
ViT-B-16__block10,100_200,3,25,6.6549,3.6358,0.155,0.385
ViT-B-16__block10,100_200,4,25,6.6207,3.6501,0.175,0.375
ViT-B-16__block10,200_300,0,18,6.6437,3.6456,0.15,0.4
ViT-B-16__block10,200_300,1,26,6.6377,3.5759,0.195,0.41
ViT-B-16__block10,200_300,2,24,6.61,3.5944,0.2,0.385
ViT-B-16__block10,200_300,3,19,6.6406,3.6651,0.155,0.405
ViT-B-16__block10,200_300,4,25,6.5976,3.613,0.185,0.415
ViT-B-16__block10,300_400,0,18,7.0465,4.1181,0.105,0.305
ViT-B-16__block10,300_400,1,16,7.0018,4.1931,0.11,0.285
ViT-B-16__block10,300_400,2,24,6.9742,4.1281,0.145,0.305
ViT-B-16__block10,300_400,3,18,7.0234,4.1938,0.085,0.265
ViT-B-16__block10,300_400,4,18,7.0566,4.1785,0.105,0.27
ViT-B-16__block10,400_500,0,10,7.3631,4.7398,0.05,0.135
ViT-B-16__block10,400_500,1,9,7.3674,4.7476,0.025,0.155
ViT-B-16__block10,400_500,2,7,7.3948,4.8375,0.035,0.125
ViT-B-16__block10,400_500,3,8,7.37,4.7876,0.045,0.15
ViT-B-16__block10,400_500,4,6,7.3902,4.857,0.03,0.115
ViT-B-16__block10,500_600,0,4,7.4847,5.266,0.005,0.03
ViT-B-16__block10,500_600,1,4,7.4746,5.2494,0.005,0.04
ViT-B-16__block10,500_600,2,3,7.4952,5.2697,0.0,0.045
ViT-B-16__block10,500_600,3,3,7.4895,5.2221,0.02,0.06
ViT-B-16__block10,500_600,4,3,7.4914,5.2851,0.005,0.03
ViT-B-16__block10,600_700,0,3,7.4901,5.3045,0.015,0.03
ViT-B-16__block10,600_700,1,3,7.4887,5.2625,0.01,0.045
ViT-B-16__block10,600_700,2,3,7.5142,5.31,0.01,0.03
ViT-B-16__block10,600_700,3,2,7.497,5.2901,0.005,0.035
ViT-B-16__block10,600_700,4,3,7.4964,5.2887,0.015,0.045
ViT-B-16__block10,700_800,0,3,7.4888,5.3056,0.0,0.02
ViT-B-16__block10,700_800,1,3,7.4898,5.299,0.005,0.035
ViT-B-16__block10,700_800,2,3,7.5151,5.3409,0.01,0.03
ViT-B-16__block10,700_800,3,2,7.4844,5.3123,0.0,0.03
ViT-B-16__block10,700_800,4,3,7.4926,5.3296,0.005,0.02
ViT-B-16__block10,800_900,0,3,7.5004,5.3123,0.0,0.025
ViT-B-16__block10,800_900,1,2,7.491,5.2991,0.005,0.02
ViT-B-16__block10,800_900,2,3,7.5213,5.3255,0.025,0.08
ViT-B-16__block10,800_900,3,2,7.49,5.3236,0.0,0.035
ViT-B-16__block10,800_900,4,3,7.4921,5.3418,0.025,0.045
ViT-B-16__block10,900_1000,0,3,7.5181,5.316,0.0,0.015
ViT-B-16__block10,900_1000,1,3,7.485,5.3181,0.005,0.035
ViT-B-16__block10,900_1000,2,3,7.5186,5.3735,0.02,0.04
ViT-B-16__block10,900_1000,3,2,7.4966,5.3305,0.0,0.045
ViT-B-16__block10,900_1000,4,3,7.4859,5.3362,0.0,0.02
ViT-B-16__block10__fov,0_100,0,13,7.2371,4.6737,0.025,0.135
ViT-B-16__block10__fov,0_100,1,16,7.2382,4.6575,0.02,0.125
ViT-B-16__block10__fov,0_100,2,16,7.2227,4.6178,0.02,0.115
ViT-B-16__block10__fov,0_100,3,15,7.2467,4.5935,0.045,0.13
ViT-B-16__block10__fov,0_100,4,14,7.2401,4.6353,0.025,0.1
ViT-B-16__block10__fov,100_200,0,27,6.6288,3.534,0.165,0.42
ViT-B-16__block10__fov,100_200,1,23,6.5968,3.6189,0.14,0.385
ViT-B-16__block10__fov,100_200,2,26,6.5844,3.6006,0.15,0.38
ViT-B-16__block10__fov,100_200,3,27,6.6008,3.548,0.12,0.4
ViT-B-16__block10__fov,100_200,4,27,6.5634,3.5497,0.145,0.415
ViT-B-16__block10__fov,200_300,0,20,6.6344,3.5813,0.195,0.435
ViT-B-16__block10__fov,200_300,1,26,6.6061,3.4982,0.19,0.415
ViT-B-16__block10__fov,200_300,2,25,6.6123,3.5322,0.195,0.425
ViT-B-16__block10__fov,200_300,3,23,6.6061,3.5256,0.2,0.425
ViT-B-16__block10__fov,200_300,4,25,6.6057,3.5275,0.195,0.445
ViT-B-16__block10__fov,300_400,0,16,7.0475,4.1422,0.115,0.27
ViT-B-16__block10__fov,300_400,1,19,6.9909,4.0812,0.13,0.285
ViT-B-16__block10__fov,300_400,2,18,6.9778,4.1343,0.065,0.26
ViT-B-16__block10__fov,300_400,3,21,7.0112,4.074,0.085,0.29
ViT-B-16__block10__fov,300_400,4,18,7.0267,4.0922,0.105,0.27
ViT-B-16__block10__fov,400_500,0,8,7.3596,4.7727,0.04,0.125
ViT-B-16__block10__fov,400_500,1,9,7.3852,4.7422,0.045,0.185
ViT-B-16__block10__fov,400_500,2,7,7.3909,4.8304,0.04,0.105
ViT-B-16__block10__fov,400_500,3,8,7.3568,4.7916,0.035,0.14
ViT-B-16__block10__fov,400_500,4,7,7.3863,4.8348,0.02,0.095
ViT-B-16__block10__fov,500_600,0,3,7.48,5.3034,0.005,0.045
ViT-B-16__block10__fov,500_600,1,3,7.4814,5.2657,0.005,0.045
ViT-B-16__block10__fov,500_600,2,3,7.4815,5.2687,0.01,0.035
ViT-B-16__block10__fov,500_600,3,3,7.4864,5.2562,0.01,0.045
ViT-B-16__block10__fov,500_600,4,3,7.5051,5.25,0.005,0.035
ViT-B-16__block10__fov,600_700,0,2,7.4934,5.3548,0.005,0.01
ViT-B-16__block10__fov,600_700,1,2,7.5037,5.2909,0.0,0.015
ViT-B-16__block10__fov,600_700,2,2,7.5069,5.3221,0.01,0.03
ViT-B-16__block10__fov,600_700,3,2,7.5006,5.3117,0.005,0.02
ViT-B-16__block10__fov,600_700,4,2,7.4956,5.3006,0.01,0.03
ViT-B-16__block10__fov,700_800,0,2,7.5047,5.3458,0.01,0.03
ViT-B-16__block10__fov,700_800,1,3,7.5092,5.2879,0.005,0.025
ViT-B-16__block10__fov,700_800,2,3,7.4965,5.3388,0.005,0.01
ViT-B-16__block10__fov,700_800,3,3,7.5133,5.3164,0.005,0.035
ViT-B-16__block10__fov,700_800,4,3,7.5067,5.2768,0.015,0.03
ViT-B-16__block10__fov,800_900,0,2,7.5016,5.3542,0.005,0.02
ViT-B-16__block10__fov,800_900,1,3,7.5016,5.3099,0.005,0.015
ViT-B-16__block10__fov,800_900,2,2,7.5113,5.3278,0.015,0.035
ViT-B-16__block10__fov,800_900,3,2,7.5154,5.3275,0.015,0.045
ViT-B-16__block10__fov,800_900,4,3,7.5079,5.3199,0.015,0.04
ViT-B-16__block10__fov,900_1000,0,2,7.5115,5.3651,0.005,0.025
ViT-B-16__block10__fov,900_1000,1,3,7.5173,5.3312,0.005,0.035
ViT-B-16__block10__fov,900_1000,2,2,7.5108,5.3666,0.005,0.025
ViT-B-16__block10__fov,900_1000,3,2,7.5167,5.3472,0.005,0.035
ViT-B-16__block10__fov,900_1000,4,2,7.5102,5.3304,0.01,0.04
ViT-B-16__block12,0_100,0,12,7.3229,4.9009,0.04,0.125
ViT-B-16__block12,0_100,1,12,7.3721,4.9174,0.04,0.1
ViT-B-16__block12,0_100,2,13,7.3548,4.8659,0.025,0.11
ViT-B-16__block12,0_100,3,12,7.3334,4.8833,0.03,0.12
ViT-B-16__block12,0_100,4,10,7.3661,4.9008,0.03,0.115
ViT-B-16__block12,100_200,0,21,6.862,3.954,0.1,0.345
ViT-B-16__block12,100_200,1,20,6.8693,3.9601,0.095,0.325
ViT-B-16__block12,100_200,2,23,6.8034,3.9917,0.12,0.335
ViT-B-16__block12,100_200,3,22,6.8357,3.9759,0.125,0.34
ViT-B-16__block12,100_200,4,19,6.8362,3.9526,0.12,0.33
ViT-B-16__block12,200_300,0,18,6.8008,3.8899,0.13,0.32
ViT-B-16__block12,200_300,1,19,6.8127,3.8627,0.135,0.325
ViT-B-16__block12,200_300,2,21,6.7739,3.8493,0.13,0.34
ViT-B-16__block12,200_300,3,19,6.7908,3.8517,0.1,0.32
ViT-B-16__block12,200_300,4,25,6.7806,3.8342,0.135,0.33
ViT-B-16__block12,300_400,0,18,7.1024,4.3911,0.055,0.21
ViT-B-16__block12,300_400,1,20,7.0742,4.3664,0.09,0.22
ViT-B-16__block12,300_400,2,22,7.0481,4.3675,0.085,0.225
ViT-B-16__block12,300_400,3,18,7.1304,4.3646,0.085,0.215
ViT-B-16__block12,300_400,4,17,7.1258,4.3839,0.09,0.23
ViT-B-16__block12,400_500,0,10,7.3993,4.8483,0.05,0.105
ViT-B-16__block12,400_500,1,8,7.4178,4.9,0.035,0.115
ViT-B-16__block12,400_500,2,9,7.3949,4.8247,0.05,0.145
ViT-B-16__block12,400_500,3,10,7.4177,4.8311,0.02,0.115
ViT-B-16__block12,400_500,4,6,7.4109,4.9063,0.02,0.075
ViT-B-16__block12,500_600,0,3,7.5196,5.3796,0.01,0.025
ViT-B-16__block12,500_600,1,3,7.5011,5.3155,0.0,0.02
ViT-B-16__block12,500_600,2,3,7.5028,5.2977,0.01,0.04
ViT-B-16__block12,500_600,3,3,7.5196,5.3401,0.01,0.04
ViT-B-16__block12,500_600,4,3,7.4872,5.3087,0.0,0.03
ViT-B-16__block12,600_700,0,3,7.5297,5.3841,0.005,0.03
ViT-B-16__block12,600_700,1,2,7.5143,5.3499,0.0,0.025
ViT-B-16__block12,600_700,2,2,7.5009,5.3402,0.01,0.035
ViT-B-16__block12,600_700,3,3,7.5365,5.3536,0.005,0.03
ViT-B-16__block12,600_700,4,3,7.5071,5.3675,0.0,0.01
ViT-B-16__block12,700_800,0,3,7.5331,5.3961,0.0,0.005
ViT-B-16__block12,700_800,1,3,7.5186,5.3472,0.005,0.02
ViT-B-16__block12,700_800,2,3,7.5258,5.319,0.005,0.01
ViT-B-16__block12,700_800,3,3,7.5421,5.3445,0.005,0.025
ViT-B-16__block12,700_800,4,3,7.5018,5.3538,0.015,0.03
ViT-B-16__block12,800_900,0,3,7.5365,5.3955,0.0,0.02
ViT-B-16__block12,800_900,1,2,7.5219,5.3661,0.005,0.025
ViT-B-16__block12,800_900,2,2,7.5301,5.3261,0.01,0.025
ViT-B-16__block12,800_900,3,3,7.5396,5.3549,0.005,0.05
ViT-B-16__block12,800_900,4,3,7.5147,5.3696,0.0,0.025
ViT-B-16__block12,900_1000,0,3,7.5472,5.4278,0.0,0.015
ViT-B-16__block12,900_1000,1,2,7.5208,5.3849,0.005,0.03
ViT-B-16__block12,900_1000,2,2,7.5384,5.3411,0.01,0.025
ViT-B-16__block12,900_1000,3,3,7.5452,5.3688,0.0,0.03
ViT-B-16__block12,900_1000,4,3,7.5132,5.3866,0.01,0.025
ViT-B-16__block12__fov,0_100,0,12,7.3155,4.9058,0.015,0.11
ViT-B-16__block12__fov,0_100,1,12,7.3656,4.8861,0.03,0.12
ViT-B-16__block12__fov,0_100,2,15,7.3565,4.8868,0.025,0.1
ViT-B-16__block12__fov,0_100,3,12,7.3423,4.9163,0.01,0.095
ViT-B-16__block12__fov,0_100,4,10,7.3627,4.8607,0.025,0.13
ViT-B-16__block12__fov,100_200,0,21,6.859,3.9286,0.105,0.34
ViT-B-16__block12__fov,100_200,1,20,6.8486,3.9516,0.115,0.355
ViT-B-16__block12__fov,100_200,2,21,6.8115,3.9575,0.125,0.315
ViT-B-16__block12__fov,100_200,3,23,6.8496,3.945,0.145,0.34
ViT-B-16__block12__fov,100_200,4,23,6.8254,3.9591,0.1,0.34
ViT-B-16__block12__fov,200_300,0,20,6.8098,3.7936,0.14,0.35
ViT-B-16__block12__fov,200_300,1,20,6.7973,3.7967,0.125,0.36
ViT-B-16__block12__fov,200_300,2,21,6.7758,3.8264,0.14,0.32
ViT-B-16__block12__fov,200_300,3,22,6.7618,3.7642,0.165,0.385
ViT-B-16__block12__fov,200_300,4,22,6.7932,3.7899,0.13,0.39
ViT-B-16__block12__fov,300_400,0,18,7.1137,4.4077,0.07,0.185
ViT-B-16__block12__fov,300_400,1,18,7.1,4.4122,0.075,0.205
ViT-B-16__block12__fov,300_400,2,22,7.0632,4.3355,0.095,0.21
ViT-B-16__block12__fov,300_400,3,17,7.1206,4.3985,0.06,0.25
ViT-B-16__block12__fov,300_400,4,15,7.1187,4.3922,0.09,0.2
ViT-B-16__block12__fov,400_500,0,9,7.4096,4.8647,0.025,0.095
ViT-B-16__block12__fov,400_500,1,10,7.3916,4.8128,0.04,0.13
ViT-B-16__block12__fov,400_500,2,10,7.393,4.8167,0.03,0.155
ViT-B-16__block12__fov,400_500,3,10,7.4115,4.8108,0.01,0.1
ViT-B-16__block12__fov,400_500,4,6,7.4241,4.9218,0.015,0.085
ViT-B-16__block12__fov,500_600,0,3,7.4931,5.2861,0.01,0.035
ViT-B-16__block12__fov,500_600,1,3,7.5011,5.298,0.01,0.045
ViT-B-16__block12__fov,500_600,2,3,7.4961,5.2651,0.0,0.03
ViT-B-16__block12__fov,500_600,3,3,7.5119,5.2976,0.01,0.025
ViT-B-16__block12__fov,500_600,4,4,7.5057,5.3073,0.01,0.04
ViT-B-16__block12__fov,600_700,0,3,7.5167,5.3296,0.01,0.035
ViT-B-16__block12__fov,600_700,1,2,7.5173,5.3161,0.005,0.035
ViT-B-16__block12__fov,600_700,2,2,7.5035,5.3237,0.015,0.035
ViT-B-16__block12__fov,600_700,3,3,7.5246,5.3117,0.0,0.02
ViT-B-16__block12__fov,600_700,4,3,7.5261,5.3351,0.01,0.02
ViT-B-16__block12__fov,700_800,0,3,7.516,5.3463,0.01,0.05
ViT-B-16__block12__fov,700_800,1,2,7.5122,5.3226,0.005,0.035
ViT-B-16__block12__fov,700_800,2,3,7.5114,5.3231,0.0,0.015
ViT-B-16__block12__fov,700_800,3,3,7.5224,5.3251,0.005,0.015
ViT-B-16__block12__fov,700_800,4,3,7.5247,5.3504,0.01,0.045
ViT-B-16__block12__fov,800_900,0,3,7.5283,5.3336,0.01,0.035
ViT-B-16__block12__fov,800_900,1,2,7.5176,5.3525,0.005,0.03
ViT-B-16__block12__fov,800_900,2,2,7.5112,5.3492,0.01,0.03
ViT-B-16__block12__fov,800_900,3,3,7.5246,5.3445,0.0,0.0
ViT-B-16__block12__fov,800_900,4,3,7.5212,5.3604,0.005,0.02
ViT-B-16__block12__fov,900_1000,0,3,7.5348,5.3501,0.01,0.035
ViT-B-16__block12__fov,900_1000,1,2,7.525,5.3601,0.005,0.02
ViT-B-16__block12__fov,900_1000,2,2,7.5231,5.3655,0.005,0.025
ViT-B-16__block12__fov,900_1000,3,3,7.5418,5.3434,0.0,0.005
ViT-B-16__block12__fov,900_1000,4,3,7.5384,5.3549,0.01,0.035
ViT-B-16__block2,0_100,0,18,6.8752,4.1674,0.08,0.21
ViT-B-16__block2,0_100,1,17,6.9609,4.1426,0.085,0.21
ViT-B-16__block2,0_100,2,25,6.8639,4.0823,0.08,0.25
ViT-B-16__block2,0_100,3,23,6.907,4.131,0.08,0.225
ViT-B-16__block2,0_100,4,20,6.9103,4.165,0.07,0.21
ViT-B-16__block2,100_200,0,30,6.3837,3.251,0.175,0.48
ViT-B-16__block2,100_200,1,30,6.4412,3.2632,0.145,0.505
ViT-B-16__block2,100_200,2,32,6.3784,3.2153,0.17,0.49
ViT-B-16__block2,100_200,3,26,6.3988,3.2771,0.165,0.505
ViT-B-16__block2,100_200,4,27,6.3536,3.2626,0.16,0.465
ViT-B-16__block2,200_300,0,23,6.7756,3.8792,0.11,0.32
ViT-B-16__block2,200_300,1,22,6.7622,3.8827,0.105,0.34
ViT-B-16__block2,200_300,2,21,6.7058,3.8759,0.13,0.335
ViT-B-16__block2,200_300,3,22,6.7072,3.8869,0.11,0.31
ViT-B-16__block2,200_300,4,22,6.6911,3.8879,0.115,0.315
ViT-B-16__block2,300_400,0,11,7.1964,4.4615,0.07,0.18
ViT-B-16__block2,300_400,1,12,7.1988,4.4531,0.065,0.17
ViT-B-16__block2,300_400,2,11,7.1411,4.5188,0.045,0.14
ViT-B-16__block2,300_400,3,12,7.1691,4.4507,0.055,0.165
ViT-B-16__block2,300_400,4,12,7.1837,4.4173,0.075,0.155
ViT-B-16__block2,400_500,0,4,7.4025,5.13,0.01,0.06
ViT-B-16__block2,400_500,1,3,7.4241,5.1908,0.015,0.055
ViT-B-16__block2,400_500,2,4,7.427,5.1433,0.045,0.105
ViT-B-16__block2,400_500,3,4,7.4004,5.1478,0.015,0.055
ViT-B-16__block2,400_500,4,3,7.4212,5.172,0.005,0.04
ViT-B-16__block2,500_600,0,3,7.439,5.2701,0.0,0.045
ViT-B-16__block2,500_600,1,3,7.4575,5.2697,0.005,0.02
ViT-B-16__block2,500_600,2,3,7.4593,5.2658,0.005,0.05
ViT-B-16__block2,500_600,3,3,7.4483,5.2693,0.005,0.05
ViT-B-16__block2,500_600,4,3,7.4562,5.2441,0.005,0.035
ViT-B-16__block2,600_700,0,2,7.4542,5.2947,0.0,0.035
ViT-B-16__block2,600_700,1,3,7.4477,5.2942,0.0,0.02
ViT-B-16__block2,600_700,2,2,7.4677,5.295,0.015,0.04
ViT-B-16__block2,600_700,3,2,7.4555,5.2933,0.005,0.035
ViT-B-16__block2,600_700,4,3,7.4492,5.2727,0.01,0.045
ViT-B-16__block2,700_800,0,2,7.4606,5.2898,0.025,0.04
ViT-B-16__block2,700_800,1,3,7.4616,5.3017,0.015,0.035
ViT-B-16__block2,700_800,2,3,7.4737,5.3242,0.01,0.015
ViT-B-16__block2,700_800,3,2,7.4581,5.2968,0.0,0.015
ViT-B-16__block2,700_800,4,2,7.4638,5.3002,0.005,0.02
ViT-B-16__block2,800_900,0,2,7.4698,5.313,0.01,0.02
ViT-B-16__block2,800_900,1,2,7.4608,5.3054,0.0,0.025
ViT-B-16__block2,800_900,2,2,7.4775,5.3279,0.005,0.04
ViT-B-16__block2,800_900,3,2,7.4537,5.303,0.0,0.02
ViT-B-16__block2,800_900,4,3,7.4528,5.3205,0.01,0.03
ViT-B-16__block2,900_1000,0,2,7.4667,5.3156,0.01,0.015
ViT-B-16__block2,900_1000,1,2,7.4641,5.3094,0.0,0.02
ViT-B-16__block2,900_1000,2,3,7.4654,5.3346,0.005,0.015
ViT-B-16__block2,900_1000,3,2,7.4562,5.3207,0.0,0.0
ViT-B-16__block2,900_1000,4,2,7.4459,5.3095,0.0,0.025
ViT-B-16__block2__fov,0_100,0,27,6.8353,4.0259,0.095,0.25
ViT-B-16__block2__fov,0_100,1,17,6.9327,4.09,0.075,0.215
ViT-B-16__block2__fov,0_100,2,25,6.8431,4.0119,0.05,0.24
ViT-B-16__block2__fov,0_100,3,23,6.8752,4.0538,0.095,0.22
ViT-B-16__block2__fov,0_100,4,20,6.8782,4.0937,0.07,0.235
ViT-B-16__block2__fov,100_200,0,37,6.3532,3.1315,0.195,0.515
ViT-B-16__block2__fov,100_200,1,30,6.4114,3.1641,0.185,0.515
ViT-B-16__block2__fov,100_200,2,32,6.3572,3.1439,0.17,0.5
ViT-B-16__block2__fov,100_200,3,26,6.3765,3.1739,0.195,0.535
ViT-B-16__block2__fov,100_200,4,34,6.312,3.1102,0.185,0.52
ViT-B-16__block2__fov,200_300,0,23,6.7589,3.8131,0.11,0.35
ViT-B-16__block2__fov,200_300,1,21,6.7335,3.8419,0.12,0.35
ViT-B-16__block2__fov,200_300,2,19,6.6876,3.8663,0.125,0.335
ViT-B-16__block2__fov,200_300,3,22,6.6982,3.8262,0.12,0.34
ViT-B-16__block2__fov,200_300,4,22,6.6753,3.8241,0.105,0.365
ViT-B-16__block2__fov,300_400,0,11,7.1879,4.4358,0.05,0.18
ViT-B-16__block2__fov,300_400,1,12,7.1855,4.4122,0.07,0.175
ViT-B-16__block2__fov,300_400,2,10,7.1303,4.4743,0.05,0.18
ViT-B-16__block2__fov,300_400,3,12,7.1647,4.4573,0.05,0.165
ViT-B-16__block2__fov,300_400,4,12,7.1742,4.3822,0.06,0.175
ViT-B-16__block2__fov,400_500,0,4,7.4001,5.1335,0.015,0.08
ViT-B-16__block2__fov,400_500,1,3,7.4218,5.1768,0.01,0.065
ViT-B-16__block2__fov,400_500,2,4,7.4227,5.1278,0.015,0.095
ViT-B-16__block2__fov,400_500,3,4,7.4009,5.1356,0.025,0.095
ViT-B-16__block2__fov,400_500,4,3,7.4271,5.1812,0.01,0.04
ViT-B-16__block2__fov,500_600,0,3,7.4301,5.2707,0.015,0.045
ViT-B-16__block2__fov,500_600,1,3,7.4524,5.2423,0.0,0.04
ViT-B-16__block2__fov,500_600,2,4,7.4565,5.2444,0.01,0.02
ViT-B-16__block2__fov,500_600,3,3,7.4568,5.2615,0.015,0.03
ViT-B-16__block2__fov,500_600,4,3,7.4559,5.2568,0.0,0.02
ViT-B-16__block2__fov,600_700,0,2,7.4521,5.3056,0.005,0.04
ViT-B-16__block2__fov,600_700,1,3,7.4442,5.2832,0.005,0.02
ViT-B-16__block2__fov,600_700,2,3,7.4597,5.29,0.005,0.02
ViT-B-16__block2__fov,600_700,3,2,7.4572,5.2884,0.005,0.02
ViT-B-16__block2__fov,600_700,4,3,7.4518,5.2748,0.01,0.035
ViT-B-16__block2__fov,700_800,0,2,7.4526,5.3043,0.005,0.04
ViT-B-16__block2__fov,700_800,1,3,7.4613,5.2914,0.005,0.05
ViT-B-16__block2__fov,700_800,2,3,7.4648,5.3146,0.005,0.015
ViT-B-16__block2__fov,700_800,3,2,7.4569,5.2855,0.01,0.03
ViT-B-16__block2__fov,700_800,4,2,7.4673,5.3018,0.0,0.045
ViT-B-16__block2__fov,800_900,0,2,7.4538,5.3189,0.01,0.03
ViT-B-16__block2__fov,800_900,1,2,7.4651,5.2989,0.015,0.04
ViT-B-16__block2__fov,800_900,2,2,7.4668,5.3182,0.01,0.035
ViT-B-16__block2__fov,800_900,3,2,7.4576,5.2976,0.0,0.02
ViT-B-16__block2__fov,800_900,4,2,7.4559,5.321,0.01,0.045
ViT-B-16__block2__fov,900_1000,0,2,7.4555,5.3182,0.005,0.05
ViT-B-16__block2__fov,900_1000,1,2,7.4688,5.2911,0.015,0.04
ViT-B-16__block2__fov,900_1000,2,3,7.4556,5.3148,0.0,0.04
ViT-B-16__block2__fov,900_1000,3,2,7.4647,5.2986,0.0,0.01
ViT-B-16__block2__fov,900_1000,4,2,7.4538,5.3155,0.0,0.01
ViT-B-16__block4,0_100,0,21,6.8592,4.0698,0.085,0.275
ViT-B-16__block4,0_100,1,16,6.9465,4.1403,0.07,0.24
ViT-B-16__block4,0_100,2,23,6.8891,4.036,0.07,0.265
ViT-B-16__block4,0_100,3,18,6.9235,4.1048,0.07,0.23
ViT-B-16__block4,0_100,4,18,6.9174,4.1138,0.055,0.25
ViT-B-16__block4,100_200,0,37,6.1928,2.9049,0.24,0.585
ViT-B-16__block4,100_200,1,32,6.1919,2.9527,0.24,0.57
ViT-B-16__block4,100_200,2,36,6.1525,2.9351,0.23,0.59
ViT-B-16__block4,100_200,3,25,6.2322,3.0027,0.215,0.55
ViT-B-16__block4,100_200,4,33,6.1402,2.9531,0.225,0.58
ViT-B-16__block4,200_300,0,26,6.5808,3.4825,0.16,0.41
ViT-B-16__block4,200_300,1,24,6.5477,3.4917,0.18,0.42
ViT-B-16__block4,200_300,2,21,6.5133,3.5233,0.155,0.425
ViT-B-16__block4,200_300,3,30,6.5269,3.4516,0.18,0.44
ViT-B-16__block4,200_300,4,27,6.4867,3.4791,0.165,0.42
ViT-B-16__block4,300_400,0,11,7.1044,4.2181,0.085,0.27
ViT-B-16__block4,300_400,1,12,7.071,4.1638,0.1,0.27
ViT-B-16__block4,300_400,2,12,7.0169,4.2067,0.065,0.24
ViT-B-16__block4,300_400,3,12,7.074,4.216,0.065,0.23
ViT-B-16__block4,300_400,4,12,7.0782,4.1782,0.085,0.265
ViT-B-16__block4,400_500,0,5,7.4031,5.0397,0.015,0.09
ViT-B-16__block4,400_500,1,3,7.3948,5.1339,0.005,0.08
ViT-B-16__block4,400_500,2,5,7.422,5.0321,0.01,0.06
ViT-B-16__block4,400_500,3,8,7.3889,4.9316,0.01,0.11
ViT-B-16__block4,400_500,4,5,7.3883,4.996,0.015,0.095
ViT-B-16__block4,500_600,0,2,7.4619,5.2839,0.0,0.02
ViT-B-16__block4,500_600,1,3,7.4477,5.243,0.0,0.03
ViT-B-16__block4,500_600,2,3,7.4688,5.2501,0.0,0.045
ViT-B-16__block4,500_600,3,3,7.4595,5.2649,0.015,0.025
ViT-B-16__block4,500_600,4,3,7.4701,5.2438,0.01,0.05
ViT-B-16__block4,600_700,0,2,7.4709,5.3113,0.005,0.03
ViT-B-16__block4,600_700,1,3,7.4489,5.2911,0.0,0.015
ViT-B-16__block4,600_700,2,2,7.4675,5.2764,0.005,0.04
ViT-B-16__block4,600_700,3,3,7.4598,5.2856,0.005,0.025
ViT-B-16__block4,600_700,4,3,7.462,5.2616,0.005,0.04
ViT-B-16__block4,700_800,0,2,7.4705,5.3181,0.01,0.04
ViT-B-16__block4,700_800,1,2,7.4614,5.3192,0.0,0.015
ViT-B-16__block4,700_800,2,2,7.475,5.3179,0.005,0.03
ViT-B-16__block4,700_800,3,3,7.4587,5.2976,0.005,0.03
ViT-B-16__block4,700_800,4,2,7.4647,5.269,0.0,0.02
ViT-B-16__block4,800_900,0,2,7.4662,5.3412,0.005,0.02
ViT-B-16__block4,800_900,1,2,7.4646,5.3074,0.005,0.03
ViT-B-16__block4,800_900,2,2,7.4777,5.313,0.0,0.04
ViT-B-16__block4,800_900,3,2,7.4576,5.2958,0.005,0.025
ViT-B-16__block4,800_900,4,2,7.4607,5.2898,0.0,0.04
ViT-B-16__block4,900_1000,0,2,7.4727,5.351,0.01,0.02
ViT-B-16__block4,900_1000,1,3,7.455,5.3347,0.01,0.02
ViT-B-16__block4,900_1000,2,2,7.4787,5.3202,0.005,0.03
ViT-B-16__block4,900_1000,3,3,7.4809,5.3071,0.0,0.035
ViT-B-16__block4,900_1000,4,3,7.4536,5.2802,0.005,0.02
ViT-B-16__block4__fov,0_100,0,21,6.8465,3.9926,0.1,0.27
ViT-B-16__block4__fov,0_100,1,17,6.9277,3.9882,0.09,0.265
ViT-B-16__block4__fov,0_100,2,23,6.8515,3.9429,0.105,0.28
ViT-B-16__block4__fov,0_100,3,19,6.8876,4.0519,0.075,0.24
ViT-B-16__block4__fov,0_100,4,17,6.8921,3.9661,0.075,0.26
ViT-B-16__block4__fov,100_200,0,38,6.1308,2.7933,0.265,0.605
ViT-B-16__block4__fov,100_200,1,32,6.1456,2.8621,0.28,0.575
ViT-B-16__block4__fov,100_200,2,36,6.1262,2.8434,0.265,0.595
ViT-B-16__block4__fov,100_200,3,29,6.1974,2.9136,0.255,0.57
ViT-B-16__block4__fov,100_200,4,41,6.0995,2.8224,0.275,0.605
ViT-B-16__block4__fov,200_300,0,26,6.5637,3.4254,0.18,0.4
ViT-B-16__block4__fov,200_300,1,22,6.5563,3.4822,0.165,0.395
ViT-B-16__block4__fov,200_300,2,26,6.492,3.4252,0.185,0.425
ViT-B-16__block4__fov,200_300,3,24,6.4954,3.4347,0.19,0.42
ViT-B-16__block4__fov,200_300,4,28,6.4664,3.4204,0.175,0.42
ViT-B-16__block4__fov,300_400,0,13,7.1034,4.134,0.075,0.275
ViT-B-16__block4__fov,300_400,1,12,7.0871,4.1405,0.095,0.27
ViT-B-16__block4__fov,300_400,2,12,7.0244,4.1717,0.08,0.265
ViT-B-16__block4__fov,300_400,3,14,7.063,4.168,0.06,0.24
ViT-B-16__block4__fov,300_400,4,12,7.067,4.188,0.09,0.255
ViT-B-16__block4__fov,400_500,0,5,7.4198,5.0012,0.025,0.07
ViT-B-16__block4__fov,400_500,1,5,7.4006,4.9941,0.025,0.12
ViT-B-16__block4__fov,400_500,2,5,7.403,5.0165,0.025,0.085
ViT-B-16__block4__fov,400_500,3,8,7.3862,4.9584,0.015,0.1
ViT-B-16__block4__fov,400_500,4,5,7.4019,5.0278,0.01,0.08
ViT-B-16__block4__fov,500_600,0,2,7.4543,5.2657,0.0,0.035
ViT-B-16__block4__fov,500_600,1,3,7.4572,5.2373,0.01,0.065
ViT-B-16__block4__fov,500_600,2,2,7.4604,5.2697,0.005,0.03
ViT-B-16__block4__fov,500_600,3,3,7.4748,5.2559,0.015,0.05
ViT-B-16__block4__fov,500_600,4,3,7.4638,5.2622,0.015,0.035
ViT-B-16__block4__fov,600_700,0,2,7.4607,5.2835,0.0,0.02
ViT-B-16__block4__fov,600_700,1,3,7.4483,5.2699,0.005,0.025
ViT-B-16__block4__fov,600_700,2,2,7.4634,5.2997,0.01,0.03
ViT-B-16__block4__fov,600_700,3,2,7.4657,5.2887,0.005,0.03
ViT-B-16__block4__fov,600_700,4,2,7.4588,5.2946,0.005,0.025
ViT-B-16__block4__fov,700_800,0,2,7.472,5.2986,0.005,0.025
ViT-B-16__block4__fov,700_800,1,2,7.4606,5.2845,0.005,0.045
ViT-B-16__block4__fov,700_800,2,2,7.4686,5.3333,0.01,0.02
ViT-B-16__block4__fov,700_800,3,2,7.4598,5.2911,0.01,0.035
ViT-B-16__block4__fov,700_800,4,2,7.4638,5.2935,0.01,0.035
ViT-B-16__block4__fov,800_900,0,2,7.467,5.3115,0.0,0.02
ViT-B-16__block4__fov,800_900,1,2,7.4693,5.2896,0.01,0.04
ViT-B-16__block4__fov,800_900,2,2,7.4733,5.3353,0.005,0.04
ViT-B-16__block4__fov,800_900,3,2,7.4697,5.2912,0.005,0.025
ViT-B-16__block4__fov,800_900,4,2,7.4617,5.3132,0.015,0.03
ViT-B-16__block4__fov,900_1000,0,2,7.4679,5.3174,0.005,0.02
ViT-B-16__block4__fov,900_1000,1,3,7.4601,5.2935,0.01,0.055
ViT-B-16__block4__fov,900_1000,2,2,7.4736,5.3286,0.005,0.01
ViT-B-16__block4__fov,900_1000,3,3,7.4849,5.299,0.005,0.03
ViT-B-16__block4__fov,900_1000,4,2,7.4526,5.3082,0.0,0.035
ViT-B-16__block6,0_100,0,18,7.0204,4.2916,0.065,0.17
ViT-B-16__block6,0_100,1,16,7.1373,4.2971,0.04,0.16
ViT-B-16__block6,0_100,2,17,7.0714,4.3062,0.065,0.165
ViT-B-16__block6,0_100,3,19,7.0549,4.298,0.06,0.2
ViT-B-16__block6,0_100,4,17,7.0801,4.3223,0.045,0.16
ViT-B-16__block6,100_200,0,26,6.3802,3.1411,0.235,0.535
ViT-B-16__block6,100_200,1,30,6.3673,3.1419,0.2,0.535
ViT-B-16__block6,100_200,2,34,6.3053,3.1354,0.2,0.52
ViT-B-16__block6,100_200,3,28,6.3676,3.1295,0.22,0.525
ViT-B-16__block6,100_200,4,27,6.3268,3.1324,0.225,0.535
ViT-B-16__block6,200_300,0,26,6.6097,3.4411,0.135,0.485
ViT-B-16__block6,200_300,1,26,6.5879,3.4273,0.185,0.465
ViT-B-16__block6,200_300,2,25,6.5602,3.4345,0.14,0.48
ViT-B-16__block6,200_300,3,23,6.6011,3.4479,0.15,0.485
ViT-B-16__block6,200_300,4,23,6.5664,3.4691,0.155,0.48
ViT-B-16__block6,300_400,0,15,7.1174,4.1524,0.065,0.295
ViT-B-16__block6,300_400,1,15,7.1054,4.1121,0.07,0.29
ViT-B-16__block6,300_400,2,17,7.0544,4.0486,0.095,0.28
ViT-B-16__block6,300_400,3,15,7.0904,4.1304,0.06,0.255
ViT-B-16__block6,300_400,4,14,7.1032,4.1783,0.06,0.245
ViT-B-16__block6,400_500,0,5,7.4195,4.9955,0.015,0.075
ViT-B-16__block6,400_500,1,6,7.4209,4.9347,0.02,0.095
ViT-B-16__block6,400_500,2,5,7.4319,4.9926,0.025,0.115
ViT-B-16__block6,400_500,3,6,7.4073,4.906,0.025,0.125
ViT-B-16__block6,400_500,4,6,7.4212,4.9422,0.03,0.085
ViT-B-16__block6,500_600,0,3,7.4861,5.2625,0.005,0.03
ViT-B-16__block6,500_600,1,3,7.466,5.2377,0.01,0.06
ViT-B-16__block6,500_600,2,3,7.4765,5.2734,0.015,0.04
ViT-B-16__block6,500_600,3,3,7.4806,5.2604,0.005,0.05
ViT-B-16__block6,500_600,4,3,7.4805,5.2454,0.005,0.06
ViT-B-16__block6,600_700,0,2,7.5007,5.2927,0.01,0.045
ViT-B-16__block6,600_700,1,2,7.4809,5.2966,0.0,0.03
ViT-B-16__block6,600_700,2,2,7.4841,5.3079,0.005,0.035
ViT-B-16__block6,600_700,3,2,7.4817,5.283,0.005,0.025
ViT-B-16__block6,600_700,4,2,7.4792,5.2947,0.005,0.04
ViT-B-16__block6,700_800,0,3,7.4999,5.2735,0.0,0.01
ViT-B-16__block6,700_800,1,2,7.487,5.2954,0.0,0.015
ViT-B-16__block6,700_800,2,2,7.5023,5.2809,0.02,0.055
ViT-B-16__block6,700_800,3,2,7.4893,5.3006,0.005,0.02
ViT-B-16__block6,700_800,4,3,7.493,5.2909,0.0,0.025
ViT-B-16__block6,800_900,0,2,7.512,5.2985,0.005,0.02
ViT-B-16__block6,800_900,1,2,7.4812,5.3098,0.015,0.025
ViT-B-16__block6,800_900,2,2,7.4949,5.3182,0.005,0.04
ViT-B-16__block6,800_900,3,2,7.4839,5.3049,0.0,0.035
ViT-B-16__block6,800_900,4,3,7.4907,5.3253,0.015,0.035
ViT-B-16__block6,900_1000,0,3,7.5101,5.3012,0.0,0.015
ViT-B-16__block6,900_1000,1,2,7.4863,5.2977,0.005,0.04
ViT-B-16__block6,900_1000,2,3,7.4992,5.3225,0.005,0.03
ViT-B-16__block6,900_1000,3,2,7.4861,5.3223,0.005,0.01
ViT-B-16__block6,900_1000,4,3,7.4979,5.3433,0.0,0.01
ViT-B-16__block6__fov,0_100,0,21,6.9916,4.1835,0.06,0.2
ViT-B-16__block6__fov,0_100,1,16,7.081,4.2669,0.075,0.22
ViT-B-16__block6__fov,0_100,2,23,7.037,4.2269,0.055,0.205
ViT-B-16__block6__fov,0_100,3,21,7.0352,4.2251,0.05,0.21
ViT-B-16__block6__fov,0_100,4,17,7.0403,4.2384,0.06,0.18
ViT-B-16__block6__fov,100_200,0,26,6.3517,3.0784,0.235,0.55
ViT-B-16__block6__fov,100_200,1,34,6.3113,3.0429,0.225,0.56
ViT-B-16__block6__fov,100_200,2,34,6.2857,3.0821,0.23,0.53
ViT-B-16__block6__fov,100_200,3,39,6.3308,3.0527,0.26,0.535
ViT-B-16__block6__fov,100_200,4,33,6.2862,3.0435,0.22,0.545
ViT-B-16__block6__fov,200_300,0,26,6.5888,3.374,0.17,0.475
ViT-B-16__block6__fov,200_300,1,26,6.5754,3.3611,0.17,0.495
ViT-B-16__block6__fov,200_300,2,25,6.539,3.3905,0.155,0.495
ViT-B-16__block6__fov,200_300,3,24,6.5617,3.37,0.19,0.515
ViT-B-16__block6__fov,200_300,4,31,6.5508,3.3419,0.18,0.49
ViT-B-16__block6__fov,300_400,0,14,7.0928,4.1158,0.07,0.28
ViT-B-16__block6__fov,300_400,1,15,7.0783,4.113,0.09,0.28
ViT-B-16__block6__fov,300_400,2,17,7.0438,4.0298,0.08,0.285
ViT-B-16__block6__fov,300_400,3,15,7.07,4.0819,0.08,0.3
ViT-B-16__block6__fov,300_400,4,14,7.1218,4.1121,0.11,0.265
ViT-B-16__block6__fov,400_500,0,5,7.4303,4.988,0.02,0.06
ViT-B-16__block6__fov,400_500,1,6,7.4268,4.9238,0.01,0.095
ViT-B-16__block6__fov,400_500,2,5,7.4139,4.9589,0.03,0.11
ViT-B-16__block6__fov,400_500,3,8,7.3998,4.8853,0.015,0.11
ViT-B-16__block6__fov,400_500,4,4,7.4245,5.0087,0.01,0.12
ViT-B-16__block6__fov,500_600,0,3,7.4836,5.2516,0.01,0.045
ViT-B-16__block6__fov,500_600,1,3,7.491,5.2685,0.0,0.03
ViT-B-16__block6__fov,500_600,2,3,7.4669,5.2547,0.0,0.015
ViT-B-16__block6__fov,500_600,3,3,7.4932,5.2467,0.015,0.065
ViT-B-16__block6__fov,500_600,4,3,7.4864,5.2412,0.005,0.03
ViT-B-16__block6__fov,600_700,0,2,7.4826,5.2897,0.0,0.045
ViT-B-16__block6__fov,600_700,1,3,7.4952,5.2688,0.01,0.045
ViT-B-16__block6__fov,600_700,2,2,7.4885,5.2862,0.01,0.025
ViT-B-16__block6__fov,600_700,3,2,7.486,5.2849,0.015,0.045
ViT-B-16__block6__fov,600_700,4,2,7.4903,5.2679,0.005,0.035
ViT-B-16__block6__fov,700_800,0,2,7.4837,5.3148,0.0,0.03
ViT-B-16__block6__fov,700_800,1,3,7.5011,5.2801,0.0,0.03
ViT-B-16__block6__fov,700_800,2,2,7.4976,5.2776,0.0,0.005
ViT-B-16__block6__fov,700_800,3,2,7.4802,5.3069,0.005,0.025
ViT-B-16__block6__fov,700_800,4,2,7.4745,5.2667,0.005,0.06
ViT-B-16__block6__fov,800_900,0,2,7.4934,5.2952,0.01,0.04
ViT-B-16__block6__fov,800_900,1,2,7.5103,5.3211,0.005,0.045
ViT-B-16__block6__fov,800_900,2,2,7.4975,5.2971,0.01,0.025
ViT-B-16__block6__fov,800_900,3,2,7.4968,5.2978,0.005,0.045
ViT-B-16__block6__fov,800_900,4,2,7.4704,5.2931,0.0,0.035
ViT-B-16__block6__fov,900_1000,0,2,7.4873,5.3328,0.0,0.035
ViT-B-16__block6__fov,900_1000,1,3,7.5066,5.3006,0.0,0.01
ViT-B-16__block6__fov,900_1000,2,3,7.497,5.3239,0.01,0.015
ViT-B-16__block6__fov,900_1000,3,2,7.503,5.3264,0.015,0.055
ViT-B-16__block6__fov,900_1000,4,2,7.4885,5.2806,0.005,0.015
ViT-B-16__block8,0_100,0,17,7.1583,4.5286,0.055,0.15
ViT-B-16__block8,0_100,1,16,7.2025,4.5573,0.045,0.15
ViT-B-16__block8,0_100,2,16,7.1743,4.5384,0.045,0.16
ViT-B-16__block8,0_100,3,14,7.1904,4.6031,0.025,0.135
ViT-B-16__block8,0_100,4,18,7.1683,4.4779,0.055,0.155
ViT-B-16__block8,100_200,0,27,6.5453,3.5302,0.195,0.385
ViT-B-16__block8,100_200,1,24,6.5532,3.6066,0.18,0.335
ViT-B-16__block8,100_200,2,31,6.5012,3.5503,0.185,0.375
ViT-B-16__block8,100_200,3,26,6.5417,3.5611,0.2,0.385
ViT-B-16__block8,100_200,4,25,6.5198,3.6105,0.19,0.33
ViT-B-16__block8,200_300,0,26,6.7001,3.6805,0.13,0.37
ViT-B-16__block8,200_300,1,19,6.7038,3.7094,0.13,0.385
ViT-B-16__block8,200_300,2,22,6.632,3.7158,0.18,0.365
ViT-B-16__block8,200_300,3,24,6.7004,3.686,0.14,0.385
ViT-B-16__block8,200_300,4,24,6.6862,3.6649,0.15,0.415
ViT-B-16__block8,300_400,0,15,7.1182,4.2875,0.05,0.22
ViT-B-16__block8,300_400,1,15,7.0985,4.2686,0.055,0.215
ViT-B-16__block8,300_400,2,18,7.0703,4.2163,0.055,0.23
ViT-B-16__block8,300_400,3,13,7.1092,4.3658,0.035,0.195
ViT-B-16__block8,300_400,4,13,7.1394,4.3556,0.055,0.185
ViT-B-16__block8,400_500,0,6,7.4209,4.9448,0.025,0.115
ViT-B-16__block8,400_500,1,9,7.4071,4.8205,0.035,0.105
ViT-B-16__block8,400_500,2,7,7.4167,4.8741,0.035,0.125
ViT-B-16__block8,400_500,3,8,7.3717,4.9321,0.035,0.11
ViT-B-16__block8,400_500,4,6,7.4076,4.9682,0.02,0.105
ViT-B-16__block8,500_600,0,3,7.4803,5.288,0.005,0.045
ViT-B-16__block8,500_600,1,3,7.4889,5.2592,0.01,0.05
ViT-B-16__block8,500_600,2,3,7.4848,5.2333,0.01,0.04
ViT-B-16__block8,500_600,3,3,7.4949,5.2885,0.01,0.04
ViT-B-16__block8,500_600,4,3,7.4886,5.262,0.005,0.04
ViT-B-16__block8,600_700,0,2,7.5115,5.3187,0.005,0.03
ViT-B-16__block8,600_700,1,3,7.495,5.2881,0.0,0.015
ViT-B-16__block8,600_700,2,3,7.4919,5.2846,0.0,0.045
ViT-B-16__block8,600_700,3,2,7.4846,5.2681,0.0,0.03
ViT-B-16__block8,600_700,4,2,7.5001,5.3161,0.005,0.045
ViT-B-16__block8,700_800,0,3,7.4927,5.318,0.005,0.03
ViT-B-16__block8,700_800,1,2,7.4978,5.2946,0.01,0.035
ViT-B-16__block8,700_800,2,3,7.498,5.2879,0.0,0.03
ViT-B-16__block8,700_800,3,3,7.4812,5.2758,0.015,0.025
ViT-B-16__block8,700_800,4,3,7.4904,5.3154,0.005,0.04
ViT-B-16__block8,800_900,0,2,7.5099,5.3294,0.0,0.025
ViT-B-16__block8,800_900,1,2,7.5007,5.3111,0.015,0.035
ViT-B-16__block8,800_900,2,3,7.4939,5.2963,0.0,0.025
ViT-B-16__block8,800_900,3,2,7.4856,5.3115,0.0,0.03
ViT-B-16__block8,800_900,4,3,7.4778,5.321,0.005,0.015
ViT-B-16__block8,900_1000,0,2,7.5092,5.3523,0.0,0.03
ViT-B-16__block8,900_1000,1,3,7.5023,5.3362,0.005,0.04
ViT-B-16__block8,900_1000,2,3,7.4976,5.2985,0.0,0.005
ViT-B-16__block8,900_1000,3,3,7.4966,5.3219,0.005,0.03
ViT-B-16__block8,900_1000,4,2,7.4988,5.3245,0.005,0.035
ViT-B-16__block8__fov,0_100,0,19,7.1034,4.4853,0.055,0.15
ViT-B-16__block8__fov,0_100,1,16,7.1522,4.5228,0.065,0.13
ViT-B-16__block8__fov,0_100,2,20,7.1579,4.4941,0.045,0.165
ViT-B-16__block8__fov,0_100,3,18,7.1618,4.486,0.055,0.145
ViT-B-16__block8__fov,0_100,4,17,7.155,4.4733,0.055,0.135
ViT-B-16__block8__fov,100_200,0,26,6.5067,3.4825,0.16,0.43
ViT-B-16__block8__fov,100_200,1,24,6.5135,3.4955,0.195,0.41
ViT-B-16__block8__fov,100_200,2,32,6.4574,3.4957,0.16,0.4
ViT-B-16__block8__fov,100_200,3,28,6.5026,3.4757,0.165,0.415
ViT-B-16__block8__fov,100_200,4,27,6.4647,3.4697,0.17,0.415
ViT-B-16__block8__fov,200_300,0,23,6.6813,3.5524,0.165,0.43
ViT-B-16__block8__fov,200_300,1,23,6.6647,3.5709,0.155,0.45
ViT-B-16__block8__fov,200_300,2,22,6.6378,3.5795,0.145,0.42
ViT-B-16__block8__fov,200_300,3,23,6.6588,3.6044,0.16,0.405
ViT-B-16__block8__fov,200_300,4,25,6.6455,3.5685,0.145,0.42
ViT-B-16__block8__fov,300_400,0,15,7.0935,4.2236,0.085,0.225
ViT-B-16__block8__fov,300_400,1,14,7.0751,4.2951,0.065,0.17
ViT-B-16__block8__fov,300_400,2,17,7.0251,4.2053,0.08,0.235
ViT-B-16__block8__fov,300_400,3,15,7.0708,4.2637,0.06,0.205
ViT-B-16__block8__fov,300_400,4,15,7.1025,4.3091,0.07,0.22
ViT-B-16__block8__fov,400_500,0,6,7.4114,4.9443,0.04,0.085
ViT-B-16__block8__fov,400_500,1,7,7.4344,4.9345,0.015,0.105
ViT-B-16__block8__fov,400_500,2,6,7.3911,4.9955,0.025,0.11
ViT-B-16__block8__fov,400_500,3,8,7.3747,4.8638,0.025,0.115
ViT-B-16__block8__fov,400_500,4,6,7.3963,4.9456,0.015,0.085
ViT-B-16__block8__fov,500_600,0,3,7.4984,5.2869,0.005,0.02
ViT-B-16__block8__fov,500_600,1,3,7.4952,5.278,0.005,0.02
ViT-B-16__block8__fov,500_600,2,3,7.4709,5.2933,0.01,0.02
ViT-B-16__block8__fov,500_600,3,3,7.4647,5.2562,0.01,0.03
ViT-B-16__block8__fov,500_600,4,3,7.4802,5.2846,0.01,0.045
ViT-B-16__block8__fov,600_700,0,2,7.495,5.3182,0.0,0.045
ViT-B-16__block8__fov,600_700,1,3,7.4976,5.2989,0.005,0.01
ViT-B-16__block8__fov,600_700,2,3,7.4783,5.3095,0.005,0.025
ViT-B-16__block8__fov,600_700,3,2,7.4743,5.2712,0.015,0.04
ViT-B-16__block8__fov,600_700,4,3,7.4859,5.3145,0.01,0.02
ViT-B-16__block8__fov,700_800,0,2,7.5047,5.3189,0.005,0.03
ViT-B-16__block8__fov,700_800,1,3,7.517,5.3261,0.0,0.015
ViT-B-16__block8__fov,700_800,2,3,7.4924,5.3146,0.0,0.03
ViT-B-16__block8__fov,700_800,3,2,7.4803,5.2838,0.015,0.035
ViT-B-16__block8__fov,700_800,4,3,7.4905,5.3027,0.0,0.015
ViT-B-16__block8__fov,800_900,0,2,7.4953,5.3151,0.005,0.035
ViT-B-16__block8__fov,800_900,1,2,7.5111,5.3243,0.005,0.01
ViT-B-16__block8__fov,800_900,2,2,7.4924,5.3332,0.005,0.02
ViT-B-16__block8__fov,800_900,3,2,7.4862,5.3178,0.005,0.025
ViT-B-16__block8__fov,800_900,4,3,7.485,5.3344,0.0,0.01
ViT-B-16__block8__fov,900_1000,0,2,7.4966,5.3505,0.0,0.035
ViT-B-16__block8__fov,900_1000,1,2,7.5193,5.3427,0.015,0.03
ViT-B-16__block8__fov,900_1000,2,3,7.5,5.3297,0.015,0.03
ViT-B-16__block8__fov,900_1000,3,2,7.4872,5.3225,0.015,0.035
ViT-B-16__block8__fov,900_1000,4,3,7.4977,5.3503,0.0,0.01
ViT-L-14__block12,0_100,0,19,7.1384,4.5467,0.045,0.155
ViT-L-14__block12,0_100,1,17,7.1741,4.5883,0.04,0.12
ViT-L-14__block12,0_100,2,19,7.1667,4.5235,0.035,0.135
ViT-L-14__block12,0_100,3,18,7.2093,4.5323,0.045,0.13
ViT-L-14__block12,0_100,4,17,7.1642,4.5739,0.045,0.15
ViT-L-14__block12,100_200,0,26,6.6131,3.6031,0.135,0.395
ViT-L-14__block12,100_200,1,30,6.5973,3.5936,0.145,0.42
ViT-L-14__block12,100_200,2,32,6.5303,3.5538,0.18,0.41
ViT-L-14__block12,100_200,3,25,6.6334,3.5933,0.125,0.425
ViT-L-14__block12,100_200,4,28,6.5507,3.5746,0.155,0.425
ViT-L-14__block12,200_300,0,26,6.7832,3.8129,0.145,0.36
ViT-L-14__block12,200_300,1,23,6.7988,3.7748,0.135,0.39
ViT-L-14__block12,200_300,2,26,6.7217,3.8083,0.135,0.365
ViT-L-14__block12,200_300,3,23,6.7573,3.7989,0.125,0.37
ViT-L-14__block12,200_300,4,25,6.7739,3.8078,0.145,0.36
ViT-L-14__block12,300_400,0,15,7.1642,4.3896,0.08,0.22
ViT-L-14__block12,300_400,1,14,7.1634,4.3772,0.055,0.235
ViT-L-14__block12,300_400,2,16,7.118,4.3629,0.065,0.22
ViT-L-14__block12,300_400,3,15,7.1564,4.4308,0.04,0.205
ViT-L-14__block12,300_400,4,14,7.1985,4.4045,0.065,0.205
ViT-L-14__block12,400_500,0,6,7.4398,5.0432,0.015,0.075
ViT-L-14__block12,400_500,1,6,7.4538,5.0391,0.005,0.085
ViT-L-14__block12,400_500,2,5,7.469,5.1327,0.01,0.08
ViT-L-14__block12,400_500,3,8,7.4481,5.0526,0.02,0.09
ViT-L-14__block12,400_500,4,6,7.4413,5.0578,0.015,0.09
ViT-L-14__block12,500_600,0,3,7.4855,5.2915,0.005,0.04
ViT-L-14__block12,500_600,1,3,7.4888,5.2854,0.01,0.03
ViT-L-14__block12,500_600,2,3,7.5102,5.2976,0.005,0.045
ViT-L-14__block12,500_600,3,3,7.5117,5.2838,0.005,0.04
ViT-L-14__block12,500_600,4,3,7.4872,5.2668,0.02,0.065
ViT-L-14__block12,600_700,0,2,7.5042,5.3302,0.01,0.03
ViT-L-14__block12,600_700,1,2,7.4935,5.3344,0.0,0.03
ViT-L-14__block12,600_700,2,2,7.5075,5.3468,0.005,0.02
ViT-L-14__block12,600_700,3,2,7.5039,5.2959,0.005,0.02
ViT-L-14__block12,600_700,4,2,7.5044,5.3074,0.01,0.03
ViT-L-14__block12,700_800,0,3,7.5053,5.3072,0.0,0.03
ViT-L-14__block12,700_800,1,2,7.5058,5.3115,0.005,0.045
ViT-L-14__block12,700_800,2,3,7.5193,5.3811,0.0,0.015
ViT-L-14__block12,700_800,3,3,7.5019,5.2933,0.0,0.025
ViT-L-14__block12,700_800,4,2,7.509,5.3277,0.0,0.035
ViT-L-14__block12,800_900,0,2,7.5012,5.3514,0.005,0.03
ViT-L-14__block12,800_900,1,2,7.504,5.3281,0.005,0.02
ViT-L-14__block12,800_900,2,2,7.5173,5.3463,0.005,0.015
ViT-L-14__block12,800_900,3,2,7.5115,5.3185,0.005,0.02
ViT-L-14__block12,800_900,4,2,7.513,5.3134,0.01,0.045
ViT-L-14__block12,900_1000,0,2,7.4958,5.3634,0.005,0.02
ViT-L-14__block12,900_1000,1,2,7.5083,5.3291,0.005,0.03
ViT-L-14__block12,900_1000,2,3,7.5261,5.3401,0.005,0.025
ViT-L-14__block12,900_1000,3,2,7.5056,5.3147,0.01,0.03
ViT-L-14__block12,900_1000,4,2,7.5213,5.318,0.015,0.055
ViT-L-14__block12__fov,0_100,0,19,7.1082,4.4348,0.065,0.19
ViT-L-14__block12__fov,0_100,1,23,7.1354,4.4283,0.045,0.18
ViT-L-14__block12__fov,0_100,2,17,7.1444,4.4563,0.035,0.16
ViT-L-14__block12__fov,0_100,3,16,7.1657,4.5264,0.03,0.14
ViT-L-14__block12__fov,0_100,4,17,7.1599,4.4862,0.035,0.14
ViT-L-14__block12__fov,100_200,0,35,6.5396,3.4386,0.185,0.445
ViT-L-14__block12__fov,100_200,1,30,6.5368,3.4654,0.17,0.425
ViT-L-14__block12__fov,100_200,2,30,6.4693,3.4504,0.185,0.435
ViT-L-14__block12__fov,100_200,3,26,6.5556,3.4723,0.175,0.44
ViT-L-14__block12__fov,100_200,4,30,6.4886,3.4695,0.18,0.445
ViT-L-14__block12__fov,200_300,0,21,6.7153,3.7337,0.15,0.395
ViT-L-14__block12__fov,200_300,1,23,6.7319,3.6767,0.14,0.375
ViT-L-14__block12__fov,200_300,2,24,6.7029,3.6286,0.155,0.425
ViT-L-14__block12__fov,200_300,3,23,6.7131,3.6952,0.115,0.37
ViT-L-14__block12__fov,200_300,4,23,6.7387,3.7126,0.12,0.365
ViT-L-14__block12__fov,300_400,0,17,7.1361,4.3496,0.065,0.225
ViT-L-14__block12__fov,300_400,1,15,7.1449,4.3553,0.065,0.22
ViT-L-14__block12__fov,300_400,2,19,7.1128,4.2251,0.09,0.25
ViT-L-14__block12__fov,300_400,3,16,7.1423,4.3309,0.065,0.19
ViT-L-14__block12__fov,300_400,4,14,7.1467,4.3754,0.065,0.195
ViT-L-14__block12__fov,400_500,0,6,7.4439,5.049,0.02,0.075
ViT-L-14__block12__fov,400_500,1,4,7.4499,5.0927,0.025,0.085
ViT-L-14__block12__fov,400_500,2,5,7.4467,5.0615,0.01,0.09
ViT-L-14__block12__fov,400_500,3,8,7.411,5.0167,0.02,0.085
ViT-L-14__block12__fov,400_500,4,6,7.4409,5.0573,0.015,0.08
ViT-L-14__block12__fov,500_600,0,3,7.4982,5.2782,0.005,0.025
ViT-L-14__block12__fov,500_600,1,3,7.4824,5.2782,0.005,0.04
ViT-L-14__block12__fov,500_600,2,3,7.4905,5.3103,0.0,0.035
ViT-L-14__block12__fov,500_600,3,3,7.5065,5.2901,0.0,0.03
ViT-L-14__block12__fov,500_600,4,3,7.4986,5.3308,0.0,0.015
ViT-L-14__block12__fov,600_700,0,2,7.5216,5.3142,0.005,0.04
ViT-L-14__block12__fov,600_700,1,2,7.4911,5.3122,0.005,0.035
ViT-L-14__block12__fov,600_700,2,2,7.5015,5.3412,0.01,0.02
ViT-L-14__block12__fov,600_700,3,2,7.483,5.3241,0.005,0.025
ViT-L-14__block12__fov,600_700,4,3,7.5063,5.3504,0.005,0.015
ViT-L-14__block12__fov,700_800,0,3,7.519,5.3158,0.0,0.02
ViT-L-14__block12__fov,700_800,1,2,7.5026,5.3475,0.0,0.03
ViT-L-14__block12__fov,700_800,2,2,7.5067,5.3601,0.01,0.035
ViT-L-14__block12__fov,700_800,3,2,7.4921,5.3465,0.005,0.01
ViT-L-14__block12__fov,700_800,4,2,7.4986,5.3546,0.0,0.015
ViT-L-14__block12__fov,800_900,0,2,7.496,5.3063,0.005,0.03
ViT-L-14__block12__fov,800_900,1,2,7.494,5.3454,0.015,0.02
ViT-L-14__block12__fov,800_900,2,2,7.5067,5.3376,0.0,0.015
ViT-L-14__block12__fov,800_900,3,2,7.498,5.3299,0.005,0.01
ViT-L-14__block12__fov,800_900,4,2,7.5019,5.3553,0.02,0.02
ViT-L-14__block12__fov,900_1000,0,3,7.5177,5.3496,0.005,0.015
ViT-L-14__block12__fov,900_1000,1,2,7.4951,5.3698,0.0,0.025
ViT-L-14__block12__fov,900_1000,2,2,7.4998,5.3389,0.0,0.04
ViT-L-14__block12__fov,900_1000,3,2,7.4931,5.3649,0.005,0.025
ViT-L-14__block12__fov,900_1000,4,2,7.5159,5.3909,0.0,0.015
ViT-L-14__block16,0_100,0,14,7.2021,4.6555,0.015,0.115
ViT-L-14__block16,0_100,1,17,7.2099,4.5794,0.03,0.145
ViT-L-14__block16,0_100,2,17,7.2129,4.5777,0.025,0.14
ViT-L-14__block16,0_100,3,16,7.2155,4.5935,0.045,0.135
ViT-L-14__block16,0_100,4,17,7.1983,4.6156,0.015,0.12
ViT-L-14__block16,100_200,0,27,6.6252,3.6001,0.135,0.415
ViT-L-14__block16,100_200,1,25,6.6283,3.6864,0.12,0.37
ViT-L-14__block16,100_200,2,25,6.5597,3.6756,0.14,0.36
ViT-L-14__block16,100_200,3,26,6.6499,3.6335,0.13,0.4
ViT-L-14__block16,100_200,4,25,6.5999,3.6454,0.16,0.395
ViT-L-14__block16,200_300,0,25,6.7226,3.7184,0.15,0.395
ViT-L-14__block16,200_300,1,20,6.7622,3.7677,0.15,0.38
ViT-L-14__block16,200_300,2,21,6.7086,3.7606,0.15,0.405
ViT-L-14__block16,200_300,3,19,6.7413,3.8395,0.13,0.36
ViT-L-14__block16,200_300,4,25,6.6917,3.7517,0.14,0.395
ViT-L-14__block16,300_400,0,17,7.1272,4.2684,0.085,0.255
ViT-L-14__block16,300_400,1,15,7.0871,4.3058,0.1,0.24
ViT-L-14__block16,300_400,2,17,7.0836,4.2721,0.1,0.22
ViT-L-14__block16,300_400,3,15,7.1066,4.3435,0.08,0.23
ViT-L-14__block16,300_400,4,16,7.1174,4.2998,0.105,0.215
ViT-L-14__block16,400_500,0,9,7.417,4.8745,0.025,0.12
ViT-L-14__block16,400_500,1,10,7.3993,4.8204,0.045,0.115
ViT-L-14__block16,400_500,2,7,7.4155,4.9518,0.04,0.13
ViT-L-14__block16,400_500,3,7,7.4089,4.9575,0.045,0.1
ViT-L-14__block16,400_500,4,6,7.423,4.9493,0.04,0.125
ViT-L-14__block16,500_600,0,4,7.4994,5.2587,0.01,0.045
ViT-L-14__block16,500_600,1,3,7.4887,5.2709,0.02,0.045
ViT-L-14__block16,500_600,2,3,7.493,5.2834,0.005,0.055
ViT-L-14__block16,500_600,3,3,7.5151,5.2852,0.015,0.055
ViT-L-14__block16,500_600,4,3,7.4992,5.2952,0.0,0.03
ViT-L-14__block16,600_700,0,2,7.5295,5.2944,0.015,0.025
ViT-L-14__block16,600_700,1,2,7.4998,5.3148,0.01,0.04
ViT-L-14__block16,600_700,2,2,7.5049,5.3292,0.01,0.025
ViT-L-14__block16,600_700,3,2,7.5024,5.3304,0.01,0.025
ViT-L-14__block16,600_700,4,2,7.5007,5.3241,0.0,0.01
ViT-L-14__block16,700_800,0,3,7.5377,5.325,0.0,0.035
ViT-L-14__block16,700_800,1,2,7.5143,5.3115,0.0,0.045
ViT-L-14__block16,700_800,2,3,7.5103,5.3575,0.01,0.03
ViT-L-14__block16,700_800,3,3,7.5192,5.3665,0.005,0.04
ViT-L-14__block16,700_800,4,2,7.5071,5.3152,0.005,0.025
ViT-L-14__block16,800_900,0,2,7.528,5.3057,0.005,0.035
ViT-L-14__block16,800_900,1,2,7.5002,5.329,0.0,0.04
ViT-L-14__block16,800_900,2,2,7.4967,5.3394,0.005,0.025
ViT-L-14__block16,800_900,3,2,7.513,5.3414,0.01,0.015
ViT-L-14__block16,800_900,4,2,7.494,5.3467,0.005,0.01
ViT-L-14__block16,900_1000,0,2,7.529,5.347,0.0,0.04
ViT-L-14__block16,900_1000,1,2,7.5008,5.3159,0.0,0.045
ViT-L-14__block16,900_1000,2,3,7.5049,5.3622,0.005,0.03
ViT-L-14__block16,900_1000,3,2,7.5105,5.3379,0.005,0.055
ViT-L-14__block16,900_1000,4,2,7.5109,5.3395,0.01,0.03
ViT-L-14__block16__fov,0_100,0,18,7.1818,4.5686,0.03,0.155
ViT-L-14__block16__fov,0_100,1,16,7.1891,4.5577,0.04,0.155
ViT-L-14__block16__fov,0_100,2,20,7.197,4.5441,0.025,0.19
ViT-L-14__block16__fov,0_100,3,16,7.2108,4.5515,0.03,0.155
ViT-L-14__block16__fov,0_100,4,15,7.1964,4.5929,0.045,0.16
ViT-L-14__block16__fov,100_200,0,27,6.6006,3.5407,0.18,0.445
ViT-L-14__block16__fov,100_200,1,29,6.5655,3.5874,0.155,0.405
ViT-L-14__block16__fov,100_200,2,30,6.5242,3.5145,0.16,0.41
ViT-L-14__block16__fov,100_200,3,28,6.5718,3.5324,0.145,0.42
ViT-L-14__block16__fov,100_200,4,25,6.528,3.5929,0.175,0.405
ViT-L-14__block16__fov,200_300,0,26,6.6955,3.6111,0.155,0.45
ViT-L-14__block16__fov,200_300,1,23,6.7039,3.6445,0.145,0.435
ViT-L-14__block16__fov,200_300,2,26,6.6732,3.6122,0.16,0.455
ViT-L-14__block16__fov,200_300,3,23,6.6856,3.6593,0.175,0.4
ViT-L-14__block16__fov,200_300,4,25,6.6602,3.6008,0.135,0.44
ViT-L-14__block16__fov,300_400,0,17,7.0869,4.2594,0.085,0.25
ViT-L-14__block16__fov,300_400,1,17,7.0724,4.2296,0.07,0.235
ViT-L-14__block16__fov,300_400,2,17,7.0674,4.2481,0.08,0.235
ViT-L-14__block16__fov,300_400,3,19,7.1001,4.252,0.065,0.24
ViT-L-14__block16__fov,300_400,4,18,7.0832,4.2506,0.11,0.235
ViT-L-14__block16__fov,400_500,0,8,7.4224,4.8726,0.02,0.12
ViT-L-14__block16__fov,400_500,1,10,7.407,4.8027,0.02,0.155
ViT-L-14__block16__fov,400_500,2,7,7.4159,4.9421,0.02,0.09
ViT-L-14__block16__fov,400_500,3,9,7.423,4.8771,0.015,0.12
ViT-L-14__block16__fov,400_500,4,7,7.4143,4.901,0.02,0.095
ViT-L-14__block16__fov,500_600,0,4,7.4884,5.2967,0.005,0.04
ViT-L-14__block16__fov,500_600,1,3,7.4883,5.264,0.005,0.06
ViT-L-14__block16__fov,500_600,2,3,7.4873,5.2346,0.005,0.055
ViT-L-14__block16__fov,500_600,3,3,7.5279,5.2536,0.02,0.06
ViT-L-14__block16__fov,500_600,4,3,7.5145,5.2566,0.01,0.035
ViT-L-14__block16__fov,600_700,0,2,7.5275,5.3272,0.0,0.02
ViT-L-14__block16__fov,600_700,1,2,7.5,5.3139,0.01,0.04
ViT-L-14__block16__fov,600_700,2,2,7.5062,5.2725,0.005,0.025
ViT-L-14__block16__fov,600_700,3,2,7.5166,5.3085,0.005,0.025
ViT-L-14__block16__fov,600_700,4,3,7.5112,5.2944,0.005,0.035
ViT-L-14__block16__fov,700_800,0,2,7.5211,5.3089,0.0,0.025
ViT-L-14__block16__fov,700_800,1,2,7.5149,5.338,0.01,0.02
ViT-L-14__block16__fov,700_800,2,3,7.5002,5.3044,0.0,0.03
ViT-L-14__block16__fov,700_800,3,3,7.5255,5.3516,0.0,0.035
ViT-L-14__block16__fov,700_800,4,3,7.507,5.3305,0.015,0.04
ViT-L-14__block16__fov,800_900,0,2,7.5169,5.3277,0.0,0.015
ViT-L-14__block16__fov,800_900,1,2,7.5007,5.3396,0.01,0.05
ViT-L-14__block16__fov,800_900,2,2,7.5079,5.307,0.005,0.035
ViT-L-14__block16__fov,800_900,3,2,7.5165,5.3622,0.0,0.015
ViT-L-14__block16__fov,800_900,4,2,7.5018,5.3333,0.005,0.045
ViT-L-14__block16__fov,900_1000,0,2,7.5242,5.3521,0.0,0.01
ViT-L-14__block16__fov,900_1000,1,2,7.5036,5.3668,0.0,0.035
ViT-L-14__block16__fov,900_1000,2,2,7.508,5.3167,0.005,0.02
ViT-L-14__block16__fov,900_1000,3,3,7.5343,5.3721,0.0,0.04
ViT-L-14__block16__fov,900_1000,4,2,7.5059,5.333,0.025,0.03
ViT-L-14__block20,0_100,0,15,7.2671,4.7298,0.03,0.13
ViT-L-14__block20,0_100,1,13,7.3,4.7506,0.035,0.12
ViT-L-14__block20,0_100,2,19,7.27,4.696,0.025,0.13
ViT-L-14__block20,0_100,3,14,7.2749,4.7723,0.04,0.095
ViT-L-14__block20,0_100,4,14,7.2929,4.7251,0.02,0.105
ViT-L-14__block20,100_200,0,25,6.72,3.7661,0.125,0.36
ViT-L-14__block20,100_200,1,23,6.7277,3.8288,0.14,0.34
ViT-L-14__block20,100_200,2,27,6.6859,3.7921,0.12,0.365
ViT-L-14__block20,100_200,3,25,6.7174,3.7641,0.13,0.395
ViT-L-14__block20,100_200,4,24,6.7289,3.8044,0.13,0.36
ViT-L-14__block20,200_300,0,23,6.7171,3.6948,0.165,0.38
ViT-L-14__block20,200_300,1,26,6.7133,3.6766,0.185,0.375
ViT-L-14__block20,200_300,2,25,6.6809,3.6925,0.18,0.4
ViT-L-14__block20,200_300,3,19,6.7056,3.7524,0.175,0.41
ViT-L-14__block20,200_300,4,28,6.696,3.7179,0.16,0.405
ViT-L-14__block20,300_400,0,19,7.0278,4.2625,0.09,0.22
ViT-L-14__block20,300_400,1,21,7.0382,4.2256,0.095,0.26
ViT-L-14__block20,300_400,2,22,7.0031,4.2559,0.115,0.245
ViT-L-14__block20,300_400,3,19,7.0673,4.211,0.085,0.25
ViT-L-14__block20,300_400,4,20,7.0792,4.1853,0.11,0.255
ViT-L-14__block20,400_500,0,10,7.3753,4.7447,0.055,0.15
ViT-L-14__block20,400_500,1,10,7.377,4.7352,0.025,0.145
ViT-L-14__block20,400_500,2,12,7.406,4.6948,0.05,0.14
ViT-L-14__block20,400_500,3,9,7.3994,4.744,0.025,0.145
ViT-L-14__block20,400_500,4,9,7.4095,4.7957,0.04,0.13
ViT-L-14__block20,500_600,0,5,7.4759,5.2927,0.01,0.04
ViT-L-14__block20,500_600,1,4,7.503,5.3008,0.01,0.065
ViT-L-14__block20,500_600,2,3,7.5022,5.3125,0.0,0.04
ViT-L-14__block20,500_600,3,5,7.5213,5.2688,0.02,0.04
ViT-L-14__block20,500_600,4,3,7.513,5.2897,0.015,0.05
ViT-L-14__block20,600_700,0,3,7.5282,5.351,0.0,0.035
ViT-L-14__block20,600_700,1,3,7.5093,5.3007,0.01,0.035
ViT-L-14__block20,600_700,2,2,7.5088,5.3386,0.01,0.03
ViT-L-14__block20,600_700,3,3,7.5261,5.3242,0.0,0.025
ViT-L-14__block20,600_700,4,3,7.5363,5.3148,0.01,0.025
ViT-L-14__block20,700_800,0,3,7.5313,5.3528,0.005,0.03
ViT-L-14__block20,700_800,1,3,7.5109,5.3281,0.015,0.035
ViT-L-14__block20,700_800,2,3,7.5329,5.3704,0.005,0.005
ViT-L-14__block20,700_800,3,3,7.5257,5.35,0.0,0.03
ViT-L-14__block20,700_800,4,3,7.526,5.3449,0.02,0.045
ViT-L-14__block20,800_900,0,3,7.5322,5.3343,0.01,0.035
ViT-L-14__block20,800_900,1,2,7.5192,5.3243,0.005,0.035
ViT-L-14__block20,800_900,2,2,7.5271,5.3404,0.005,0.025
ViT-L-14__block20,800_900,3,2,7.5324,5.3465,0.01,0.03
ViT-L-14__block20,800_900,4,3,7.5419,5.3477,0.0,0.03
ViT-L-14__block20,900_1000,0,3,7.5353,5.3695,0.0,0.05
ViT-L-14__block20,900_1000,1,3,7.5241,5.3191,0.005,0.04
ViT-L-14__block20,900_1000,2,3,7.5228,5.3877,0.005,0.03
ViT-L-14__block20,900_1000,3,2,7.5324,5.3477,0.015,0.03
ViT-L-14__block20,900_1000,4,2,7.5256,5.3584,0.01,0.055
ViT-L-14__block20__fov,0_100,0,18,7.2852,4.704,0.04,0.15
ViT-L-14__block20__fov,0_100,1,12,7.3,4.802,0.035,0.1
ViT-L-14__block20__fov,0_100,2,17,7.2694,4.7425,0.025,0.125
ViT-L-14__block20__fov,0_100,3,14,7.2663,4.7251,0.035,0.12
ViT-L-14__block20__fov,0_100,4,14,7.2905,4.7565,0.04,0.11
ViT-L-14__block20__fov,100_200,0,27,6.7343,3.699,0.13,0.385
ViT-L-14__block20__fov,100_200,1,29,6.696,3.7208,0.145,0.375
ViT-L-14__block20__fov,100_200,2,29,6.6825,3.7072,0.155,0.37
ViT-L-14__block20__fov,100_200,3,27,6.721,3.7286,0.13,0.355
ViT-L-14__block20__fov,100_200,4,28,6.6938,3.7096,0.135,0.36
ViT-L-14__block20__fov,200_300,0,20,6.6908,3.677,0.18,0.39
ViT-L-14__block20__fov,200_300,1,26,6.6754,3.6074,0.2,0.42
ViT-L-14__block20__fov,200_300,2,26,6.7006,3.6137,0.185,0.405
ViT-L-14__block20__fov,200_300,3,23,6.6872,3.6643,0.21,0.41
ViT-L-14__block20__fov,200_300,4,23,6.6824,3.6605,0.185,0.405
ViT-L-14__block20__fov,300_400,0,19,7.0234,4.2465,0.08,0.23
ViT-L-14__block20__fov,300_400,1,18,7.0285,4.2386,0.08,0.265
ViT-L-14__block20__fov,300_400,2,22,7.0063,4.2219,0.085,0.24
ViT-L-14__block20__fov,300_400,3,23,7.0535,4.2069,0.075,0.25
ViT-L-14__block20__fov,300_400,4,20,7.0435,4.2228,0.09,0.25
ViT-L-14__block20__fov,400_500,0,11,7.3617,4.7481,0.05,0.155
ViT-L-14__block20__fov,400_500,1,10,7.3838,4.7586,0.045,0.15
ViT-L-14__block20__fov,400_500,2,11,7.3811,4.7212,0.04,0.175
ViT-L-14__block20__fov,400_500,3,11,7.38,4.7244,0.04,0.17
ViT-L-14__block20__fov,400_500,4,9,7.4041,4.7457,0.035,0.185
ViT-L-14__block20__fov,500_600,0,5,7.5046,5.2817,0.01,0.045
ViT-L-14__block20__fov,500_600,1,3,7.5005,5.3029,0.005,0.03
ViT-L-14__block20__fov,500_600,2,3,7.5083,5.3013,0.01,0.045
ViT-L-14__block20__fov,500_600,3,4,7.5222,5.2644,0.0,0.03
ViT-L-14__block20__fov,500_600,4,3,7.5243,5.2728,0.005,0.035
ViT-L-14__block20__fov,600_700,0,3,7.5204,5.3468,0.01,0.025
ViT-L-14__block20__fov,600_700,1,3,7.5074,5.2972,0.015,0.045
ViT-L-14__block20__fov,600_700,2,2,7.5056,5.3338,0.015,0.035
ViT-L-14__block20__fov,600_700,3,3,7.5233,5.3074,0.005,0.025
ViT-L-14__block20__fov,600_700,4,3,7.5411,5.3097,0.015,0.03
ViT-L-14__block20__fov,700_800,0,3,7.534,5.3388,0.005,0.03
ViT-L-14__block20__fov,700_800,1,3,7.5107,5.3045,0.01,0.025
ViT-L-14__block20__fov,700_800,2,3,7.528,5.3467,0.005,0.02
ViT-L-14__block20__fov,700_800,3,3,7.5126,5.3116,0.005,0.045
ViT-L-14__block20__fov,700_800,4,3,7.5432,5.301,0.02,0.04
ViT-L-14__block20__fov,800_900,0,3,7.5266,5.3411,0.005,0.03
ViT-L-14__block20__fov,800_900,1,3,7.5109,5.3122,0.025,0.055
ViT-L-14__block20__fov,800_900,2,2,7.5267,5.3486,0.01,0.035
ViT-L-14__block20__fov,800_900,3,3,7.5203,5.3516,0.005,0.02
ViT-L-14__block20__fov,800_900,4,3,7.5266,5.3299,0.005,0.045
ViT-L-14__block20__fov,900_1000,0,2,7.5358,5.3575,0.0,0.02
ViT-L-14__block20__fov,900_1000,1,3,7.5086,5.3014,0.01,0.03
ViT-L-14__block20__fov,900_1000,2,2,7.5185,5.3844,0.0,0.02
ViT-L-14__block20__fov,900_1000,3,3,7.5243,5.3426,0.0,0.02
ViT-L-14__block20__fov,900_1000,4,3,7.5291,5.3288,0.005,0.04
ViT-L-14__block24,0_100,0,12,7.3777,5.0135,0.02,0.095
ViT-L-14__block24,0_100,1,11,7.405,4.9843,0.035,0.085
ViT-L-14__block24,0_100,2,17,7.3664,4.9719,0.015,0.1
ViT-L-14__block24,0_100,3,11,7.3758,4.9731,0.035,0.095
ViT-L-14__block24,0_100,4,13,7.4078,4.9711,0.015,0.085
ViT-L-14__block24,100_200,0,21,6.929,4.1086,0.095,0.34
ViT-L-14__block24,100_200,1,19,6.9355,4.122,0.1,0.305
ViT-L-14__block24,100_200,2,21,6.9155,4.1178,0.09,0.34
ViT-L-14__block24,100_200,3,20,6.9388,4.1667,0.09,0.29
ViT-L-14__block24,100_200,4,18,6.9199,4.1318,0.105,0.31
ViT-L-14__block24,200_300,0,20,6.8667,4.005,0.115,0.35
ViT-L-14__block24,200_300,1,19,6.8783,4.0218,0.115,0.32
ViT-L-14__block24,200_300,2,21,6.8623,3.9625,0.115,0.305
ViT-L-14__block24,200_300,3,20,6.862,3.9895,0.125,0.325
ViT-L-14__block24,200_300,4,25,6.8452,3.9921,0.12,0.34
ViT-L-14__block24,300_400,0,20,7.1595,4.4576,0.045,0.175
ViT-L-14__block24,300_400,1,18,7.133,4.4697,0.075,0.2
ViT-L-14__block24,300_400,2,24,7.0989,4.3343,0.075,0.24
ViT-L-14__block24,300_400,3,18,7.1483,4.4583,0.075,0.195
ViT-L-14__block24,300_400,4,17,7.1842,4.4479,0.04,0.21
ViT-L-14__block24,400_500,0,11,7.4349,4.8483,0.02,0.08
ViT-L-14__block24,400_500,1,9,7.4272,4.866,0.045,0.15
ViT-L-14__block24,400_500,2,12,7.4226,4.8408,0.035,0.125
ViT-L-14__block24,400_500,3,11,7.4282,4.8702,0.02,0.105
ViT-L-14__block24,400_500,4,6,7.4516,4.9927,0.025,0.085
ViT-L-14__block24,500_600,0,5,7.5093,5.3407,0.005,0.045
ViT-L-14__block24,500_600,1,4,7.5071,5.3021,0.015,0.05
ViT-L-14__block24,500_600,2,3,7.5204,5.3157,0.015,0.06
ViT-L-14__block24,500_600,3,3,7.507,5.3203,0.005,0.05
ViT-L-14__block24,500_600,4,3,7.528,5.3231,0.005,0.04
ViT-L-14__block24,600_700,0,2,7.5517,5.3435,0.01,0.03
ViT-L-14__block24,600_700,1,3,7.5427,5.3388,0.005,0.02
ViT-L-14__block24,600_700,2,2,7.5484,5.3189,0.005,0.04
ViT-L-14__block24,600_700,3,2,7.5186,5.3273,0.005,0.02
ViT-L-14__block24,600_700,4,3,7.556,5.3591,0.005,0.03
ViT-L-14__block24,700_800,0,3,7.5406,5.3566,0.01,0.04
ViT-L-14__block24,700_800,1,3,7.5365,5.3256,0.005,0.02
ViT-L-14__block24,700_800,2,3,7.5579,5.3147,0.0,0.045
ViT-L-14__block24,700_800,3,3,7.5196,5.3212,0.0,0.03
ViT-L-14__block24,700_800,4,3,7.5688,5.3648,0.005,0.03
ViT-L-14__block24,800_900,0,2,7.5418,5.3402,0.005,0.025
ViT-L-14__block24,800_900,1,2,7.5525,5.3271,0.01,0.03
ViT-L-14__block24,800_900,2,2,7.5554,5.3224,0.005,0.03
ViT-L-14__block24,800_900,3,2,7.5384,5.3279,0.0,0.02
ViT-L-14__block24,800_900,4,3,7.5704,5.3555,0.01,0.04
ViT-L-14__block24,900_1000,0,3,7.5472,5.382,0.005,0.035
ViT-L-14__block24,900_1000,1,2,7.5508,5.3445,0.005,0.025
ViT-L-14__block24,900_1000,2,2,7.5662,5.3201,0.005,0.05
ViT-L-14__block24,900_1000,3,2,7.5268,5.3372,0.01,0.04
ViT-L-14__block24,900_1000,4,3,7.5691,5.3689,0.0,0.03
ViT-L-14__block24__fov,0_100,0,12,7.3644,5.0197,0.02,0.11
ViT-L-14__block24__fov,0_100,1,11,7.3831,5.0199,0.025,0.09
ViT-L-14__block24__fov,0_100,2,17,7.3613,4.9291,0.02,0.085
ViT-L-14__block24__fov,0_100,3,14,7.3581,4.9581,0.03,0.085
ViT-L-14__block24__fov,0_100,4,13,7.4031,4.9651,0.015,0.095
ViT-L-14__block24__fov,100_200,0,20,6.9278,4.0926,0.1,0.295
ViT-L-14__block24__fov,100_200,1,20,6.9203,4.1465,0.085,0.27
ViT-L-14__block24__fov,100_200,2,18,6.8958,4.1583,0.105,0.305
ViT-L-14__block24__fov,100_200,3,20,6.9425,4.1494,0.105,0.3
ViT-L-14__block24__fov,100_200,4,18,6.9335,4.147,0.07,0.29
ViT-L-14__block24__fov,200_300,0,19,6.8697,3.9922,0.095,0.325
ViT-L-14__block24__fov,200_300,1,19,6.8655,3.9825,0.1,0.34
ViT-L-14__block24__fov,200_300,2,17,6.8535,4.0184,0.085,0.33
ViT-L-14__block24__fov,200_300,3,19,6.8796,3.9906,0.105,0.325
ViT-L-14__block24__fov,200_300,4,23,6.8374,3.9894,0.115,0.295
ViT-L-14__block24__fov,300_400,0,19,7.1301,4.4181,0.035,0.195
ViT-L-14__block24__fov,300_400,1,18,7.1251,4.4376,0.06,0.22
ViT-L-14__block24__fov,300_400,2,21,7.091,4.3954,0.05,0.2
ViT-L-14__block24__fov,300_400,3,18,7.1451,4.4548,0.055,0.17
ViT-L-14__block24__fov,300_400,4,18,7.1467,4.4243,0.07,0.23
ViT-L-14__block24__fov,400_500,0,8,7.4282,4.9691,0.01,0.08
ViT-L-14__block24__fov,400_500,1,9,7.4192,4.8878,0.025,0.095
ViT-L-14__block24__fov,400_500,2,10,7.4068,4.8918,0.01,0.115
ViT-L-14__block24__fov,400_500,3,11,7.418,4.863,0.015,0.105
ViT-L-14__block24__fov,400_500,4,7,7.4378,4.9572,0.035,0.095
ViT-L-14__block24__fov,500_600,0,3,7.5002,5.335,0.0,0.06
ViT-L-14__block24__fov,500_600,1,4,7.498,5.3445,0.0,0.015
ViT-L-14__block24__fov,500_600,2,3,7.5135,5.3206,0.01,0.04
ViT-L-14__block24__fov,500_600,3,4,7.51,5.3424,0.005,0.035
ViT-L-14__block24__fov,500_600,4,3,7.5152,5.3492,0.005,0.035
ViT-L-14__block24__fov,600_700,0,2,7.5112,5.355,0.0,0.025
ViT-L-14__block24__fov,600_700,1,2,7.5222,5.3304,0.01,0.04
ViT-L-14__block24__fov,600_700,2,2,7.5331,5.371,0.005,0.02
ViT-L-14__block24__fov,600_700,3,3,7.5324,5.3268,0.015,0.03
ViT-L-14__block24__fov,600_700,4,2,7.5412,5.353,0.01,0.02
ViT-L-14__block24__fov,700_800,0,3,7.5103,5.3697,0.01,0.04
ViT-L-14__block24__fov,700_800,1,2,7.5166,5.3193,0.005,0.05
ViT-L-14__block24__fov,700_800,2,3,7.5406,5.3217,0.015,0.05
ViT-L-14__block24__fov,700_800,3,3,7.5254,5.3416,0.01,0.025
ViT-L-14__block24__fov,700_800,4,2,7.5421,5.3873,0.0,0.005
ViT-L-14__block24__fov,800_900,0,2,7.5161,5.3605,0.005,0.025
ViT-L-14__block24__fov,800_900,1,2,7.5173,5.3189,0.005,0.065
ViT-L-14__block24__fov,800_900,2,2,7.5469,5.3424,0.0,0.015
ViT-L-14__block24__fov,800_900,3,3,7.5445,5.3216,0.01,0.025
ViT-L-14__block24__fov,800_900,4,2,7.5415,5.3751,0.0,0.04
ViT-L-14__block24__fov,900_1000,0,2,7.5183,5.3487,0.0,0.03
ViT-L-14__block24__fov,900_1000,1,2,7.5268,5.3296,0.01,0.045
ViT-L-14__block24__fov,900_1000,2,2,7.5577,5.3803,0.005,0.05
ViT-L-14__block24__fov,900_1000,3,3,7.5254,5.3298,0.01,0.02
ViT-L-14__block24__fov,900_1000,4,2,7.5554,5.3759,0.0,0.025
ViT-L-14__block4,0_100,0,27,6.8075,3.9815,0.095,0.285
ViT-L-14__block4,0_100,1,23,6.9293,4.0541,0.065,0.26
ViT-L-14__block4,0_100,2,30,6.8209,3.9629,0.075,0.305
ViT-L-14__block4,0_100,3,23,6.8912,4.0092,0.08,0.255
ViT-L-14__block4,0_100,4,24,6.8908,4.0139,0.08,0.25
ViT-L-14__block4,100_200,0,42,6.3233,3.1596,0.18,0.505
ViT-L-14__block4,100_200,1,32,6.3651,3.1816,0.185,0.48
ViT-L-14__block4,100_200,2,32,6.2699,3.1756,0.19,0.485
ViT-L-14__block4,100_200,3,32,6.3444,3.1867,0.18,0.52
ViT-L-14__block4,100_200,4,33,6.267,3.1686,0.18,0.51
ViT-L-14__block4,200_300,0,30,6.6817,3.7377,0.105,0.355
ViT-L-14__block4,200_300,1,30,6.693,3.7082,0.14,0.375
ViT-L-14__block4,200_300,2,30,6.6247,3.7315,0.14,0.35
ViT-L-14__block4,200_300,3,22,6.6364,3.7767,0.135,0.345
ViT-L-14__block4,200_300,4,27,6.6188,3.7984,0.11,0.35
ViT-L-14__block4,300_400,0,11,7.1723,4.4542,0.05,0.17
ViT-L-14__block4,300_400,1,13,7.1642,4.3751,0.065,0.2
ViT-L-14__block4,300_400,2,16,7.1103,4.32,0.09,0.225
ViT-L-14__block4,300_400,3,12,7.1538,4.4614,0.055,0.15
ViT-L-14__block4,300_400,4,14,7.154,4.3538,0.07,0.175
ViT-L-14__block4,400_500,0,4,7.417,5.121,0.01,0.08
ViT-L-14__block4,400_500,1,3,7.4088,5.191,0.005,0.06
ViT-L-14__block4,400_500,2,4,7.4255,5.1306,0.025,0.08
ViT-L-14__block4,400_500,3,7,7.4054,5.0526,0.01,0.07
ViT-L-14__block4,400_500,4,3,7.4231,5.1744,0.01,0.055
ViT-L-14__block4,500_600,0,3,7.4495,5.2738,0.015,0.025
ViT-L-14__block4,500_600,1,3,7.4641,5.2567,0.0,0.035
ViT-L-14__block4,500_600,2,3,7.4527,5.258,0.02,0.06
ViT-L-14__block4,500_600,3,3,7.4643,5.2698,0.0,0.03
ViT-L-14__block4,500_600,4,3,7.4532,5.2401,0.005,0.045
ViT-L-14__block4,600_700,0,2,7.4663,5.3018,0.005,0.04
ViT-L-14__block4,600_700,1,3,7.4567,5.2768,0.01,0.035
ViT-L-14__block4,600_700,2,2,7.4623,5.2868,0.02,0.025
ViT-L-14__block4,600_700,3,3,7.4619,5.2811,0.01,0.025
ViT-L-14__block4,600_700,4,3,7.4604,5.2818,0.0,0.05
ViT-L-14__block4,700_800,0,2,7.4618,5.2893,0.005,0.035
ViT-L-14__block4,700_800,1,3,7.4691,5.2886,0.005,0.025
ViT-L-14__block4,700_800,2,2,7.4697,5.2992,0.015,0.045
ViT-L-14__block4,700_800,3,3,7.4643,5.2952,0.005,0.03
ViT-L-14__block4,700_800,4,2,7.4571,5.2962,0.01,0.03
ViT-L-14__block4,800_900,0,3,7.4713,5.3144,0.0,0.025
ViT-L-14__block4,800_900,1,2,7.4652,5.3113,0.0,0.03
ViT-L-14__block4,800_900,2,2,7.4685,5.3003,0.015,0.04
ViT-L-14__block4,800_900,3,2,7.4732,5.3051,0.0,0.015
ViT-L-14__block4,800_900,4,2,7.4711,5.2953,0.005,0.04
ViT-L-14__block4,900_1000,0,2,7.4796,5.3092,0.005,0.04
ViT-L-14__block4,900_1000,1,2,7.4608,5.318,0.0,0.02
ViT-L-14__block4,900_1000,2,2,7.4661,5.3284,0.01,0.035
ViT-L-14__block4,900_1000,3,2,7.4639,5.3162,0.0,0.02
ViT-L-14__block4,900_1000,4,2,7.4748,5.3074,0.0,0.02
ViT-L-14__block4__fov,0_100,0,32,6.794,3.8831,0.11,0.27
ViT-L-14__block4__fov,0_100,1,23,6.908,3.9757,0.075,0.26
ViT-L-14__block4__fov,0_100,2,30,6.7812,3.8719,0.085,0.29
ViT-L-14__block4__fov,0_100,3,23,6.8556,3.9614,0.075,0.265
ViT-L-14__block4__fov,0_100,4,24,6.8591,3.9144,0.105,0.27
ViT-L-14__block4__fov,100_200,0,44,6.2939,3.0752,0.2,0.53
ViT-L-14__block4__fov,100_200,1,32,6.3157,3.1132,0.195,0.5
ViT-L-14__block4__fov,100_200,2,36,6.2354,3.089,0.195,0.51
ViT-L-14__block4__fov,100_200,3,33,6.303,3.1164,0.17,0.52
ViT-L-14__block4__fov,100_200,4,33,6.2255,3.0709,0.205,0.53
ViT-L-14__block4__fov,200_300,0,30,6.6724,3.6586,0.135,0.37
ViT-L-14__block4__fov,200_300,1,30,6.678,3.6503,0.155,0.365
ViT-L-14__block4__fov,200_300,2,30,6.6094,3.6688,0.145,0.365
ViT-L-14__block4__fov,200_300,3,28,6.6213,3.6884,0.12,0.365
ViT-L-14__block4__fov,200_300,4,36,6.6071,3.6642,0.14,0.395
ViT-L-14__block4__fov,300_400,0,11,7.1658,4.393,0.07,0.195
ViT-L-14__block4__fov,300_400,1,15,7.1611,4.3546,0.08,0.165
ViT-L-14__block4__fov,300_400,2,16,7.1052,4.2658,0.08,0.235
ViT-L-14__block4__fov,300_400,3,12,7.1425,4.4302,0.04,0.17
ViT-L-14__block4__fov,300_400,4,14,7.1517,4.317,0.065,0.165
ViT-L-14__block4__fov,400_500,0,4,7.4181,5.1247,0.015,0.075
ViT-L-14__block4__fov,400_500,1,3,7.4075,5.1881,0.01,0.065
ViT-L-14__block4__fov,400_500,2,4,7.4293,5.1228,0.015,0.085
ViT-L-14__block4__fov,400_500,3,7,7.41,5.0181,0.015,0.08
ViT-L-14__block4__fov,400_500,4,5,7.426,5.0791,0.02,0.07
ViT-L-14__block4__fov,500_600,0,3,7.445,5.2713,0.005,0.03
ViT-L-14__block4__fov,500_600,1,3,7.4497,5.2596,0.005,0.045
ViT-L-14__block4__fov,500_600,2,3,7.4455,5.2486,0.005,0.05
ViT-L-14__block4__fov,500_600,3,3,7.4652,5.2599,0.005,0.04
ViT-L-14__block4__fov,500_600,4,3,7.455,5.26,0.0,0.03
ViT-L-14__block4__fov,600_700,0,2,7.4564,5.302,0.02,0.04
ViT-L-14__block4__fov,600_700,1,3,7.4512,5.2852,0.01,0.035
ViT-L-14__block4__fov,600_700,2,2,7.464,5.2746,0.01,0.015
ViT-L-14__block4__fov,600_700,3,2,7.4616,5.2847,0.01,0.04
ViT-L-14__block4__fov,600_700,4,3,7.4526,5.3039,0.01,0.035
ViT-L-14__block4__fov,700_800,0,2,7.4527,5.3006,0.005,0.04
ViT-L-14__block4__fov,700_800,1,3,7.4659,5.2981,0.005,0.04
ViT-L-14__block4__fov,700_800,2,2,7.464,5.2884,0.005,0.04
ViT-L-14__block4__fov,700_800,3,3,7.4675,5.2958,0.005,0.025
ViT-L-14__block4__fov,700_800,4,2,7.4561,5.3149,0.005,0.04
ViT-L-14__block4__fov,800_900,0,2,7.4724,5.3252,0.005,0.035
ViT-L-14__block4__fov,800_900,1,2,7.4616,5.3205,0.005,0.03
ViT-L-14__block4__fov,800_900,2,2,7.4668,5.2938,0.0,0.03
ViT-L-14__block4__fov,800_900,3,2,7.4708,5.3026,0.005,0.035
ViT-L-14__block4__fov,800_900,4,2,7.463,5.3019,0.005,0.03
ViT-L-14__block4__fov,900_1000,0,2,7.4761,5.3166,0.005,0.035
ViT-L-14__block4__fov,900_1000,1,2,7.4543,5.3258,0.005,0.02
ViT-L-14__block4__fov,900_1000,2,2,7.4665,5.3168,0.005,0.01
ViT-L-14__block4__fov,900_1000,3,2,7.471,5.3096,0.01,0.04
ViT-L-14__block4__fov,900_1000,4,2,7.4644,5.3075,0.01,0.025
ViT-L-14__block8,0_100,0,21,6.8857,4.0862,0.08,0.235
ViT-L-14__block8,0_100,1,19,6.9756,4.0931,0.075,0.24
ViT-L-14__block8,0_100,2,23,6.917,4.0015,0.085,0.265
ViT-L-14__block8,0_100,3,25,6.9261,4.0681,0.08,0.25
ViT-L-14__block8,0_100,4,18,6.976,4.0995,0.09,0.23
ViT-L-14__block8,100_200,0,34,6.2102,2.8946,0.335,0.63
ViT-L-14__block8,100_200,1,32,6.2425,2.953,0.28,0.585
ViT-L-14__block8,100_200,2,36,6.1705,2.8907,0.29,0.585
ViT-L-14__block8,100_200,3,33,6.256,2.904,0.325,0.62
ViT-L-14__block8,100_200,4,38,6.1638,2.8728,0.315,0.615
ViT-L-14__block8,200_300,0,26,6.5143,3.4757,0.175,0.425
ViT-L-14__block8,200_300,1,24,6.5541,3.4467,0.21,0.46
ViT-L-14__block8,200_300,2,26,6.4784,3.4614,0.215,0.415
ViT-L-14__block8,200_300,3,26,6.5163,3.4334,0.18,0.455
ViT-L-14__block8,200_300,4,38,6.5259,3.3945,0.2,0.45
ViT-L-14__block8,300_400,0,14,7.1032,4.1269,0.085,0.25
ViT-L-14__block8,300_400,1,13,7.0659,4.1552,0.085,0.245
ViT-L-14__block8,300_400,2,16,7.0392,4.0909,0.115,0.265
ViT-L-14__block8,300_400,3,12,7.0696,4.2191,0.09,0.215
ViT-L-14__block8,300_400,4,14,7.0723,4.119,0.08,0.245
ViT-L-14__block8,400_500,0,6,7.4184,4.9444,0.03,0.11
ViT-L-14__block8,400_500,1,6,7.4073,4.9777,0.015,0.1
ViT-L-14__block8,400_500,2,5,7.4415,4.9894,0.03,0.12
ViT-L-14__block8,400_500,3,8,7.4092,4.9138,0.01,0.13
ViT-L-14__block8,400_500,4,6,7.4039,4.9821,0.03,0.095
ViT-L-14__block8,500_600,0,3,7.4845,5.2482,0.005,0.03
ViT-L-14__block8,500_600,1,3,7.4769,5.2793,0.005,0.025
ViT-L-14__block8,500_600,2,3,7.4785,5.2792,0.015,0.035
ViT-L-14__block8,500_600,3,3,7.4686,5.2922,0.005,0.03
ViT-L-14__block8,500_600,4,3,7.4595,5.2784,0.005,0.055
ViT-L-14__block8,600_700,0,2,7.4987,5.275,0.005,0.035
ViT-L-14__block8,600_700,1,2,7.4766,5.2946,0.0,0.05
ViT-L-14__block8,600_700,2,2,7.477,5.2999,0.0,0.03
ViT-L-14__block8,600_700,3,3,7.476,5.269,0.0,0.025
ViT-L-14__block8,600_700,4,3,7.471,5.2656,0.015,0.04
ViT-L-14__block8,700_800,0,2,7.4983,5.2901,0.005,0.025
ViT-L-14__block8,700_800,1,2,7.4967,5.3079,0.01,0.025
ViT-L-14__block8,700_800,2,3,7.4907,5.3053,0.005,0.035
ViT-L-14__block8,700_800,3,3,7.4744,5.3102,0.02,0.04
ViT-L-14__block8,700_800,4,3,7.4805,5.3134,0.005,0.03
ViT-L-14__block8,800_900,0,2,7.506,5.3121,0.01,0.02
ViT-L-14__block8,800_900,1,2,7.4937,5.3233,0.005,0.025
ViT-L-14__block8,800_900,2,2,7.4743,5.3247,0.005,0.055
ViT-L-14__block8,800_900,3,3,7.4739,5.331,0.005,0.01
ViT-L-14__block8,800_900,4,3,7.4826,5.3129,0.01,0.025
ViT-L-14__block8,900_1000,0,2,7.5017,5.3271,0.01,0.03
ViT-L-14__block8,900_1000,1,2,7.4929,5.3299,0.0,0.02
ViT-L-14__block8,900_1000,2,2,7.4897,5.3186,0.0,0.05
ViT-L-14__block8,900_1000,3,2,7.4803,5.3357,0.01,0.03
ViT-L-14__block8,900_1000,4,3,7.4896,5.3487,0.005,0.03
ViT-L-14__block8__fov,0_100,0,21,6.8744,4.0355,0.085,0.21
ViT-L-14__block8__fov,0_100,1,19,6.9713,4.0498,0.095,0.27
ViT-L-14__block8__fov,0_100,2,27,6.9161,3.9919,0.095,0.27
ViT-L-14__block8__fov,0_100,3,25,6.928,4.0165,0.08,0.265
ViT-L-14__block8__fov,0_100,4,18,6.9483,4.0606,0.1,0.25
ViT-L-14__block8__fov,100_200,0,38,6.2063,2.8248,0.325,0.62
ViT-L-14__block8__fov,100_200,1,41,6.2091,2.8436,0.285,0.62
ViT-L-14__block8__fov,100_200,2,36,6.1521,2.8237,0.335,0.64
ViT-L-14__block8__fov,100_200,3,33,6.2286,2.846,0.32,0.63
ViT-L-14__block8__fov,100_200,4,44,6.1405,2.8257,0.31,0.645
ViT-L-14__block8__fov,200_300,0,34,6.5134,3.3462,0.185,0.465
ViT-L-14__block8__fov,200_300,1,24,6.5575,3.429,0.205,0.44
ViT-L-14__block8__fov,200_300,2,26,6.4792,3.3942,0.185,0.48
ViT-L-14__block8__fov,200_300,3,26,6.5117,3.3607,0.215,0.435
ViT-L-14__block8__fov,200_300,4,38,6.5134,3.343,0.22,0.46
ViT-L-14__block8__fov,300_400,0,14,7.0978,4.0812,0.09,0.29
ViT-L-14__block8__fov,300_400,1,15,7.0575,4.0886,0.1,0.285
ViT-L-14__block8__fov,300_400,2,16,7.03,4.086,0.1,0.265
ViT-L-14__block8__fov,300_400,3,16,7.0597,4.0914,0.105,0.255
ViT-L-14__block8__fov,300_400,4,15,7.0632,4.0891,0.125,0.245
ViT-L-14__block8__fov,400_500,0,6,7.4232,4.9499,0.025,0.115
ViT-L-14__block8__fov,400_500,1,6,7.4114,4.931,0.005,0.105
ViT-L-14__block8__fov,400_500,2,5,7.4266,4.9867,0.035,0.135
ViT-L-14__block8__fov,400_500,3,8,7.4142,4.8716,0.03,0.135
ViT-L-14__block8__fov,400_500,4,5,7.4096,5.0109,0.02,0.105
ViT-L-14__block8__fov,500_600,0,3,7.4915,5.2648,0.005,0.04
ViT-L-14__block8__fov,500_600,1,3,7.4751,5.2612,0.01,0.06
ViT-L-14__block8__fov,500_600,2,3,7.4652,5.2517,0.005,0.05
ViT-L-14__block8__fov,500_600,3,3,7.4795,5.2717,0.005,0.06
ViT-L-14__block8__fov,500_600,4,3,7.4653,5.2579,0.0,0.03
ViT-L-14__block8__fov,600_700,0,2,7.4977,5.2801,0.0,0.035
ViT-L-14__block8__fov,600_700,1,2,7.4706,5.303,0.015,0.04
ViT-L-14__block8__fov,600_700,2,2,7.4715,5.2926,0.01,0.035
ViT-L-14__block8__fov,600_700,3,3,7.4872,5.2454,0.015,0.05
ViT-L-14__block8__fov,600_700,4,3,7.4738,5.2864,0.005,0.035
ViT-L-14__block8__fov,700_800,0,2,7.494,5.2959,0.005,0.035
ViT-L-14__block8__fov,700_800,1,2,7.4913,5.3295,0.0,0.025
ViT-L-14__block8__fov,700_800,2,3,7.492,5.2918,0.01,0.04
ViT-L-14__block8__fov,700_800,3,3,7.4769,5.2917,0.01,0.035
ViT-L-14__block8__fov,700_800,4,3,7.4751,5.3171,0.005,0.025
ViT-L-14__block8__fov,800_900,0,2,7.4889,5.3159,0.005,0.04
ViT-L-14__block8__fov,800_900,1,2,7.4775,5.3525,0.0,0.02
ViT-L-14__block8__fov,800_900,2,2,7.49,5.3026,0.0,0.02
ViT-L-14__block8__fov,800_900,3,3,7.4873,5.3113,0.01,0.025
ViT-L-14__block8__fov,800_900,4,2,7.4826,5.3109,0.015,0.045
ViT-L-14__block8__fov,900_1000,0,2,7.4933,5.345,0.0,0.025
ViT-L-14__block8__fov,900_1000,1,2,7.4835,5.3428,0.01,0.04
ViT-L-14__block8__fov,900_1000,2,2,7.4999,5.3231,0.01,0.03
ViT-L-14__block8__fov,900_1000,3,3,7.4883,5.3129,0.005,0.025
ViT-L-14__block8__fov,900_1000,4,3,7.497,5.3285,0.025,0.035
