target,window,seed,best_epoch,val_loss,test_loss,top1,top5
RN50__attnpool,0_100,0,10,7.3248,4.835,0.015,0.105
RN50__attnpool,0_100,1,9,7.3444,4.9054,0.015,0.12
RN50__attnpool,0_100,2,10,7.3233,4.8391,0.015,0.08
RN50__attnpool,0_100,3,9,7.3128,4.8471,0.03,0.145
RN50__attnpool,0_100,4,11,7.3078,4.8468,0.015,0.125
RN50__attnpool,100_200,0,19,6.8488,3.8365,0.145,0.39
RN50__attnpool,100_200,1,17,6.8401,3.8928,0.16,0.38
RN50__attnpool,100_200,2,17,6.8401,3.876,0.17,0.39
RN50__attnpool,100_200,3,14,6.8681,3.9442,0.15,0.355
RN50__attnpool,100_200,4,15,6.8571,3.9449,0.15,0.37
RN50__attnpool,200_300,0,15,6.8777,3.9032,0.11,0.355
RN50__attnpool,200_300,1,16,6.871,3.8632,0.16,0.38
RN50__attnpool,200_300,2,17,6.86,3.8476,0.11,0.36
RN50__attnpool,200_300,3,18,6.8887,3.8238,0.115,0.355
RN50__attnpool,200_300,4,17,6.8956,3.8686,0.11,0.38
RN50__attnpool,300_400,0,15,7.211,4.2617,0.055,0.205
RN50__attnpool,300_400,1,9,7.2619,4.4573,0.035,0.185
RN50__attnpool,300_400,2,12,7.2015,4.3248,0.06,0.255
RN50__attnpool,300_400,3,9,7.2637,4.4301,0.06,0.215
RN50__attnpool,300_400,4,11,7.2498,4.3794,0.06,0.22
RN50__attnpool,400_500,0,5,7.4672,5.1336,0.01,0.06
RN50__attnpool,400_500,1,4,7.4607,5.2017,0.015,0.04
RN50__attnpool,400_500,2,6,7.4719,5.1486,0.02,0.07
RN50__attnpool,400_500,3,3,7.4645,5.2385,0.005,0.03
RN50__attnpool,400_500,4,3,7.4737,5.2474,0.0,0.02
RN50__attnpool,500_600,0,3,7.4768,5.2636,0.0,0.035
RN50__attnpool,500_600,1,2,7.4784,5.2705,0.0,0.03
RN50__attnpool,500_600,2,3,7.4943,5.2828,0.01,0.05
RN50__attnpool,500_600,3,2,7.4971,5.2837,0.005,0.045
RN50__attnpool,500_600,4,3,7.4883,5.2718,0.015,0.04
RN50__attnpool,600_700,0,3,7.474,5.2935,0.0,0.035
RN50__attnpool,600_700,1,2,7.4879,5.3159,0.005,0.02
RN50__attnpool,600_700,2,2,7.5035,5.3394,0.005,0.025
RN50__attnpool,600_700,3,2,7.4876,5.3363,0.0,0.045
RN50__attnpool,600_700,4,2,7.4823,5.3066,0.0,0.03
RN50__attnpool,700_800,0,3,7.5008,5.3077,0.005,0.035
RN50__attnpool,700_800,1,2,7.4938,5.3409,0.005,0.02
RN50__attnpool,700_800,2,3,7.5051,5.3618,0.0,0.025
RN50__attnpool,700_800,3,2,7.4943,5.3206,0.01,0.02
RN50__attnpool,700_800,4,3,7.4819,5.3117,0.005,0.045
RN50__attnpool,800_900,0,2,7.5034,5.3272,0.005,0.015
RN50__attnpool,800_900,1,2,7.4956,5.3363,0.01,0.025
RN50__attnpool,800_900,2,2,7.5039,5.351,0.0,0.015
RN50__attnpool,800_900,3,2,7.4891,5.3352,0.01,0.03
RN50__attnpool,800_900,4,2,7.4908,5.3299,0.01,0.015
RN50__attnpool,900_1000,0,2,7.4874,5.3305,0.005,0.04
RN50__attnpool,900_1000,1,2,7.5046,5.3208,0.0,0.025
RN50__attnpool,900_1000,2,2,7.5151,5.3383,0.01,0.02
RN50__attnpool,900_1000,3,2,7.5034,5.3447,0.01,0.04
RN50__attnpool,900_1000,4,2,7.5027,5.3388,0.01,0.01
RN50__attnpool__fov,0_100,0,11,7.3244,4.833,0.02,0.125
RN50__attnpool__fov,0_100,1,9,7.3342,4.8776,0.025,0.11
RN50__attnpool__fov,0_100,2,10,7.3233,4.8781,0.02,0.12
RN50__attnpool__fov,0_100,3,9,7.3124,4.8744,0.02,0.085
RN50__attnpool__fov,0_100,4,9,7.2954,4.8388,0.005,0.105
RN50__attnpool__fov,100_200,0,18,6.8337,3.8019,0.22,0.41
RN50__attnpool__fov,100_200,1,17,6.8145,3.8239,0.17,0.415
RN50__attnpool__fov,100_200,2,16,6.8324,3.8224,0.18,0.395
RN50__attnpool__fov,100_200,3,17,6.8702,3.8403,0.185,0.405
RN50__attnpool__fov,100_200,4,15,6.8293,3.8565,0.165,0.42
RN50__attnpool__fov,200_300,0,18,6.8904,3.8611,0.1,0.335
RN50__attnpool__fov,200_300,1,15,6.882,3.8714,0.125,0.325
RN50__attnpool__fov,200_300,2,16,6.8567,3.8368,0.115,0.37
RN50__attnpool__fov,200_300,3,16,6.8996,3.8592,0.13,0.365
RN50__attnpool__fov,200_300,4,17,6.8583,3.8582,0.11,0.365
RN50__attnpool__fov,300_400,0,13,7.2103,4.3222,0.05,0.205
RN50__attnpool__fov,300_400,1,9,7.2814,4.4269,0.09,0.21
RN50__attnpool__fov,300_400,2,12,7.2184,4.3363,0.06,0.18
RN50__attnpool__fov,300_400,3,11,7.2807,4.4027,0.08,0.22
RN50__attnpool__fov,300_400,4,11,7.2296,4.401,0.075,0.195
RN50__attnpool__fov,400_500,0,3,7.4673,5.2389,0.01,0.03
RN50__attnpool__fov,400_500,1,3,7.4738,5.225,0.015,0.045
RN50__attnpool__fov,400_500,2,5,7.4655,5.1828,0.02,0.05
RN50__attnpool__fov,400_500,3,3,7.4902,5.2552,0.015,0.045
RN50__attnpool__fov,400_500,4,3,7.471,5.2686,0.01,0.05
RN50__attnpool__fov,500_600,0,3,7.4924,5.2706,0.01,0.03
RN50__attnpool__fov,500_600,1,2,7.5046,5.2794,0.005,0.035
RN50__attnpool__fov,500_600,2,3,7.5006,5.2511,0.01,0.04
RN50__attnpool__fov,500_600,3,2,7.4939,5.2924,0.015,0.04
RN50__attnpool__fov,500_600,4,3,7.489,5.2669,0.015,0.05
RN50__attnpool__fov,600_700,0,3,7.485,5.2959,0.01,0.03
RN50__attnpool__fov,600_700,1,2,7.4981,5.3211,0.005,0.025
RN50__attnpool__fov,600_700,2,2,7.495,5.315,0.0,0.02
RN50__attnpool__fov,600_700,3,2,7.4969,5.3363,0.01,0.02
RN50__attnpool__fov,600_700,4,2,7.4943,5.3184,0.025,0.05
RN50__attnpool__fov,700_800,0,3,7.494,5.3102,0.005,0.04
RN50__attnpool__fov,700_800,1,2,7.5075,5.3391,0.0,0.02
RN50__attnpool__fov,700_800,2,3,7.51,5.3125,0.01,0.025
RN50__attnpool__fov,700_800,3,2,7.5061,5.3617,0.015,0.045
RN50__attnpool__fov,700_800,4,2,7.511,5.3441,0.0,0.045
RN50__attnpool__fov,800_900,0,3,7.5008,5.3309,0.015,0.03
RN50__attnpool__fov,800_900,1,2,7.5092,5.348,0.005,0.02
RN50__attnpool__fov,800_900,2,2,7.5225,5.3346,0.005,0.02
RN50__attnpool__fov,800_900,3,2,7.5076,5.3527,0.005,0.025
RN50__attnpool__fov,800_900,4,2,7.5135,5.3469,0.01,0.035
RN50__attnpool__fov,900_1000,0,3,7.4968,5.3503,0.005,0.015
RN50__attnpool__fov,900_1000,1,2,7.5054,5.3505,0.005,0.02
RN50__attnpool__fov,900_1000,2,2,7.5123,5.3435,0.0,0.02
RN50__attnpool__fov,900_1000,3,2,7.5042,5.3411,0.02,0.04
RN50__attnpool__fov,900_1000,4,2,7.5025,5.3555,0.01,0.04
RN50__layer1,0_100,0,14,7.1177,4.2829,0.04,0.225
RN50__layer1,0_100,1,12,7.1166,4.3761,0.04,0.19
RN50__layer1,0_100,2,13,7.1207,4.3314,0.03,0.2
RN50__layer1,0_100,3,10,7.1415,4.4676,0.035,0.15
RN50__layer1,0_100,4,13,7.1039,4.3455,0.05,0.215
RN50__layer1,100_200,0,20,6.5465,3.1874,0.185,0.56
RN50__layer1,100_200,1,24,6.5135,3.1773,0.195,0.535
RN50__layer1,100_200,2,24,6.5451,3.1155,0.205,0.575
RN50__layer1,100_200,3,21,6.5655,3.1951,0.21,0.55
RN50__layer1,100_200,4,21,6.5387,3.1874,0.21,0.54
RN50__layer1,200_300,0,17,6.7983,3.6408,0.16,0.43
RN50__layer1,200_300,1,22,6.8122,3.5865,0.17,0.42
RN50__layer1,200_300,2,17,6.8421,3.6193,0.175,0.435
RN50__layer1,200_300,3,16,6.8428,3.6549,0.13,0.415
RN50__layer1,200_300,4,17,6.7888,3.6027,0.185,0.43
RN50__layer1,300_400,0,10,7.305,4.6266,0.04,0.16
RN50__layer1,300_400,1,8,7.3368,4.7422,0.035,0.13
RN50__layer1,300_400,2,8,7.3374,4.7237,0.05,0.17
RN50__layer1,300_400,3,7,7.3747,4.745,0.04,0.13
RN50__layer1,300_400,4,7,7.3489,4.7597,0.06,0.145
RN50__layer1,400_500,0,4,7.4552,5.2158,0.01,0.05
RN50__layer1,400_500,1,4,7.4622,5.2333,0.02,0.065
RN50__layer1,400_500,2,4,7.4531,5.2323,0.01,0.02
RN50__layer1,400_500,3,4,7.4663,5.2288,0.01,0.06
RN50__layer1,400_500,4,3,7.4647,5.2562,0.02,0.055
RN50__layer1,500_600,0,3,7.4702,5.2583,0.005,0.045
RN50__layer1,500_600,1,4,7.4682,5.2573,0.005,0.035
RN50__layer1,500_600,2,3,7.484,5.2749,0.01,0.03
RN50__layer1,500_600,3,3,7.4735,5.2538,0.01,0.03
RN50__layer1,500_600,4,3,7.4735,5.2733,0.005,0.035
RN50__layer1,600_700,0,3,7.4572,5.2835,0.005,0.03
RN50__layer1,600_700,1,4,7.4718,5.2856,0.01,0.045
RN50__layer1,600_700,2,3,7.4777,5.2892,0.005,0.025
RN50__layer1,600_700,3,3,7.4778,5.2844,0.005,0.045
RN50__layer1,600_700,4,3,7.4749,5.2984,0.01,0.04
RN50__layer1,700_800,0,3,7.4821,5.302,0.005,0.035
RN50__layer1,700_800,1,3,7.4665,5.2859,0.0,0.03
RN50__layer1,700_800,2,3,7.4759,5.3061,0.01,0.025
RN50__layer1,700_800,3,3,7.4838,5.3073,0.005,0.03
RN50__layer1,700_800,4,3,7.4924,5.31,0.005,0.035
RN50__layer1,800_900,0,3,7.4856,5.3006,0.0,0.02
RN50__layer1,800_900,1,3,7.4637,5.292,0.0,0.02
RN50__layer1,800_900,2,3,7.4783,5.3271,0.005,0.025
RN50__layer1,800_900,3,3,7.4793,5.3032,0.005,0.025
RN50__layer1,800_900,4,3,7.492,5.3118,0.005,0.015
RN50__layer1,900_1000,0,3,7.4787,5.3005,0.015,0.035
RN50__layer1,900_1000,1,3,7.4686,5.3073,0.005,0.015
RN50__layer1,900_1000,2,3,7.484,5.3084,0.02,0.03
RN50__layer1,900_1000,3,3,7.482,5.2972,0.005,0.02
RN50__layer1,900_1000,4,3,7.4861,5.3174,0.0,0.015
RN50__layer1__fov,0_100,0,14,7.0898,4.2338,0.05,0.235
RN50__layer1__fov,0_100,1,12,7.0943,4.3152,0.055,0.245
RN50__layer1__fov,0_100,2,13,7.1002,4.2882,0.045,0.245
RN50__layer1__fov,0_100,3,13,7.1217,4.2792,0.035,0.21
RN50__layer1__fov,0_100,4,13,7.0912,4.2972,0.05,0.2
RN50__layer1__fov,100_200,0,22,6.5041,3.0601,0.235,0.55
RN50__layer1__fov,100_200,1,24,6.4792,3.0912,0.235,0.57
RN50__layer1__fov,100_200,2,24,6.5054,3.0447,0.215,0.57
RN50__layer1__fov,100_200,3,23,6.5293,3.0954,0.205,0.55
RN50__layer1__fov,100_200,4,22,6.5311,3.1241,0.225,0.565
RN50__layer1__fov,200_300,0,19,6.7618,3.559,0.18,0.435
RN50__layer1__fov,200_300,1,15,6.7865,3.6019,0.165,0.43
RN50__layer1__fov,200_300,2,17,6.8225,3.5376,0.21,0.43
RN50__layer1__fov,200_300,3,16,6.8162,3.5858,0.155,0.45
RN50__layer1__fov,200_300,4,17,6.7735,3.5419,0.18,0.445
RN50__layer1__fov,300_400,0,10,7.3196,4.605,0.055,0.175
RN50__layer1__fov,300_400,1,8,7.3343,4.722,0.03,0.12
RN50__layer1__fov,300_400,2,8,7.3459,4.7513,0.035,0.125
RN50__layer1__fov,300_400,3,7,7.3678,4.7772,0.03,0.15
RN50__layer1__fov,300_400,4,7,7.3431,4.7655,0.055,0.11
RN50__layer1__fov,400_500,0,4,7.4436,5.2173,0.01,0.05
RN50__layer1__fov,400_500,1,4,7.4593,5.2302,0.02,0.075
RN50__layer1__fov,400_500,2,4,7.4496,5.2337,0.01,0.03
RN50__layer1__fov,400_500,3,4,7.4517,5.2352,0.015,0.055
RN50__layer1__fov,400_500,4,3,7.4659,5.24,0.015,0.05
RN50__layer1__fov,500_600,0,3,7.4663,5.2546,0.01,0.025
RN50__layer1__fov,500_600,1,4,7.4619,5.2582,0.015,0.055
RN50__layer1__fov,500_600,2,3,7.4931,5.2642,0.015,0.025
RN50__layer1__fov,500_600,3,3,7.4812,5.2605,0.015,0.04
RN50__layer1__fov,500_600,4,3,7.4654,5.2692,0.005,0.045
RN50__layer1__fov,600_700,0,3,7.4639,5.2854,0.005,0.025
RN50__layer1__fov,600_700,1,4,7.4644,5.2786,0.015,0.04
RN50__layer1__fov,600_700,2,3,7.4817,5.2904,0.005,0.025
RN50__layer1__fov,600_700,3,3,7.4697,5.2815,0.005,0.03
RN50__layer1__fov,600_700,4,3,7.4764,5.2901,0.01,0.04
RN50__layer1__fov,700_800,0,3,7.4974,5.2946,0.01,0.035
RN50__layer1__fov,700_800,1,4,7.4693,5.2985,0.0,0.03
RN50__layer1__fov,700_800,2,3,7.4706,5.3098,0.0,0.01
RN50__layer1__fov,700_800,3,3,7.4804,5.2973,0.005,0.045
RN50__layer1__fov,700_800,4,3,7.4808,5.3066,0.005,0.04
RN50__layer1__fov,800_900,0,3,7.4917,5.3016,0.01,0.035
RN50__layer1__fov,800_900,1,3,7.4501,5.2962,0.005,0.035
RN50__layer1__fov,800_900,2,4,7.4743,5.3139,0.01,0.02
RN50__layer1__fov,800_900,3,3,7.4813,5.3028,0.0,0.025
RN50__layer1__fov,800_900,4,3,7.4787,5.3032,0.005,0.04
RN50__layer1__fov,900_1000,0,3,7.4848,5.2981,0.015,0.035
RN50__layer1__fov,900_1000,1,3,7.4637,5.323,0.0,0.01
RN50__layer1__fov,900_1000,2,3,7.4767,5.3116,0.005,0.02
RN50__layer1__fov,900_1000,3,3,7.475,5.3083,0.005,0.035
RN50__layer1__fov,900_1000,4,3,7.4804,5.3132,0.005,0.025
RN50__layer2,0_100,0,13,7.0621,4.1682,0.055,0.245
RN50__layer2,0_100,1,13,7.0765,4.2644,0.05,0.25
RN50__layer2,0_100,2,14,7.0849,4.178,0.055,0.245
RN50__layer2,0_100,3,12,7.0965,4.2465,0.06,0.23
RN50__layer2,0_100,4,13,7.0571,4.1726,0.05,0.295
RN50__layer2,100_200,0,24,6.3883,2.8713,0.29,0.645
RN50__layer2,100_200,1,25,6.3542,2.8663,0.3,0.655
RN50__layer2,100_200,2,22,6.3836,2.8987,0.29,0.655
RN50__layer2,100_200,3,23,6.4206,2.8941,0.295,0.625
RN50__layer2,100_200,4,22,6.3953,2.8992,0.295,0.63
RN50__layer2,200_300,0,19,6.6632,3.3426,0.205,0.495
RN50__layer2,200_300,1,21,6.6461,3.329,0.205,0.49
RN50__layer2,200_300,2,22,6.6654,3.2526,0.225,0.505
RN50__layer2,200_300,3,18,6.7019,3.3148,0.21,0.515
RN50__layer2,200_300,4,22,6.6249,3.2607,0.225,0.525
RN50__layer2,300_400,0,10,7.2373,4.4997,0.065,0.205
RN50__layer2,300_400,1,9,7.2585,4.4745,0.08,0.225
RN50__layer2,300_400,2,8,7.2868,4.5139,0.04,0.215
RN50__layer2,300_400,3,10,7.302,4.4545,0.075,0.22
RN50__layer2,300_400,4,8,7.2726,4.5193,0.065,0.18
RN50__layer2,400_500,0,3,7.4607,5.198,0.005,0.06
RN50__layer2,400_500,1,3,7.4432,5.1927,0.02,0.045
RN50__layer2,400_500,2,3,7.4451,5.1992,0.01,0.03
RN50__layer2,400_500,3,3,7.4623,5.1895,0.005,0.085
RN50__layer2,400_500,4,3,7.4329,5.2158,0.015,0.06
RN50__layer2,500_600,0,3,7.4779,5.2281,0.01,0.06
RN50__layer2,500_600,1,2,7.4722,5.2325,0.01,0.045
RN50__layer2,500_600,2,3,7.4723,5.2461,0.005,0.035
RN50__layer2,500_600,3,2,7.4834,5.2461,0.02,0.05
RN50__layer2,500_600,4,2,7.4531,5.2572,0.0,0.015
RN50__layer2,600_700,0,3,7.4724,5.262,0.005,0.025
RN50__layer2,600_700,1,2,7.4635,5.2672,0.015,0.04
RN50__layer2,600_700,2,2,7.4722,5.2899,0.005,0.035
RN50__layer2,600_700,3,2,7.4791,5.2783,0.015,0.05
RN50__layer2,600_700,4,2,7.475,5.2826,0.0,0.015
RN50__layer2,700_800,0,3,7.4903,5.2762,0.005,0.05
RN50__layer2,700_800,1,2,7.4562,5.2839,0.005,0.02
RN50__layer2,700_800,2,2,7.4745,5.3054,0.005,0.03
RN50__layer2,700_800,3,2,7.4781,5.2833,0.005,0.04
RN50__layer2,700_800,4,2,7.478,5.2967,0.0,0.01
RN50__layer2,800_900,0,2,7.4849,5.3026,0.01,0.025
RN50__layer2,800_900,1,2,7.4636,5.2984,0.005,0.015
RN50__layer2,800_900,2,2,7.4732,5.3009,0.005,0.04
RN50__layer2,800_900,3,2,7.4793,5.3,0.015,0.03
RN50__layer2,800_900,4,2,7.4761,5.2994,0.0,0.005
RN50__layer2,900_1000,0,2,7.4861,5.3171,0.0,0.02
RN50__layer2,900_1000,1,2,7.4755,5.3049,0.005,0.025
RN50__layer2,900_1000,2,2,7.476,5.3193,0.0,0.01
RN50__layer2,900_1000,3,2,7.4786,5.2848,0.0,0.025
RN50__layer2,900_1000,4,2,7.4726,5.3026,0.005,0.015
RN50__layer2__fov,0_100,0,14,7.0518,4.0978,0.05,0.28
RN50__layer2__fov,0_100,1,13,7.0739,4.2127,0.03,0.25
RN50__layer2__fov,0_100,2,14,7.0727,4.1207,0.08,0.28
RN50__layer2__fov,0_100,3,12,7.0776,4.2156,0.045,0.26
RN50__layer2__fov,0_100,4,13,7.0591,4.1478,0.08,0.295
RN50__layer2__fov,100_200,0,24,6.3419,2.8037,0.315,0.65
RN50__layer2__fov,100_200,1,25,6.3331,2.8185,0.285,0.67
RN50__layer2__fov,100_200,2,26,6.3554,2.7644,0.29,0.69
RN50__layer2__fov,100_200,3,23,6.3932,2.8376,0.315,0.66
RN50__layer2__fov,100_200,4,22,6.3614,2.843,0.28,0.645
RN50__layer2__fov,200_300,0,19,6.6299,3.2879,0.2,0.5
RN50__layer2__fov,200_300,1,21,6.6324,3.2983,0.2,0.49
RN50__layer2__fov,200_300,2,22,6.6442,3.2021,0.255,0.51
RN50__layer2__fov,200_300,3,18,6.6794,3.2452,0.24,0.515
RN50__layer2__fov,200_300,4,22,6.618,3.2239,0.22,0.535
RN50__layer2__fov,300_400,0,11,7.2374,4.4207,0.08,0.225
RN50__layer2__fov,300_400,1,9,7.2596,4.495,0.065,0.18
RN50__layer2__fov,300_400,2,8,7.2756,4.5194,0.05,0.205
RN50__layer2__fov,300_400,3,10,7.3079,4.4536,0.08,0.215
RN50__layer2__fov,300_400,4,8,7.2767,4.5188,0.075,0.225
RN50__layer2__fov,400_500,0,3,7.4497,5.2024,0.02,0.06
RN50__layer2__fov,400_500,1,3,7.4585,5.1984,0.005,0.07
RN50__layer2__fov,400_500,2,3,7.4523,5.2191,0.02,0.055
RN50__layer2__fov,400_500,3,3,7.4667,5.1896,0.03,0.06
RN50__layer2__fov,400_500,4,3,7.4425,5.1982,0.02,0.055
RN50__layer2__fov,500_600,0,3,7.4659,5.2185,0.005,0.045
RN50__layer2__fov,500_600,1,3,7.4696,5.2457,0.015,0.055
RN50__layer2__fov,500_600,2,3,7.4726,5.2346,0.005,0.055
RN50__layer2__fov,500_600,3,2,7.4918,5.247,0.005,0.025
RN50__layer2__fov,500_600,4,2,7.4516,5.2541,0.01,0.055
RN50__layer2__fov,600_700,0,2,7.4758,5.2691,0.015,0.06
RN50__layer2__fov,600_700,1,2,7.4735,5.2807,0.01,0.025
RN50__layer2__fov,600_700,2,2,7.465,5.2882,0.0,0.035
RN50__layer2__fov,600_700,3,2,7.4932,5.2733,0.01,0.04
RN50__layer2__fov,600_700,4,2,7.47,5.2768,0.0,0.035
RN50__layer2__fov,700_800,0,2,7.489,5.2876,0.005,0.035
RN50__layer2__fov,700_800,1,2,7.4696,5.2992,0.005,0.035
RN50__layer2__fov,700_800,2,2,7.4789,5.3023,0.01,0.04
RN50__layer2__fov,700_800,3,2,7.4991,5.2913,0.005,0.03
RN50__layer2__fov,700_800,4,2,7.4705,5.3029,0.01,0.025
RN50__layer2__fov,800_900,0,2,7.4813,5.2863,0.015,0.035
RN50__layer2__fov,800_900,1,2,7.4681,5.3036,0.02,0.065
RN50__layer2__fov,800_900,2,2,7.4768,5.2984,0.005,0.035
RN50__layer2__fov,800_900,3,2,7.4842,5.2935,0.01,0.03
RN50__layer2__fov,800_900,4,2,7.4715,5.3026,0.01,0.04
RN50__layer2__fov,900_1000,0,2,7.481,5.3037,0.0,0.025
RN50__layer2__fov,900_1000,1,2,7.4813,5.3041,0.0,0.04
RN50__layer2__fov,900_1000,2,2,7.4813,5.3243,0.0,0.025
RN50__layer2__fov,900_1000,3,2,7.4811,5.2819,0.01,0.035
RN50__layer2__fov,900_1000,4,2,7.4681,5.313,0.015,0.03
RN50__layer3,0_100,0,16,7.1505,4.3165,0.045,0.21
RN50__layer3,0_100,1,13,7.1622,4.4163,0.035,0.17
RN50__layer3,0_100,2,16,7.1391,4.2689,0.07,0.22
RN50__layer3,0_100,3,14,7.1285,4.3445,0.06,0.22
RN50__layer3,0_100,4,14,7.1181,4.3225,0.055,0.21
RN50__layer3,100_200,0,29,6.4458,2.903,0.325,0.615
RN50__layer3,100_200,1,26,6.4213,2.9833,0.3,0.585
RN50__layer3,100_200,2,26,6.4473,2.9299,0.28,0.61
RN50__layer3,100_200,3,24,6.516,3.0115,0.31,0.61
RN50__layer3,100_200,4,26,6.4117,2.9468,0.34,0.595
RN50__layer3,200_300,0,22,6.5702,3.1889,0.225,0.575
RN50__layer3,200_300,1,22,6.6083,3.181,0.25,0.57
RN50__layer3,200_300,2,22,6.5693,3.2178,0.22,0.525
RN50__layer3,200_300,3,24,6.6341,3.1389,0.255,0.555
RN50__layer3,200_300,4,26,6.5506,3.146,0.23,0.575
RN50__layer3,300_400,0,16,7.1375,4.027,0.11,0.335
RN50__layer3,300_400,1,16,7.1767,4.1253,0.095,0.285
RN50__layer3,300_400,2,12,7.1585,4.1446,0.125,0.32
RN50__layer3,300_400,3,13,7.2034,4.0838,0.145,0.315
RN50__layer3,300_400,4,14,7.1655,4.1552,0.095,0.285
RN50__layer3,400_500,0,5,7.4622,5.1258,0.005,0.055
RN50__layer3,400_500,1,3,7.4718,5.216,0.01,0.045
RN50__layer3,400_500,2,4,7.4596,5.1684,0.01,0.055
RN50__layer3,400_500,3,6,7.4563,5.0746,0.015,0.085
RN50__layer3,400_500,4,6,7.4664,5.0566,0.02,0.09
RN50__layer3,500_600,0,3,7.4643,5.2593,0.005,0.025
RN50__layer3,500_600,1,2,7.4938,5.2835,0.01,0.025
RN50__layer3,500_600,2,3,7.4964,5.2492,0.005,0.035
RN50__layer3,500_600,3,3,7.501,5.2617,0.0,0.04
RN50__layer3,500_600,4,3,7.4724,5.2532,0.01,0.02
RN50__layer3,600_700,0,3,7.4793,5.2811,0.005,0.025
RN50__layer3,600_700,1,2,7.5075,5.3119,0.005,0.025
RN50__layer3,600_700,2,2,7.4942,5.2999,0.01,0.04
RN50__layer3,600_700,3,2,7.4882,5.3144,0.0,0.035
RN50__layer3,600_700,4,2,7.4877,5.3017,0.005,0.02
RN50__layer3,700_800,0,3,7.5059,5.3375,0.005,0.025
RN50__layer3,700_800,1,2,7.5153,5.3549,0.005,0.03
RN50__layer3,700_800,2,2,7.4986,5.3096,0.005,0.02
RN50__layer3,700_800,3,3,7.5072,5.327,0.0,0.035
RN50__layer3,700_800,4,3,7.4943,5.3304,0.0,0.025
RN50__layer3,800_900,0,3,7.4984,5.3354,0.005,0.015
RN50__layer3,800_900,1,2,7.496,5.3308,0.0,0.02
RN50__layer3,800_900,2,2,7.4995,5.327,0.005,0.045
RN50__layer3,800_900,3,2,7.5087,5.3248,0.0,0.025
RN50__layer3,800_900,4,2,7.4931,5.3228,0.005,0.02
RN50__layer3,900_1000,0,3,7.5034,5.3308,0.005,0.03
RN50__layer3,900_1000,1,2,7.5101,5.3456,0.0,0.02
RN50__layer3,900_1000,2,2,7.5096,5.3143,0.015,0.05
RN50__layer3,900_1000,3,2,7.5048,5.3421,0.0,0.03
RN50__layer3,900_1000,4,2,7.4996,5.3329,0.0,0.02
RN50__layer3__fov,0_100,0,14,7.161,4.3235,0.06,0.215
RN50__layer3__fov,0_100,1,13,7.1401,4.3377,0.055,0.2
RN50__layer3__fov,0_100,2,15,7.1379,4.3172,0.035,0.22
RN50__layer3__fov,0_100,3,14,7.1279,4.3321,0.055,0.235
RN50__layer3__fov,0_100,4,14,7.1218,4.3593,0.045,0.21
RN50__layer3__fov,100_200,0,35,6.4069,2.8392,0.34,0.63
RN50__layer3__fov,100_200,1,26,6.3879,2.9312,0.34,0.6
RN50__layer3__fov,100_200,2,26,6.4011,2.9125,0.335,0.615
RN50__layer3__fov,100_200,3,24,6.4789,2.9875,0.29,0.6
RN50__layer3__fov,100_200,4,26,6.4078,2.9354,0.28,0.645
RN50__layer3__fov,200_300,0,22,6.547,3.1688,0.23,0.57
RN50__layer3__fov,200_300,1,21,6.58,3.1853,0.215,0.57
RN50__layer3__fov,200_300,2,23,6.5637,3.1389,0.225,0.565
RN50__layer3__fov,200_300,3,24,6.6002,3.1215,0.27,0.575
RN50__layer3__fov,200_300,4,26,6.5179,3.1051,0.265,0.57
RN50__layer3__fov,300_400,0,16,7.1318,4.0318,0.135,0.335
RN50__layer3__fov,300_400,1,16,7.1794,4.0833,0.11,0.28
RN50__layer3__fov,300_400,2,12,7.1463,4.1718,0.125,0.275
RN50__layer3__fov,300_400,3,14,7.188,4.096,0.11,0.29
RN50__layer3__fov,300_400,4,13,7.1774,4.1555,0.095,0.315
RN50__layer3__fov,400_500,0,5,7.4699,5.1028,0.03,0.075
RN50__layer3__fov,400_500,1,3,7.4634,5.1852,0.01,0.05
RN50__layer3__fov,400_500,2,4,7.4507,5.1699,0.025,0.05
RN50__layer3__fov,400_500,3,6,7.4538,5.0884,0.005,0.075
RN50__layer3__fov,400_500,4,5,7.4667,5.1392,0.01,0.055
RN50__layer3__fov,500_600,0,3,7.4784,5.2468,0.01,0.04
RN50__layer3__fov,500_600,1,3,7.4854,5.2488,0.005,0.04
RN50__layer3__fov,500_600,2,3,7.4879,5.2572,0.015,0.045
RN50__layer3__fov,500_600,3,2,7.5026,5.308,0.01,0.04
RN50__layer3__fov,500_600,4,3,7.481,5.2625,0.005,0.045
RN50__layer3__fov,600_700,0,3,7.4981,5.2929,0.01,0.04
RN50__layer3__fov,600_700,1,2,7.499,5.2842,0.005,0.04
RN50__layer3__fov,600_700,2,2,7.4908,5.2925,0.005,0.025
RN50__layer3__fov,600_700,3,2,7.4816,5.3135,0.005,0.03
RN50__layer3__fov,600_700,4,2,7.4895,5.3191,0.005,0.03
RN50__layer3__fov,700_800,0,3,7.5043,5.3271,0.005,0.035
RN50__layer3__fov,700_800,1,2,7.5045,5.3255,0.005,0.03
RN50__layer3__fov,700_800,2,2,7.4987,5.3151,0.01,0.045
RN50__layer3__fov,700_800,3,2,7.4914,5.3333,0.0,0.02
RN50__layer3__fov,700_800,4,3,7.5026,5.3503,0.0,0.025
RN50__layer3__fov,800_900,0,3,7.5071,5.3166,0.01,0.025
RN50__layer3__fov,800_900,1,2,7.4934,5.3097,0.01,0.025
RN50__layer3__fov,800_900,2,2,7.4931,5.3285,0.005,0.035
RN50__layer3__fov,800_900,3,2,7.5014,5.3262,0.0,0.02
RN50__layer3__fov,800_900,4,2,7.4932,5.3363,0.02,0.025
RN50__layer3__fov,900_1000,0,3,7.5165,5.3348,0.0,0.03
RN50__layer3__fov,900_1000,1,2,7.5081,5.3305,0.005,0.025
RN50__layer3__fov,900_1000,2,2,7.5063,5.3239,0.02,0.035
RN50__layer3__fov,900_1000,3,2,7.5019,5.3477,0.005,0.015
RN50__layer3__fov,900_1000,4,2,7.4922,5.3405,0.01,0.025
RN50__layer4,0_100,0,13,7.2284,4.6765,0.04,0.14
RN50__layer4,0_100,1,12,7.2258,4.6928,0.02,0.135
RN50__layer4,0_100,2,14,7.2286,4.7153,0.045,0.125
RN50__layer4,0_100,3,14,7.2444,4.6904,0.025,0.16
RN50__layer4,0_100,4,14,7.2631,4.6888,0.04,0.15
RN50__layer4,100_200,0,25,6.6404,3.4695,0.195,0.5
RN50__layer4,100_200,1,22,6.6552,3.5449,0.205,0.46
RN50__layer4,100_200,2,23,6.6523,3.4873,0.205,0.475
RN50__layer4,100_200,3,24,6.6812,3.4847,0.225,0.505
RN50__layer4,100_200,4,21,6.6423,3.5369,0.175,0.47
RN50__layer4,200_300,0,22,6.6963,3.5123,0.21,0.45
RN50__layer4,200_300,1,22,6.701,3.5226,0.17,0.445
RN50__layer4,200_300,2,19,6.6837,3.5319,0.185,0.435
RN50__layer4,200_300,3,21,6.744,3.4878,0.17,0.48
RN50__layer4,200_300,4,20,6.6694,3.4926,0.185,0.46
RN50__layer4,300_400,0,13,7.1252,4.1684,0.09,0.31
RN50__layer4,300_400,1,14,7.186,4.2369,0.075,0.26
RN50__layer4,300_400,2,14,7.132,4.1438,0.105,0.315
RN50__layer4,300_400,3,14,7.1891,4.1124,0.1,0.315
RN50__layer4,300_400,4,13,7.1434,4.1814,0.1,0.305
RN50__layer4,400_500,0,6,7.4491,5.0895,0.01,0.075
RN50__layer4,400_500,1,7,7.4571,5.0376,0.025,0.105
RN50__layer4,400_500,2,7,7.4403,5.111,0.025,0.095
RN50__layer4,400_500,3,7,7.4715,5.0355,0.025,0.085
RN50__layer4,400_500,4,6,7.4582,5.0681,0.025,0.08
RN50__layer4,500_600,0,3,7.4903,5.2512,0.015,0.04
RN50__layer4,500_600,1,3,7.4974,5.2748,0.005,0.055
RN50__layer4,500_600,2,3,7.5026,5.2737,0.015,0.05
RN50__layer4,500_600,3,3,7.5088,5.2368,0.0,0.015
RN50__layer4,500_600,4,3,7.478,5.2406,0.02,0.045
RN50__layer4,600_700,0,3,7.48,5.3074,0.005,0.04
RN50__layer4,600_700,1,2,7.4818,5.3164,0.0,0.03
RN50__layer4,600_700,2,3,7.5091,5.3042,0.01,0.025
RN50__layer4,600_700,3,2,7.5095,5.3067,0.01,0.03
RN50__layer4,600_700,4,3,7.4852,5.2842,0.01,0.03
RN50__layer4,700_800,0,3,7.5073,5.3371,0.005,0.025
RN50__layer4,700_800,1,2,7.4982,5.3366,0.01,0.03
RN50__layer4,700_800,2,3,7.5144,5.3414,0.01,0.04
RN50__layer4,700_800,3,2,7.5119,5.323,0.02,0.02
RN50__layer4,700_800,4,3,7.4929,5.308,0.0,0.03
RN50__layer4,800_900,0,3,7.5065,5.3514,0.01,0.035
RN50__layer4,800_900,1,2,7.5021,5.3517,0.0,0.03
RN50__layer4,800_900,2,2,7.5172,5.3348,0.01,0.02
RN50__layer4,800_900,3,2,7.5237,5.3296,0.005,0.025
RN50__layer4,800_900,4,3,7.5109,5.3222,0.015,0.025
RN50__layer4,900_1000,0,3,7.498,5.3677,0.01,0.025
RN50__layer4,900_1000,1,2,7.5109,5.351,0.005,0.01
RN50__layer4,900_1000,2,2,7.5267,5.356,0.01,0.045
RN50__layer4,900_1000,3,2,7.5184,5.3568,0.015,0.035
RN50__layer4,900_1000,4,3,7.5183,5.3304,0.01,0.025
RN50__layer4__fov,0_100,0,13,7.2577,4.68,0.03,0.16
RN50__layer4__fov,0_100,1,12,7.2431,4.6977,0.035,0.115
RN50__layer4__fov,0_100,2,14,7.2496,4.6687,0.06,0.135
RN50__layer4__fov,0_100,3,14,7.2331,4.6734,0.025,0.125
RN50__layer4__fov,0_100,4,12,7.2324,4.7075,0.035,0.13
RN50__layer4__fov,100_200,0,29,6.6251,3.4233,0.215,0.505
RN50__layer4__fov,100_200,1,23,6.6154,3.4685,0.2,0.5
RN50__layer4__fov,100_200,2,21,6.6299,3.4949,0.2,0.505
RN50__layer4__fov,100_200,3,21,6.688,3.4864,0.225,0.52
RN50__layer4__fov,100_200,4,26,6.6399,3.4373,0.215,0.49
RN50__layer4__fov,200_300,0,21,6.6981,3.4875,0.18,0.46
RN50__layer4__fov,200_300,1,22,6.6957,3.4703,0.16,0.465
RN50__layer4__fov,200_300,2,19,6.6713,3.4932,0.16,0.44
RN50__layer4__fov,200_300,3,20,6.7392,3.4559,0.165,0.475
RN50__layer4__fov,200_300,4,23,6.6757,3.4627,0.155,0.46
RN50__layer4__fov,300_400,0,15,7.1288,4.1415,0.1,0.28
RN50__layer4__fov,300_400,1,17,7.1855,4.1392,0.08,0.27
RN50__layer4__fov,300_400,2,14,7.1182,4.1801,0.095,0.265
RN50__layer4__fov,300_400,3,14,7.1962,4.1499,0.105,0.27
RN50__layer4__fov,300_400,4,16,7.1415,4.1553,0.08,0.245
RN50__layer4__fov,400_500,0,5,7.4637,5.1248,0.015,0.065
RN50__layer4__fov,400_500,1,5,7.4518,5.142,0.015,0.06
RN50__layer4__fov,400_500,2,7,7.4553,5.0928,0.015,0.07
RN50__layer4__fov,400_500,3,6,7.4541,5.0887,0.01,0.1
RN50__layer4__fov,400_500,4,6,7.4705,5.1048,0.01,0.075
RN50__layer4__fov,500_600,0,3,7.4857,5.2432,0.02,0.05
RN50__layer4__fov,500_600,1,3,7.5059,5.2786,0.01,0.035
RN50__layer4__fov,500_600,2,3,7.4867,5.2611,0.025,0.07
RN50__layer4__fov,500_600,3,3,7.5078,5.2644,0.005,0.025
RN50__layer4__fov,500_600,4,3,7.4972,5.264,0.01,0.05
RN50__layer4__fov,600_700,0,3,7.4858,5.297,0.005,0.035
RN50__layer4__fov,600_700,1,3,7.4893,5.3251,0.005,0.025
RN50__layer4__fov,600_700,2,2,7.4894,5.3254,0.0,0.035
RN50__layer4__fov,600_700,3,3,7.5064,5.3365,0.0,0.03
RN50__layer4__fov,600_700,4,3,7.5035,5.294,0.005,0.04
RN50__layer4__fov,700_800,0,3,7.5263,5.3266,0.005,0.02
RN50__layer4__fov,700_800,1,3,7.5091,5.356,0.0,0.01
RN50__layer4__fov,700_800,2,3,7.5094,5.3375,0.0,0.035
RN50__layer4__fov,700_800,3,3,7.5089,5.3228,0.005,0.02
RN50__layer4__fov,700_800,4,3,7.5106,5.3178,0.01,0.025
RN50__layer4__fov,800_900,0,2,7.5243,5.3223,0.005,0.05
RN50__layer4__fov,800_900,1,2,7.5167,5.3683,0.005,0.005
RN50__layer4__fov,800_900,2,2,7.5097,5.3434,0.005,0.025
RN50__layer4__fov,800_900,3,2,7.5216,5.3301,0.0,0.015
RN50__layer4__fov,800_900,4,3,7.5258,5.3204,0.005,0.045
RN50__layer4__fov,900_1000,0,3,7.5091,5.3533,0.0,0.015
RN50__layer4__fov,900_1000,1,2,7.5184,5.3798,0.0,0.015
RN50__layer4__fov,900_1000,2,2,7.5193,5.3592,0.005,0.03
RN50__layer4__fov,900_1000,3,2,7.5239,5.3508,0.0,0.01
RN50__layer4__fov,900_1000,4,3,7.5143,5.347,0.005,0.025
RN50__stem,0_100,0,15,7.2135,4.7136,0.015,0.11
RN50__stem,0_100,1,11,7.2511,4.8373,0.02,0.095
RN50__stem,0_100,2,12,7.2188,4.7894,0.02,0.13
RN50__stem,0_100,3,12,7.2515,4.8291,0.02,0.09
RN50__stem,0_100,4,11,7.225,4.8145,0.035,0.105
RN50__stem,100_200,0,33,6.8162,3.881,0.105,0.345
RN50__stem,100_200,1,34,6.8513,3.9147,0.095,0.31
RN50__stem,100_200,2,31,6.8556,3.8842,0.11,0.345
RN50__stem,100_200,3,33,6.8868,3.9323,0.095,0.31
RN50__stem,100_200,4,29,6.8384,3.8664,0.105,0.335
RN50__stem,200_300,0,23,6.9965,4.219,0.055,0.2
RN50__stem,200_300,1,25,7.0332,4.1991,0.05,0.22
RN50__stem,200_300,2,22,7.0274,4.2587,0.03,0.25
RN50__stem,200_300,3,26,7.0538,4.2449,0.05,0.255
RN50__stem,200_300,4,24,7.0098,4.2355,0.06,0.245
RN50__stem,300_400,0,11,7.3467,5.08,0.025,0.12
RN50__stem,300_400,1,11,7.4065,5.0927,0.015,0.095
RN50__stem,300_400,2,10,7.397,5.0823,0.02,0.06
RN50__stem,300_400,3,9,7.4093,5.1278,0.005,0.045
RN50__stem,300_400,4,11,7.3901,5.1052,0.01,0.07
RN50__stem,400_500,0,9,7.4794,5.2684,0.01,0.04
RN50__stem,400_500,1,10,7.4677,5.2617,0.015,0.045
RN50__stem,400_500,2,10,7.4628,5.2598,0.005,0.045
RN50__stem,400_500,3,8,7.4736,5.2674,0.005,0.04
RN50__stem,400_500,4,8,7.4737,5.2777,0.005,0.035
RN50__stem,500_600,0,11,7.4889,5.2639,0.005,0.03
RN50__stem,500_600,1,9,7.4771,5.2807,0.005,0.05
RN50__stem,500_600,2,9,7.4948,5.2899,0.015,0.025
RN50__stem,500_600,3,9,7.4805,5.2833,0.005,0.02
RN50__stem,500_600,4,8,7.48,5.287,0.01,0.025
RN50__stem,600_700,0,9,7.4865,5.2948,0.005,0.015
RN50__stem,600_700,1,10,7.4731,5.3068,0.01,0.02
RN50__stem,600_700,2,9,7.4755,5.2968,0.01,0.035
RN50__stem,600_700,3,7,7.4861,5.2909,0.005,0.025
RN50__stem,600_700,4,8,7.474,5.3109,0.005,0.025
RN50__stem,700_800,0,8,7.5023,5.3164,0.005,0.025
RN50__stem,700_800,1,9,7.4858,5.3131,0.005,0.025
RN50__stem,700_800,2,10,7.5021,5.3135,0.01,0.035
RN50__stem,700_800,3,8,7.4826,5.3119,0.005,0.03
RN50__stem,700_800,4,8,7.4843,5.312,0.01,0.025
RN50__stem,800_900,0,8,7.4861,5.3005,0.005,0.015
RN50__stem,800_900,1,9,7.4756,5.3186,0.005,0.03
RN50__stem,800_900,2,9,7.4806,5.3193,0.0,0.02
RN50__stem,800_900,3,8,7.4926,5.3167,0.005,0.025
RN50__stem,800_900,4,8,7.4784,5.3178,0.005,0.025
RN50__stem,900_1000,0,8,7.4908,5.3033,0.01,0.035
RN50__stem,900_1000,1,10,7.4926,5.3108,0.005,0.025
RN50__stem,900_1000,2,11,7.4846,5.3235,0.005,0.03
RN50__stem,900_1000,3,8,7.4861,5.3119,0.005,0.02
RN50__stem,900_1000,4,8,7.4812,5.3258,0.0,0.02
RN50__stem__fov,0_100,0,15,7.2055,4.6799,0.015,0.09
RN50__stem__fov,0_100,1,11,7.2308,4.7734,0.015,0.105
RN50__stem__fov,0_100,2,14,7.1917,4.7049,0.04,0.14
RN50__stem__fov,0_100,3,12,7.2172,4.7945,0.02,0.125
RN50__stem__fov,0_100,4,15,7.196,4.6523,0.015,0.125
RN50__stem__fov,100_200,0,34,6.7914,3.791,0.105,0.385
RN50__stem__fov,100_200,1,34,6.7962,3.8135,0.09,0.37
RN50__stem__fov,100_200,2,29,6.8092,3.778,0.11,0.41
RN50__stem__fov,100_200,3,33,6.8434,3.8221,0.085,0.365
RN50__stem__fov,100_200,4,27,6.8162,3.8244,0.115,0.35
RN50__stem__fov,200_300,0,27,6.9795,4.1024,0.045,0.275
RN50__stem__fov,200_300,1,24,7.0011,4.1469,0.055,0.26
RN50__stem__fov,200_300,2,25,6.9986,4.1451,0.07,0.285
RN50__stem__fov,200_300,3,20,7.0221,4.2327,0.07,0.265
RN50__stem__fov,200_300,4,22,7.0002,4.1783,0.045,0.24
RN50__stem__fov,300_400,0,11,7.3407,5.084,0.015,0.09
RN50__stem__fov,300_400,1,11,7.4049,5.0661,0.025,0.115
RN50__stem__fov,300_400,2,11,7.4034,5.0612,0.01,0.095
RN50__stem__fov,300_400,3,9,7.3945,5.1088,0.015,0.055
RN50__stem__fov,300_400,4,11,7.4046,5.1028,0.005,0.05
RN50__stem__fov,400_500,0,9,7.4671,5.2719,0.005,0.015
RN50__stem__fov,400_500,1,10,7.4714,5.2602,0.005,0.02
RN50__stem__fov,400_500,2,10,7.4761,5.2589,0.01,0.05
RN50__stem__fov,400_500,3,9,7.4751,5.2718,0.0,0.03
RN50__stem__fov,400_500,4,8,7.4858,5.2709,0.005,0.02
RN50__stem__fov,500_600,0,9,7.4918,5.2702,0.005,0.03
RN50__stem__fov,500_600,1,9,7.4747,5.2742,0.01,0.04
RN50__stem__fov,500_600,2,9,7.5026,5.2888,0.005,0.01
RN50__stem__fov,500_600,3,9,7.4845,5.2799,0.005,0.02
RN50__stem__fov,500_600,4,8,7.4918,5.2832,0.01,0.03
RN50__stem__fov,600_700,0,9,7.4856,5.2917,0.01,0.03
RN50__stem__fov,600_700,1,10,7.4748,5.2952,0.01,0.035
RN50__stem__fov,600_700,2,10,7.4808,5.2962,0.0,0.025
RN50__stem__fov,600_700,3,8,7.4816,5.298,0.0,0.015
RN50__stem__fov,600_700,4,8,7.4814,5.3039,0.01,0.03
RN50__stem__fov,700_800,0,8,7.5075,5.3077,0.005,0.03
RN50__stem__fov,700_800,1,9,7.4874,5.3061,0.01,0.02
RN50__stem__fov,700_800,2,10,7.4957,5.3166,0.01,0.02
RN50__stem__fov,700_800,3,10,7.4925,5.3117,0.0,0.01
RN50__stem__fov,700_800,4,8,7.4921,5.3095,0.0,0.03
RN50__stem__fov,800_900,0,8,7.4861,5.308,0.005,0.025
RN50__stem__fov,800_900,1,9,7.4813,5.3168,0.005,0.02
RN50__stem__fov,800_900,2,9,7.4794,5.3169,0.005,0.035
RN50__stem__fov,800_900,3,8,7.4901,5.3129,0.0,0.015
RN50__stem__fov,800_900,4,9,7.4883,5.3092,0.01,0.03
RN50__stem__fov,900_1000,0,8,7.4922,5.3057,0.005,0.02
RN50__stem__fov,900_1000,1,10,7.4869,5.3121,0.005,0.02
RN50__stem__fov,900_1000,2,11,7.4862,5.327,0.005,0.02
RN50__stem__fov,900_1000,3,8,7.4974,5.3058,0.005,0.015
RN50__stem__fov,900_1000,4,8,7.4871,5.3192,0.005,0.02
ViT-B-16__block10,0_100,0,11,7.2929,4.7287,0.03,0.15
ViT-B-16__block10,0_100,1,10,7.2902,4.7776,0.01,0.13
ViT-B-16__block10,0_100,2,12,7.2494,4.7586,0.025,0.115
ViT-B-16__block10,0_100,3,12,7.2358,4.7699,0.02,0.13
ViT-B-16__block10,0_100,4,12,7.2566,4.7145,0.02,0.13
ViT-B-16__block10,100_200,0,17,6.7717,3.6586,0.155,0.405
ViT-B-16__block10,100_200,1,18,6.76,3.7217,0.12,0.385
ViT-B-16__block10,100_200,2,22,6.7713,3.6573,0.11,0.4
ViT-B-16__block10,100_200,3,19,6.806,3.6749,0.135,0.405
ViT-B-16__block10,100_200,4,17,6.7431,3.7144,0.115,0.375
ViT-B-16__block10,200_300,0,19,6.8281,3.6927,0.17,0.395
ViT-B-16__block10,200_300,1,17,6.8127,3.7715,0.18,0.38
ViT-B-16__block10,200_300,2,17,6.8006,3.766,0.165,0.39
ViT-B-16__block10,200_300,3,18,6.8481,3.7407,0.175,0.355
ViT-B-16__block10,200_300,4,17,6.8061,3.757,0.17,0.38
ViT-B-16__block10,300_400,0,15,7.1838,4.2336,0.065,0.245
ViT-B-16__block10,300_400,1,14,7.1949,4.2925,0.06,0.205
ViT-B-16__block10,300_400,2,14,7.1699,4.2525,0.065,0.23
ViT-B-16__block10,300_400,3,13,7.2204,4.2949,0.055,0.19
ViT-B-16__block10,300_400,4,13,7.2021,4.2913,0.04,0.225
ViT-B-16__block10,400_500,0,4,7.4474,5.2208,0.01,0.05
ViT-B-16__block10,400_500,1,6,7.4354,5.1449,0.005,0.02
ViT-B-16__block10,400_500,2,4,7.4718,5.1991,0.015,0.045
ViT-B-16__block10,400_500,3,6,7.4448,5.1906,0.025,0.055
ViT-B-16__block10,400_500,4,3,7.4704,5.2231,0.025,0.05
ViT-B-16__block10,500_600,0,3,7.4844,5.2759,0.01,0.035
ViT-B-16__block10,500_600,1,3,7.4862,5.302,0.015,0.045
ViT-B-16__block10,500_600,2,3,7.5088,5.2792,0.01,0.03
ViT-B-16__block10,500_600,3,2,7.4915,5.2908,0.01,0.035
ViT-B-16__block10,500_600,4,2,7.4977,5.295,0.015,0.035
ViT-B-16__block10,600_700,0,3,7.485,5.2855,0.005,0.03
ViT-B-16__block10,600_700,1,3,7.4845,5.3108,0.005,0.03
ViT-B-16__block10,600_700,2,2,7.5153,5.3293,0.0,0.005
ViT-B-16__block10,600_700,3,2,7.499,5.3144,0.005,0.02
ViT-B-16__block10,600_700,4,2,7.5007,5.3205,0.015,0.035
ViT-B-16__block10,700_800,0,3,7.5003,5.3336,0.0,0.04
ViT-B-16__block10,700_800,1,3,7.4925,5.3485,0.005,0.05
ViT-B-16__block10,700_800,2,2,7.5062,5.3483,0.0,0.01
ViT-B-16__block10,700_800,3,2,7.5009,5.3092,0.015,0.025
ViT-B-16__block10,700_800,4,2,7.5046,5.3455,0.01,0.03
ViT-B-16__block10,800_900,0,2,7.4949,5.335,0.005,0.035
ViT-B-16__block10,800_900,1,3,7.4928,5.346,0.005,0.02
ViT-B-16__block10,800_900,2,2,7.5206,5.3464,0.01,0.015
ViT-B-16__block10,800_900,3,2,7.5012,5.3268,0.005,0.015
ViT-B-16__block10,800_900,4,2,7.4952,5.3464,0.005,0.04
ViT-B-16__block10,900_1000,0,2,7.5068,5.3346,0.01,0.025
ViT-B-16__block10,900_1000,1,3,7.4832,5.3606,0.005,0.035
ViT-B-16__block10,900_1000,2,2,7.5136,5.3496,0.0,0.03
ViT-B-16__block10,900_1000,3,2,7.5112,5.3397,0.005,0.035
ViT-B-16__block10,900_1000,4,2,7.4991,5.3467,0.0,0.025
ViT-B-16__block10__fov,0_100,0,10,7.2877,4.7068,0.035,0.135
ViT-B-16__block10__fov,0_100,1,12,7.2754,4.668,0.035,0.12
ViT-B-16__block10__fov,0_100,2,11,7.275,4.7288,0.035,0.09
ViT-B-16__block10__fov,0_100,3,12,7.2388,4.6891,0.045,0.135
ViT-B-16__block10__fov,0_100,4,12,7.2436,4.619,0.045,0.16
ViT-B-16__block10__fov,100_200,0,19,6.7336,3.5865,0.155,0.43
ViT-B-16__block10__fov,100_200,1,22,6.7318,3.5798,0.18,0.42
ViT-B-16__block10__fov,100_200,2,21,6.7483,3.5588,0.155,0.425
ViT-B-16__block10__fov,100_200,3,19,6.7841,3.6145,0.135,0.41
ViT-B-16__block10__fov,100_200,4,21,6.7105,3.5374,0.185,0.465
ViT-B-16__block10__fov,200_300,0,19,6.7886,3.6404,0.145,0.4
ViT-B-16__block10__fov,200_300,1,19,6.7802,3.6871,0.155,0.36
ViT-B-16__block10__fov,200_300,2,17,6.7805,3.6696,0.13,0.42
ViT-B-16__block10__fov,200_300,3,19,6.7908,3.612,0.14,0.42
ViT-B-16__block10__fov,200_300,4,17,6.7907,3.678,0.15,0.42
ViT-B-16__block10__fov,300_400,0,15,7.1856,4.2357,0.055,0.245
ViT-B-16__block10__fov,300_400,1,13,7.2,4.2992,0.045,0.215
ViT-B-16__block10__fov,300_400,2,14,7.1646,4.2797,0.065,0.245
ViT-B-16__block10__fov,300_400,3,13,7.2198,4.3304,0.065,0.215
ViT-B-16__block10__fov,300_400,4,12,7.2026,4.3133,0.045,0.21
ViT-B-16__block10__fov,400_500,0,5,7.4784,5.1585,0.025,0.07
ViT-B-16__block10__fov,400_500,1,4,7.4539,5.1986,0.005,0.055
ViT-B-16__block10__fov,400_500,2,4,7.4536,5.1732,0.03,0.065
ViT-B-16__block10__fov,400_500,3,6,7.4751,5.1637,0.005,0.065
ViT-B-16__block10__fov,400_500,4,6,7.4583,5.1103,0.025,0.06
ViT-B-16__block10__fov,500_600,0,3,7.5171,5.2858,0.0,0.04
ViT-B-16__block10__fov,500_600,1,3,7.496,5.2904,0.005,0.025
ViT-B-16__block10__fov,500_600,2,3,7.509,5.292,0.01,0.04
ViT-B-16__block10__fov,500_600,3,2,7.5055,5.2939,0.02,0.025
ViT-B-16__block10__fov,500_600,4,3,7.5031,5.27,0.02,0.045
ViT-B-16__block10__fov,600_700,0,2,7.5131,5.3054,0.0,0.035
ViT-B-16__block10__fov,600_700,1,3,7.4977,5.3077,0.0,0.02
ViT-B-16__block10__fov,600_700,2,2,7.5013,5.2958,0.01,0.04
ViT-B-16__block10__fov,600_700,3,2,7.5027,5.2922,0.02,0.03
ViT-B-16__block10__fov,600_700,4,2,7.5024,5.303,0.0,0.04
ViT-B-16__block10__fov,700_800,0,2,7.5189,5.3317,0.0,0.02
ViT-B-16__block10__fov,700_800,1,3,7.4948,5.3333,0.0,0.015
ViT-B-16__block10__fov,700_800,2,2,7.5051,5.3204,0.0,0.02
ViT-B-16__block10__fov,700_800,3,2,7.4964,5.3218,0.005,0.035
ViT-B-16__block10__fov,700_800,4,2,7.502,5.3363,0.01,0.03
ViT-B-16__block10__fov,800_900,0,2,7.53,5.3275,0.005,0.03
ViT-B-16__block10__fov,800_900,1,3,7.4884,5.3398,0.0,0.025
ViT-B-16__block10__fov,800_900,2,2,7.496,5.3148,0.01,0.035
ViT-B-16__block10__fov,800_900,3,2,7.5093,5.3261,0.005,0.035
ViT-B-16__block10__fov,800_900,4,2,7.5079,5.3177,0.01,0.035
ViT-B-16__block10__fov,900_1000,0,2,7.5279,5.3116,0.005,0.035
ViT-B-16__block10__fov,900_1000,1,3,7.5011,5.3488,0.0,0.01
ViT-B-16__block10__fov,900_1000,2,2,7.5165,5.3248,0.005,0.02
ViT-B-16__block10__fov,900_1000,3,2,7.5091,5.3258,0.0,0.025
ViT-B-16__block10__fov,900_1000,4,2,7.5053,5.3182,0.02,0.02
ViT-B-16__block12,0_100,0,10,7.394,4.9735,0.025,0.1
ViT-B-16__block12,0_100,1,12,7.3813,4.9853,0.02,0.085
ViT-B-16__block12,0_100,2,10,7.3953,5.0095,0.03,0.105
ViT-B-16__block12,0_100,3,12,7.3643,4.9268,0.02,0.09
ViT-B-16__block12,0_100,4,13,7.3779,4.9441,0.015,0.08
ViT-B-16__block12,100_200,0,17,6.9808,4.0684,0.1,0.35
ViT-B-16__block12,100_200,1,16,6.9533,4.0406,0.135,0.33
ViT-B-16__block12,100_200,2,18,6.9539,4.064,0.105,0.34
ViT-B-16__block12,100_200,3,19,7.0009,4.0149,0.12,0.365
ViT-B-16__block12,100_200,4,15,6.9444,4.0893,0.12,0.34
ViT-B-16__block12,200_300,0,16,6.9796,4.0433,0.095,0.315
ViT-B-16__block12,200_300,1,16,6.9759,4.0533,0.11,0.33
ViT-B-16__block12,200_300,2,17,6.9702,4.0266,0.085,0.32
ViT-B-16__block12,200_300,3,15,6.9962,4.0384,0.15,0.325
ViT-B-16__block12,200_300,4,17,6.9708,4.0448,0.125,0.29
ViT-B-16__block12,300_400,0,15,7.263,4.4269,0.08,0.245
ViT-B-16__block12,300_400,1,14,7.2845,4.4646,0.065,0.23
ViT-B-16__block12,300_400,2,14,7.229,4.4752,0.06,0.205
ViT-B-16__block12,300_400,3,14,7.3,4.4112,0.08,0.255
ViT-B-16__block12,300_400,4,12,7.2783,4.4735,0.08,0.225
ViT-B-16__block12,400_500,0,3,7.5122,5.2869,0.0,0.02
ViT-B-16__block12,400_500,1,4,7.5048,5.2952,0.01,0.035
ViT-B-16__block12,400_500,2,6,7.4891,5.2684,0.005,0.04
ViT-B-16__block12,400_500,3,3,7.5124,5.2822,0.01,0.035
ViT-B-16__block12,400_500,4,3,7.4996,5.2737,0.005,0.045
ViT-B-16__block12,500_600,0,3,7.5107,5.3317,0.005,0.035
ViT-B-16__block12,500_600,1,3,7.5175,5.3408,0.005,0.04
ViT-B-16__block12,500_600,2,3,7.5234,5.3143,0.0,0.03
ViT-B-16__block12,500_600,3,2,7.5282,5.3236,0.0,0.0
ViT-B-16__block12,500_600,4,2,7.5282,5.2923,0.0,0.04
ViT-B-16__block12,600_700,0,3,7.5178,5.3314,0.005,0.025
ViT-B-16__block12,600_700,1,3,7.5117,5.3386,0.02,0.03
ViT-B-16__block12,600_700,2,2,7.5287,5.3273,0.005,0.02
ViT-B-16__block12,600_700,3,2,7.5164,5.3318,0.005,0.04
ViT-B-16__block12,600_700,4,2,7.5298,5.3132,0.0,0.02
ViT-B-16__block12,700_800,0,2,7.5258,5.3637,0.005,0.025
ViT-B-16__block12,700_800,1,3,7.5332,5.3565,0.03,0.04
ViT-B-16__block12,700_800,2,3,7.5286,5.3594,0.0,0.03
ViT-B-16__block12,700_800,3,2,7.5327,5.3513,0.0,0.02
ViT-B-16__block12,700_800,4,2,7.517,5.3437,0.005,0.02
ViT-B-16__block12,800_900,0,2,7.5376,5.3709,0.005,0.015
ViT-B-16__block12,800_900,1,2,7.5165,5.3647,0.005,0.015
ViT-B-16__block12,800_900,2,2,7.5467,5.3467,0.01,0.035
ViT-B-16__block12,800_900,3,2,7.5396,5.3423,0.005,0.05
ViT-B-16__block12,800_900,4,2,7.5217,5.3339,0.0,0.015
ViT-B-16__block12,900_1000,0,2,7.5327,5.3709,0.0,0.025
ViT-B-16__block12,900_1000,1,2,7.5137,5.379,0.005,0.03
ViT-B-16__block12,900_1000,2,2,7.5525,5.374,0.01,0.03
ViT-B-16__block12,900_1000,3,2,7.528,5.3445,0.0,0.025
ViT-B-16__block12,900_1000,4,2,7.5281,5.341,0.0,0.02
ViT-B-16__block12__fov,0_100,0,10,7.3874,4.9738,0.015,0.09
ViT-B-16__block12__fov,0_100,1,10,7.3764,4.9735,0.015,0.085
ViT-B-16__block12__fov,0_100,2,10,7.382,5.0223,0.015,0.105
ViT-B-16__block12__fov,0_100,3,11,7.3793,4.9413,0.025,0.115
ViT-B-16__block12__fov,0_100,4,12,7.3754,4.947,0.02,0.075
ViT-B-16__block12__fov,100_200,0,19,6.9603,4.0066,0.135,0.34
ViT-B-16__block12__fov,100_200,1,16,6.9583,4.0297,0.14,0.39
ViT-B-16__block12__fov,100_200,2,17,6.9605,4.0658,0.13,0.365
ViT-B-16__block12__fov,100_200,3,18,6.9696,4.0538,0.12,0.355
ViT-B-16__block12__fov,100_200,4,16,6.9647,4.0681,0.11,0.335
ViT-B-16__block12__fov,200_300,0,17,6.9739,4.0117,0.11,0.32
ViT-B-16__block12__fov,200_300,1,15,6.9763,4.0191,0.12,0.365
ViT-B-16__block12__fov,200_300,2,17,6.9685,4.031,0.115,0.345
ViT-B-16__block12__fov,200_300,3,18,6.9837,4.0059,0.11,0.33
ViT-B-16__block12__fov,200_300,4,17,6.9628,4.0183,0.14,0.325
ViT-B-16__block12__fov,300_400,0,17,7.2681,4.3823,0.09,0.2
ViT-B-16__block12__fov,300_400,1,11,7.2884,4.541,0.07,0.195
ViT-B-16__block12__fov,300_400,2,14,7.2337,4.4478,0.065,0.22
ViT-B-16__block12__fov,300_400,3,11,7.3079,4.4501,0.085,0.225
ViT-B-16__block12__fov,300_400,4,12,7.2773,4.4722,0.055,0.2
ViT-B-16__block12__fov,400_500,0,3,7.4965,5.2803,0.01,0.02
ViT-B-16__block12__fov,400_500,1,3,7.4946,5.2874,0.005,0.04
ViT-B-16__block12__fov,400_500,2,4,7.5182,5.2873,0.015,0.05
ViT-B-16__block12__fov,400_500,3,3,7.494,5.2666,0.015,0.035
ViT-B-16__block12__fov,400_500,4,3,7.4983,5.263,0.025,0.06
ViT-B-16__block12__fov,500_600,0,3,7.5062,5.2997,0.01,0.03
ViT-B-16__block12__fov,500_600,1,3,7.5016,5.2925,0.0,0.045
ViT-B-16__block12__fov,500_600,2,3,7.5182,5.3005,0.015,0.035
ViT-B-16__block12__fov,500_600,3,2,7.5237,5.3104,0.01,0.03
ViT-B-16__block12__fov,500_600,4,2,7.5328,5.2903,0.0,0.035
ViT-B-16__block12__fov,600_700,0,2,7.518,5.3336,0.005,0.035
ViT-B-16__block12__fov,600_700,1,2,7.5059,5.3264,0.005,0.03
ViT-B-16__block12__fov,600_700,2,2,7.5225,5.3466,0.01,0.045
ViT-B-16__block12__fov,600_700,3,2,7.5273,5.3416,0.005,0.01
ViT-B-16__block12__fov,600_700,4,2,7.512,5.3236,0.015,0.035
ViT-B-16__block12__fov,700_800,0,2,7.5194,5.3609,0.0,0.03
ViT-B-16__block12__fov,700_800,1,2,7.5167,5.3446,0.005,0.02
ViT-B-16__block12__fov,700_800,2,2,7.536,5.3577,0.0,0.035
ViT-B-16__block12__fov,700_800,3,2,7.5175,5.3205,0.005,0.015
ViT-B-16__block12__fov,700_800,4,2,7.5309,5.3346,0.01,0.03
ViT-B-16__block12__fov,800_900,0,2,7.5253,5.3594,0.005,0.025
ViT-B-16__block12__fov,800_900,1,2,7.5211,5.3517,0.005,0.02
ViT-B-16__block12__fov,800_900,2,2,7.5442,5.3402,0.0,0.035
ViT-B-16__block12__fov,800_900,3,2,7.526,5.3372,0.0,0.015
ViT-B-16__block12__fov,800_900,4,2,7.5288,5.3058,0.015,0.04
ViT-B-16__block12__fov,900_1000,0,2,7.5363,5.3593,0.005,0.02
ViT-B-16__block12__fov,900_1000,1,2,7.5173,5.3553,0.0,0.02
ViT-B-16__block12__fov,900_1000,2,2,7.5296,5.3598,0.005,0.035
ViT-B-16__block12__fov,900_1000,3,2,7.5284,5.3337,0.005,0.025
ViT-B-16__block12__fov,900_1000,4,2,7.5379,5.3395,0.0,0.02
ViT-B-16__block2,0_100,0,13,7.0122,4.0764,0.085,0.27
ViT-B-16__block2,0_100,1,13,7.0206,4.1178,0.105,0.26
ViT-B-16__block2,0_100,2,14,6.9878,4.0377,0.085,0.27
ViT-B-16__block2,0_100,3,13,7.0174,4.0992,0.09,0.245
ViT-B-16__block2,0_100,4,15,6.9986,4.0183,0.095,0.32
ViT-B-16__block2,100_200,0,23,6.4594,3.0724,0.27,0.565
ViT-B-16__block2,100_200,1,25,6.4132,3.061,0.265,0.55
ViT-B-16__block2,100_200,2,27,6.4553,3.0604,0.225,0.52
ViT-B-16__block2,100_200,3,22,6.4363,3.1323,0.23,0.52
ViT-B-16__block2,100_200,4,21,6.4117,3.1416,0.25,0.56
ViT-B-16__block2,200_300,0,17,6.7398,3.6332,0.145,0.43
ViT-B-16__block2,200_300,1,19,6.7157,3.591,0.145,0.39
ViT-B-16__block2,200_300,2,18,6.7246,3.5793,0.15,0.45
ViT-B-16__block2,200_300,3,18,6.7668,3.5795,0.155,0.43
ViT-B-16__block2,200_300,4,17,6.7312,3.6786,0.155,0.39
ViT-B-16__block2,300_400,0,10,7.3121,4.6663,0.045,0.14
ViT-B-16__block2,300_400,1,7,7.3185,4.8076,0.02,0.135
ViT-B-16__block2,300_400,2,7,7.3301,4.7696,0.025,0.135
ViT-B-16__block2,300_400,3,7,7.3558,4.7666,0.025,0.145
ViT-B-16__block2,300_400,4,9,7.3429,4.7055,0.015,0.11
ViT-B-16__block2,400_500,0,3,7.4493,5.2298,0.005,0.03
ViT-B-16__block2,400_500,1,3,7.4508,5.2305,0.015,0.045
ViT-B-16__block2,400_500,2,3,7.4313,5.2385,0.0,0.055
ViT-B-16__block2,400_500,3,3,7.4366,5.2412,0.0,0.04
ViT-B-16__block2,400_500,4,3,7.4457,5.2405,0.01,0.06
ViT-B-16__block2,500_600,0,3,7.4565,5.2504,0.01,0.03
ViT-B-16__block2,500_600,1,2,7.4619,5.2682,0.005,0.045
ViT-B-16__block2,500_600,2,2,7.4569,5.2747,0.01,0.035
ViT-B-16__block2,500_600,3,2,7.4565,5.2865,0.005,0.03
ViT-B-16__block2,500_600,4,3,7.4657,5.2625,0.01,0.045
ViT-B-16__block2,600_700,0,3,7.4481,5.2605,0.005,0.035
ViT-B-16__block2,600_700,1,2,7.4612,5.2905,0.005,0.02
ViT-B-16__block2,600_700,2,2,7.4541,5.2972,0.0,0.04
ViT-B-16__block2,600_700,3,2,7.4578,5.2838,0.015,0.045
ViT-B-16__block2,600_700,4,2,7.4656,5.281,0.01,0.02
ViT-B-16__block2,700_800,0,2,7.46,5.2816,0.01,0.05
ViT-B-16__block2,700_800,1,2,7.4713,5.2919,0.02,0.05
ViT-B-16__block2,700_800,2,2,7.473,5.2996,0.015,0.025
ViT-B-16__block2,700_800,3,2,7.4681,5.3065,0.005,0.03
ViT-B-16__block2,700_800,4,2,7.4664,5.2949,0.005,0.035
ViT-B-16__block2,800_900,0,2,7.4582,5.294,0.0,0.025
ViT-B-16__block2,800_900,1,2,7.4626,5.2975,0.01,0.02
ViT-B-16__block2,800_900,2,2,7.4677,5.3074,0.01,0.025
ViT-B-16__block2,800_900,3,2,7.4694,5.2956,0.005,0.04
ViT-B-16__block2,800_900,4,3,7.4531,5.3112,0.0,0.015
ViT-B-16__block2,900_1000,0,2,7.4606,5.2902,0.015,0.035
ViT-B-16__block2,900_1000,1,2,7.4591,5.3013,0.005,0.025
ViT-B-16__block2,900_1000,2,2,7.4684,5.3011,0.005,0.015
ViT-B-16__block2,900_1000,3,2,7.4718,5.3113,0.01,0.04
ViT-B-16__block2,900_1000,4,3,7.4761,5.3023,0.005,0.025
ViT-B-16__block2__fov,0_100,0,13,6.9752,4.0222,0.095,0.25
ViT-B-16__block2__fov,0_100,1,13,7.0017,4.0595,0.12,0.27
ViT-B-16__block2__fov,0_100,2,14,6.9699,4.0036,0.105,0.255
ViT-B-16__block2__fov,0_100,3,15,6.9869,3.994,0.1,0.28
ViT-B-16__block2__fov,0_100,4,15,6.964,3.9724,0.11,0.295
ViT-B-16__block2__fov,100_200,0,23,6.4278,2.9879,0.27,0.58
ViT-B-16__block2__fov,100_200,1,28,6.3819,2.9763,0.255,0.56
ViT-B-16__block2__fov,100_200,2,27,6.4211,2.9899,0.26,0.57
ViT-B-16__block2__fov,100_200,3,22,6.4075,3.0532,0.26,0.565
ViT-B-16__block2__fov,100_200,4,22,6.3807,3.0442,0.225,0.585
ViT-B-16__block2__fov,200_300,0,17,6.7218,3.5702,0.165,0.435
ViT-B-16__block2__fov,200_300,1,20,6.7071,3.5285,0.185,0.45
ViT-B-16__block2__fov,200_300,2,17,6.7021,3.5499,0.16,0.455
ViT-B-16__block2__fov,200_300,3,18,6.7523,3.5232,0.15,0.445
ViT-B-16__block2__fov,200_300,4,22,6.7164,3.5676,0.18,0.425
ViT-B-16__block2__fov,300_400,0,10,7.3132,4.6442,0.05,0.165
ViT-B-16__block2__fov,300_400,1,7,7.3225,4.7566,0.03,0.135
ViT-B-16__block2__fov,300_400,2,7,7.3206,4.7659,0.02,0.13
ViT-B-16__block2__fov,300_400,3,7,7.3362,4.7591,0.025,0.155
ViT-B-16__block2__fov,300_400,4,8,7.327,4.7293,0.015,0.13
ViT-B-16__block2__fov,400_500,0,3,7.4513,5.2281,0.015,0.06
ViT-B-16__block2__fov,400_500,1,3,7.4527,5.2227,0.005,0.05
ViT-B-16__block2__fov,400_500,2,3,7.4124,5.245,0.0,0.025
ViT-B-16__block2__fov,400_500,3,3,7.4244,5.2371,0.01,0.05
ViT-B-16__block2__fov,400_500,4,3,7.4385,5.2382,0.015,0.055
ViT-B-16__block2__fov,500_600,0,3,7.456,5.2589,0.005,0.04
ViT-B-16__block2__fov,500_600,1,2,7.4691,5.2625,0.01,0.025
ViT-B-16__block2__fov,500_600,2,2,7.4434,5.2729,0.0,0.035
ViT-B-16__block2__fov,500_600,3,2,7.4552,5.2923,0.0,0.03
ViT-B-16__block2__fov,500_600,4,2,7.4578,5.2757,0.01,0.03
ViT-B-16__block2__fov,600_700,0,3,7.4538,5.2746,0.01,0.045
ViT-B-16__block2__fov,600_700,1,2,7.4686,5.2902,0.005,0.035
ViT-B-16__block2__fov,600_700,2,2,7.4434,5.2942,0.005,0.015
ViT-B-16__block2__fov,600_700,3,2,7.4502,5.2928,0.01,0.04
ViT-B-16__block2__fov,600_700,4,2,7.4606,5.2811,0.005,0.025
ViT-B-16__block2__fov,700_800,0,3,7.4619,5.2939,0.0,0.02
ViT-B-16__block2__fov,700_800,1,2,7.4723,5.2808,0.005,0.03
ViT-B-16__block2__fov,700_800,2,2,7.4579,5.2971,0.0,0.045
ViT-B-16__block2__fov,700_800,3,2,7.4668,5.312,0.0,0.025
ViT-B-16__block2__fov,700_800,4,2,7.4607,5.3065,0.005,0.02
ViT-B-16__block2__fov,800_900,0,3,7.4605,5.3017,0.005,0.05
ViT-B-16__block2__fov,800_900,1,2,7.468,5.2912,0.01,0.035
ViT-B-16__block2__fov,800_900,2,2,7.4496,5.3025,0.0,0.01
ViT-B-16__block2__fov,800_900,3,2,7.4648,5.3035,0.0,0.03
ViT-B-16__block2__fov,800_900,4,2,7.4457,5.3108,0.0,0.02
ViT-B-16__block2__fov,900_1000,0,3,7.4632,5.2929,0.0,0.025
ViT-B-16__block2__fov,900_1000,1,2,7.4686,5.2944,0.005,0.03
ViT-B-16__block2__fov,900_1000,2,2,7.4495,5.3038,0.0,0.015
ViT-B-16__block2__fov,900_1000,3,2,7.4614,5.314,0.0,0.005
ViT-B-16__block2__fov,900_1000,4,2,7.4613,5.3097,0.005,0.02
ViT-B-16__block4,0_100,0,13,7.0165,4.1115,0.075,0.27
ViT-B-16__block4,0_100,1,12,7.0241,4.1635,0.08,0.255
ViT-B-16__block4,0_100,2,14,7.027,4.0124,0.08,0.285
ViT-B-16__block4,0_100,3,13,7.0176,4.0796,0.085,0.3
ViT-B-16__block4,0_100,4,14,7.0111,4.0419,0.07,0.31
ViT-B-16__block4,100_200,0,19,6.3737,2.8601,0.31,0.64
ViT-B-16__block4,100_200,1,24,6.3244,2.8149,0.28,0.65
ViT-B-16__block4,100_200,2,23,6.3419,2.773,0.29,0.66
ViT-B-16__block4,100_200,3,19,6.3794,2.8492,0.27,0.62
ViT-B-16__block4,100_200,4,22,6.3402,2.8212,0.26,0.61
ViT-B-16__block4,200_300,0,17,6.6537,3.3249,0.14,0.485
ViT-B-16__block4,200_300,1,20,6.6298,3.3156,0.17,0.48
ViT-B-16__block4,200_300,2,18,6.6452,3.3137,0.15,0.48
ViT-B-16__block4,200_300,3,18,6.684,3.2804,0.18,0.475
ViT-B-16__block4,200_300,4,17,6.627,3.3291,0.16,0.47
ViT-B-16__block4,300_400,0,10,7.2342,4.4594,0.065,0.21
ViT-B-16__block4,300_400,1,10,7.2452,4.4824,0.075,0.19
ViT-B-16__block4,300_400,2,9,7.2615,4.5054,0.08,0.21
ViT-B-16__block4,300_400,3,10,7.2758,4.4495,0.08,0.2
ViT-B-16__block4,300_400,4,11,7.2586,4.3978,0.09,0.21
ViT-B-16__block4,400_500,0,3,7.4421,5.2107,0.0,0.06
ViT-B-16__block4,400_500,1,3,7.4613,5.2142,0.02,0.065
ViT-B-16__block4,400_500,2,3,7.4405,5.2112,0.02,0.07
ViT-B-16__block4,400_500,3,3,7.4336,5.2224,0.035,0.07
ViT-B-16__block4,400_500,4,3,7.4378,5.2176,0.02,0.07
ViT-B-16__block4,500_600,0,2,7.4657,5.2654,0.005,0.065
ViT-B-16__block4,500_600,1,2,7.483,5.2576,0.01,0.045
ViT-B-16__block4,500_600,2,3,7.4513,5.2406,0.01,0.055
ViT-B-16__block4,500_600,3,3,7.4618,5.2589,0.02,0.065
ViT-B-16__block4,500_600,4,3,7.4634,5.2563,0.005,0.055
ViT-B-16__block4,600_700,0,2,7.4525,5.2722,0.01,0.075
ViT-B-16__block4,600_700,1,2,7.4596,5.281,0.0,0.03
ViT-B-16__block4,600_700,2,2,7.4589,5.2972,0.01,0.03
ViT-B-16__block4,600_700,3,2,7.4637,5.2946,0.005,0.045
ViT-B-16__block4,600_700,4,2,7.4791,5.2892,0.01,0.03
ViT-B-16__block4,700_800,0,2,7.4693,5.2802,0.005,0.03
ViT-B-16__block4,700_800,1,2,7.4872,5.2927,0.01,0.03
ViT-B-16__block4,700_800,2,2,7.4688,5.2932,0.005,0.03
ViT-B-16__block4,700_800,3,2,7.4681,5.3222,0.005,0.02
ViT-B-16__block4,700_800,4,3,7.4773,5.3089,0.0,0.03
ViT-B-16__block4,800_900,0,2,7.468,5.2967,0.0,0.025
ViT-B-16__block4,800_900,1,2,7.4819,5.2861,0.005,0.035
ViT-B-16__block4,800_900,2,2,7.4695,5.3117,0.01,0.03
ViT-B-16__block4,800_900,3,2,7.4661,5.3085,0.015,0.04
ViT-B-16__block4,800_900,4,3,7.4697,5.3058,0.0,0.045
ViT-B-16__block4,900_1000,0,2,7.4777,5.2983,0.005,0.045
ViT-B-16__block4,900_1000,1,2,7.4716,5.2944,0.005,0.025
ViT-B-16__block4,900_1000,2,2,7.472,5.3136,0.015,0.025
ViT-B-16__block4,900_1000,3,2,7.4636,5.3194,0.01,0.03
ViT-B-16__block4,900_1000,4,3,7.4853,5.297,0.005,0.025
ViT-B-16__block4__fov,0_100,0,13,7.02,3.9891,0.09,0.305
ViT-B-16__block4__fov,0_100,1,14,7.0118,3.9518,0.1,0.325
ViT-B-16__block4__fov,0_100,2,14,7.0234,3.9548,0.075,0.28
ViT-B-16__block4__fov,0_100,3,15,7.007,3.977,0.075,0.3
ViT-B-16__block4__fov,0_100,4,13,7.0015,3.9821,0.065,0.315
ViT-B-16__block4__fov,100_200,0,22,6.3504,2.7121,0.3,0.685
ViT-B-16__block4__fov,100_200,1,25,6.2881,2.7013,0.32,0.665
ViT-B-16__block4__fov,100_200,2,23,6.3043,2.6857,0.325,0.675
ViT-B-16__block4__fov,100_200,3,19,6.3301,2.803,0.27,0.62
ViT-B-16__block4__fov,100_200,4,22,6.3234,2.7518,0.31,0.63
ViT-B-16__block4__fov,200_300,0,19,6.637,3.2126,0.19,0.52
ViT-B-16__block4__fov,200_300,1,20,6.5841,3.2455,0.185,0.515
ViT-B-16__block4__fov,200_300,2,18,6.6237,3.2101,0.175,0.5
ViT-B-16__block4__fov,200_300,3,18,6.6771,3.2381,0.19,0.515
ViT-B-16__block4__fov,200_300,4,19,6.613,3.2046,0.19,0.535
ViT-B-16__block4__fov,300_400,0,10,7.2344,4.4114,0.055,0.225
ViT-B-16__block4__fov,300_400,1,10,7.2381,4.4539,0.04,0.2
ViT-B-16__block4__fov,300_400,2,9,7.2665,4.515,0.07,0.2
ViT-B-16__block4__fov,300_400,3,11,7.2764,4.3484,0.09,0.215
ViT-B-16__block4__fov,300_400,4,11,7.2536,4.3837,0.075,0.225
ViT-B-16__block4__fov,400_500,0,3,7.4478,5.207,0.015,0.075
ViT-B-16__block4__fov,400_500,1,3,7.4578,5.2103,0.02,0.075
ViT-B-16__block4__fov,400_500,2,3,7.432,5.1958,0.015,0.055
ViT-B-16__block4__fov,400_500,3,3,7.434,5.2189,0.02,0.045
ViT-B-16__block4__fov,400_500,4,3,7.4324,5.2125,0.005,0.045
ViT-B-16__block4__fov,500_600,0,2,7.4668,5.2492,0.005,0.03
ViT-B-16__block4__fov,500_600,1,2,7.4748,5.2707,0.0,0.02
ViT-B-16__block4__fov,500_600,2,3,7.4604,5.241,0.02,0.065
ViT-B-16__block4__fov,500_600,3,2,7.4496,5.2898,0.005,0.015
ViT-B-16__block4__fov,500_600,4,3,7.4403,5.2584,0.02,0.06
ViT-B-16__block4__fov,600_700,0,2,7.4643,5.2749,0.01,0.06
ViT-B-16__block4__fov,600_700,1,2,7.4619,5.2939,0.01,0.035
ViT-B-16__block4__fov,600_700,2,2,7.4602,5.2841,0.005,0.03
ViT-B-16__block4__fov,600_700,3,2,7.457,5.2959,0.005,0.03
ViT-B-16__block4__fov,600_700,4,2,7.4601,5.2956,0.0,0.035
ViT-B-16__block4__fov,700_800,0,2,7.4721,5.2689,0.0,0.025
ViT-B-16__block4__fov,700_800,1,2,7.4758,5.3092,0.005,0.02
ViT-B-16__block4__fov,700_800,2,2,7.4687,5.2783,0.01,0.05
ViT-B-16__block4__fov,700_800,3,2,7.4614,5.3206,0.005,0.015
ViT-B-16__block4__fov,700_800,4,2,7.4689,5.3057,0.0,0.01
ViT-B-16__block4__fov,800_900,0,2,7.4744,5.2885,0.01,0.03
ViT-B-16__block4__fov,800_900,1,2,7.4771,5.3034,0.01,0.02
ViT-B-16__block4__fov,800_900,2,2,7.4662,5.2874,0.015,0.02
ViT-B-16__block4__fov,800_900,3,2,7.4683,5.3206,0.01,0.03
ViT-B-16__block4__fov,800_900,4,2,7.4583,5.3173,0.0,0.01
ViT-B-16__block4__fov,900_1000,0,2,7.4798,5.2849,0.005,0.035
ViT-B-16__block4__fov,900_1000,1,2,7.4735,5.2944,0.01,0.03
ViT-B-16__block4__fov,900_1000,2,2,7.4693,5.2981,0.01,0.035
ViT-B-16__block4__fov,900_1000,3,2,7.4673,5.32,0.005,0.025
ViT-B-16__block4__fov,900_1000,4,2,7.4711,5.3064,0.0,0.005
ViT-B-16__block6,0_100,0,13,7.1423,4.3584,0.045,0.165
ViT-B-16__block6,0_100,1,13,7.156,4.3335,0.07,0.2
ViT-B-16__block6,0_100,2,14,7.1472,4.3052,0.04,0.2
ViT-B-16__block6,0_100,3,15,7.1287,4.2746,0.04,0.24
ViT-B-16__block6,0_100,4,14,7.1506,4.2844,0.065,0.22
ViT-B-16__block6,100_200,0,25,6.4854,3.026,0.24,0.585
ViT-B-16__block6,100_200,1,23,6.4997,3.0743,0.255,0.585
ViT-B-16__block6,100_200,2,23,6.4842,3.0762,0.255,0.585
ViT-B-16__block6,100_200,3,22,6.5339,3.0811,0.22,0.55
ViT-B-16__block6,100_200,4,24,6.4704,3.0426,0.225,0.58
ViT-B-16__block6,200_300,0,19,6.7299,3.4091,0.18,0.495
ViT-B-16__block6,200_300,1,20,6.7174,3.4067,0.18,0.485
ViT-B-16__block6,200_300,2,19,6.7019,3.4442,0.16,0.425
ViT-B-16__block6,200_300,3,18,6.7425,3.4176,0.16,0.495
ViT-B-16__block6,200_300,4,17,6.672,3.4576,0.145,0.475
ViT-B-16__block6,300_400,0,13,7.245,4.3717,0.075,0.22
ViT-B-16__block6,300_400,1,13,7.258,4.3892,0.065,0.225
ViT-B-16__block6,300_400,2,10,7.2548,4.4788,0.07,0.205
ViT-B-16__block6,300_400,3,11,7.2789,4.3935,0.06,0.225
ViT-B-16__block6,300_400,4,11,7.2642,4.3903,0.065,0.225
ViT-B-16__block6,400_500,0,3,7.4762,5.2436,0.02,0.045
ViT-B-16__block6,400_500,1,2,7.4726,5.2594,0.0,0.04
ViT-B-16__block6,400_500,2,3,7.4655,5.2335,0.015,0.04
ViT-B-16__block6,400_500,3,3,7.4856,5.2329,0.005,0.045
ViT-B-16__block6,400_500,4,3,7.4586,5.2102,0.005,0.015
ViT-B-16__block6,500_600,0,3,7.498,5.2824,0.01,0.04
ViT-B-16__block6,500_600,1,2,7.491,5.3018,0.01,0.02
ViT-B-16__block6,500_600,2,3,7.4947,5.2385,0.005,0.04
ViT-B-16__block6,500_600,3,2,7.514,5.2709,0.01,0.04
ViT-B-16__block6,500_600,4,3,7.4956,5.2527,0.02,0.055
ViT-B-16__block6,600_700,0,3,7.5,5.299,0.01,0.035
ViT-B-16__block6,600_700,1,2,7.485,5.3135,0.005,0.01
ViT-B-16__block6,600_700,2,3,7.4944,5.2803,0.005,0.04
ViT-B-16__block6,600_700,3,2,7.4976,5.3091,0.01,0.05
ViT-B-16__block6,600_700,4,2,7.4868,5.2732,0.005,0.04
ViT-B-16__block6,700_800,0,3,7.5115,5.3404,0.02,0.03
ViT-B-16__block6,700_800,1,2,7.5009,5.3084,0.005,0.015
ViT-B-16__block6,700_800,2,3,7.4945,5.3072,0.005,0.04
ViT-B-16__block6,700_800,3,2,7.5139,5.3116,0.01,0.035
ViT-B-16__block6,700_800,4,3,7.4969,5.2998,0.005,0.045
ViT-B-16__block6,800_900,0,2,7.5043,5.3277,0.005,0.03
ViT-B-16__block6,800_900,1,2,7.4866,5.3361,0.0,0.015
ViT-B-16__block6,800_900,2,2,7.5035,5.3135,0.0,0.015
ViT-B-16__block6,800_900,3,2,7.5099,5.3121,0.01,0.04
ViT-B-16__block6,800_900,4,3,7.4908,5.3076,0.015,0.015
ViT-B-16__block6,900_1000,0,2,7.4987,5.34,0.0,0.01
ViT-B-16__block6,900_1000,1,2,7.4898,5.3324,0.0,0.02
ViT-B-16__block6,900_1000,2,2,7.5034,5.3182,0.015,0.025
ViT-B-16__block6,900_1000,3,2,7.5104,5.3215,0.0,0.035
ViT-B-16__block6,900_1000,4,2,7.5011,5.3089,0.005,0.03
ViT-B-16__block6__fov,0_100,0,13,7.1285,4.2561,0.065,0.19
ViT-B-16__block6__fov,0_100,1,13,7.1373,4.3028,0.05,0.21
ViT-B-16__block6__fov,0_100,2,14,7.1308,4.2203,0.055,0.215
ViT-B-16__block6__fov,0_100,3,15,7.0955,4.17,0.095,0.25
ViT-B-16__block6__fov,0_100,4,14,7.1013,4.2474,0.085,0.2
ViT-B-16__block6__fov,100_200,0,25,6.4876,2.9574,0.26,0.64
ViT-B-16__block6__fov,100_200,1,23,6.4745,2.9567,0.265,0.625
ViT-B-16__block6__fov,100_200,2,26,6.4488,2.9567,0.26,0.61
ViT-B-16__block6__fov,100_200,3,22,6.4724,2.9998,0.235,0.595
ViT-B-16__block6__fov,100_200,4,24,6.4337,2.9742,0.25,0.61
ViT-B-16__block6__fov,200_300,0,19,6.7163,3.3673,0.185,0.5
ViT-B-16__block6__fov,200_300,1,19,6.6677,3.3813,0.18,0.47
ViT-B-16__block6__fov,200_300,2,19,6.6956,3.4093,0.17,0.47
ViT-B-16__block6__fov,200_300,3,22,6.7242,3.3436,0.175,0.505
ViT-B-16__block6__fov,200_300,4,22,6.6553,3.337,0.16,0.465
ViT-B-16__block6__fov,300_400,0,13,7.2606,4.3854,0.075,0.255
ViT-B-16__block6__fov,300_400,1,13,7.2768,4.3738,0.095,0.22
ViT-B-16__block6__fov,300_400,2,11,7.2444,4.4689,0.065,0.18
ViT-B-16__block6__fov,300_400,3,11,7.2885,4.4066,0.045,0.21
ViT-B-16__block6__fov,300_400,4,13,7.2648,4.356,0.075,0.265
ViT-B-16__block6__fov,400_500,0,3,7.4842,5.2196,0.02,0.065
ViT-B-16__block6__fov,400_500,1,3,7.4659,5.2431,0.005,0.055
ViT-B-16__block6__fov,400_500,2,3,7.4516,5.2552,0.01,0.07
ViT-B-16__block6__fov,400_500,3,3,7.4656,5.2375,0.01,0.045
ViT-B-16__block6__fov,400_500,4,3,7.4619,5.2253,0.01,0.055
ViT-B-16__block6__fov,500_600,0,3,7.4872,5.2754,0.005,0.04
ViT-B-16__block6__fov,500_600,1,2,7.4766,5.2757,0.015,0.03
ViT-B-16__block6__fov,500_600,2,3,7.4821,5.2733,0.01,0.06
ViT-B-16__block6__fov,500_600,3,2,7.5007,5.2907,0.01,0.035
ViT-B-16__block6__fov,500_600,4,3,7.4781,5.2666,0.005,0.05
ViT-B-16__block6__fov,600_700,0,2,7.4966,5.2763,0.01,0.04
ViT-B-16__block6__fov,600_700,1,2,7.4755,5.3056,0.01,0.045
ViT-B-16__block6__fov,600_700,2,2,7.4721,5.2953,0.005,0.05
ViT-B-16__block6__fov,600_700,3,2,7.4827,5.2951,0.025,0.045
ViT-B-16__block6__fov,600_700,4,2,7.4834,5.2893,0.005,0.025
ViT-B-16__block6__fov,700_800,0,2,7.4907,5.3064,0.01,0.03
ViT-B-16__block6__fov,700_800,1,2,7.4873,5.3078,0.005,0.035
ViT-B-16__block6__fov,700_800,2,2,7.4753,5.318,0.005,0.03
ViT-B-16__block6__fov,700_800,3,2,7.5104,5.3185,0.02,0.04
ViT-B-16__block6__fov,700_800,4,3,7.5107,5.3054,0.01,0.03
ViT-B-16__block6__fov,800_900,0,2,7.4909,5.3306,0.0,0.02
ViT-B-16__block6__fov,800_900,1,2,7.4807,5.3107,0.005,0.045
ViT-B-16__block6__fov,800_900,2,2,7.4768,5.3206,0.005,0.03
ViT-B-16__block6__fov,800_900,3,2,7.4987,5.3181,0.02,0.035
ViT-B-16__block6__fov,800_900,4,3,7.4937,5.3282,0.01,0.03
ViT-B-16__block6__fov,900_1000,0,2,7.5034,5.3407,0.01,0.03
ViT-B-16__block6__fov,900_1000,1,2,7.4867,5.3156,0.0,0.04
ViT-B-16__block6__fov,900_1000,2,2,7.4788,5.3318,0.01,0.035
ViT-B-16__block6__fov,900_1000,3,2,7.5057,5.3135,0.005,0.04
ViT-B-16__block6__fov,900_1000,4,2,7.4994,5.3295,0.01,0.03
ViT-B-16__block8,0_100,0,10,7.2281,4.6043,0.03,0.135
ViT-B-16__block8,0_100,1,12,7.2258,4.6158,0.04,0.145
ViT-B-16__block8,0_100,2,12,7.2303,4.5727,0.055,0.145
ViT-B-16__block8,0_100,3,13,7.2231,4.5268,0.055,0.175
ViT-B-16__block8,0_100,4,13,7.2013,4.5426,0.04,0.165
ViT-B-16__block8,100_200,0,19,6.6723,3.5254,0.17,0.45
ViT-B-16__block8,100_200,1,19,6.6664,3.5286,0.185,0.46
ViT-B-16__block8,100_200,2,19,6.6744,3.456,0.18,0.485
ViT-B-16__block8,100_200,3,23,6.6913,3.4522,0.175,0.465
ViT-B-16__block8,100_200,4,23,6.6445,3.464,0.205,0.485
ViT-B-16__block8,200_300,0,16,6.8621,3.7702,0.165,0.37
ViT-B-16__block8,200_300,1,17,6.8283,3.7337,0.165,0.38
ViT-B-16__block8,200_300,2,16,6.8198,3.7382,0.155,0.36
ViT-B-16__block8,200_300,3,18,6.8341,3.6845,0.18,0.365
ViT-B-16__block8,200_300,4,18,6.8051,3.7264,0.12,0.375
ViT-B-16__block8,300_400,0,13,7.2443,4.4067,0.08,0.195
ViT-B-16__block8,300_400,1,11,7.2653,4.4873,0.07,0.195
ViT-B-16__block8,300_400,2,12,7.2567,4.4697,0.07,0.195
ViT-B-16__block8,300_400,3,9,7.3255,4.5574,0.075,0.21
ViT-B-16__block8,300_400,4,12,7.264,4.3963,0.06,0.25
ViT-B-16__block8,400_500,0,3,7.4852,5.2586,0.005,0.035
ViT-B-16__block8,400_500,1,3,7.4796,5.2716,0.0,0.005
ViT-B-16__block8,400_500,2,3,7.4651,5.2362,0.015,0.08
ViT-B-16__block8,400_500,3,3,7.4664,5.2469,0.005,0.06
ViT-B-16__block8,400_500,4,3,7.4609,5.2293,0.015,0.055
ViT-B-16__block8,500_600,0,3,7.4817,5.2664,0.02,0.06
ViT-B-16__block8,500_600,1,3,7.4998,5.2776,0.005,0.035
ViT-B-16__block8,500_600,2,2,7.4851,5.284,0.015,0.035
ViT-B-16__block8,500_600,3,2,7.4921,5.2977,0.005,0.03
ViT-B-16__block8,500_600,4,3,7.4965,5.26,0.01,0.045
ViT-B-16__block8,600_700,0,2,7.483,5.2971,0.015,0.045
ViT-B-16__block8,600_700,1,2,7.4964,5.3281,0.005,0.02
ViT-B-16__block8,600_700,2,2,7.4891,5.3155,0.005,0.05
ViT-B-16__block8,600_700,3,2,7.4882,5.2943,0.005,0.04
ViT-B-16__block8,600_700,4,2,7.499,5.2873,0.015,0.035
ViT-B-16__block8,700_800,0,2,7.4932,5.3228,0.01,0.035
ViT-B-16__block8,700_800,1,2,7.4989,5.3342,0.005,0.015
ViT-B-16__block8,700_800,2,2,7.5019,5.3182,0.005,0.03
ViT-B-16__block8,700_800,3,2,7.4932,5.3115,0.005,0.03
ViT-B-16__block8,700_800,4,3,7.5045,5.2984,0.005,0.065
ViT-B-16__block8,800_900,0,2,7.5012,5.3263,0.005,0.04
ViT-B-16__block8,800_900,1,2,7.4959,5.3467,0.005,0.03
ViT-B-16__block8,800_900,2,2,7.512,5.3267,0.01,0.025
ViT-B-16__block8,800_900,3,2,7.4995,5.3316,0.005,0.025
ViT-B-16__block8,800_900,4,2,7.4972,5.3151,0.005,0.03
ViT-B-16__block8,900_1000,0,2,7.503,5.3462,0.0,0.045
ViT-B-16__block8,900_1000,1,2,7.5124,5.3626,0.005,0.025
ViT-B-16__block8,900_1000,2,2,7.5139,5.3214,0.005,0.015
ViT-B-16__block8,900_1000,3,2,7.5053,5.3266,0.015,0.055
ViT-B-16__block8,900_1000,4,2,7.5059,5.3145,0.0,0.015
ViT-B-16__block8__fov,0_100,0,11,7.2187,4.4994,0.04,0.16
ViT-B-16__block8__fov,0_100,1,13,7.2067,4.4605,0.065,0.18
ViT-B-16__block8__fov,0_100,2,13,7.2149,4.5091,0.035,0.165
ViT-B-16__block8__fov,0_100,3,13,7.2041,4.544,0.05,0.165
ViT-B-16__block8__fov,0_100,4,13,7.1859,4.5205,0.03,0.14
ViT-B-16__block8__fov,100_200,0,19,6.6296,3.366,0.15,0.5
ViT-B-16__block8__fov,100_200,1,22,6.6084,3.3319,0.175,0.475
ViT-B-16__block8__fov,100_200,2,21,6.6127,3.3426,0.205,0.5
ViT-B-16__block8__fov,100_200,3,22,6.6433,3.3248,0.185,0.455
ViT-B-16__block8__fov,100_200,4,23,6.5911,3.3356,0.15,0.485
ViT-B-16__block8__fov,200_300,0,17,6.7965,3.6444,0.12,0.405
ViT-B-16__block8__fov,200_300,1,19,6.763,3.6119,0.14,0.435
ViT-B-16__block8__fov,200_300,2,19,6.78,3.6161,0.14,0.39
ViT-B-16__block8__fov,200_300,3,18,6.8124,3.6269,0.145,0.415
ViT-B-16__block8__fov,200_300,4,18,6.7455,3.6733,0.115,0.41
ViT-B-16__block8__fov,300_400,0,13,7.2251,4.3659,0.065,0.235
ViT-B-16__block8__fov,300_400,1,13,7.2416,4.3943,0.08,0.205
ViT-B-16__block8__fov,300_400,2,11,7.2302,4.4601,0.06,0.175
ViT-B-16__block8__fov,300_400,3,10,7.297,4.4831,0.045,0.195
ViT-B-16__block8__fov,300_400,4,13,7.245,4.418,0.085,0.26
ViT-B-16__block8__fov,400_500,0,3,7.4737,5.195,0.005,0.05
ViT-B-16__block8__fov,400_500,1,3,7.4747,5.2454,0.01,0.045
ViT-B-16__block8__fov,400_500,2,3,7.4637,5.2386,0.0,0.01
ViT-B-16__block8__fov,400_500,3,3,7.4788,5.2242,0.005,0.05
ViT-B-16__block8__fov,400_500,4,3,7.4488,5.21,0.02,0.075
ViT-B-16__block8__fov,500_600,0,3,7.4813,5.2227,0.01,0.055
ViT-B-16__block8__fov,500_600,1,2,7.5039,5.2975,0.0,0.04
ViT-B-16__block8__fov,500_600,2,3,7.4873,5.2598,0.0,0.04
ViT-B-16__block8__fov,500_600,3,2,7.4991,5.2833,0.0,0.035
ViT-B-16__block8__fov,500_600,4,3,7.4846,5.2563,0.02,0.06
ViT-B-16__block8__fov,600_700,0,2,7.4976,5.2758,0.01,0.04
ViT-B-16__block8__fov,600_700,1,2,7.4877,5.3251,0.005,0.035
ViT-B-16__block8__fov,600_700,2,2,7.4834,5.2883,0.005,0.02
ViT-B-16__block8__fov,600_700,3,2,7.498,5.2949,0.0,0.03
ViT-B-16__block8__fov,600_700,4,2,7.4829,5.3011,0.01,0.03
ViT-B-16__block8__fov,700_800,0,3,7.4947,5.2912,0.005,0.03
ViT-B-16__block8__fov,700_800,1,2,7.5104,5.3343,0.005,0.02
ViT-B-16__block8__fov,700_800,2,2,7.4926,5.3101,0.02,0.035
ViT-B-16__block8__fov,700_800,3,2,7.5019,5.3304,0.005,0.03
ViT-B-16__block8__fov,700_800,4,3,7.4828,5.2857,0.02,0.055
ViT-B-16__block8__fov,800_900,0,2,7.4868,5.3072,0.005,0.025
ViT-B-16__block8__fov,800_900,1,2,7.4918,5.3375,0.005,0.03
ViT-B-16__block8__fov,800_900,2,2,7.4921,5.313,0.0,0.02
ViT-B-16__block8__fov,800_900,3,2,7.5017,5.3301,0.0,0.035
ViT-B-16__block8__fov,800_900,4,2,7.4892,5.3074,0.01,0.035
ViT-B-16__block8__fov,900_1000,0,2,7.5013,5.3147,0.005,0.01
ViT-B-16__block8__fov,900_1000,1,2,7.4971,5.3433,0.005,0.02
ViT-B-16__block8__fov,900_1000,2,2,7.5023,5.3311,0.0,0.01
ViT-B-16__block8__fov,900_1000,3,2,7.5124,5.3275,0.0,0.01
ViT-B-16__block8__fov,900_1000,4,2,7.4927,5.3173,0.01,0.025
ViT-L-14__block12,0_100,0,16,7.2223,4.4214,0.055,0.21
ViT-L-14__block12,0_100,1,12,7.2052,4.5552,0.055,0.17
ViT-L-14__block12,0_100,2,14,7.2117,4.4151,0.05,0.205
ViT-L-14__block12,0_100,3,14,7.2021,4.4518,0.04,0.22
ViT-L-14__block12,0_100,4,14,7.1998,4.4812,0.065,0.205
ViT-L-14__block12,100_200,0,25,6.6593,3.4428,0.215,0.48
ViT-L-14__block12,100_200,1,21,6.6331,3.4929,0.165,0.46
ViT-L-14__block12,100_200,2,23,6.6664,3.4771,0.2,0.445
ViT-L-14__block12,100_200,3,22,6.683,3.4777,0.185,0.475
ViT-L-14__block12,100_200,4,22,6.6623,3.4808,0.205,0.48
ViT-L-14__block12,200_300,0,22,6.8755,3.7428,0.135,0.375
ViT-L-14__block12,200_300,1,20,6.8346,3.8166,0.095,0.37
ViT-L-14__block12,200_300,2,18,6.8518,3.8314,0.11,0.34
ViT-L-14__block12,200_300,3,20,6.8903,3.7477,0.115,0.4
ViT-L-14__block12,200_300,4,17,6.8349,3.8002,0.105,0.355
ViT-L-14__block12,300_400,0,13,7.3391,4.5679,0.06,0.185
ViT-L-14__block12,300_400,1,10,7.3122,4.6713,0.04,0.135
ViT-L-14__block12,300_400,2,11,7.3252,4.6233,0.05,0.2
ViT-L-14__block12,300_400,3,12,7.357,4.5733,0.055,0.205
ViT-L-14__block12,300_400,4,13,7.3158,4.5032,0.085,0.245
ViT-L-14__block12,400_500,0,3,7.4864,5.2725,0.005,0.02
ViT-L-14__block12,400_500,1,2,7.4907,5.2882,0.015,0.045
ViT-L-14__block12,400_500,2,3,7.4798,5.2685,0.005,0.02
ViT-L-14__block12,400_500,3,3,7.4937,5.2056,0.02,0.08
ViT-L-14__block12,400_500,4,3,7.4818,5.2574,0.01,0.025
ViT-L-14__block12,500_600,0,3,7.5053,5.2812,0.01,0.03
ViT-L-14__block12,500_600,1,2,7.5042,5.3151,0.015,0.025
ViT-L-14__block12,500_600,2,3,7.5033,5.3016,0.005,0.02
ViT-L-14__block12,500_600,3,2,7.5067,5.2953,0.0,0.045
ViT-L-14__block12,500_600,4,2,7.5086,5.3158,0.005,0.025
ViT-L-14__block12,600_700,0,2,7.4943,5.3152,0.005,0.015
ViT-L-14__block12,600_700,1,2,7.5005,5.3081,0.005,0.02
ViT-L-14__block12,600_700,2,2,7.5045,5.3081,0.0,0.03
ViT-L-14__block12,600_700,3,2,7.5056,5.3115,0.005,0.04
ViT-L-14__block12,600_700,4,2,7.5141,5.3119,0.0,0.035
ViT-L-14__block12,700_800,0,2,7.521,5.343,0.01,0.025
ViT-L-14__block12,700_800,1,2,7.5039,5.3209,0.01,0.04
ViT-L-14__block12,700_800,2,2,7.5177,5.3281,0.0,0.01
ViT-L-14__block12,700_800,3,2,7.5058,5.3037,0.0,0.035
ViT-L-14__block12,700_800,4,2,7.4938,5.3111,0.005,0.04
ViT-L-14__block12,800_900,0,2,7.5199,5.3645,0.005,0.02
ViT-L-14__block12,800_900,1,2,7.5048,5.3398,0.005,0.03
ViT-L-14__block12,800_900,2,2,7.5115,5.3406,0.0,0.025
ViT-L-14__block12,800_900,3,2,7.501,5.3244,0.01,0.025
ViT-L-14__block12,800_900,4,2,7.5018,5.3368,0.0,0.03
ViT-L-14__block12,900_1000,0,2,7.5132,5.3673,0.0,0.035
ViT-L-14__block12,900_1000,1,2,7.503,5.3477,0.005,0.015
ViT-L-14__block12,900_1000,2,2,7.5202,5.3351,0.0,0.02
ViT-L-14__block12,900_1000,3,2,7.503,5.3227,0.0,0.005
ViT-L-14__block12,900_1000,4,2,7.5036,5.3245,0.01,0.025
ViT-L-14__block12__fov,0_100,0,14,7.1826,4.376,0.055,0.195
ViT-L-14__block12__fov,0_100,1,14,7.1856,4.4024,0.055,0.23
ViT-L-14__block12__fov,0_100,2,14,7.1992,4.3826,0.065,0.21
ViT-L-14__block12__fov,0_100,3,14,7.1663,4.4076,0.065,0.205
ViT-L-14__block12__fov,0_100,4,15,7.1781,4.3747,0.065,0.23
ViT-L-14__block12__fov,100_200,0,23,6.5938,3.3488,0.235,0.48
ViT-L-14__block12__fov,100_200,1,23,6.5871,3.3539,0.205,0.48
ViT-L-14__block12__fov,100_200,2,22,6.6023,3.3633,0.24,0.46
ViT-L-14__block12__fov,100_200,3,22,6.6237,3.3574,0.225,0.48
ViT-L-14__block12__fov,100_200,4,22,6.5938,3.3335,0.255,0.48
ViT-L-14__block12__fov,200_300,0,19,6.8255,3.6691,0.14,0.42
ViT-L-14__block12__fov,200_300,1,18,6.796,3.6858,0.13,0.44
ViT-L-14__block12__fov,200_300,2,19,6.8034,3.6868,0.12,0.38
ViT-L-14__block12__fov,200_300,3,20,6.8544,3.6377,0.145,0.395
ViT-L-14__block12__fov,200_300,4,22,6.8001,3.6365,0.135,0.415
ViT-L-14__block12__fov,300_400,0,13,7.2908,4.4623,0.075,0.21
ViT-L-14__block12__fov,300_400,1,12,7.3185,4.5149,0.055,0.205
ViT-L-14__block12__fov,300_400,2,11,7.3081,4.5663,0.08,0.21
ViT-L-14__block12__fov,300_400,3,11,7.342,4.5302,0.06,0.19
ViT-L-14__block12__fov,300_400,4,11,7.3142,4.5032,0.055,0.2
ViT-L-14__block12__fov,400_500,0,3,7.485,5.2475,0.02,0.03
ViT-L-14__block12__fov,400_500,1,3,7.4925,5.2574,0.005,0.04
ViT-L-14__block12__fov,400_500,2,3,7.4817,5.2313,0.025,0.065
ViT-L-14__block12__fov,400_500,3,3,7.5074,5.2393,0.005,0.045
ViT-L-14__block12__fov,400_500,4,3,7.5109,5.2241,0.02,0.05
ViT-L-14__block12__fov,500_600,0,3,7.4829,5.2755,0.01,0.03
ViT-L-14__block12__fov,500_600,1,3,7.514,5.2739,0.005,0.035
ViT-L-14__block12__fov,500_600,2,2,7.4999,5.2919,0.015,0.035
ViT-L-14__block12__fov,500_600,3,3,7.5258,5.2944,0.005,0.03
ViT-L-14__block12__fov,500_600,4,3,7.5221,5.273,0.01,0.025
ViT-L-14__block12__fov,600_700,0,2,7.4853,5.2862,0.005,0.03
ViT-L-14__block12__fov,600_700,1,2,7.5131,5.312,0.0,0.025
ViT-L-14__block12__fov,600_700,2,2,7.4947,5.3056,0.005,0.05
ViT-L-14__block12__fov,600_700,3,2,7.521,5.3053,0.01,0.045
ViT-L-14__block12__fov,600_700,4,3,7.5237,5.2971,0.005,0.03
ViT-L-14__block12__fov,700_800,0,2,7.4972,5.3163,0.015,0.025
ViT-L-14__block12__fov,700_800,1,2,7.5108,5.3191,0.01,0.03
ViT-L-14__block12__fov,700_800,2,2,7.5077,5.323,0.0,0.04
ViT-L-14__block12__fov,700_800,3,3,7.5171,5.3035,0.01,0.04
ViT-L-14__block12__fov,700_800,4,3,7.5288,5.2829,0.01,0.06
ViT-L-14__block12__fov,800_900,0,2,7.5093,5.3244,0.0,0.025
ViT-L-14__block12__fov,800_900,1,2,7.5064,5.3339,0.01,0.03
ViT-L-14__block12__fov,800_900,2,2,7.5156,5.337,0.0,0.02
ViT-L-14__block12__fov,800_900,3,2,7.5272,5.3165,0.015,0.04
ViT-L-14__block12__fov,800_900,4,2,7.5215,5.3263,0.015,0.04
ViT-L-14__block12__fov,900_1000,0,2,7.5009,5.3396,0.005,0.03
ViT-L-14__block12__fov,900_1000,1,2,7.5022,5.3415,0.01,0.02
ViT-L-14__block12__fov,900_1000,2,2,7.5236,5.3212,0.0,0.03
ViT-L-14__block12__fov,900_1000,3,2,7.5225,5.3176,0.005,0.015
ViT-L-14__block12__fov,900_1000,4,2,7.5264,5.3199,0.005,0.025
ViT-L-14__block16,0_100,0,13,7.2609,4.6609,0.03,0.16
ViT-L-14__block16,0_100,1,12,7.2649,4.6743,0.025,0.155
ViT-L-14__block16,0_100,2,13,7.2493,4.6501,0.045,0.165
ViT-L-14__block16,0_100,3,14,7.2335,4.6164,0.035,0.15
ViT-L-14__block16,0_100,4,13,7.267,4.6397,0.03,0.18
ViT-L-14__block16,100_200,0,22,6.7171,3.5636,0.17,0.44
ViT-L-14__block16,100_200,1,22,6.7202,3.6101,0.185,0.405
ViT-L-14__block16,100_200,2,20,6.7214,3.6182,0.15,0.4
ViT-L-14__block16,100_200,3,22,6.7448,3.5594,0.165,0.425
ViT-L-14__block16,100_200,4,22,6.6946,3.5626,0.16,0.4
ViT-L-14__block16,200_300,0,19,6.8575,3.7792,0.14,0.365
ViT-L-14__block16,200_300,1,19,6.8319,3.8115,0.145,0.35
ViT-L-14__block16,200_300,2,21,6.843,3.7428,0.12,0.37
ViT-L-14__block16,200_300,3,20,6.8723,3.739,0.12,0.405
ViT-L-14__block16,200_300,4,17,6.8533,3.7845,0.145,0.39
ViT-L-14__block16,300_400,0,13,7.234,4.4422,0.06,0.21
ViT-L-14__block16,300_400,1,13,7.258,4.4402,0.08,0.22
ViT-L-14__block16,300_400,2,11,7.2621,4.493,0.055,0.2
ViT-L-14__block16,300_400,3,13,7.3,4.461,0.05,0.19
ViT-L-14__block16,300_400,4,13,7.2709,4.4307,0.075,0.205
ViT-L-14__block16,400_500,0,3,7.4716,5.234,0.01,0.055
ViT-L-14__block16,400_500,1,3,7.4878,5.2315,0.0,0.04
ViT-L-14__block16,400_500,2,3,7.4811,5.2252,0.0,0.055
ViT-L-14__block16,400_500,3,3,7.4842,5.2561,0.0,0.055
ViT-L-14__block16,400_500,4,3,7.4951,5.2355,0.015,0.035
ViT-L-14__block16,500_600,0,3,7.4865,5.2775,0.005,0.03
ViT-L-14__block16,500_600,1,3,7.4973,5.2995,0.01,0.045
ViT-L-14__block16,500_600,2,3,7.5019,5.2547,0.01,0.045
ViT-L-14__block16,500_600,3,2,7.52,5.2973,0.0,0.02
ViT-L-14__block16,500_600,4,3,7.5136,5.2707,0.005,0.04
ViT-L-14__block16,600_700,0,2,7.5082,5.2986,0.0,0.035
ViT-L-14__block16,600_700,1,2,7.4891,5.3141,0.01,0.045
ViT-L-14__block16,600_700,2,3,7.4942,5.3016,0.01,0.04
ViT-L-14__block16,600_700,3,2,7.4989,5.3376,0.005,0.015
ViT-L-14__block16,600_700,4,2,7.5107,5.3088,0.015,0.02
ViT-L-14__block16,700_800,0,2,7.5051,5.3174,0.0,0.015
ViT-L-14__block16,700_800,1,2,7.4984,5.3259,0.005,0.04
ViT-L-14__block16,700_800,2,2,7.4944,5.3152,0.0,0.03
ViT-L-14__block16,700_800,3,2,7.5168,5.3143,0.005,0.025
ViT-L-14__block16,700_800,4,2,7.5238,5.3296,0.005,0.03
ViT-L-14__block16,800_900,0,2,7.5113,5.3352,0.0,0.015
ViT-L-14__block16,800_900,1,2,7.4955,5.3416,0.005,0.01
ViT-L-14__block16,800_900,2,2,7.4881,5.3307,0.0,0.03
ViT-L-14__block16,800_900,3,2,7.5137,5.3396,0.025,0.04
ViT-L-14__block16,800_900,4,2,7.5075,5.3332,0.005,0.015
ViT-L-14__block16,900_1000,0,2,7.5127,5.3269,0.005,0.025
ViT-L-14__block16,900_1000,1,2,7.4981,5.3677,0.0,0.015
ViT-L-14__block16,900_1000,2,2,7.4906,5.3369,0.005,0.015
ViT-L-14__block16,900_1000,3,2,7.5141,5.3462,0.015,0.03
ViT-L-14__block16,900_1000,4,2,7.516,5.321,0.005,0.03
ViT-L-14__block16__fov,0_100,0,14,7.212,4.6454,0.035,0.14
ViT-L-14__block16__fov,0_100,1,12,7.2381,4.6547,0.035,0.145
ViT-L-14__block16__fov,0_100,2,14,7.2417,4.5814,0.05,0.175
ViT-L-14__block16__fov,0_100,3,14,7.2146,4.6048,0.025,0.15
ViT-L-14__block16__fov,0_100,4,13,7.2392,4.6053,0.025,0.145
ViT-L-14__block16__fov,100_200,0,22,6.6815,3.4953,0.16,0.44
ViT-L-14__block16__fov,100_200,1,22,6.6891,3.5147,0.185,0.425
ViT-L-14__block16__fov,100_200,2,26,6.6598,3.4812,0.145,0.44
ViT-L-14__block16__fov,100_200,3,22,6.7021,3.4898,0.165,0.46
ViT-L-14__block16__fov,100_200,4,21,6.6573,3.5134,0.165,0.46
ViT-L-14__block16__fov,200_300,0,17,6.829,3.8018,0.12,0.39
ViT-L-14__block16__fov,200_300,1,19,6.8156,3.7115,0.155,0.39
ViT-L-14__block16__fov,200_300,2,19,6.8022,3.703,0.125,0.375
ViT-L-14__block16__fov,200_300,3,18,6.8578,3.7429,0.13,0.4
ViT-L-14__block16__fov,200_300,4,19,6.7956,3.7109,0.14,0.4
ViT-L-14__block16__fov,300_400,0,13,7.2522,4.4393,0.08,0.225
ViT-L-14__block16__fov,300_400,1,13,7.2668,4.3906,0.075,0.235
ViT-L-14__block16__fov,300_400,2,11,7.2503,4.452,0.07,0.19
ViT-L-14__block16__fov,300_400,3,11,7.2918,4.4682,0.07,0.24
ViT-L-14__block16__fov,300_400,4,13,7.2709,4.4036,0.08,0.225
ViT-L-14__block16__fov,400_500,0,3,7.4734,5.2327,0.005,0.05
ViT-L-14__block16__fov,400_500,1,3,7.4943,5.2625,0.01,0.04
ViT-L-14__block16__fov,400_500,2,4,7.4837,5.2259,0.0,0.04
ViT-L-14__block16__fov,400_500,3,4,7.4824,5.2074,0.0,0.055
ViT-L-14__block16__fov,400_500,4,3,7.5021,5.2477,0.01,0.045
ViT-L-14__block16__fov,500_600,0,3,7.4952,5.2962,0.01,0.05
ViT-L-14__block16__fov,500_600,1,2,7.4844,5.3315,0.005,0.03
ViT-L-14__block16__fov,500_600,2,3,7.4996,5.2656,0.01,0.045
ViT-L-14__block16__fov,500_600,3,2,7.5185,5.2986,0.005,0.03
ViT-L-14__block16__fov,500_600,4,2,7.5131,5.3013,0.01,0.02
ViT-L-14__block16__fov,600_700,0,2,7.5011,5.3172,0.005,0.04
ViT-L-14__block16__fov,600_700,1,2,7.4699,5.3438,0.01,0.025
ViT-L-14__block16__fov,600_700,2,3,7.4933,5.2987,0.01,0.04
ViT-L-14__block16__fov,600_700,3,2,7.4999,5.316,0.005,0.02
ViT-L-14__block16__fov,600_700,4,2,7.5224,5.3106,0.02,0.04
ViT-L-14__block16__fov,700_800,0,2,7.5134,5.3556,0.01,0.03
ViT-L-14__block16__fov,700_800,1,2,7.4987,5.3497,0.005,0.025
ViT-L-14__block16__fov,700_800,2,2,7.5077,5.3226,0.01,0.02
ViT-L-14__block16__fov,700_800,3,2,7.5138,5.3304,0.0,0.02
ViT-L-14__block16__fov,700_800,4,2,7.5183,5.3118,0.005,0.03
ViT-L-14__block16__fov,800_900,0,2,7.5046,5.3536,0.005,0.025
ViT-L-14__block16__fov,800_900,1,2,7.4883,5.3625,0.0,0.01
ViT-L-14__block16__fov,800_900,2,2,7.5098,5.3605,0.01,0.03
ViT-L-14__block16__fov,800_900,3,2,7.5156,5.3221,0.0,0.005
ViT-L-14__block16__fov,800_900,4,2,7.5139,5.3412,0.01,0.02
ViT-L-14__block16__fov,900_1000,0,2,7.4967,5.3472,0.005,0.02
ViT-L-14__block16__fov,900_1000,1,2,7.4892,5.3608,0.01,0.03
ViT-L-14__block16__fov,900_1000,2,2,7.504,5.3431,0.005,0.02
ViT-L-14__block16__fov,900_1000,3,2,7.5065,5.3437,0.0,0.02
ViT-L-14__block16__fov,900_1000,4,2,7.5102,5.324,0.005,0.03
ViT-L-14__block20,0_100,0,13,7.3392,4.8367,0.045,0.135
ViT-L-14__block20,0_100,1,13,7.3423,4.8584,0.035,0.115
ViT-L-14__block20,0_100,2,11,7.3089,4.8234,0.025,0.12
ViT-L-14__block20,0_100,3,14,7.3089,4.8394,0.045,0.095
ViT-L-14__block20,0_100,4,12,7.2973,4.8049,0.03,0.11
ViT-L-14__block20,100_200,0,19,6.8421,3.8494,0.105,0.355
ViT-L-14__block20,100_200,1,19,6.833,3.8728,0.125,0.36
ViT-L-14__block20,100_200,2,18,6.8633,3.9143,0.115,0.335
ViT-L-14__block20,100_200,3,19,6.8857,3.8267,0.13,0.385
ViT-L-14__block20,100_200,4,18,6.8273,3.9072,0.1,0.37
ViT-L-14__block20,200_300,0,17,6.9306,3.9178,0.115,0.34
ViT-L-14__block20,200_300,1,16,6.8974,3.9466,0.125,0.33
ViT-L-14__block20,200_300,2,18,6.8824,3.9178,0.115,0.33
ViT-L-14__block20,200_300,3,20,6.9218,3.9092,0.13,0.315
ViT-L-14__block20,200_300,4,19,6.8795,3.916,0.16,0.33
ViT-L-14__block20,300_400,0,17,7.2102,4.3551,0.045,0.24
ViT-L-14__block20,300_400,1,13,7.2633,4.3949,0.065,0.21
ViT-L-14__block20,300_400,2,12,7.2239,4.4908,0.065,0.215
ViT-L-14__block20,300_400,3,16,7.2539,4.3648,0.06,0.22
ViT-L-14__block20,300_400,4,15,7.2259,4.3782,0.065,0.225
ViT-L-14__block20,400_500,0,4,7.5119,5.2508,0.0,0.03
ViT-L-14__block20,400_500,1,6,7.4999,5.152,0.02,0.075
ViT-L-14__block20,400_500,2,7,7.4586,5.153,0.02,0.07
ViT-L-14__block20,400_500,3,7,7.4966,5.161,0.01,0.05
ViT-L-14__block20,400_500,4,6,7.4915,5.2006,0.015,0.055
ViT-L-14__block20,500_600,0,3,7.5115,5.2845,0.01,0.05
ViT-L-14__block20,500_600,1,3,7.5118,5.275,0.02,0.055
ViT-L-14__block20,500_600,2,3,7.5218,5.2862,0.015,0.04
ViT-L-14__block20,500_600,3,3,7.525,5.2496,0.005,0.055
ViT-L-14__block20,500_600,4,3,7.5194,5.2965,0.01,0.025
ViT-L-14__block20,600_700,0,2,7.5223,5.3579,0.005,0.025
ViT-L-14__block20,600_700,1,3,7.5097,5.32,0.005,0.025
ViT-L-14__block20,600_700,2,3,7.515,5.3349,0.015,0.035
ViT-L-14__block20,600_700,3,2,7.5229,5.3034,0.005,0.025
ViT-L-14__block20,600_700,4,3,7.5391,5.3144,0.01,0.025
ViT-L-14__block20,700_800,0,2,7.521,5.3506,0.01,0.03
ViT-L-14__block20,700_800,1,3,7.5133,5.315,0.01,0.06
ViT-L-14__block20,700_800,2,3,7.516,5.3455,0.015,0.035
ViT-L-14__block20,700_800,3,2,7.5217,5.3221,0.0,0.02
ViT-L-14__block20,700_800,4,3,7.535,5.3659,0.0,0.015
ViT-L-14__block20,800_900,0,2,7.5364,5.3675,0.0,0.035
ViT-L-14__block20,800_900,1,3,7.5288,5.3339,0.005,0.04
ViT-L-14__block20,800_900,2,2,7.5165,5.3281,0.005,0.04
ViT-L-14__block20,800_900,3,2,7.514,5.3393,0.005,0.015
ViT-L-14__block20,800_900,4,2,7.5234,5.3557,0.005,0.025
ViT-L-14__block20,900_1000,0,2,7.5447,5.3729,0.005,0.015
ViT-L-14__block20,900_1000,1,3,7.518,5.349,0.005,0.04
ViT-L-14__block20,900_1000,2,2,7.5127,5.3489,0.005,0.04
ViT-L-14__block20,900_1000,3,2,7.5266,5.3582,0.005,0.03
ViT-L-14__block20,900_1000,4,2,7.5268,5.3532,0.0,0.025
ViT-L-14__block20__fov,0_100,0,13,7.3198,4.8333,0.035,0.125
ViT-L-14__block20__fov,0_100,1,12,7.3038,4.8298,0.025,0.11
ViT-L-14__block20__fov,0_100,2,14,7.2927,4.84,0.035,0.11
ViT-L-14__block20__fov,0_100,3,14,7.308,4.8064,0.03,0.1
ViT-L-14__block20__fov,0_100,4,12,7.2824,4.8055,0.04,0.115
ViT-L-14__block20__fov,100_200,0,23,6.8117,3.7969,0.125,0.38
ViT-L-14__block20__fov,100_200,1,17,6.8094,3.8816,0.12,0.39
ViT-L-14__block20__fov,100_200,2,21,6.8273,3.8269,0.145,0.42
ViT-L-14__block20__fov,100_200,3,19,6.8625,3.8621,0.125,0.37
ViT-L-14__block20__fov,100_200,4,21,6.7976,3.7955,0.12,0.415
ViT-L-14__block20__fov,200_300,0,18,6.9287,3.8649,0.08,0.35
ViT-L-14__block20__fov,200_300,1,17,6.8699,3.8716,0.13,0.365
ViT-L-14__block20__fov,200_300,2,19,6.8716,3.8569,0.105,0.365
ViT-L-14__block20__fov,200_300,3,20,6.9102,3.8472,0.115,0.33
ViT-L-14__block20__fov,200_300,4,18,6.8712,3.8725,0.125,0.35
ViT-L-14__block20__fov,300_400,0,16,7.2025,4.3663,0.07,0.23
ViT-L-14__block20__fov,300_400,1,13,7.2523,4.3541,0.085,0.24
ViT-L-14__block20__fov,300_400,2,14,7.2215,4.3659,0.055,0.195
ViT-L-14__block20__fov,300_400,3,14,7.2305,4.4279,0.03,0.185
ViT-L-14__block20__fov,300_400,4,14,7.2383,4.3578,0.055,0.225
ViT-L-14__block20__fov,400_500,0,3,7.5091,5.2708,0.005,0.045
ViT-L-14__block20__fov,400_500,1,6,7.4721,5.1421,0.02,0.08
ViT-L-14__block20__fov,400_500,2,7,7.4608,5.101,0.025,0.065
ViT-L-14__block20__fov,400_500,3,7,7.4843,5.1766,0.015,0.075
ViT-L-14__block20__fov,400_500,4,3,7.4957,5.2644,0.005,0.035
ViT-L-14__block20__fov,500_600,0,3,7.5166,5.2714,0.005,0.045
ViT-L-14__block20__fov,500_600,1,3,7.5088,5.2856,0.005,0.06
ViT-L-14__block20__fov,500_600,2,3,7.5088,5.2787,0.005,0.04
ViT-L-14__block20__fov,500_600,3,2,7.5237,5.3043,0.005,0.02
ViT-L-14__block20__fov,500_600,4,3,7.5138,5.3019,0.0,0.03
ViT-L-14__block20__fov,600_700,0,3,7.5317,5.3237,0.005,0.035
ViT-L-14__block20__fov,600_700,1,3,7.5045,5.3073,0.005,0.045
ViT-L-14__block20__fov,600_700,2,2,7.5097,5.3094,0.01,0.025
ViT-L-14__block20__fov,600_700,3,2,7.5245,5.3461,0.005,0.035
ViT-L-14__block20__fov,600_700,4,2,7.5324,5.3281,0.005,0.025
ViT-L-14__block20__fov,700_800,0,3,7.5261,5.3406,0.005,0.015
ViT-L-14__block20__fov,700_800,1,3,7.514,5.3189,0.005,0.04
ViT-L-14__block20__fov,700_800,2,2,7.5179,5.3062,0.005,0.03
ViT-L-14__block20__fov,700_800,3,2,7.5326,5.34,0.005,0.03
ViT-L-14__block20__fov,700_800,4,3,7.5295,5.3387,0.0,0.02
ViT-L-14__block20__fov,800_900,0,2,7.5368,5.363,0.005,0.025
ViT-L-14__block20__fov,800_900,1,2,7.5105,5.3357,0.0,0.035
ViT-L-14__block20__fov,800_900,2,2,7.5078,5.3347,0.005,0.03
ViT-L-14__block20__fov,800_900,3,2,7.5326,5.3474,0.01,0.025
ViT-L-14__block20__fov,800_900,4,2,7.5225,5.3591,0.0,0.035
ViT-L-14__block20__fov,900_1000,0,2,7.5326,5.3742,0.005,0.02
ViT-L-14__block20__fov,900_1000,1,2,7.5193,5.3407,0.0,0.03
ViT-L-14__block20__fov,900_1000,2,2,7.498,5.3441,0.01,0.04
ViT-L-14__block20__fov,900_1000,3,2,7.5453,5.3636,0.005,0.035
ViT-L-14__block20__fov,900_1000,4,2,7.5349,5.3684,0.0,0.02
ViT-L-14__block24,0_100,0,10,7.3926,5.0416,0.015,0.09
ViT-L-14__block24,0_100,1,8,7.4058,5.0202,0.02,0.055
ViT-L-14__block24,0_100,2,11,7.3901,5.0598,0.02,0.065
ViT-L-14__block24,0_100,3,11,7.3877,5.0443,0.01,0.07
ViT-L-14__block24,0_100,4,11,7.3952,5.041,0.035,0.085
ViT-L-14__block24,100_200,0,17,7.0311,4.2445,0.09,0.275
ViT-L-14__block24,100_200,1,15,7.041,4.253,0.125,0.295
ViT-L-14__block24,100_200,2,16,7.0393,4.2554,0.1,0.315
ViT-L-14__block24,100_200,3,17,7.0588,4.2382,0.11,0.3
ViT-L-14__block24,100_200,4,17,7.0406,4.2182,0.13,0.31
ViT-L-14__block24,200_300,0,16,7.0661,4.2268,0.075,0.275
ViT-L-14__block24,200_300,1,15,7.0241,4.219,0.065,0.26
ViT-L-14__block24,200_300,2,17,7.0215,4.2411,0.08,0.235
ViT-L-14__block24,200_300,3,15,7.0713,4.2618,0.08,0.26
ViT-L-14__block24,200_300,4,17,7.066,4.233,0.075,0.26
ViT-L-14__block24,300_400,0,13,7.2739,4.5706,0.04,0.18
ViT-L-14__block24,300_400,1,14,7.2947,4.521,0.065,0.195
ViT-L-14__block24,300_400,2,14,7.258,4.4805,0.085,0.22
ViT-L-14__block24,300_400,3,15,7.3134,4.4997,0.08,0.18
ViT-L-14__block24,300_400,4,14,7.3037,4.4893,0.085,0.205
ViT-L-14__block24,400_500,0,6,7.4946,5.2581,0.005,0.03
ViT-L-14__block24,400_500,1,5,7.4867,5.2633,0.005,0.05
ViT-L-14__block24,400_500,2,6,7.4884,5.2738,0.015,0.035
ViT-L-14__block24,400_500,3,7,7.523,5.2207,0.005,0.045
ViT-L-14__block24,400_500,4,4,7.5165,5.2789,0.025,0.045
ViT-L-14__block24,500_600,0,3,7.5388,5.3241,0.0,0.03
ViT-L-14__block24,500_600,1,3,7.5176,5.3224,0.0,0.025
ViT-L-14__block24,500_600,2,4,7.5332,5.3238,0.01,0.025
ViT-L-14__block24,500_600,3,3,7.562,5.3289,0.015,0.065
ViT-L-14__block24,500_600,4,3,7.5286,5.2977,0.01,0.04
ViT-L-14__block24,600_700,0,3,7.5329,5.3314,0.01,0.045
ViT-L-14__block24,600_700,1,3,7.5096,5.3195,0.005,0.04
ViT-L-14__block24,600_700,2,3,7.5335,5.3793,0.005,0.03
ViT-L-14__block24,600_700,3,3,7.5355,5.3657,0.01,0.04
ViT-L-14__block24,600_700,4,3,7.556,5.348,0.01,0.035
ViT-L-14__block24,700_800,0,3,7.5478,5.3409,0.015,0.025
ViT-L-14__block24,700_800,1,3,7.5149,5.3435,0.005,0.035
ViT-L-14__block24,700_800,2,3,7.5316,5.3993,0.015,0.03
ViT-L-14__block24,700_800,3,3,7.5433,5.3682,0.015,0.025
ViT-L-14__block24,700_800,4,3,7.5524,5.3624,0.005,0.03
ViT-L-14__block24,800_900,0,2,7.5399,5.3381,0.005,0.025
ViT-L-14__block24,800_900,1,2,7.5344,5.37,0.005,0.02
ViT-L-14__block24,800_900,2,2,7.5421,5.396,0.005,0.035
ViT-L-14__block24,800_900,3,2,7.5408,5.3566,0.01,0.02
ViT-L-14__block24,800_900,4,2,7.5569,5.365,0.01,0.04
ViT-L-14__block24,900_1000,0,2,7.5465,5.3564,0.005,0.04
ViT-L-14__block24,900_1000,1,2,7.527,5.3323,0.005,0.02
ViT-L-14__block24,900_1000,2,3,7.5342,5.3972,0.005,0.02
ViT-L-14__block24,900_1000,3,2,7.5438,5.3661,0.005,0.01
ViT-L-14__block24,900_1000,4,2,7.5685,5.3749,0.005,0.03
ViT-L-14__block24__fov,0_100,0,12,7.4241,5.0517,0.025,0.08
ViT-L-14__block24__fov,0_100,1,10,7.3992,5.1154,0.0,0.055
ViT-L-14__block24__fov,0_100,2,11,7.3944,5.0795,0.02,0.085
ViT-L-14__block24__fov,0_100,3,11,7.3857,5.0944,0.02,0.075
ViT-L-14__block24__fov,0_100,4,10,7.3807,5.1014,0.01,0.08
ViT-L-14__block24__fov,100_200,0,19,7.0225,4.1917,0.105,0.325
ViT-L-14__block24__fov,100_200,1,16,7.0095,4.2419,0.1,0.295
ViT-L-14__block24__fov,100_200,2,18,7.0097,4.2218,0.105,0.305
ViT-L-14__block24__fov,100_200,3,17,7.037,4.2016,0.105,0.315
ViT-L-14__block24__fov,100_200,4,17,7.0187,4.2236,0.125,0.31
ViT-L-14__block24__fov,200_300,0,16,7.0512,4.1981,0.1,0.29
ViT-L-14__block24__fov,200_300,1,17,7.038,4.2036,0.075,0.285
ViT-L-14__block24__fov,200_300,2,18,7.0302,4.2375,0.065,0.25
ViT-L-14__block24__fov,200_300,3,17,7.045,4.1923,0.06,0.27
ViT-L-14__block24__fov,200_300,4,18,7.0176,4.2084,0.075,0.285
ViT-L-14__block24__fov,300_400,0,13,7.2798,4.5408,0.065,0.175
ViT-L-14__block24__fov,300_400,1,11,7.2963,4.5696,0.06,0.18
ViT-L-14__block24__fov,300_400,2,14,7.2636,4.4927,0.065,0.185
ViT-L-14__block24__fov,300_400,3,11,7.3304,4.5622,0.065,0.18
ViT-L-14__block24__fov,300_400,4,12,7.291,4.5786,0.055,0.19
ViT-L-14__block24__fov,400_500,0,7,7.4998,5.2138,0.005,0.06
ViT-L-14__block24__fov,400_500,1,7,7.4853,5.2274,0.01,0.06
ViT-L-14__block24__fov,400_500,2,7,7.5035,5.2581,0.005,0.045
ViT-L-14__block24__fov,400_500,3,7,7.5067,5.2232,0.015,0.065
ViT-L-14__block24__fov,400_500,4,4,7.5059,5.3231,0.01,0.03
ViT-L-14__block24__fov,500_600,0,3,7.5248,5.3299,0.01,0.035
ViT-L-14__block24__fov,500_600,1,3,7.5372,5.3328,0.015,0.045
ViT-L-14__block24__fov,500_600,2,4,7.529,5.3049,0.01,0.04
ViT-L-14__block24__fov,500_600,3,3,7.5301,5.3263,0.005,0.035
ViT-L-14__block24__fov,500_600,4,3,7.5421,5.3105,0.01,0.035
ViT-L-14__block24__fov,600_700,0,3,7.5266,5.3563,0.0,0.03
ViT-L-14__block24__fov,600_700,1,3,7.5306,5.3455,0.0,0.03
ViT-L-14__block24__fov,600_700,2,3,7.5451,5.3591,0.005,0.03
ViT-L-14__block24__fov,600_700,3,2,7.5117,5.3456,0.0,0.015
ViT-L-14__block24__fov,600_700,4,2,7.533,5.3676,0.005,0.03
ViT-L-14__block24__fov,700_800,0,3,7.5395,5.3939,0.005,0.035
ViT-L-14__block24__fov,700_800,1,3,7.5411,5.3648,0.005,0.04
ViT-L-14__block24__fov,700_800,2,3,7.5523,5.3795,0.01,0.025
ViT-L-14__block24__fov,700_800,3,2,7.5336,5.3596,0.0,0.035
ViT-L-14__block24__fov,700_800,4,3,7.5224,5.3607,0.005,0.03
ViT-L-14__block24__fov,800_900,0,3,7.5409,5.3823,0.005,0.03
ViT-L-14__block24__fov,800_900,1,3,7.5415,5.3815,0.0,0.03
ViT-L-14__block24__fov,800_900,2,2,7.5666,5.3648,0.01,0.025
ViT-L-14__block24__fov,800_900,3,2,7.5234,5.3791,0.005,0.015
ViT-L-14__block24__fov,800_900,4,2,7.5287,5.3924,0.005,0.02
ViT-L-14__block24__fov,900_1000,0,2,7.5397,5.3764,0.01,0.03
ViT-L-14__block24__fov,900_1000,1,3,7.5442,5.3502,0.0,0.04
ViT-L-14__block24__fov,900_1000,2,3,7.5687,5.3853,0.0,0.02
ViT-L-14__block24__fov,900_1000,3,2,7.5247,5.3648,0.01,0.025
ViT-L-14__block24__fov,900_1000,4,2,7.5403,5.3842,0.005,0.03
ViT-L-14__block4,0_100,0,13,6.9572,4.019,0.075,0.295
ViT-L-14__block4,0_100,1,16,6.9758,3.9578,0.1,0.27
ViT-L-14__block4,0_100,2,19,6.9745,3.9011,0.075,0.3
ViT-L-14__block4,0_100,3,17,6.987,3.922,0.08,0.285
ViT-L-14__block4,0_100,4,15,6.9735,3.9966,0.1,0.27
ViT-L-14__block4,100_200,0,25,6.3717,2.9786,0.245,0.55
ViT-L-14__block4,100_200,1,27,6.3446,2.9718,0.24,0.58
ViT-L-14__block4,100_200,2,29,6.3605,2.9646,0.245,0.55
ViT-L-14__block4,100_200,3,26,6.3901,2.9816,0.235,0.57
ViT-L-14__block4,100_200,4,26,6.3929,3.005,0.235,0.555
ViT-L-14__block4,200_300,0,24,6.7068,3.5007,0.165,0.4
ViT-L-14__block4,200_300,1,22,6.7067,3.506,0.155,0.42
ViT-L-14__block4,200_300,2,19,6.7097,3.5396,0.155,0.395
ViT-L-14__block4,200_300,3,18,6.7325,3.5584,0.15,0.4
ViT-L-14__block4,200_300,4,22,6.6774,3.5414,0.15,0.4
ViT-L-14__block4,300_400,0,12,7.2677,4.5563,0.065,0.195
ViT-L-14__block4,300_400,1,8,7.304,4.6981,0.05,0.16
ViT-L-14__block4,300_400,2,7,7.3215,4.7713,0.055,0.145
ViT-L-14__block4,300_400,3,10,7.3383,4.6655,0.065,0.145
ViT-L-14__block4,300_400,4,8,7.3146,4.6926,0.055,0.145
ViT-L-14__block4,400_500,0,3,7.4505,5.229,0.015,0.055
ViT-L-14__block4,400_500,1,2,7.4534,5.2574,0.005,0.025
ViT-L-14__block4,400_500,2,3,7.4316,5.255,0.015,0.05
ViT-L-14__block4,400_500,3,3,7.4529,5.2305,0.01,0.04
ViT-L-14__block4,400_500,4,3,7.4471,5.2435,0.015,0.05
ViT-L-14__block4,500_600,0,3,7.4619,5.2446,0.01,0.06
ViT-L-14__block4,500_600,1,2,7.4641,5.2765,0.015,0.04
ViT-L-14__block4,500_600,2,2,7.4489,5.2775,0.005,0.02
ViT-L-14__block4,500_600,3,3,7.4645,5.2689,0.01,0.035
ViT-L-14__block4,500_600,4,3,7.455,5.2559,0.015,0.045
ViT-L-14__block4,600_700,0,3,7.4616,5.2776,0.01,0.035
ViT-L-14__block4,600_700,1,2,7.4738,5.2856,0.0,0.03
ViT-L-14__block4,600_700,2,2,7.4475,5.2947,0.015,0.035
ViT-L-14__block4,600_700,3,3,7.4585,5.2957,0.01,0.03
ViT-L-14__block4,600_700,4,2,7.4768,5.2964,0.005,0.035
ViT-L-14__block4,700_800,0,2,7.4741,5.2977,0.02,0.05
ViT-L-14__block4,700_800,1,2,7.4681,5.3057,0.005,0.02
ViT-L-14__block4,700_800,2,2,7.4573,5.3026,0.01,0.02
ViT-L-14__block4,700_800,3,3,7.4799,5.3069,0.01,0.02
ViT-L-14__block4,700_800,4,2,7.4721,5.3066,0.01,0.025
ViT-L-14__block4,800_900,0,2,7.4699,5.3103,0.015,0.04
ViT-L-14__block4,800_900,1,2,7.4627,5.31,0.005,0.025
ViT-L-14__block4,800_900,2,2,7.4552,5.3164,0.01,0.035
ViT-L-14__block4,800_900,3,2,7.4847,5.2977,0.01,0.03
ViT-L-14__block4,800_900,4,3,7.4745,5.3138,0.005,0.01
ViT-L-14__block4,900_1000,0,2,7.4669,5.3056,0.005,0.05
ViT-L-14__block4,900_1000,1,2,7.4675,5.3158,0.0,0.045
ViT-L-14__block4,900_1000,2,2,7.4544,5.3214,0.005,0.02
ViT-L-14__block4,900_1000,3,2,7.4764,5.3094,0.01,0.025
ViT-L-14__block4,900_1000,4,2,7.4668,5.3241,0.01,0.015
ViT-L-14__block4__fov,0_100,0,17,6.9325,3.887,0.075,0.34
ViT-L-14__block4__fov,0_100,1,16,6.9505,3.932,0.1,0.285
ViT-L-14__block4__fov,0_100,2,19,6.9564,3.8471,0.095,0.315
ViT-L-14__block4__fov,0_100,3,17,6.9667,3.8997,0.08,0.275
ViT-L-14__block4__fov,0_100,4,24,6.9438,3.7745,0.12,0.35
ViT-L-14__block4__fov,100_200,0,22,6.3437,2.9343,0.27,0.58
ViT-L-14__block4__fov,100_200,1,28,6.3095,2.9054,0.24,0.59
ViT-L-14__block4__fov,100_200,2,29,6.3332,2.8925,0.255,0.575
ViT-L-14__block4__fov,100_200,3,26,6.3559,2.9156,0.26,0.56
ViT-L-14__block4__fov,100_200,4,27,6.3554,2.9165,0.27,0.575
ViT-L-14__block4__fov,200_300,0,24,6.6881,3.4672,0.18,0.42
ViT-L-14__block4__fov,200_300,1,21,6.6734,3.4955,0.155,0.43
ViT-L-14__block4__fov,200_300,2,18,6.6848,3.5454,0.15,0.41
ViT-L-14__block4__fov,200_300,3,18,6.7126,3.5215,0.145,0.415
ViT-L-14__block4__fov,200_300,4,22,6.6705,3.4869,0.17,0.415
ViT-L-14__block4__fov,300_400,0,12,7.2627,4.5838,0.06,0.21
ViT-L-14__block4__fov,300_400,1,8,7.3028,4.7133,0.035,0.17
ViT-L-14__block4__fov,300_400,2,7,7.3274,4.7485,0.06,0.155
ViT-L-14__block4__fov,300_400,3,10,7.3326,4.6455,0.065,0.155
ViT-L-14__block4__fov,300_400,4,8,7.315,4.6988,0.055,0.17
ViT-L-14__block4__fov,400_500,0,3,7.4455,5.2397,0.005,0.035
ViT-L-14__block4__fov,400_500,1,2,7.447,5.2709,0.005,0.045
ViT-L-14__block4__fov,400_500,2,3,7.429,5.2554,0.0,0.035
ViT-L-14__block4__fov,400_500,3,3,7.4584,5.235,0.01,0.035
ViT-L-14__block4__fov,400_500,4,3,7.4546,5.2391,0.015,0.065
ViT-L-14__block4__fov,500_600,0,3,7.4482,5.2636,0.01,0.03
ViT-L-14__block4__fov,500_600,1,2,7.4636,5.2901,0.02,0.035
ViT-L-14__block4__fov,500_600,2,3,7.4492,5.2605,0.005,0.045
ViT-L-14__block4__fov,500_600,3,3,7.4673,5.2682,0.005,0.035
ViT-L-14__block4__fov,500_600,4,3,7.4612,5.2566,0.005,0.05
ViT-L-14__block4__fov,600_700,0,3,7.4542,5.2924,0.005,0.035
ViT-L-14__block4__fov,600_700,1,2,7.4624,5.2967,0.01,0.05
ViT-L-14__block4__fov,600_700,2,2,7.4455,5.2921,0.0,0.03
ViT-L-14__block4__fov,600_700,3,3,7.4643,5.2947,0.01,0.035
ViT-L-14__block4__fov,600_700,4,2,7.4705,5.2998,0.005,0.03
ViT-L-14__block4__fov,700_800,0,2,7.4712,5.303,0.0,0.03
ViT-L-14__block4__fov,700_800,1,2,7.4556,5.3125,0.005,0.03
ViT-L-14__block4__fov,700_800,2,2,7.4521,5.3034,0.0,0.01
ViT-L-14__block4__fov,700_800,3,3,7.4877,5.3015,0.01,0.045
ViT-L-14__block4__fov,700_800,4,3,7.4701,5.3099,0.005,0.025
ViT-L-14__block4__fov,800_900,0,2,7.4633,5.31,0.005,0.025
ViT-L-14__block4__fov,800_900,1,2,7.4547,5.322,0.01,0.02
ViT-L-14__block4__fov,800_900,2,2,7.4584,5.3166,0.0,0.02
ViT-L-14__block4__fov,800_900,3,2,7.4881,5.2951,0.0,0.015
ViT-L-14__block4__fov,800_900,4,2,7.4729,5.3167,0.005,0.03
ViT-L-14__block4__fov,900_1000,0,2,7.4669,5.3055,0.005,0.03
ViT-L-14__block4__fov,900_1000,1,2,7.4606,5.3227,0.01,0.03
ViT-L-14__block4__fov,900_1000,2,2,7.4498,5.3212,0.01,0.015
ViT-L-14__block4__fov,900_1000,3,2,7.4771,5.3076,0.005,0.04
ViT-L-14__block4__fov,900_1000,4,2,7.4628,5.3145,0.0,0.02
ViT-L-14__block8,0_100,0,13,7.0454,4.157,0.05,0.24
ViT-L-14__block8,0_100,1,13,7.0448,4.1864,0.055,0.22
ViT-L-14__block8,0_100,2,14,7.0515,4.1921,0.08,0.225
ViT-L-14__block8,0_100,3,15,7.0557,4.124,0.075,0.275
ViT-L-14__block8,0_100,4,13,7.0529,4.1823,0.07,0.25
ViT-L-14__block8,100_200,0,23,6.3713,2.8136,0.305,0.65
ViT-L-14__block8,100_200,1,25,6.3194,2.8439,0.325,0.615
ViT-L-14__block8,100_200,2,23,6.3654,2.8829,0.33,0.635
ViT-L-14__block8,100_200,3,23,6.3788,2.8609,0.34,0.63
ViT-L-14__block8,100_200,4,22,6.354,2.878,0.31,0.62
ViT-L-14__block8,200_300,0,22,6.6259,3.3016,0.135,0.475
ViT-L-14__block8,200_300,1,20,6.624,3.3366,0.165,0.45
ViT-L-14__block8,200_300,2,21,6.6487,3.3498,0.14,0.445
ViT-L-14__block8,200_300,3,18,6.6787,3.3166,0.17,0.475
ViT-L-14__block8,200_300,4,22,6.6348,3.2853,0.155,0.475
ViT-L-14__block8,300_400,0,12,7.2414,4.3777,0.08,0.22
ViT-L-14__block8,300_400,1,10,7.2577,4.5256,0.04,0.195
ViT-L-14__block8,300_400,2,11,7.2502,4.4539,0.085,0.19
ViT-L-14__block8,300_400,3,11,7.3014,4.4072,0.075,0.225
ViT-L-14__block8,300_400,4,13,7.2648,4.3901,0.09,0.215
ViT-L-14__block8,400_500,0,3,7.4679,5.2414,0.01,0.04
ViT-L-14__block8,400_500,1,3,7.4692,5.22,0.005,0.045
ViT-L-14__block8,400_500,2,3,7.4547,5.2588,0.01,0.025
ViT-L-14__block8,400_500,3,3,7.488,5.2013,0.015,0.045
ViT-L-14__block8,400_500,4,4,7.4561,5.2115,0.005,0.055
ViT-L-14__block8,500_600,0,3,7.4956,5.2645,0.005,0.05
ViT-L-14__block8,500_600,1,2,7.4773,5.2583,0.0,0.03
ViT-L-14__block8,500_600,2,3,7.4813,5.2775,0.005,0.035
ViT-L-14__block8,500_600,3,2,7.5018,5.281,0.005,0.03
ViT-L-14__block8,500_600,4,3,7.4686,5.2502,0.015,0.035
ViT-L-14__block8,600_700,0,2,7.4801,5.303,0.0,0.03
ViT-L-14__block8,600_700,1,2,7.4851,5.2867,0.0,0.025
ViT-L-14__block8,600_700,2,3,7.4818,5.3013,0.005,0.015
ViT-L-14__block8,600_700,3,2,7.5002,5.3002,0.01,0.035
ViT-L-14__block8,600_700,4,2,7.4965,5.2951,0.01,0.035
ViT-L-14__block8,700_800,0,2,7.513,5.3197,0.0,0.025
ViT-L-14__block8,700_800,1,2,7.4901,5.2968,0.0,0.015
ViT-L-14__block8,700_800,2,3,7.4885,5.3187,0.0,0.02
ViT-L-14__block8,700_800,3,2,7.5091,5.3008,0.02,0.035
ViT-L-14__block8,700_800,4,3,7.4987,5.298,0.01,0.04
ViT-L-14__block8,800_900,0,2,7.4971,5.3193,0.0,0.01
ViT-L-14__block8,800_900,1,2,7.4703,5.3179,0.0,0.015
ViT-L-14__block8,800_900,2,2,7.4865,5.3228,0.0,0.025
ViT-L-14__block8,800_900,3,2,7.4936,5.318,0.005,0.015
ViT-L-14__block8,800_900,4,3,7.4946,5.3106,0.0,0.02
ViT-L-14__block8,900_1000,0,2,7.4946,5.3361,0.01,0.03
ViT-L-14__block8,900_1000,1,2,7.4891,5.3238,0.005,0.02
ViT-L-14__block8,900_1000,2,2,7.4834,5.3362,0.005,0.02
ViT-L-14__block8,900_1000,3,2,7.4955,5.3218,0.005,0.025
ViT-L-14__block8,900_1000,4,2,7.4925,5.3182,0.0,0.02
ViT-L-14__block8__fov,0_100,0,14,7.0317,4.0894,0.065,0.26
ViT-L-14__block8__fov,0_100,1,15,7.027,4.098,0.095,0.27
ViT-L-14__block8__fov,0_100,2,14,7.0558,4.0812,0.065,0.235
ViT-L-14__block8__fov,0_100,3,15,7.052,4.1001,0.07,0.235
ViT-L-14__block8__fov,0_100,4,17,7.0216,4.0652,0.065,0.27
ViT-L-14__block8__fov,100_200,0,22,6.3147,2.7973,0.31,0.62
ViT-L-14__block8__fov,100_200,1,26,6.2821,2.7773,0.355,0.645
ViT-L-14__block8__fov,100_200,2,23,6.3513,2.8211,0.315,0.63
ViT-L-14__block8__fov,100_200,3,25,6.3408,2.754,0.31,0.63
ViT-L-14__block8__fov,100_200,4,22,6.3198,2.8331,0.315,0.64
ViT-L-14__block8__fov,200_300,0,22,6.648,3.283,0.15,0.455
ViT-L-14__block8__fov,200_300,1,20,6.6094,3.2631,0.21,0.475
ViT-L-14__block8__fov,200_300,2,21,6.6356,3.2713,0.175,0.495
ViT-L-14__block8__fov,200_300,3,18,6.6685,3.2959,0.205,0.48
ViT-L-14__block8__fov,200_300,4,17,6.6215,3.3189,0.145,0.485
ViT-L-14__block8__fov,300_400,0,13,7.2366,4.3317,0.075,0.27
ViT-L-14__block8__fov,300_400,1,10,7.2394,4.4862,0.05,0.19
ViT-L-14__block8__fov,300_400,2,11,7.2479,4.412,0.07,0.22
ViT-L-14__block8__fov,300_400,3,11,7.2993,4.3657,0.095,0.235
ViT-L-14__block8__fov,300_400,4,11,7.2471,4.347,0.09,0.25
ViT-L-14__block8__fov,400_500,0,3,7.4657,5.2253,0.005,0.06
ViT-L-14__block8__fov,400_500,1,3,7.4492,5.2455,0.005,0.02
ViT-L-14__block8__fov,400_500,2,3,7.4489,5.2485,0.015,0.04
ViT-L-14__block8__fov,400_500,3,3,7.4747,5.2028,0.015,0.055
ViT-L-14__block8__fov,400_500,4,4,7.4411,5.1817,0.005,0.05
ViT-L-14__block8__fov,500_600,0,3,7.4915,5.2285,0.01,0.04
ViT-L-14__block8__fov,500_600,1,2,7.454,5.293,0.005,0.045
ViT-L-14__block8__fov,500_600,2,3,7.4734,5.2841,0.01,0.035
ViT-L-14__block8__fov,500_600,3,2,7.4926,5.2634,0.0,0.035
ViT-L-14__block8__fov,500_600,4,3,7.4687,5.2265,0.015,0.04
ViT-L-14__block8__fov,600_700,0,2,7.4921,5.271,0.0,0.02
ViT-L-14__block8__fov,600_700,1,2,7.4673,5.3129,0.01,0.03
ViT-L-14__block8__fov,600_700,2,3,7.4703,5.2884,0.01,0.015
ViT-L-14__block8__fov,600_700,3,2,7.4802,5.295,0.01,0.045
ViT-L-14__block8__fov,600_700,4,2,7.4814,5.2907,0.015,0.035
ViT-L-14__block8__fov,700_800,0,2,7.5102,5.2852,0.005,0.03
ViT-L-14__block8__fov,700_800,1,2,7.4741,5.3326,0.005,0.02
ViT-L-14__block8__fov,700_800,2,3,7.4825,5.3253,0.0,0.02
ViT-L-14__block8__fov,700_800,3,2,7.4923,5.3101,0.0,0.025
ViT-L-14__block8__fov,700_800,4,2,7.4851,5.2887,0.01,0.04
ViT-L-14__block8__fov,800_900,0,2,7.4978,5.2924,0.005,0.04
ViT-L-14__block8__fov,800_900,1,2,7.4557,5.3395,0.005,0.02
ViT-L-14__block8__fov,800_900,2,2,7.4829,5.3331,0.005,0.015
ViT-L-14__block8__fov,800_900,3,2,7.4843,5.3154,0.0,0.02
ViT-L-14__block8__fov,800_900,4,2,7.4867,5.3051,0.005,0.03
ViT-L-14__block8__fov,900_1000,0,2,7.4949,5.3123,0.005,0.05
ViT-L-14__block8__fov,900_1000,1,2,7.4742,5.3328,0.0,0.04
ViT-L-14__block8__fov,900_1000,2,2,7.494,5.3331,0.0,0.0
ViT-L-14__block8__fov,900_1000,3,2,7.4894,5.3193,0.005,0.04
ViT-L-14__block8__fov,900_1000,4,2,7.485,5.3103,0.005,0.025
