target,window,seed,best_epoch,val_loss,test_loss,top1,top5
RN50__attnpool,0_100,0,11,7.2729,4.8205,0.025,0.14
RN50__attnpool,0_100,1,12,7.2766,4.8242,0.045,0.14
RN50__attnpool,0_100,2,11,7.2656,4.8284,0.04,0.14
RN50__attnpool,0_100,3,11,7.28,4.8653,0.025,0.1
RN50__attnpool,0_100,4,10,7.3088,4.8348,0.03,0.165
RN50__attnpool,100_200,0,21,6.6875,3.6665,0.15,0.37
RN50__attnpool,100_200,1,19,6.6723,3.7135,0.155,0.42
RN50__attnpool,100_200,2,19,6.712,3.6572,0.155,0.415
RN50__attnpool,100_200,3,18,6.7337,3.6735,0.13,0.44
RN50__attnpool,100_200,4,21,6.6653,3.6414,0.165,0.41
RN50__attnpool,200_300,0,17,6.8018,3.7458,0.12,0.405
RN50__attnpool,200_300,1,17,6.735,3.7573,0.17,0.39
RN50__attnpool,200_300,2,18,6.7304,3.7626,0.15,0.37
RN50__attnpool,200_300,3,18,6.7837,3.7733,0.125,0.395
RN50__attnpool,200_300,4,19,6.8131,3.7262,0.145,0.38
RN50__attnpool,300_400,0,12,7.1421,4.2014,0.075,0.255
RN50__attnpool,300_400,1,12,7.0789,4.2337,0.05,0.215
RN50__attnpool,300_400,2,12,7.1126,4.2291,0.07,0.245
RN50__attnpool,300_400,3,13,7.0978,4.2247,0.065,0.255
RN50__attnpool,300_400,4,13,7.0919,4.2458,0.075,0.255
RN50__attnpool,400_500,0,9,7.3982,4.8924,0.015,0.125
RN50__attnpool,400_500,1,10,7.3765,4.8861,0.015,0.105
RN50__attnpool,400_500,2,9,7.3621,4.8747,0.025,0.085
RN50__attnpool,400_500,3,11,7.339,4.851,0.02,0.105
RN50__attnpool,400_500,4,10,7.3636,4.885,0.03,0.11
RN50__attnpool,500_600,0,3,7.4665,5.2615,0.005,0.055
RN50__attnpool,500_600,1,3,7.4869,5.2479,0.0,0.03
RN50__attnpool,500_600,2,3,7.4659,5.209,0.01,0.045
RN50__attnpool,500_600,3,2,7.4665,5.2594,0.01,0.04
RN50__attnpool,500_600,4,3,7.5061,5.2353,0.02,0.06
RN50__attnpool,600_700,0,2,7.4936,5.3079,0.0,0.015
RN50__attnpool,600_700,1,2,7.5135,5.2885,0.01,0.045
RN50__attnpool,600_700,2,2,7.4792,5.2445,0.005,0.035
RN50__attnpool,600_700,3,2,7.4818,5.2534,0.01,0.04
RN50__attnpool,600_700,4,2,7.5021,5.2837,0.0,0.025
RN50__attnpool,700_800,0,2,7.5,5.3212,0.0,0.03
RN50__attnpool,700_800,1,2,7.5177,5.3109,0.005,0.035
RN50__attnpool,700_800,2,2,7.4961,5.3054,0.005,0.005
RN50__attnpool,700_800,3,2,7.5028,5.305,0.005,0.015
RN50__attnpool,700_800,4,2,7.5073,5.2922,0.005,0.015
RN50__attnpool,800_900,0,2,7.5038,5.3221,0.005,0.01
RN50__attnpool,800_900,1,2,7.5037,5.3445,0.005,0.03
RN50__attnpool,800_900,2,2,7.5031,5.3153,0.01,0.035
RN50__attnpool,800_900,3,2,7.5127,5.3236,0.005,0.035
RN50__attnpool,800_900,4,2,7.5062,5.3182,0.005,0.015
RN50__attnpool,900_1000,0,2,7.5108,5.3364,0.005,0.015
RN50__attnpool,900_1000,1,2,7.5119,5.3186,0.005,0.025
RN50__attnpool,900_1000,2,2,7.5141,5.3094,0.005,0.015
RN50__attnpool,900_1000,3,2,7.5106,5.3156,0.005,0.04
RN50__attnpool,900_1000,4,2,7.5077,5.3418,0.01,0.03
RN50__attnpool__fov,0_100,0,10,7.2713,4.8046,0.035,0.16
RN50__attnpool__fov,0_100,1,11,7.2765,4.8544,0.045,0.13
RN50__attnpool__fov,0_100,2,11,7.2511,4.8259,0.045,0.125
RN50__attnpool__fov,0_100,3,13,7.276,4.8459,0.03,0.125
RN50__attnpool__fov,0_100,4,10,7.2942,4.784,0.02,0.135
RN50__attnpool__fov,100_200,0,21,6.6642,3.6328,0.205,0.435
RN50__attnpool__fov,100_200,1,19,6.6251,3.6573,0.185,0.44
RN50__attnpool__fov,100_200,2,19,6.7314,3.6502,0.18,0.42
RN50__attnpool__fov,100_200,3,17,6.7123,3.6607,0.18,0.46
RN50__attnpool__fov,100_200,4,20,6.6613,3.665,0.18,0.42
RN50__attnpool__fov,200_300,0,18,6.7829,3.7281,0.15,0.42
RN50__attnpool__fov,200_300,1,17,6.7508,3.7624,0.14,0.38
RN50__attnpool__fov,200_300,2,18,6.7382,3.7118,0.145,0.42
RN50__attnpool__fov,200_300,3,20,6.7957,3.6861,0.16,0.415
RN50__attnpool__fov,200_300,4,17,6.8216,3.7117,0.17,0.4
RN50__attnpool__fov,300_400,0,12,7.1112,4.2205,0.085,0.265
RN50__attnpool__fov,300_400,1,12,7.0531,4.1904,0.09,0.27
RN50__attnpool__fov,300_400,2,12,7.1,4.2269,0.07,0.22
RN50__attnpool__fov,300_400,3,11,7.09,4.2363,0.09,0.245
RN50__attnpool__fov,300_400,4,11,7.0949,4.2368,0.095,0.255
RN50__attnpool__fov,400_500,0,9,7.3565,4.8903,0.015,0.095
RN50__attnpool__fov,400_500,1,10,7.3722,4.8938,0.03,0.085
RN50__attnpool__fov,400_500,2,9,7.3605,4.9024,0.025,0.085
RN50__attnpool__fov,400_500,3,11,7.3474,4.9067,0.015,0.085
RN50__attnpool__fov,400_500,4,10,7.3468,4.8727,0.02,0.1
RN50__attnpool__fov,500_600,0,3,7.4741,5.247,0.0,0.04
RN50__attnpool__fov,500_600,1,3,7.4872,5.2305,0.01,0.035
RN50__attnpool__fov,500_600,2,3,7.4743,5.2399,0.0,0.025
RN50__attnpool__fov,500_600,3,3,7.4761,5.2383,0.01,0.05
RN50__attnpool__fov,500_600,4,3,7.469,5.2249,0.01,0.06
RN50__attnpool__fov,600_700,0,3,7.4718,5.2518,0.005,0.03
RN50__attnpool__fov,600_700,1,2,7.5001,5.2839,0.01,0.025
RN50__attnpool__fov,600_700,2,2,7.4798,5.2894,0.015,0.03
RN50__attnpool__fov,600_700,3,2,7.5037,5.2746,0.015,0.04
RN50__attnpool__fov,600_700,4,2,7.4878,5.2652,0.005,0.02
RN50__attnpool__fov,700_800,0,2,7.4874,5.2903,0.005,0.03
RN50__attnpool__fov,700_800,1,2,7.4904,5.3092,0.005,0.02
RN50__attnpool__fov,700_800,2,2,7.5028,5.3068,0.005,0.015
RN50__attnpool__fov,700_800,3,2,7.5039,5.3031,0.01,0.02
RN50__attnpool__fov,700_800,4,2,7.4906,5.3055,0.01,0.035
RN50__attnpool__fov,800_900,0,2,7.4968,5.3133,0.005,0.025
RN50__attnpool__fov,800_900,1,2,7.4944,5.3291,0.0,0.025
RN50__attnpool__fov,800_900,2,2,7.5048,5.3269,0.005,0.04
RN50__attnpool__fov,800_900,3,2,7.5071,5.3258,0.005,0.04
RN50__attnpool__fov,800_900,4,2,7.508,5.3186,0.005,0.02
RN50__attnpool__fov,900_1000,0,2,7.5107,5.3138,0.0,0.035
RN50__attnpool__fov,900_1000,1,2,7.51,5.3396,0.01,0.015
RN50__attnpool__fov,900_1000,2,2,7.4923,5.3244,0.005,0.03
RN50__attnpool__fov,900_1000,3,2,7.498,5.2975,0.005,0.025
RN50__attnpool__fov,900_1000,4,2,7.5064,5.312,0.0,0.02
RN50__layer1,0_100,0,13,7.0315,4.3551,0.055,0.235
RN50__layer1,0_100,1,16,7.0016,4.3078,0.065,0.21
RN50__layer1,0_100,2,16,6.9864,4.3121,0.065,0.22
RN50__layer1,0_100,3,17,7.0065,4.3612,0.05,0.195
RN50__layer1,0_100,4,16,7.0182,4.2678,0.07,0.23
RN50__layer1,100_200,0,24,6.4677,3.3471,0.175,0.52
RN50__layer1,100_200,1,22,6.4715,3.3505,0.17,0.535
RN50__layer1,100_200,2,23,6.5194,3.3237,0.165,0.52
RN50__layer1,100_200,3,29,6.5374,3.3237,0.16,0.495
RN50__layer1,100_200,4,25,6.4572,3.3154,0.18,0.51
RN50__layer1,200_300,0,17,6.7836,3.8631,0.09,0.31
RN50__layer1,200_300,1,18,6.7998,3.8256,0.105,0.325
RN50__layer1,200_300,2,20,6.7301,3.801,0.09,0.325
RN50__layer1,200_300,3,18,6.8288,3.8565,0.085,0.285
RN50__layer1,200_300,4,18,6.8157,3.819,0.1,0.345
RN50__layer1,300_400,0,9,7.2201,4.5769,0.065,0.195
RN50__layer1,300_400,1,9,7.2232,4.5536,0.08,0.18
RN50__layer1,300_400,2,10,7.2222,4.5737,0.07,0.2
RN50__layer1,300_400,3,10,7.2221,4.565,0.045,0.185
RN50__layer1,300_400,4,12,7.2015,4.5972,0.055,0.165
RN50__layer1,400_500,0,4,7.3866,5.1513,0.02,0.075
RN50__layer1,400_500,1,4,7.4368,5.1562,0.02,0.07
RN50__layer1,400_500,2,4,7.4018,5.1678,0.01,0.06
RN50__layer1,400_500,3,5,7.4063,5.1545,0.015,0.05
RN50__layer1,400_500,4,4,7.4079,5.161,0.03,0.095
RN50__layer1,500_600,0,4,7.425,5.239,0.01,0.045
RN50__layer1,500_600,1,3,7.4754,5.2439,0.0,0.03
RN50__layer1,500_600,2,3,7.4719,5.2555,0.005,0.065
RN50__layer1,500_600,3,4,7.4513,5.2592,0.005,0.025
RN50__layer1,500_600,4,3,7.462,5.2799,0.0,0.025
RN50__layer1,600_700,0,4,7.4599,5.2715,0.005,0.055
RN50__layer1,600_700,1,4,7.4775,5.2732,0.005,0.05
RN50__layer1,600_700,2,3,7.4767,5.2774,0.0,0.05
RN50__layer1,600_700,3,4,7.4661,5.2866,0.005,0.025
RN50__layer1,600_700,4,3,7.4751,5.2833,0.015,0.025
RN50__layer1,700_800,0,4,7.4653,5.3001,0.01,0.04
RN50__layer1,700_800,1,3,7.4728,5.3009,0.005,0.03
RN50__layer1,700_800,2,3,7.4875,5.3062,0.005,0.03
RN50__layer1,700_800,3,4,7.4725,5.3177,0.005,0.015
RN50__layer1,700_800,4,3,7.4792,5.3227,0.0,0.025
RN50__layer1,800_900,0,3,7.4794,5.3022,0.0,0.02
RN50__layer1,800_900,1,3,7.4904,5.3111,0.01,0.045
RN50__layer1,800_900,2,4,7.4759,5.3108,0.0,0.01
RN50__layer1,800_900,3,4,7.4757,5.31,0.01,0.03
RN50__layer1,800_900,4,3,7.4634,5.3201,0.015,0.035
RN50__layer1,900_1000,0,3,7.4833,5.3038,0.005,0.03
RN50__layer1,900_1000,1,3,7.4676,5.3103,0.005,0.015
RN50__layer1,900_1000,2,3,7.493,5.3035,0.01,0.015
RN50__layer1,900_1000,3,3,7.4945,5.3094,0.0,0.04
RN50__layer1,900_1000,4,3,7.4656,5.318,0.0,0.045
RN50__layer1__fov,0_100,0,13,6.9938,4.3189,0.04,0.22
RN50__layer1__fov,0_100,1,16,6.9733,4.2541,0.05,0.245
RN50__layer1__fov,0_100,2,21,6.9482,4.2201,0.065,0.255
RN50__layer1__fov,0_100,3,17,6.9708,4.2852,0.055,0.235
RN50__layer1__fov,0_100,4,17,6.972,4.1767,0.07,0.25
RN50__layer1__fov,100_200,0,24,6.429,3.2472,0.175,0.545
RN50__layer1__fov,100_200,1,24,6.426,3.2713,0.175,0.515
RN50__layer1__fov,100_200,2,23,6.5005,3.2358,0.16,0.54
RN50__layer1__fov,100_200,3,29,6.5132,3.2612,0.17,0.495
RN50__layer1__fov,100_200,4,25,6.4242,3.2157,0.185,0.535
RN50__layer1__fov,200_300,0,17,6.764,3.7739,0.085,0.355
RN50__layer1__fov,200_300,1,18,6.7863,3.7714,0.085,0.315
RN50__layer1__fov,200_300,2,21,6.7293,3.6935,0.085,0.375
RN50__layer1__fov,200_300,3,20,6.8127,3.7585,0.085,0.345
RN50__layer1__fov,200_300,4,17,6.7869,3.7594,0.115,0.365
RN50__layer1__fov,300_400,0,9,7.212,4.5633,0.065,0.185
RN50__layer1__fov,300_400,1,9,7.2197,4.6147,0.065,0.2
RN50__layer1__fov,300_400,2,10,7.2208,4.5935,0.06,0.185
RN50__layer1__fov,300_400,3,10,7.2141,4.5687,0.04,0.185
RN50__layer1__fov,300_400,4,10,7.2047,4.5593,0.06,0.21
RN50__layer1__fov,400_500,0,4,7.3834,5.1563,0.035,0.085
RN50__layer1__fov,400_500,1,4,7.4293,5.1834,0.005,0.055
RN50__layer1__fov,400_500,2,4,7.4146,5.1681,0.015,0.07
RN50__layer1__fov,400_500,3,4,7.399,5.1758,0.01,0.05
RN50__layer1__fov,400_500,4,5,7.3881,5.1335,0.025,0.07
RN50__layer1__fov,500_600,0,4,7.4406,5.2609,0.005,0.055
RN50__layer1__fov,500_600,1,3,7.4744,5.2691,0.005,0.035
RN50__layer1__fov,500_600,2,4,7.4605,5.2572,0.01,0.03
RN50__layer1__fov,500_600,3,4,7.455,5.2477,0.0,0.045
RN50__layer1__fov,500_600,4,4,7.4533,5.2725,0.01,0.035
RN50__layer1__fov,600_700,0,4,7.4604,5.2811,0.005,0.025
RN50__layer1__fov,600_700,1,3,7.4761,5.2984,0.0,0.025
RN50__layer1__fov,600_700,2,3,7.4874,5.2836,0.005,0.04
RN50__layer1__fov,600_700,3,4,7.4728,5.2735,0.01,0.03
RN50__layer1__fov,600_700,4,3,7.4737,5.2796,0.0,0.02
RN50__layer1__fov,700_800,0,4,7.4578,5.3213,0.0,0.03
RN50__layer1__fov,700_800,1,3,7.4709,5.3137,0.0,0.01
RN50__layer1__fov,700_800,2,3,7.4912,5.3128,0.0,0.025
RN50__layer1__fov,700_800,3,4,7.476,5.2996,0.0,0.04
RN50__layer1__fov,700_800,4,3,7.4749,5.3122,0.005,0.015
RN50__layer1__fov,800_900,0,3,7.4722,5.3099,0.0,0.015
RN50__layer1__fov,800_900,1,3,7.4915,5.3143,0.0,0.02
RN50__layer1__fov,800_900,2,4,7.4691,5.3093,0.0,0.035
RN50__layer1__fov,800_900,3,4,7.4699,5.3016,0.0,0.03
RN50__layer1__fov,800_900,4,3,7.4684,5.316,0.015,0.04
RN50__layer1__fov,900_1000,0,3,7.4835,5.3159,0.005,0.02
RN50__layer1__fov,900_1000,1,3,7.4757,5.324,0.0,0.02
RN50__layer1__fov,900_1000,2,3,7.4895,5.3166,0.005,0.025
RN50__layer1__fov,900_1000,3,4,7.4876,5.2988,0.01,0.03
RN50__layer1__fov,900_1000,4,3,7.4644,5.3171,0.005,0.025
RN50__layer2,0_100,0,17,6.9383,4.2303,0.065,0.22
RN50__layer2,0_100,1,16,6.9374,4.1611,0.075,0.245
RN50__layer2,0_100,2,18,6.921,4.1337,0.07,0.275
RN50__layer2,0_100,3,18,6.9182,4.1628,0.09,0.245
RN50__layer2,0_100,4,16,6.9508,4.1573,0.075,0.255
RN50__layer2,100_200,0,28,6.2912,3.0226,0.205,0.57
RN50__layer2,100_200,1,22,6.3371,3.0954,0.195,0.575
RN50__layer2,100_200,2,22,6.346,3.0762,0.19,0.575
RN50__layer2,100_200,3,28,6.3774,3.044,0.185,0.585
RN50__layer2,100_200,4,28,6.2803,3.0179,0.195,0.59
RN50__layer2,200_300,0,18,6.6025,3.5229,0.14,0.4
RN50__layer2,200_300,1,19,6.6385,3.5206,0.165,0.435
RN50__layer2,200_300,2,21,6.6235,3.5259,0.13,0.405
RN50__layer2,200_300,3,21,6.6576,3.4971,0.145,0.44
RN50__layer2,200_300,4,19,6.6603,3.5283,0.155,0.385
RN50__layer2,300_400,0,9,7.101,4.4016,0.08,0.24
RN50__layer2,300_400,1,9,7.096,4.4106,0.06,0.235
RN50__layer2,300_400,2,11,7.1291,4.3379,0.085,0.235
RN50__layer2,300_400,3,9,7.1127,4.3649,0.09,0.23
RN50__layer2,300_400,4,11,7.1095,4.2979,0.105,0.26
RN50__layer2,400_500,0,6,7.3722,5.0098,0.015,0.065
RN50__layer2,400_500,1,4,7.4069,5.0862,0.005,0.05
RN50__layer2,400_500,2,6,7.3876,4.9838,0.015,0.08
RN50__layer2,400_500,3,7,7.3798,4.9978,0.025,0.1
RN50__layer2,400_500,4,5,7.3805,5.0339,0.01,0.08
RN50__layer2,500_600,0,4,7.4378,5.1946,0.005,0.04
RN50__layer2,500_600,1,3,7.4653,5.2131,0.005,0.04
RN50__layer2,500_600,2,3,7.4658,5.2422,0.005,0.065
RN50__layer2,500_600,3,3,7.4362,5.2323,0.0,0.055
RN50__layer2,500_600,4,3,7.4621,5.2365,0.01,0.04
RN50__layer2,600_700,0,3,7.4523,5.2601,0.01,0.04
RN50__layer2,600_700,1,2,7.4785,5.2743,0.01,0.04
RN50__layer2,600_700,2,3,7.4798,5.2545,0.01,0.065
RN50__layer2,600_700,3,3,7.4652,5.2686,0.005,0.05
RN50__layer2,600_700,4,3,7.4689,5.2591,0.02,0.045
RN50__layer2,700_800,0,3,7.4698,5.3213,0.01,0.025
RN50__layer2,700_800,1,2,7.4629,5.2964,0.005,0.05
RN50__layer2,700_800,2,2,7.4835,5.3138,0.005,0.025
RN50__layer2,700_800,3,2,7.4597,5.3075,0.005,0.02
RN50__layer2,700_800,4,2,7.4714,5.3204,0.0,0.02
RN50__layer2,800_900,0,2,7.4674,5.3129,0.0,0.025
RN50__layer2,800_900,1,2,7.4805,5.3148,0.01,0.025
RN50__layer2,800_900,2,2,7.4804,5.3134,0.015,0.035
RN50__layer2,800_900,3,2,7.464,5.3034,0.0,0.02
RN50__layer2,800_900,4,2,7.4637,5.3252,0.005,0.02
RN50__layer2,900_1000,0,2,7.4877,5.3131,0.0,0.03
RN50__layer2,900_1000,1,2,7.4625,5.3088,0.005,0.025
RN50__layer2,900_1000,2,2,7.4908,5.3175,0.01,0.03
RN50__layer2,900_1000,3,2,7.4701,5.2992,0.0,0.015
RN50__layer2,900_1000,4,2,7.4695,5.3301,0.0,0.02
RN50__layer2__fov,0_100,0,17,6.9244,4.153,0.065,0.245
RN50__layer2__fov,0_100,1,19,6.914,4.0497,0.085,0.28
RN50__layer2__fov,0_100,2,20,6.8949,4.0958,0.09,0.245
RN50__layer2__fov,0_100,3,18,6.905,4.1017,0.095,0.275
RN50__layer2__fov,0_100,4,16,6.946,4.0964,0.08,0.285
RN50__layer2__fov,100_200,0,28,6.2632,2.93,0.25,0.605
RN50__layer2__fov,100_200,1,24,6.2768,2.9864,0.215,0.58
RN50__layer2__fov,100_200,2,29,6.3194,2.9428,0.225,0.59
RN50__layer2__fov,100_200,3,25,6.3456,2.9905,0.225,0.56
RN50__layer2__fov,100_200,4,28,6.2426,2.9356,0.23,0.58
RN50__layer2__fov,200_300,0,18,6.5911,3.4639,0.16,0.415
RN50__layer2__fov,200_300,1,22,6.6162,3.4273,0.175,0.465
RN50__layer2__fov,200_300,2,20,6.6052,3.454,0.135,0.44
RN50__layer2__fov,200_300,3,21,6.6292,3.4346,0.145,0.47
RN50__layer2__fov,200_300,4,19,6.6285,3.4604,0.17,0.445
RN50__layer2__fov,300_400,0,11,7.0956,4.3303,0.09,0.25
RN50__layer2__fov,300_400,1,9,7.0859,4.3876,0.095,0.25
RN50__layer2__fov,300_400,2,11,7.1347,4.3266,0.095,0.245
RN50__layer2__fov,300_400,3,11,7.1206,4.3078,0.085,0.245
RN50__layer2__fov,300_400,4,11,7.1011,4.3092,0.14,0.285
RN50__layer2__fov,400_500,0,7,7.3738,4.9821,0.015,0.07
RN50__layer2__fov,400_500,1,4,7.3949,5.0834,0.005,0.05
RN50__layer2__fov,400_500,2,6,7.4016,4.9903,0.005,0.075
RN50__layer2__fov,400_500,3,7,7.3596,4.9767,0.02,0.07
RN50__layer2__fov,400_500,4,5,7.3786,5.0226,0.015,0.07
RN50__layer2__fov,500_600,0,4,7.4514,5.2174,0.01,0.04
RN50__layer2__fov,500_600,1,3,7.4684,5.2216,0.005,0.07
RN50__layer2__fov,500_600,2,3,7.4712,5.2349,0.01,0.04
RN50__layer2__fov,500_600,3,3,7.445,5.2491,0.015,0.035
RN50__layer2__fov,500_600,4,3,7.4474,5.2403,0.025,0.05
RN50__layer2__fov,600_700,0,3,7.455,5.2619,0.01,0.035
RN50__layer2__fov,600_700,1,2,7.4838,5.2697,0.01,0.035
RN50__layer2__fov,600_700,2,3,7.4796,5.2603,0.005,0.045
RN50__layer2__fov,600_700,3,3,7.4591,5.2804,0.01,0.04
RN50__layer2__fov,600_700,4,3,7.4646,5.2602,0.005,0.035
RN50__layer2__fov,700_800,0,3,7.47,5.3139,0.0,0.005
RN50__layer2__fov,700_800,1,2,7.4664,5.3055,0.005,0.035
RN50__layer2__fov,700_800,2,2,7.4901,5.3211,0.01,0.02
RN50__layer2__fov,700_800,3,3,7.4628,5.3147,0.005,0.025
RN50__layer2__fov,700_800,4,2,7.4791,5.3154,0.0,0.025
RN50__layer2__fov,800_900,0,2,7.4649,5.3012,0.0,0.03
RN50__layer2__fov,800_900,1,2,7.4903,5.327,0.015,0.015
RN50__layer2__fov,800_900,2,2,7.489,5.315,0.0,0.02
RN50__layer2__fov,800_900,3,2,7.4708,5.3109,0.01,0.03
RN50__layer2__fov,800_900,4,2,7.4676,5.3337,0.005,0.025
RN50__layer2__fov,900_1000,0,2,7.4877,5.2981,0.0,0.035
RN50__layer2__fov,900_1000,1,2,7.475,5.3184,0.0,0.035
RN50__layer2__fov,900_1000,2,2,7.5034,5.3218,0.0,0.02
RN50__layer2__fov,900_1000,3,2,7.4747,5.3096,0.015,0.02
RN50__layer2__fov,900_1000,4,2,7.4634,5.3272,0.0,0.03
RN50__layer3,0_100,0,18,7.0668,4.3083,0.07,0.245
RN50__layer3,0_100,1,19,7.0655,4.281,0.085,0.24
RN50__layer3,0_100,2,22,7.015,4.2871,0.075,0.225
RN50__layer3,0_100,3,21,7.0467,4.2853,0.1,0.23
RN50__layer3,0_100,4,17,7.0591,4.2842,0.07,0.23
RN50__layer3,100_200,0,42,6.2726,2.9042,0.315,0.655
RN50__layer3,100_200,1,28,6.2512,2.9482,0.32,0.635
RN50__layer3,100_200,2,43,6.2693,2.8801,0.325,0.625
RN50__layer3,100_200,3,33,6.3502,2.9004,0.285,0.65
RN50__layer3,100_200,4,28,6.2581,2.936,0.33,0.63
RN50__layer3,200_300,0,25,6.4841,3.2044,0.245,0.525
RN50__layer3,200_300,1,24,6.4847,3.2253,0.225,0.525
RN50__layer3,200_300,2,27,6.4299,3.2202,0.23,0.51
RN50__layer3,200_300,3,25,6.5256,3.2379,0.23,0.495
RN50__layer3,200_300,4,29,6.5335,3.1674,0.24,0.525
RN50__layer3,300_400,0,14,6.9891,3.9118,0.15,0.31
RN50__layer3,300_400,1,15,6.9562,3.9202,0.155,0.31
RN50__layer3,300_400,2,15,6.9847,3.9107,0.125,0.335
RN50__layer3,300_400,3,13,7.0347,3.9776,0.14,0.31
RN50__layer3,300_400,4,14,7.0137,3.9188,0.14,0.35
RN50__layer3,400_500,0,11,7.339,4.7095,0.03,0.155
RN50__layer3,400_500,1,10,7.358,4.7324,0.035,0.145
RN50__layer3,400_500,2,9,7.3556,4.7584,0.01,0.09
RN50__layer3,400_500,3,11,7.3347,4.698,0.025,0.12
RN50__layer3,400_500,4,10,7.3741,4.7273,0.035,0.13
RN50__layer3,500_600,0,4,7.4664,5.1258,0.02,0.065
RN50__layer3,500_600,1,3,7.4847,5.1684,0.0,0.045
RN50__layer3,500_600,2,3,7.4565,5.2279,0.0,0.05
RN50__layer3,500_600,3,3,7.4873,5.2119,0.005,0.04
RN50__layer3,500_600,4,3,7.4868,5.1924,0.015,0.035
RN50__layer3,600_700,0,3,7.5005,5.2409,0.015,0.05
RN50__layer3,600_700,1,3,7.4865,5.211,0.015,0.04
RN50__layer3,600_700,2,3,7.4655,5.2869,0.01,0.04
RN50__layer3,600_700,3,3,7.493,5.2357,0.015,0.065
RN50__layer3,600_700,4,3,7.4928,5.2461,0.005,0.04
RN50__layer3,700_800,0,3,7.5148,5.2964,0.0,0.025
RN50__layer3,700_800,1,2,7.4963,5.2987,0.0,0.025
RN50__layer3,700_800,2,2,7.5141,5.3275,0.01,0.02
RN50__layer3,700_800,3,2,7.4932,5.3096,0.01,0.035
RN50__layer3,700_800,4,2,7.5084,5.286,0.005,0.025
RN50__layer3,800_900,0,2,7.4986,5.3074,0.015,0.035
RN50__layer3,800_900,1,2,7.5107,5.3119,0.02,0.035
RN50__layer3,800_900,2,2,7.5089,5.3592,0.005,0.025
RN50__layer3,800_900,3,2,7.5008,5.3161,0.015,0.035
RN50__layer3,800_900,4,2,7.4984,5.319,0.01,0.045
RN50__layer3,900_1000,0,2,7.5125,5.3184,0.0,0.025
RN50__layer3,900_1000,1,2,7.5028,5.323,0.005,0.04
RN50__layer3,900_1000,2,2,7.5081,5.3289,0.015,0.035
RN50__layer3,900_1000,3,2,7.4923,5.3124,0.01,0.035
RN50__layer3,900_1000,4,2,7.502,5.3255,0.01,0.03
RN50__layer3__fov,0_100,0,21,7.079,4.2699,0.1,0.235
RN50__layer3__fov,0_100,1,19,7.0644,4.2676,0.075,0.245
RN50__layer3__fov,0_100,2,22,7.0213,4.2345,0.11,0.265
RN50__layer3__fov,0_100,3,23,7.0422,4.2444,0.07,0.22
RN50__layer3__fov,0_100,4,17,7.0557,4.2649,0.075,0.235
RN50__layer3__fov,100_200,0,39,6.2447,2.8608,0.32,0.675
RN50__layer3__fov,100_200,1,28,6.2293,2.8813,0.32,0.665
RN50__layer3__fov,100_200,2,43,6.2725,2.872,0.31,0.635
RN50__layer3__fov,100_200,3,33,6.3289,2.8287,0.335,0.65
RN50__layer3__fov,100_200,4,28,6.2382,2.885,0.325,0.635
RN50__layer3__fov,200_300,0,25,6.4633,3.1815,0.245,0.54
RN50__layer3__fov,200_300,1,24,6.4651,3.2204,0.25,0.5
RN50__layer3__fov,200_300,2,27,6.408,3.1729,0.245,0.53
RN50__layer3__fov,200_300,3,25,6.5065,3.1944,0.245,0.545
RN50__layer3__fov,200_300,4,29,6.5003,3.159,0.225,0.53
RN50__layer3__fov,300_400,0,14,6.9699,3.9053,0.17,0.325
RN50__layer3__fov,300_400,1,15,6.9366,3.9172,0.15,0.31
RN50__layer3__fov,300_400,2,15,6.9858,3.8886,0.13,0.365
RN50__layer3__fov,300_400,3,13,7.0077,3.9299,0.135,0.295
RN50__layer3__fov,300_400,4,13,7.0089,3.9031,0.14,0.355
RN50__layer3__fov,400_500,0,11,7.3383,4.6819,0.025,0.15
RN50__layer3__fov,400_500,1,11,7.3486,4.7116,0.035,0.125
RN50__layer3__fov,400_500,2,9,7.3313,4.7145,0.02,0.13
RN50__layer3__fov,400_500,3,11,7.3345,4.6853,0.03,0.155
RN50__layer3__fov,400_500,4,10,7.3419,4.7342,0.025,0.11
RN50__layer3__fov,500_600,0,4,7.4606,5.1563,0.015,0.1
RN50__layer3__fov,500_600,1,3,7.4979,5.2131,0.02,0.035
RN50__layer3__fov,500_600,2,3,7.4733,5.1909,0.02,0.055
RN50__layer3__fov,500_600,3,3,7.4832,5.2172,0.01,0.06
RN50__layer3__fov,500_600,4,3,7.4939,5.1955,0.015,0.045
RN50__layer3__fov,600_700,0,3,7.5014,5.2748,0.005,0.045
RN50__layer3__fov,600_700,1,3,7.5048,5.2505,0.02,0.06
RN50__layer3__fov,600_700,2,3,7.473,5.2256,0.005,0.05
RN50__layer3__fov,600_700,3,3,7.5009,5.245,0.005,0.06
RN50__layer3__fov,600_700,4,3,7.4883,5.2455,0.0,0.04
RN50__layer3__fov,700_800,0,3,7.5151,5.3159,0.02,0.045
RN50__layer3__fov,700_800,1,2,7.5058,5.3301,0.005,0.04
RN50__layer3__fov,700_800,2,2,7.4945,5.2859,0.005,0.025
RN50__layer3__fov,700_800,3,2,7.4946,5.3247,0.0,0.03
RN50__layer3__fov,700_800,4,2,7.5192,5.301,0.005,0.025
RN50__layer3__fov,800_900,0,2,7.512,5.3388,0.005,0.035
RN50__layer3__fov,800_900,1,2,7.5175,5.3513,0.01,0.02
RN50__layer3__fov,800_900,2,2,7.5136,5.3143,0.0,0.04
RN50__layer3__fov,800_900,3,2,7.5109,5.3252,0.005,0.03
RN50__layer3__fov,800_900,4,2,7.5201,5.3153,0.005,0.015
RN50__layer3__fov,900_1000,0,2,7.5236,5.3324,0.01,0.04
RN50__layer3__fov,900_1000,1,2,7.4975,5.3469,0.01,0.03
RN50__layer3__fov,900_1000,2,2,7.5187,5.3112,0.01,0.02
RN50__layer3__fov,900_1000,3,2,7.5014,5.33,0.005,0.015
RN50__layer3__fov,900_1000,4,2,7.5287,5.3301,0.005,0.025
RN50__layer4,0_100,0,14,7.1743,4.6155,0.045,0.175
RN50__layer4,0_100,1,17,7.1654,4.5777,0.06,0.175
RN50__layer4,0_100,2,15,7.1459,4.6017,0.07,0.165
RN50__layer4,0_100,3,17,7.1453,4.621,0.06,0.16
RN50__layer4,0_100,4,19,7.1864,4.55,0.06,0.195
RN50__layer4,100_200,0,32,6.4258,3.3319,0.23,0.535
RN50__layer4,100_200,1,27,6.4362,3.376,0.225,0.51
RN50__layer4,100_200,2,31,6.4651,3.3207,0.24,0.535
RN50__layer4,100_200,3,25,6.5065,3.3716,0.25,0.515
RN50__layer4,100_200,4,28,6.4487,3.3597,0.26,0.51
RN50__layer4,200_300,0,24,6.5792,3.4373,0.19,0.47
RN50__layer4,200_300,1,24,6.5686,3.4468,0.205,0.48
RN50__layer4,200_300,2,24,6.4968,3.4669,0.2,0.455
RN50__layer4,200_300,3,25,6.6034,3.4577,0.19,0.455
RN50__layer4,200_300,4,21,6.6345,3.469,0.185,0.49
RN50__layer4,300_400,0,14,7.0081,3.9935,0.115,0.315
RN50__layer4,300_400,1,15,6.9645,4.0532,0.115,0.31
RN50__layer4,300_400,2,14,6.9832,4.0186,0.115,0.3
RN50__layer4,300_400,3,14,7.006,4.0448,0.105,0.305
RN50__layer4,300_400,4,15,7.0183,3.9735,0.15,0.335
RN50__layer4,400_500,0,11,7.3324,4.7311,0.035,0.135
RN50__layer4,400_500,1,12,7.3262,4.7703,0.02,0.09
RN50__layer4,400_500,2,11,7.2918,4.7509,0.025,0.125
RN50__layer4,400_500,3,11,7.2984,4.7703,0.02,0.09
RN50__layer4,400_500,4,10,7.3042,4.8106,0.025,0.11
RN50__layer4,500_600,0,4,7.448,5.1283,0.01,0.07
RN50__layer4,500_600,1,3,7.4811,5.1935,0.005,0.05
RN50__layer4,500_600,2,5,7.4808,5.1718,0.01,0.07
RN50__layer4,500_600,3,3,7.4832,5.1942,0.005,0.055
RN50__layer4,500_600,4,3,7.5165,5.2137,0.005,0.035
RN50__layer4,600_700,0,4,7.4853,5.1994,0.005,0.035
RN50__layer4,600_700,1,3,7.4843,5.2159,0.025,0.06
RN50__layer4,600_700,2,3,7.4963,5.2403,0.01,0.055
RN50__layer4,600_700,3,2,7.4926,5.2404,0.01,0.07
RN50__layer4,600_700,4,3,7.513,5.2509,0.0,0.045
RN50__layer4,700_800,0,3,7.5021,5.2925,0.015,0.03
RN50__layer4,700_800,1,2,7.513,5.3236,0.005,0.035
RN50__layer4,700_800,2,3,7.5281,5.3248,0.01,0.025
RN50__layer4,700_800,3,2,7.5092,5.3026,0.005,0.01
RN50__layer4,700_800,4,2,7.5388,5.3073,0.0,0.04
RN50__layer4,800_900,0,2,7.5205,5.3101,0.005,0.03
RN50__layer4,800_900,1,3,7.5078,5.3394,0.005,0.035
RN50__layer4,800_900,2,2,7.5225,5.3366,0.005,0.035
RN50__layer4,800_900,3,2,7.5139,5.3024,0.01,0.04
RN50__layer4,800_900,4,2,7.5387,5.3345,0.005,0.025
RN50__layer4,900_1000,0,3,7.5097,5.3262,0.01,0.025
RN50__layer4,900_1000,1,2,7.519,5.3483,0.0,0.01
RN50__layer4,900_1000,2,2,7.539,5.3498,0.01,0.025
RN50__layer4,900_1000,3,2,7.5043,5.3082,0.0,0.025
RN50__layer4,900_1000,4,2,7.5319,5.3445,0.005,0.03
RN50__layer4__fov,0_100,0,13,7.1709,4.6007,0.045,0.17
RN50__layer4__fov,0_100,1,17,7.1709,4.5681,0.065,0.17
RN50__layer4__fov,0_100,2,15,7.1494,4.6114,0.045,0.17
RN50__layer4__fov,0_100,3,16,7.1417,4.6277,0.05,0.165
RN50__layer4__fov,0_100,4,17,7.1688,4.5474,0.04,0.205
RN50__layer4__fov,100_200,0,32,6.4162,3.3205,0.28,0.495
RN50__layer4__fov,100_200,1,27,6.4062,3.3306,0.25,0.49
RN50__layer4__fov,100_200,2,31,6.4565,3.3076,0.26,0.51
RN50__layer4__fov,100_200,3,23,6.5082,3.3615,0.25,0.485
RN50__layer4__fov,100_200,4,25,6.435,3.3496,0.235,0.475
RN50__layer4__fov,200_300,0,24,6.5639,3.3919,0.19,0.505
RN50__layer4__fov,200_300,1,22,6.5579,3.4173,0.215,0.5
RN50__layer4__fov,200_300,2,24,6.5213,3.426,0.21,0.495
RN50__layer4__fov,200_300,3,23,6.5954,3.3594,0.21,0.515
RN50__layer4__fov,200_300,4,23,6.6223,3.3767,0.215,0.495
RN50__layer4__fov,300_400,0,14,7.0062,3.9596,0.125,0.335
RN50__layer4__fov,300_400,1,13,6.9603,4.0064,0.105,0.35
RN50__layer4__fov,300_400,2,14,7.0046,4.0099,0.135,0.305
RN50__layer4__fov,300_400,3,15,7.0217,3.9843,0.12,0.31
RN50__layer4__fov,300_400,4,15,6.9943,3.9583,0.13,0.32
RN50__layer4__fov,400_500,0,10,7.3274,4.7357,0.025,0.09
RN50__layer4__fov,400_500,1,12,7.3223,4.756,0.015,0.095
RN50__layer4__fov,400_500,2,12,7.323,4.7881,0.025,0.095
RN50__layer4__fov,400_500,3,12,7.3164,4.7257,0.02,0.125
RN50__layer4__fov,400_500,4,10,7.3137,4.7609,0.03,0.1
RN50__layer4__fov,500_600,0,4,7.4777,5.1151,0.02,0.065
RN50__layer4__fov,500_600,1,3,7.4742,5.196,0.01,0.05
RN50__layer4__fov,500_600,2,4,7.4913,5.1605,0.01,0.045
RN50__layer4__fov,500_600,3,3,7.4904,5.2173,0.005,0.04
RN50__layer4__fov,500_600,4,3,7.4972,5.1922,0.02,0.045
RN50__layer4__fov,600_700,0,4,7.4881,5.2146,0.01,0.05
RN50__layer4__fov,600_700,1,3,7.4823,5.2458,0.01,0.055
RN50__layer4__fov,600_700,2,3,7.4996,5.251,0.005,0.025
RN50__layer4__fov,600_700,3,3,7.486,5.2221,0.015,0.055
RN50__layer4__fov,600_700,4,3,7.5038,5.248,0.005,0.03
RN50__layer4__fov,700_800,0,3,7.5035,5.3135,0.01,0.03
RN50__layer4__fov,700_800,1,3,7.4875,5.3,0.005,0.04
RN50__layer4__fov,700_800,2,3,7.5163,5.3189,0.01,0.03
RN50__layer4__fov,700_800,3,2,7.5185,5.318,0.02,0.06
RN50__layer4__fov,700_800,4,2,7.5261,5.3275,0.005,0.02
RN50__layer4__fov,800_900,0,2,7.5141,5.3149,0.0,0.015
RN50__layer4__fov,800_900,1,2,7.5031,5.3593,0.01,0.03
RN50__layer4__fov,800_900,2,2,7.5198,5.3387,0.005,0.025
RN50__layer4__fov,800_900,3,2,7.5362,5.32,0.02,0.04
RN50__layer4__fov,800_900,4,2,7.5316,5.3302,0.005,0.025
RN50__layer4__fov,900_1000,0,2,7.5129,5.3401,0.0,0.015
RN50__layer4__fov,900_1000,1,2,7.5014,5.3389,0.0,0.03
RN50__layer4__fov,900_1000,2,2,7.5293,5.3558,0.005,0.025
RN50__layer4__fov,900_1000,3,2,7.5249,5.3303,0.015,0.035
RN50__layer4__fov,900_1000,4,3,7.5233,5.3367,0.0,0.025
RN50__stem,0_100,0,19,7.1445,4.5747,0.02,0.14
RN50__stem,0_100,1,15,7.1671,4.6446,0.01,0.16
RN50__stem,0_100,2,15,7.1283,4.6745,0.025,0.145
RN50__stem,0_100,3,15,7.1354,4.6879,0.025,0.14
RN50__stem,0_100,4,15,7.1471,4.6359,0.03,0.145
RN50__stem,100_200,0,44,6.806,3.9368,0.1,0.35
RN50__stem,100_200,1,30,6.8225,3.9937,0.085,0.335
RN50__stem,100_200,2,28,6.8487,4.0147,0.1,0.31
RN50__stem,100_200,3,29,6.8663,4.0111,0.11,0.305
RN50__stem,100_200,4,34,6.7888,3.9279,0.09,0.325
RN50__stem,200_300,0,20,7.0444,4.3525,0.055,0.215
RN50__stem,200_300,1,30,7.0365,4.3148,0.06,0.25
RN50__stem,200_300,2,20,6.9729,4.4362,0.045,0.195
RN50__stem,200_300,3,23,7.0589,4.3943,0.05,0.24
RN50__stem,200_300,4,26,7.0607,4.3347,0.065,0.22
RN50__stem,300_400,0,10,7.2972,4.9833,0.015,0.135
RN50__stem,300_400,1,10,7.3283,4.9997,0.02,0.115
RN50__stem,300_400,2,12,7.2823,4.9205,0.02,0.135
RN50__stem,300_400,3,12,7.3244,4.9193,0.03,0.115
RN50__stem,300_400,4,12,7.3254,4.9628,0.015,0.11
RN50__stem,400_500,0,10,7.4215,5.1963,0.01,0.05
RN50__stem,400_500,1,9,7.4487,5.206,0.005,0.04
RN50__stem,400_500,2,10,7.4189,5.1951,0.005,0.055
RN50__stem,400_500,3,9,7.4304,5.201,0.01,0.04
RN50__stem,400_500,4,8,7.4369,5.2287,0.005,0.045
RN50__stem,500_600,0,10,7.4746,5.2714,0.005,0.035
RN50__stem,500_600,1,9,7.4753,5.2814,0.005,0.04
RN50__stem,500_600,2,9,7.492,5.274,0.005,0.04
RN50__stem,500_600,3,9,7.4558,5.2708,0.005,0.02
RN50__stem,500_600,4,8,7.4822,5.285,0.01,0.035
RN50__stem,600_700,0,9,7.4848,5.2955,0.005,0.03
RN50__stem,600_700,1,8,7.4693,5.3086,0.0,0.035
RN50__stem,600_700,2,9,7.4793,5.2899,0.005,0.03
RN50__stem,600_700,3,9,7.4811,5.2916,0.005,0.02
RN50__stem,600_700,4,8,7.4803,5.303,0.005,0.025
RN50__stem,700_800,0,9,7.4834,5.3184,0.005,0.025
RN50__stem,700_800,1,11,7.4705,5.3224,0.0,0.015
RN50__stem,700_800,2,9,7.4982,5.3178,0.005,0.015
RN50__stem,700_800,3,9,7.481,5.3166,0.005,0.025
RN50__stem,700_800,4,8,7.4817,5.3235,0.01,0.015
RN50__stem,800_900,0,8,7.4937,5.3093,0.02,0.03
RN50__stem,800_900,1,9,7.4886,5.3131,0.005,0.045
RN50__stem,800_900,2,9,7.4779,5.2963,0.005,0.03
RN50__stem,800_900,3,9,7.4778,5.3158,0.0,0.025
RN50__stem,800_900,4,10,7.4842,5.3171,0.005,0.03
RN50__stem,900_1000,0,10,7.4759,5.3105,0.0,0.005
RN50__stem,900_1000,1,9,7.484,5.3152,0.0,0.035
RN50__stem,900_1000,2,10,7.4996,5.3188,0.005,0.02
RN50__stem,900_1000,3,9,7.4936,5.3149,0.005,0.01
RN50__stem,900_1000,4,8,7.4917,5.3186,0.005,0.03
RN50__stem__fov,0_100,0,20,7.1113,4.5216,0.04,0.165
RN50__stem__fov,0_100,1,15,7.1221,4.5844,0.04,0.15
RN50__stem__fov,0_100,2,21,7.0982,4.5499,0.03,0.165
RN50__stem__fov,0_100,3,16,7.1016,4.6176,0.025,0.185
RN50__stem__fov,0_100,4,15,7.1301,4.5948,0.03,0.16
RN50__stem__fov,100_200,0,45,6.7686,3.8402,0.12,0.35
RN50__stem__fov,100_200,1,41,6.7484,3.8546,0.11,0.365
RN50__stem__fov,100_200,2,31,6.7831,3.8551,0.14,0.36
RN50__stem__fov,100_200,3,34,6.7995,3.8392,0.115,0.355
RN50__stem__fov,100_200,4,34,6.7483,3.8447,0.09,0.365
RN50__stem__fov,200_300,0,27,7.0192,4.3012,0.06,0.255
RN50__stem__fov,200_300,1,26,7.0066,4.2756,0.07,0.26
RN50__stem__fov,200_300,2,22,6.9588,4.3246,0.06,0.225
RN50__stem__fov,200_300,3,20,7.0232,4.3025,0.045,0.26
RN50__stem__fov,200_300,4,20,7.0185,4.314,0.055,0.215
RN50__stem__fov,300_400,0,12,7.3023,4.9211,0.005,0.125
RN50__stem__fov,300_400,1,12,7.3182,4.9137,0.03,0.15
RN50__stem__fov,300_400,2,12,7.2865,4.8983,0.025,0.14
RN50__stem__fov,300_400,3,12,7.3047,4.8966,0.025,0.14
RN50__stem__fov,300_400,4,13,7.3118,4.9199,0.025,0.135
RN50__stem__fov,400_500,0,10,7.4255,5.1968,0.02,0.04
RN50__stem__fov,400_500,1,9,7.4354,5.1965,0.005,0.055
RN50__stem__fov,400_500,2,10,7.4215,5.1994,0.015,0.055
RN50__stem__fov,400_500,3,9,7.4199,5.2007,0.005,0.03
RN50__stem__fov,400_500,4,10,7.4439,5.2039,0.01,0.04
RN50__stem__fov,500_600,0,9,7.4684,5.2692,0.01,0.04
RN50__stem__fov,500_600,1,9,7.4804,5.2784,0.005,0.03
RN50__stem__fov,500_600,2,8,7.486,5.2722,0.01,0.035
RN50__stem__fov,500_600,3,9,7.4628,5.2715,0.005,0.01
RN50__stem__fov,500_600,4,10,7.4738,5.2723,0.005,0.03
RN50__stem__fov,600_700,0,8,7.5008,5.2883,0.005,0.03
RN50__stem__fov,600_700,1,8,7.4775,5.3029,0.01,0.025
RN50__stem__fov,600_700,2,9,7.4829,5.2848,0.005,0.025
RN50__stem__fov,600_700,3,9,7.4744,5.294,0.01,0.025
RN50__stem__fov,600_700,4,8,7.4819,5.2886,0.005,0.02
RN50__stem__fov,700_800,0,9,7.4802,5.318,0.005,0.03
RN50__stem__fov,700_800,1,8,7.48,5.3239,0.005,0.03
RN50__stem__fov,700_800,2,9,7.5057,5.3169,0.01,0.035
RN50__stem__fov,700_800,3,9,7.4997,5.3226,0.005,0.015
RN50__stem__fov,700_800,4,8,7.4928,5.3166,0.005,0.03
RN50__stem__fov,800_900,0,8,7.5016,5.3178,0.0,0.03
RN50__stem__fov,800_900,1,8,7.4871,5.311,0.005,0.03
RN50__stem__fov,800_900,2,9,7.491,5.3008,0.01,0.04
RN50__stem__fov,800_900,3,9,7.4845,5.3219,0.005,0.025
RN50__stem__fov,800_900,4,10,7.4836,5.3112,0.005,0.025
RN50__stem__fov,900_1000,0,10,7.4737,5.3162,0.0,0.025
RN50__stem__fov,900_1000,1,9,7.4875,5.3255,0.005,0.02
RN50__stem__fov,900_1000,2,9,7.4984,5.3109,0.005,0.04
RN50__stem__fov,900_1000,3,9,7.493,5.3131,0.005,0.03
RN50__stem__fov,900_1000,4,9,7.488,5.3186,0.005,0.035
ViT-B-16__block10,0_100,0,12,7.209,4.6675,0.035,0.165
ViT-B-16__block10,0_100,1,17,7.2334,4.6457,0.03,0.165
ViT-B-16__block10,0_100,2,12,7.1922,4.6583,0.045,0.16
ViT-B-16__block10,0_100,3,16,7.2239,4.6405,0.04,0.155
ViT-B-16__block10,0_100,4,13,7.2286,4.6775,0.05,0.165
ViT-B-16__block10,100_200,0,22,6.6027,3.5906,0.165,0.485
ViT-B-16__block10,100_200,1,22,6.5747,3.587,0.135,0.485
ViT-B-16__block10,100_200,2,26,6.5983,3.5899,0.16,0.465
ViT-B-16__block10,100_200,3,21,6.656,3.6106,0.16,0.44
ViT-B-16__block10,100_200,4,21,6.5975,3.5793,0.165,0.47
ViT-B-16__block10,200_300,0,21,6.7304,3.6152,0.12,0.41
ViT-B-16__block10,200_300,1,20,6.705,3.6089,0.15,0.405
ViT-B-16__block10,200_300,2,21,6.6279,3.5983,0.16,0.415
ViT-B-16__block10,200_300,3,21,6.7132,3.6039,0.13,0.395
ViT-B-16__block10,200_300,4,19,6.736,3.6207,0.165,0.4
ViT-B-16__block10,300_400,0,13,7.0766,4.1975,0.085,0.25
ViT-B-16__block10,300_400,1,14,7.0345,4.1663,0.1,0.265
ViT-B-16__block10,300_400,2,14,7.0744,4.1502,0.09,0.27
ViT-B-16__block10,300_400,3,13,7.0615,4.1958,0.1,0.265
ViT-B-16__block10,300_400,4,13,7.0955,4.1484,0.11,0.3
ViT-B-16__block10,400_500,0,9,7.3643,4.8606,0.035,0.09
ViT-B-16__block10,400_500,1,10,7.3758,4.8656,0.025,0.1
ViT-B-16__block10,400_500,2,9,7.344,4.9027,0.03,0.085
ViT-B-16__block10,400_500,3,11,7.3414,4.8894,0.01,0.08
ViT-B-16__block10,400_500,4,11,7.343,4.8653,0.035,0.105
ViT-B-16__block10,500_600,0,4,7.4688,5.1763,0.015,0.06
ViT-B-16__block10,500_600,1,3,7.4867,5.2016,0.02,0.06
ViT-B-16__block10,500_600,2,3,7.4856,5.2174,0.005,0.065
ViT-B-16__block10,500_600,3,3,7.4627,5.2052,0.01,0.03
ViT-B-16__block10,500_600,4,3,7.4876,5.2034,0.01,0.055
ViT-B-16__block10,600_700,0,3,7.4935,5.2283,0.005,0.04
ViT-B-16__block10,600_700,1,2,7.507,5.2771,0.02,0.045
ViT-B-16__block10,600_700,2,3,7.4963,5.2407,0.01,0.035
ViT-B-16__block10,600_700,3,2,7.4838,5.3065,0.005,0.035
ViT-B-16__block10,600_700,4,3,7.5012,5.2598,0.01,0.03
ViT-B-16__block10,700_800,0,2,7.5003,5.3192,0.005,0.02
ViT-B-16__block10,700_800,1,2,7.4992,5.3135,0.01,0.025
ViT-B-16__block10,700_800,2,2,7.5066,5.3328,0.005,0.02
ViT-B-16__block10,700_800,3,2,7.5082,5.3403,0.0,0.025
ViT-B-16__block10,700_800,4,2,7.5307,5.2896,0.02,0.035
ViT-B-16__block10,800_900,0,2,7.4895,5.3235,0.0,0.015
ViT-B-16__block10,800_900,1,2,7.5168,5.2998,0.0,0.035
ViT-B-16__block10,800_900,2,2,7.5222,5.3287,0.0,0.015
ViT-B-16__block10,800_900,3,2,7.4924,5.3412,0.01,0.035
ViT-B-16__block10,800_900,4,2,7.5106,5.3143,0.0,0.04
ViT-B-16__block10,900_1000,0,2,7.5106,5.3308,0.0,0.015
ViT-B-16__block10,900_1000,1,2,7.5098,5.3338,0.005,0.035
ViT-B-16__block10,900_1000,2,2,7.523,5.3229,0.005,0.02
ViT-B-16__block10,900_1000,3,2,7.4949,5.3446,0.0,0.015
ViT-B-16__block10,900_1000,4,2,7.5203,5.3143,0.015,0.045
ViT-B-16__block10__fov,0_100,0,12,7.2229,4.6601,0.04,0.15
ViT-B-16__block10__fov,0_100,1,17,7.2063,4.6611,0.025,0.135
ViT-B-16__block10__fov,0_100,2,12,7.179,4.6015,0.04,0.15
ViT-B-16__block10__fov,0_100,3,15,7.2097,4.6101,0.055,0.155
ViT-B-16__block10__fov,0_100,4,15,7.2458,4.6136,0.06,0.155
ViT-B-16__block10__fov,100_200,0,25,6.5758,3.4953,0.18,0.475
ViT-B-16__block10__fov,100_200,1,21,6.5262,3.5181,0.175,0.455
ViT-B-16__block10__fov,100_200,2,26,6.5679,3.4827,0.18,0.47
ViT-B-16__block10__fov,100_200,3,20,6.6354,3.5134,0.165,0.46
ViT-B-16__block10__fov,100_200,4,21,6.5709,3.5328,0.18,0.45
ViT-B-16__block10__fov,200_300,0,22,6.7024,3.5267,0.18,0.43
ViT-B-16__block10__fov,200_300,1,20,6.6724,3.5592,0.16,0.39
ViT-B-16__block10__fov,200_300,2,21,6.5925,3.5679,0.155,0.42
ViT-B-16__block10__fov,200_300,3,21,6.6913,3.5403,0.155,0.415
ViT-B-16__block10__fov,200_300,4,18,6.6978,3.5557,0.19,0.435
ViT-B-16__block10__fov,300_400,0,14,7.0592,4.0602,0.09,0.29
ViT-B-16__block10__fov,300_400,1,14,6.9925,4.0993,0.09,0.29
ViT-B-16__block10__fov,300_400,2,15,7.0631,4.1104,0.08,0.255
ViT-B-16__block10__fov,300_400,3,12,7.0441,4.1185,0.09,0.315
ViT-B-16__block10__fov,300_400,4,13,7.0379,4.0816,0.085,0.34
ViT-B-16__block10__fov,400_500,0,9,7.3621,4.796,0.025,0.125
ViT-B-16__block10__fov,400_500,1,12,7.3389,4.8498,0.015,0.095
ViT-B-16__block10__fov,400_500,2,13,7.3401,4.7976,0.035,0.115
ViT-B-16__block10__fov,400_500,3,11,7.3162,4.854,0.015,0.06
ViT-B-16__block10__fov,400_500,4,11,7.3091,4.8156,0.015,0.09
ViT-B-16__block10__fov,500_600,0,4,7.4677,5.1595,0.01,0.08
ViT-B-16__block10__fov,500_600,1,3,7.4804,5.2044,0.0,0.035
ViT-B-16__block10__fov,500_600,2,3,7.4914,5.22,0.01,0.045
ViT-B-16__block10__fov,500_600,3,3,7.4683,5.2222,0.005,0.04
ViT-B-16__block10__fov,500_600,4,3,7.4761,5.1986,0.015,0.08
ViT-B-16__block10__fov,600_700,0,3,7.4798,5.2248,0.01,0.06
ViT-B-16__block10__fov,600_700,1,2,7.4903,5.2902,0.0,0.03
ViT-B-16__block10__fov,600_700,2,3,7.4897,5.2431,0.01,0.045
ViT-B-16__block10__fov,600_700,3,3,7.4812,5.2698,0.015,0.04
ViT-B-16__block10__fov,600_700,4,3,7.4937,5.2637,0.01,0.035
ViT-B-16__block10__fov,700_800,0,2,7.4939,5.3312,0.015,0.02
ViT-B-16__block10__fov,700_800,1,2,7.5207,5.341,0.005,0.025
ViT-B-16__block10__fov,700_800,2,3,7.5289,5.3186,0.005,0.03
ViT-B-16__block10__fov,700_800,3,2,7.5012,5.3319,0.0,0.03
ViT-B-16__block10__fov,700_800,4,2,7.493,5.3066,0.005,0.035
ViT-B-16__block10__fov,800_900,0,2,7.5062,5.3256,0.005,0.01
ViT-B-16__block10__fov,800_900,1,2,7.5191,5.3095,0.0,0.015
ViT-B-16__block10__fov,800_900,2,2,7.5252,5.3215,0.02,0.04
ViT-B-16__block10__fov,800_900,3,2,7.5025,5.3503,0.005,0.025
ViT-B-16__block10__fov,800_900,4,2,7.5061,5.33,0.015,0.025
ViT-B-16__block10__fov,900_1000,0,2,7.5068,5.3287,0.005,0.015
ViT-B-16__block10__fov,900_1000,1,2,7.5201,5.3417,0.005,0.02
ViT-B-16__block10__fov,900_1000,2,2,7.5294,5.3369,0.015,0.045
ViT-B-16__block10__fov,900_1000,3,2,7.5044,5.3371,0.0,0.03
ViT-B-16__block10__fov,900_1000,4,2,7.5038,5.3293,0.005,0.03
ViT-B-16__block12,0_100,0,12,7.3095,4.8696,0.025,0.125
ViT-B-16__block12,0_100,1,11,7.3289,4.9083,0.02,0.085
ViT-B-16__block12,0_100,2,12,7.3082,4.9133,0.025,0.125
ViT-B-16__block12,0_100,3,14,7.3058,4.8932,0.025,0.13
ViT-B-16__block12,0_100,4,12,7.3135,4.8472,0.02,0.115
ViT-B-16__block12,100_200,0,21,6.7834,3.8633,0.14,0.405
ViT-B-16__block12,100_200,1,21,6.7598,3.8114,0.17,0.41
ViT-B-16__block12,100_200,2,19,6.8345,3.8626,0.135,0.415
ViT-B-16__block12,100_200,3,20,6.8373,3.8659,0.155,0.395
ViT-B-16__block12,100_200,4,16,6.7758,3.9027,0.15,0.4
ViT-B-16__block12,200_300,0,18,6.8509,3.8922,0.135,0.36
ViT-B-16__block12,200_300,1,17,6.8516,3.8985,0.135,0.33
ViT-B-16__block12,200_300,2,20,6.8228,3.8737,0.13,0.36
ViT-B-16__block12,200_300,3,17,6.8537,3.9302,0.12,0.34
ViT-B-16__block12,200_300,4,18,6.8669,3.872,0.145,0.35
ViT-B-16__block12,300_400,0,14,7.1238,4.2647,0.055,0.24
ViT-B-16__block12,300_400,1,14,7.1115,4.3382,0.065,0.225
ViT-B-16__block12,300_400,2,12,7.1504,4.2859,0.07,0.215
ViT-B-16__block12,300_400,3,12,7.1371,4.3126,0.075,0.24
ViT-B-16__block12,300_400,4,11,7.1727,4.3171,0.075,0.24
ViT-B-16__block12,400_500,0,11,7.3653,4.9097,0.035,0.095
ViT-B-16__block12,400_500,1,11,7.4028,4.9259,0.01,0.08
ViT-B-16__block12,400_500,2,12,7.3527,4.8988,0.01,0.085
ViT-B-16__block12,400_500,3,12,7.3616,4.8904,0.02,0.12
ViT-B-16__block12,400_500,4,16,7.3612,4.8643,0.035,0.11
ViT-B-16__block12,500_600,0,3,7.4889,5.2757,0.0,0.06
ViT-B-16__block12,500_600,1,3,7.5191,5.2423,0.0,0.055
ViT-B-16__block12,500_600,2,3,7.4801,5.262,0.01,0.055
ViT-B-16__block12,500_600,3,3,7.5008,5.2622,0.01,0.04
ViT-B-16__block12,500_600,4,3,7.5415,5.256,0.01,0.04
ViT-B-16__block12,600_700,0,2,7.5066,5.2968,0.0,0.03
ViT-B-16__block12,600_700,1,2,7.5258,5.2975,0.0,0.025
ViT-B-16__block12,600_700,2,3,7.4798,5.2523,0.01,0.055
ViT-B-16__block12,600_700,3,3,7.5167,5.2499,0.02,0.04
ViT-B-16__block12,600_700,4,3,7.5486,5.2957,0.005,0.03
ViT-B-16__block12,700_800,0,2,7.5248,5.3026,0.005,0.055
ViT-B-16__block12,700_800,1,2,7.5221,5.3182,0.0,0.03
ViT-B-16__block12,700_800,2,3,7.5063,5.3025,0.005,0.035
ViT-B-16__block12,700_800,3,2,7.5236,5.337,0.005,0.035
ViT-B-16__block12,700_800,4,2,7.5422,5.3255,0.01,0.03
ViT-B-16__block12,800_900,0,2,7.5239,5.3322,0.0,0.025
ViT-B-16__block12,800_900,1,2,7.534,5.3482,0.0,0.03
ViT-B-16__block12,800_900,2,2,7.5144,5.3414,0.01,0.035
ViT-B-16__block12,800_900,3,2,7.5215,5.3295,0.005,0.02
ViT-B-16__block12,800_900,4,2,7.551,5.3342,0.0,0.03
ViT-B-16__block12,900_1000,0,2,7.5346,5.3404,0.005,0.02
ViT-B-16__block12,900_1000,1,2,7.5452,5.3279,0.0,0.03
ViT-B-16__block12,900_1000,2,2,7.5203,5.3395,0.015,0.025
ViT-B-16__block12,900_1000,3,2,7.5403,5.3306,0.005,0.04
ViT-B-16__block12,900_1000,4,2,7.553,5.3295,0.005,0.035
ViT-B-16__block12__fov,0_100,0,11,7.3323,4.905,0.04,0.115
ViT-B-16__block12__fov,0_100,1,13,7.3514,4.8967,0.045,0.13
ViT-B-16__block12__fov,0_100,2,15,7.3084,4.8796,0.015,0.13
ViT-B-16__block12__fov,0_100,3,14,7.3175,4.9192,0.025,0.135
ViT-B-16__block12__fov,0_100,4,12,7.3439,4.8315,0.035,0.15
ViT-B-16__block12__fov,100_200,0,21,6.764,3.8622,0.135,0.39
ViT-B-16__block12__fov,100_200,1,21,6.7531,3.8357,0.15,0.4
ViT-B-16__block12__fov,100_200,2,21,6.8232,3.8493,0.145,0.385
ViT-B-16__block12__fov,100_200,3,23,6.8454,3.8026,0.175,0.415
ViT-B-16__block12__fov,100_200,4,21,6.7443,3.8688,0.145,0.415
ViT-B-16__block12__fov,200_300,0,18,6.8428,3.849,0.13,0.35
ViT-B-16__block12__fov,200_300,1,20,6.8406,3.8856,0.15,0.34
ViT-B-16__block12__fov,200_300,2,20,6.812,3.9026,0.16,0.33
ViT-B-16__block12__fov,200_300,3,23,6.857,3.8448,0.13,0.355
ViT-B-16__block12__fov,200_300,4,17,6.8615,3.8898,0.13,0.35
ViT-B-16__block12__fov,300_400,0,14,7.1492,4.2447,0.085,0.235
ViT-B-16__block12__fov,300_400,1,14,7.1099,4.2907,0.085,0.24
ViT-B-16__block12__fov,300_400,2,14,7.1455,4.2652,0.1,0.255
ViT-B-16__block12__fov,300_400,3,15,7.1312,4.2738,0.095,0.205
ViT-B-16__block12__fov,300_400,4,11,7.1599,4.3071,0.095,0.23
ViT-B-16__block12__fov,400_500,0,11,7.3552,4.9372,0.01,0.085
ViT-B-16__block12__fov,400_500,1,14,7.3996,4.9511,0.03,0.065
ViT-B-16__block12__fov,400_500,2,14,7.3526,4.8587,0.025,0.13
ViT-B-16__block12__fov,400_500,3,11,7.3633,4.9266,0.025,0.1
ViT-B-16__block12__fov,400_500,4,11,7.3721,4.9365,0.02,0.065
ViT-B-16__block12__fov,500_600,0,5,7.5068,5.2117,0.015,0.07
ViT-B-16__block12__fov,500_600,1,3,7.5279,5.2632,0.015,0.03
ViT-B-16__block12__fov,500_600,2,5,7.5098,5.2237,0.02,0.035
ViT-B-16__block12__fov,500_600,3,3,7.4994,5.2513,0.01,0.05
ViT-B-16__block12__fov,500_600,4,3,7.5284,5.2502,0.01,0.035
ViT-B-16__block12__fov,600_700,0,3,7.5156,5.2791,0.005,0.04
ViT-B-16__block12__fov,600_700,1,3,7.5201,5.2757,0.015,0.055
ViT-B-16__block12__fov,600_700,2,4,7.5162,5.2709,0.01,0.05
ViT-B-16__block12__fov,600_700,3,3,7.5386,5.2394,0.005,0.05
ViT-B-16__block12__fov,600_700,4,3,7.5192,5.279,0.005,0.03
ViT-B-16__block12__fov,700_800,0,3,7.5162,5.3238,0.0,0.025
ViT-B-16__block12__fov,700_800,1,3,7.5364,5.3161,0.015,0.05
ViT-B-16__block12__fov,700_800,2,3,7.5307,5.3166,0.01,0.025
ViT-B-16__block12__fov,700_800,3,2,7.5401,5.3235,0.0,0.025
ViT-B-16__block12__fov,700_800,4,3,7.5309,5.3298,0.01,0.02
ViT-B-16__block12__fov,800_900,0,2,7.53,5.3289,0.0,0.03
ViT-B-16__block12__fov,800_900,1,2,7.5389,5.3444,0.0,0.035
ViT-B-16__block12__fov,800_900,2,3,7.5367,5.3387,0.015,0.035
ViT-B-16__block12__fov,800_900,3,2,7.5417,5.3076,0.015,0.045
ViT-B-16__block12__fov,800_900,4,2,7.5328,5.346,0.01,0.025
ViT-B-16__block12__fov,900_1000,0,2,7.5409,5.3437,0.01,0.03
ViT-B-16__block12__fov,900_1000,1,2,7.5405,5.3556,0.0,0.055
ViT-B-16__block12__fov,900_1000,2,3,7.5403,5.3335,0.005,0.025
ViT-B-16__block12__fov,900_1000,3,2,7.5387,5.3624,0.015,0.035
ViT-B-16__block12__fov,900_1000,4,2,7.5316,5.3369,0.01,0.025
ViT-B-16__block2,0_100,0,17,6.9165,4.0613,0.085,0.24
ViT-B-16__block2,0_100,1,16,6.9003,4.1035,0.09,0.26
ViT-B-16__block2,0_100,2,19,6.8397,4.03,0.095,0.285
ViT-B-16__block2,0_100,3,18,6.8622,4.0392,0.08,0.265
ViT-B-16__block2,0_100,4,16,6.914,4.0317,0.08,0.29
ViT-B-16__block2,100_200,0,23,6.4129,3.2062,0.19,0.5
ViT-B-16__block2,100_200,1,24,6.3899,3.2123,0.17,0.46
ViT-B-16__block2,100_200,2,22,6.4456,3.2126,0.17,0.47
ViT-B-16__block2,100_200,3,21,6.4513,3.2543,0.17,0.48
ViT-B-16__block2,100_200,4,27,6.3802,3.1845,0.175,0.505
ViT-B-16__block2,200_300,0,19,6.7496,3.6959,0.15,0.38
ViT-B-16__block2,200_300,1,16,6.7338,3.7428,0.16,0.345
ViT-B-16__block2,200_300,2,20,6.6534,3.6997,0.16,0.36
ViT-B-16__block2,200_300,3,15,6.7397,3.8179,0.155,0.315
ViT-B-16__block2,200_300,4,19,6.7265,3.7396,0.18,0.38
ViT-B-16__block2,300_400,0,8,7.1872,4.5648,0.04,0.185
ViT-B-16__block2,300_400,1,9,7.2044,4.6095,0.055,0.19
ViT-B-16__block2,300_400,2,11,7.1669,4.5566,0.06,0.19
ViT-B-16__block2,300_400,3,9,7.1804,4.5295,0.055,0.2
ViT-B-16__block2,300_400,4,8,7.2064,4.5761,0.075,0.185
ViT-B-16__block2,400_500,0,4,7.3867,5.1057,0.03,0.11
ViT-B-16__block2,400_500,1,3,7.4025,5.1694,0.01,0.05
ViT-B-16__block2,400_500,2,4,7.3793,5.0913,0.01,0.07
ViT-B-16__block2,400_500,3,6,7.3705,5.0084,0.035,0.085
ViT-B-16__block2,400_500,4,4,7.4026,5.0986,0.025,0.085
ViT-B-16__block2,500_600,0,4,7.4412,5.2529,0.0,0.045
ViT-B-16__block2,500_600,1,3,7.4504,5.2579,0.02,0.05
ViT-B-16__block2,500_600,2,3,7.4479,5.2615,0.005,0.03
ViT-B-16__block2,500_600,3,3,7.423,5.2608,0.0,0.035
ViT-B-16__block2,500_600,4,3,7.4541,5.2545,0.01,0.025
ViT-B-16__block2,600_700,0,3,7.4644,5.2875,0.005,0.03
ViT-B-16__block2,600_700,1,3,7.4642,5.2787,0.01,0.045
ViT-B-16__block2,600_700,2,3,7.4648,5.2913,0.005,0.01
ViT-B-16__block2,600_700,3,3,7.4502,5.2805,0.005,0.045
ViT-B-16__block2,600_700,4,2,7.4568,5.2961,0.01,0.02
ViT-B-16__block2,700_800,0,3,7.4619,5.3039,0.005,0.02
ViT-B-16__block2,700_800,1,3,7.464,5.3107,0.0,0.02
ViT-B-16__block2,700_800,2,2,7.4623,5.3271,0.005,0.015
ViT-B-16__block2,700_800,3,3,7.4419,5.3098,0.005,0.025
ViT-B-16__block2,700_800,4,2,7.4656,5.3144,0.01,0.02
ViT-B-16__block2,800_900,0,2,7.4666,5.3232,0.005,0.025
ViT-B-16__block2,800_900,1,2,7.4679,5.3145,0.01,0.015
ViT-B-16__block2,800_900,2,3,7.4556,5.3217,0.005,0.015
ViT-B-16__block2,800_900,3,3,7.4497,5.3014,0.005,0.025
ViT-B-16__block2,800_900,4,2,7.4593,5.3191,0.005,0.025
ViT-B-16__block2,900_1000,0,2,7.4745,5.3212,0.01,0.02
ViT-B-16__block2,900_1000,1,2,7.4647,5.3166,0.005,0.03
ViT-B-16__block2,900_1000,2,2,7.4618,5.3114,0.0,0.02
ViT-B-16__block2,900_1000,3,2,7.4612,5.3045,0.015,0.03
ViT-B-16__block2,900_1000,4,2,7.4515,5.3194,0.005,0.03
ViT-B-16__block2__fov,0_100,0,17,6.89,3.9683,0.09,0.275
ViT-B-16__block2__fov,0_100,1,16,6.8744,4.0034,0.085,0.255
ViT-B-16__block2__fov,0_100,2,19,6.822,3.9398,0.085,0.27
ViT-B-16__block2__fov,0_100,3,18,6.8232,3.9457,0.085,0.29
ViT-B-16__block2__fov,0_100,4,16,6.8699,3.9604,0.08,0.28
ViT-B-16__block2__fov,100_200,0,26,6.3924,3.1019,0.19,0.52
ViT-B-16__block2__fov,100_200,1,24,6.3485,3.1208,0.195,0.485
ViT-B-16__block2__fov,100_200,2,22,6.4228,3.1227,0.17,0.52
ViT-B-16__block2__fov,100_200,3,25,6.4261,3.1457,0.17,0.495
ViT-B-16__block2__fov,100_200,4,35,6.3534,3.0528,0.205,0.535
ViT-B-16__block2__fov,200_300,0,19,6.7467,3.6021,0.165,0.395
ViT-B-16__block2__fov,200_300,1,16,6.7228,3.6471,0.18,0.39
ViT-B-16__block2__fov,200_300,2,20,6.6362,3.6188,0.155,0.41
ViT-B-16__block2__fov,200_300,3,15,6.7336,3.7456,0.16,0.35
ViT-B-16__block2__fov,200_300,4,18,6.7028,3.6724,0.18,0.38
ViT-B-16__block2__fov,300_400,0,8,7.1862,4.5314,0.045,0.215
ViT-B-16__block2__fov,300_400,1,9,7.1959,4.5551,0.055,0.165
ViT-B-16__block2__fov,300_400,2,11,7.1633,4.5145,0.065,0.195
ViT-B-16__block2__fov,300_400,3,9,7.189,4.5163,0.05,0.185
ViT-B-16__block2__fov,300_400,4,8,7.1911,4.5635,0.055,0.18
ViT-B-16__block2__fov,400_500,0,4,7.3891,5.1002,0.015,0.095
ViT-B-16__block2__fov,400_500,1,3,7.4068,5.1618,0.0,0.05
ViT-B-16__block2__fov,400_500,2,6,7.3774,5.0075,0.015,0.07
ViT-B-16__block2__fov,400_500,3,7,7.3772,5.01,0.03,0.075
ViT-B-16__block2__fov,400_500,4,4,7.4031,5.1197,0.02,0.08
ViT-B-16__block2__fov,500_600,0,4,7.4425,5.2429,0.01,0.04
ViT-B-16__block2__fov,500_600,1,3,7.4464,5.2495,0.005,0.02
ViT-B-16__block2__fov,500_600,2,3,7.4473,5.2568,0.0,0.025
ViT-B-16__block2__fov,500_600,3,3,7.4278,5.256,0.01,0.045
ViT-B-16__block2__fov,500_600,4,3,7.4428,5.2573,0.005,0.025
ViT-B-16__block2__fov,600_700,0,3,7.4626,5.2836,0.0,0.015
ViT-B-16__block2__fov,600_700,1,3,7.4655,5.2759,0.0,0.035
ViT-B-16__block2__fov,600_700,2,3,7.4728,5.2902,0.005,0.05
ViT-B-16__block2__fov,600_700,3,3,7.4512,5.2845,0.01,0.035
ViT-B-16__block2__fov,600_700,4,2,7.4537,5.2997,0.01,0.01
ViT-B-16__block2__fov,700_800,0,3,7.4712,5.3026,0.01,0.045
ViT-B-16__block2__fov,700_800,1,2,7.4623,5.2997,0.005,0.025
ViT-B-16__block2__fov,700_800,2,3,7.4644,5.3282,0.005,0.01
ViT-B-16__block2__fov,700_800,3,3,7.4469,5.314,0.0,0.015
ViT-B-16__block2__fov,700_800,4,3,7.4561,5.3105,0.005,0.01
ViT-B-16__block2__fov,800_900,0,2,7.4702,5.3229,0.01,0.035
ViT-B-16__block2__fov,800_900,1,2,7.4638,5.308,0.0,0.035
ViT-B-16__block2__fov,800_900,2,3,7.4639,5.3214,0.005,0.015
ViT-B-16__block2__fov,800_900,3,3,7.4535,5.3101,0.005,0.02
ViT-B-16__block2__fov,800_900,4,2,7.4648,5.3209,0.0,0.02
ViT-B-16__block2__fov,900_1000,0,2,7.471,5.317,0.0,0.035
ViT-B-16__block2__fov,900_1000,1,2,7.4636,5.3108,0.01,0.025
ViT-B-16__block2__fov,900_1000,2,2,7.4686,5.3105,0.0,0.02
ViT-B-16__block2__fov,900_1000,3,2,7.4592,5.3114,0.005,0.025
ViT-B-16__block2__fov,900_1000,4,2,7.4566,5.3193,0.01,0.03
ViT-B-16__block4,0_100,0,17,6.8996,4.0046,0.08,0.255
ViT-B-16__block4,0_100,1,16,6.9137,3.9859,0.085,0.275
ViT-B-16__block4,0_100,2,18,6.8635,3.9288,0.095,0.29
ViT-B-16__block4,0_100,3,15,6.8697,4.0502,0.055,0.265
ViT-B-16__block4,0_100,4,19,6.8835,3.9343,0.09,0.285
ViT-B-16__block4,100_200,0,26,6.2875,2.8688,0.25,0.57
ViT-B-16__block4,100_200,1,25,6.2272,2.9022,0.26,0.56
ViT-B-16__block4,100_200,2,23,6.2959,2.9085,0.225,0.57
ViT-B-16__block4,100_200,3,25,6.3151,2.9263,0.22,0.55
ViT-B-16__block4,100_200,4,35,6.2157,2.8509,0.23,0.56
ViT-B-16__block4,200_300,0,19,6.6001,3.4186,0.185,0.395
ViT-B-16__block4,200_300,1,16,6.6171,3.4588,0.17,0.405
ViT-B-16__block4,200_300,2,20,6.5656,3.4242,0.17,0.395
ViT-B-16__block4,200_300,3,21,6.6391,3.4203,0.165,0.405
ViT-B-16__block4,200_300,4,16,6.641,3.5139,0.145,0.365
ViT-B-16__block4,300_400,0,9,7.0552,4.2828,0.08,0.255
ViT-B-16__block4,300_400,1,12,7.0972,4.2148,0.055,0.27
ViT-B-16__block4,300_400,2,12,7.1091,4.2128,0.085,0.275
ViT-B-16__block4,300_400,3,9,7.1129,4.2784,0.08,0.27
ViT-B-16__block4,300_400,4,11,7.0922,4.2567,0.095,0.26
ViT-B-16__block4,400_500,0,6,7.369,4.9522,0.025,0.11
ViT-B-16__block4,400_500,1,4,7.4025,5.0558,0.025,0.1
ViT-B-16__block4,400_500,2,6,7.3761,4.9473,0.03,0.095
ViT-B-16__block4,400_500,3,7,7.3538,4.9254,0.035,0.08
ViT-B-16__block4,400_500,4,6,7.3654,5.0128,0.02,0.09
ViT-B-16__block4,500_600,0,3,7.4324,5.2126,0.01,0.065
ViT-B-16__block4,500_600,1,2,7.4544,5.2454,0.005,0.07
ViT-B-16__block4,500_600,2,3,7.4491,5.2454,0.005,0.075
ViT-B-16__block4,500_600,3,3,7.4361,5.2425,0.01,0.05
ViT-B-16__block4,500_600,4,3,7.4502,5.2314,0.02,0.055
ViT-B-16__block4,600_700,0,2,7.4623,5.2556,0.005,0.04
ViT-B-16__block4,600_700,1,2,7.4582,5.2603,0.02,0.045
ViT-B-16__block4,600_700,2,2,7.465,5.2722,0.015,0.06
ViT-B-16__block4,600_700,3,2,7.443,5.2704,0.005,0.04
ViT-B-16__block4,600_700,4,3,7.4548,5.277,0.005,0.045
ViT-B-16__block4,700_800,0,3,7.4684,5.2945,0.02,0.04
ViT-B-16__block4,700_800,1,2,7.4693,5.2955,0.005,0.035
ViT-B-16__block4,700_800,2,2,7.47,5.3134,0.01,0.05
ViT-B-16__block4,700_800,3,2,7.4447,5.2926,0.005,0.045
ViT-B-16__block4,700_800,4,3,7.4527,5.3069,0.015,0.03
ViT-B-16__block4,800_900,0,2,7.4817,5.3268,0.005,0.03
ViT-B-16__block4,800_900,1,2,7.4762,5.2998,0.005,0.025
ViT-B-16__block4,800_900,2,2,7.4691,5.3067,0.01,0.025
ViT-B-16__block4,800_900,3,2,7.4592,5.3083,0.005,0.035
ViT-B-16__block4,800_900,4,2,7.4567,5.3171,0.0,0.015
ViT-B-16__block4,900_1000,0,2,7.4825,5.3123,0.005,0.045
ViT-B-16__block4,900_1000,1,2,7.4764,5.3241,0.005,0.02
ViT-B-16__block4,900_1000,2,2,7.47,5.3138,0.0,0.035
ViT-B-16__block4,900_1000,3,2,7.4601,5.3115,0.01,0.04
ViT-B-16__block4,900_1000,4,2,7.448,5.3257,0.0,0.015
ViT-B-16__block4__fov,0_100,0,19,6.908,3.9018,0.085,0.295
ViT-B-16__block4__fov,0_100,1,16,6.877,3.9366,0.085,0.28
ViT-B-16__block4__fov,0_100,2,20,6.8653,3.8989,0.11,0.3
ViT-B-16__block4__fov,0_100,3,15,6.8535,3.9803,0.08,0.305
ViT-B-16__block4__fov,0_100,4,19,6.8599,3.8679,0.08,0.295
ViT-B-16__block4__fov,100_200,0,26,6.2523,2.772,0.255,0.59
ViT-B-16__block4__fov,100_200,1,25,6.1792,2.8342,0.27,0.575
ViT-B-16__block4__fov,100_200,2,23,6.2503,2.821,0.22,0.605
ViT-B-16__block4__fov,100_200,3,25,6.2734,2.8337,0.23,0.605
ViT-B-16__block4__fov,100_200,4,35,6.1664,2.748,0.26,0.585
ViT-B-16__block4__fov,200_300,0,19,6.5771,3.3302,0.165,0.435
ViT-B-16__block4__fov,200_300,1,19,6.6128,3.3719,0.165,0.415
ViT-B-16__block4__fov,200_300,2,21,6.5714,3.3315,0.16,0.415
ViT-B-16__block4__fov,200_300,3,21,6.6255,3.3562,0.175,0.44
ViT-B-16__block4__fov,200_300,4,21,6.6104,3.3714,0.14,0.415
ViT-B-16__block4__fov,300_400,0,9,7.0695,4.2313,0.085,0.295
ViT-B-16__block4__fov,300_400,1,12,7.1098,4.1767,0.085,0.265
ViT-B-16__block4__fov,300_400,2,12,7.1004,4.1792,0.085,0.305
ViT-B-16__block4__fov,300_400,3,9,7.1003,4.2504,0.085,0.27
ViT-B-16__block4__fov,300_400,4,11,7.0873,4.2292,0.105,0.255
ViT-B-16__block4__fov,400_500,0,6,7.3648,4.9195,0.02,0.115
ViT-B-16__block4__fov,400_500,1,4,7.3994,5.0562,0.02,0.09
ViT-B-16__block4__fov,400_500,2,6,7.3766,4.9701,0.025,0.12
ViT-B-16__block4__fov,400_500,3,7,7.3564,4.9651,0.02,0.085
ViT-B-16__block4__fov,400_500,4,6,7.3603,4.9663,0.02,0.105
ViT-B-16__block4__fov,500_600,0,3,7.4334,5.2147,0.02,0.065
ViT-B-16__block4__fov,500_600,1,3,7.4602,5.2321,0.005,0.04
ViT-B-16__block4__fov,500_600,2,3,7.4521,5.232,0.01,0.04
ViT-B-16__block4__fov,500_600,3,3,7.4325,5.2287,0.01,0.06
ViT-B-16__block4__fov,500_600,4,3,7.4465,5.2264,0.02,0.07
ViT-B-16__block4__fov,600_700,0,3,7.4512,5.2433,0.01,0.055
ViT-B-16__block4__fov,600_700,1,3,7.47,5.2526,0.005,0.045
ViT-B-16__block4__fov,600_700,2,2,7.4605,5.2764,0.01,0.05
ViT-B-16__block4__fov,600_700,3,2,7.4623,5.2688,0.01,0.04
ViT-B-16__block4__fov,600_700,4,2,7.4528,5.2839,0.0,0.035
ViT-B-16__block4__fov,700_800,0,3,7.4685,5.2821,0.0,0.035
ViT-B-16__block4__fov,700_800,1,2,7.4737,5.3087,0.0,0.015
ViT-B-16__block4__fov,700_800,2,2,7.4707,5.3142,0.005,0.03
ViT-B-16__block4__fov,700_800,3,2,7.443,5.2966,0.01,0.04
ViT-B-16__block4__fov,700_800,4,3,7.4692,5.3066,0.015,0.03
ViT-B-16__block4__fov,800_900,0,2,7.475,5.3134,0.005,0.035
ViT-B-16__block4__fov,800_900,1,2,7.4857,5.2986,0.005,0.04
ViT-B-16__block4__fov,800_900,2,2,7.4683,5.3096,0.005,0.045
ViT-B-16__block4__fov,800_900,3,2,7.4661,5.298,0.01,0.045
ViT-B-16__block4__fov,800_900,4,2,7.4595,5.3126,0.01,0.025
ViT-B-16__block4__fov,900_1000,0,2,7.4612,5.3147,0.0,0.025
ViT-B-16__block4__fov,900_1000,1,2,7.4834,5.3266,0.0,0.025
ViT-B-16__block4__fov,900_1000,2,2,7.4705,5.3164,0.01,0.04
ViT-B-16__block4__fov,900_1000,3,2,7.4692,5.3081,0.0,0.035
ViT-B-16__block4__fov,900_1000,4,2,7.4514,5.3187,0.005,0.025
ViT-B-16__block6,0_100,0,17,7.0428,4.2071,0.065,0.255
ViT-B-16__block6,0_100,1,19,7.0461,4.1423,0.08,0.265
ViT-B-16__block6,0_100,2,17,6.9935,4.192,0.07,0.27
ViT-B-16__block6,0_100,3,19,7.0208,4.1861,0.085,0.255
ViT-B-16__block6,0_100,4,20,7.0421,4.1595,0.075,0.28
ViT-B-16__block6,100_200,0,25,6.4082,3.0804,0.235,0.53
ViT-B-16__block6,100_200,1,25,6.392,3.0846,0.215,0.55
ViT-B-16__block6,100_200,2,31,6.3962,3.0287,0.225,0.555
ViT-B-16__block6,100_200,3,25,6.4286,3.0846,0.255,0.52
ViT-B-16__block6,100_200,4,31,6.3785,3.0355,0.24,0.56
ViT-B-16__block6,200_300,0,22,6.6298,3.4447,0.135,0.45
ViT-B-16__block6,200_300,1,22,6.6632,3.4254,0.155,0.43
ViT-B-16__block6,200_300,2,21,6.5879,3.4389,0.145,0.42
ViT-B-16__block6,200_300,3,21,6.6738,3.4633,0.125,0.43
ViT-B-16__block6,200_300,4,20,6.6614,3.4414,0.15,0.425
ViT-B-16__block6,300_400,0,11,7.0934,4.2517,0.06,0.235
ViT-B-16__block6,300_400,1,13,7.0769,4.2519,0.06,0.23
ViT-B-16__block6,300_400,2,12,7.1136,4.2374,0.055,0.265
ViT-B-16__block6,300_400,3,14,7.0911,4.1856,0.09,0.23
ViT-B-16__block6,300_400,4,11,7.0838,4.2262,0.045,0.24
ViT-B-16__block6,400_500,0,7,7.37,4.9549,0.005,0.08
ViT-B-16__block6,400_500,1,6,7.4172,5.0236,0.01,0.08
ViT-B-16__block6,400_500,2,8,7.3988,4.9585,0.01,0.1
ViT-B-16__block6,400_500,3,9,7.3781,4.9454,0.02,0.1
ViT-B-16__block6,400_500,4,7,7.3796,4.963,0.02,0.105
ViT-B-16__block6,500_600,0,3,7.4643,5.2274,0.015,0.065
ViT-B-16__block6,500_600,1,2,7.497,5.2548,0.01,0.035
ViT-B-16__block6,500_600,2,3,7.4842,5.2457,0.01,0.03
ViT-B-16__block6,500_600,3,3,7.4674,5.2099,0.005,0.01
ViT-B-16__block6,500_600,4,3,7.4818,5.2594,0.015,0.035
ViT-B-16__block6,600_700,0,2,7.4796,5.2783,0.0,0.035
ViT-B-16__block6,600_700,1,2,7.5045,5.3058,0.005,0.025
ViT-B-16__block6,600_700,2,2,7.4881,5.2877,0.015,0.04
ViT-B-16__block6,600_700,3,2,7.4925,5.2653,0.005,0.05
ViT-B-16__block6,600_700,4,2,7.4779,5.3023,0.005,0.04
ViT-B-16__block6,700_800,0,2,7.477,5.3289,0.01,0.035
ViT-B-16__block6,700_800,1,2,7.5145,5.322,0.005,0.03
ViT-B-16__block6,700_800,2,2,7.4796,5.3248,0.005,0.035
ViT-B-16__block6,700_800,3,2,7.4911,5.3026,0.015,0.045
ViT-B-16__block6,700_800,4,2,7.484,5.333,0.01,0.03
ViT-B-16__block6,800_900,0,2,7.4987,5.3342,0.01,0.01
ViT-B-16__block6,800_900,1,2,7.5168,5.3417,0.01,0.02
ViT-B-16__block6,800_900,2,2,7.5039,5.3198,0.005,0.015
ViT-B-16__block6,800_900,3,2,7.4869,5.3079,0.005,0.03
ViT-B-16__block6,800_900,4,2,7.4952,5.3202,0.005,0.025
ViT-B-16__block6,900_1000,0,2,7.4851,5.3331,0.005,0.02
ViT-B-16__block6,900_1000,1,2,7.5062,5.3405,0.005,0.035
ViT-B-16__block6,900_1000,2,2,7.5044,5.3128,0.005,0.025
ViT-B-16__block6,900_1000,3,2,7.4913,5.2988,0.015,0.04
ViT-B-16__block6,900_1000,4,2,7.4797,5.3292,0.0,0.03
ViT-B-16__block6__fov,0_100,0,19,7.0358,4.1763,0.07,0.245
ViT-B-16__block6__fov,0_100,1,19,7.0299,4.1244,0.1,0.26
ViT-B-16__block6__fov,0_100,2,20,6.994,4.1281,0.1,0.255
ViT-B-16__block6__fov,0_100,3,19,6.9914,4.1225,0.07,0.27
ViT-B-16__block6__fov,0_100,4,20,7.0108,4.1125,0.1,0.27
ViT-B-16__block6__fov,100_200,0,29,6.3584,3.0069,0.235,0.55
ViT-B-16__block6__fov,100_200,1,25,6.315,2.9815,0.26,0.615
ViT-B-16__block6__fov,100_200,2,28,6.3529,2.9802,0.245,0.58
ViT-B-16__block6__fov,100_200,3,24,6.3876,3.0325,0.265,0.53
ViT-B-16__block6__fov,100_200,4,26,6.3338,3.0286,0.215,0.56
ViT-B-16__block6__fov,200_300,0,21,6.6154,3.3941,0.17,0.465
ViT-B-16__block6__fov,200_300,1,20,6.6389,3.381,0.115,0.44
ViT-B-16__block6__fov,200_300,2,24,6.5835,3.3746,0.125,0.455
ViT-B-16__block6__fov,200_300,3,21,6.6476,3.3832,0.125,0.465
ViT-B-16__block6__fov,200_300,4,23,6.6318,3.3336,0.14,0.475
ViT-B-16__block6__fov,300_400,0,11,7.101,4.2367,0.07,0.26
ViT-B-16__block6__fov,300_400,1,11,7.0841,4.2091,0.07,0.25
ViT-B-16__block6__fov,300_400,2,11,7.1109,4.2381,0.06,0.235
ViT-B-16__block6__fov,300_400,3,12,7.0881,4.1541,0.11,0.295
ViT-B-16__block6__fov,300_400,4,11,7.0896,4.2072,0.09,0.265
ViT-B-16__block6__fov,400_500,0,7,7.398,4.9217,0.025,0.08
ViT-B-16__block6__fov,400_500,1,6,7.411,4.9882,0.03,0.095
ViT-B-16__block6__fov,400_500,2,9,7.3932,4.9213,0.01,0.07
ViT-B-16__block6__fov,400_500,3,8,7.3656,4.9088,0.015,0.065
ViT-B-16__block6__fov,400_500,4,7,7.3864,4.9263,0.015,0.11
ViT-B-16__block6__fov,500_600,0,3,7.4636,5.2297,0.01,0.05
ViT-B-16__block6__fov,500_600,1,2,7.4807,5.2467,0.01,0.07
ViT-B-16__block6__fov,500_600,2,3,7.474,5.2055,0.025,0.07
ViT-B-16__block6__fov,500_600,3,3,7.4572,5.1997,0.01,0.04
ViT-B-16__block6__fov,500_600,4,3,7.4795,5.2154,0.0,0.04
ViT-B-16__block6__fov,600_700,0,2,7.5083,5.2767,0.005,0.05
ViT-B-16__block6__fov,600_700,1,2,7.4817,5.2668,0.01,0.025
ViT-B-16__block6__fov,600_700,2,2,7.4849,5.2854,0.01,0.035
ViT-B-16__block6__fov,600_700,3,2,7.4719,5.2767,0.005,0.025
ViT-B-16__block6__fov,600_700,4,2,7.4775,5.2706,0.0,0.03
ViT-B-16__block6__fov,700_800,0,3,7.5127,5.3004,0.015,0.05
ViT-B-16__block6__fov,700_800,1,2,7.4977,5.2989,0.01,0.025
ViT-B-16__block6__fov,700_800,2,2,7.5005,5.3011,0.01,0.04
ViT-B-16__block6__fov,700_800,3,2,7.484,5.3122,0.0,0.01
ViT-B-16__block6__fov,700_800,4,2,7.4895,5.3027,0.01,0.03
ViT-B-16__block6__fov,800_900,0,2,7.5052,5.3258,0.01,0.035
ViT-B-16__block6__fov,800_900,1,2,7.5037,5.3124,0.01,0.02
ViT-B-16__block6__fov,800_900,2,2,7.5035,5.3277,0.0,0.01
ViT-B-16__block6__fov,800_900,3,2,7.4832,5.3346,0.0,0.025
ViT-B-16__block6__fov,800_900,4,2,7.4762,5.3166,0.005,0.03
ViT-B-16__block6__fov,900_1000,0,2,7.5145,5.3245,0.005,0.03
ViT-B-16__block6__fov,900_1000,1,2,7.5039,5.3163,0.01,0.025
ViT-B-16__block6__fov,900_1000,2,2,7.5116,5.3158,0.0,0.02
ViT-B-16__block6__fov,900_1000,3,2,7.4983,5.321,0.0,0.015
ViT-B-16__block6__fov,900_1000,4,2,7.4933,5.3365,0.01,0.02
ViT-B-16__block8,0_100,0,17,7.1333,4.4649,0.06,0.195
ViT-B-16__block8,0_100,1,19,7.1354,4.4464,0.06,0.205
ViT-B-16__block8,0_100,2,15,7.1616,4.4705,0.04,0.2
ViT-B-16__block8,0_100,3,15,7.1213,4.5071,0.03,0.16
ViT-B-16__block8,0_100,4,14,7.156,4.4511,0.045,0.165
ViT-B-16__block8,100_200,0,25,6.5616,3.4533,0.165,0.455
ViT-B-16__block8,100_200,1,21,6.5507,3.5087,0.145,0.455
ViT-B-16__block8,100_200,2,21,6.5747,3.4925,0.135,0.43
ViT-B-16__block8,100_200,3,19,6.6246,3.5155,0.155,0.46
ViT-B-16__block8,100_200,4,22,6.5567,3.4577,0.165,0.455
ViT-B-16__block8,200_300,0,17,6.7146,3.7278,0.135,0.375
ViT-B-16__block8,200_300,1,19,6.7221,3.6602,0.165,0.415
ViT-B-16__block8,200_300,2,21,6.6876,3.659,0.13,0.365
ViT-B-16__block8,200_300,3,21,6.7386,3.646,0.16,0.405
ViT-B-16__block8,200_300,4,18,6.762,3.707,0.13,0.375
ViT-B-16__block8,300_400,0,12,7.1165,4.3124,0.065,0.255
ViT-B-16__block8,300_400,1,11,7.0873,4.3726,0.05,0.215
ViT-B-16__block8,300_400,2,12,7.1015,4.3311,0.06,0.23
ViT-B-16__block8,300_400,3,13,7.1126,4.2819,0.065,0.245
ViT-B-16__block8,300_400,4,11,7.1384,4.3412,0.055,0.25
ViT-B-16__block8,400_500,0,8,7.4075,4.9236,0.04,0.135
ViT-B-16__block8,400_500,1,6,7.4043,5.038,0.025,0.08
ViT-B-16__block8,400_500,2,9,7.3842,4.9383,0.015,0.1
ViT-B-16__block8,400_500,3,9,7.3735,4.9342,0.035,0.1
ViT-B-16__block8,400_500,4,9,7.3813,4.942,0.01,0.095
ViT-B-16__block8,500_600,0,3,7.4732,5.263,0.005,0.04
ViT-B-16__block8,500_600,1,2,7.4871,5.2644,0.005,0.03
ViT-B-16__block8,500_600,2,4,7.4798,5.242,0.005,0.04
ViT-B-16__block8,500_600,3,3,7.4696,5.2226,0.01,0.045
ViT-B-16__block8,500_600,4,3,7.4987,5.2486,0.005,0.03
ViT-B-16__block8,600_700,0,2,7.5051,5.303,0.01,0.035
ViT-B-16__block8,600_700,1,2,7.4866,5.2881,0.005,0.025
ViT-B-16__block8,600_700,2,3,7.4893,5.2978,0.01,0.02
ViT-B-16__block8,600_700,3,3,7.4804,5.2592,0.025,0.035
ViT-B-16__block8,600_700,4,2,7.5041,5.2744,0.005,0.025
ViT-B-16__block8,700_800,0,3,7.5026,5.3202,0.01,0.025
ViT-B-16__block8,700_800,1,2,7.5075,5.3267,0.0,0.03
ViT-B-16__block8,700_800,2,2,7.5001,5.3302,0.005,0.025
ViT-B-16__block8,700_800,3,2,7.5005,5.2964,0.0,0.03
ViT-B-16__block8,700_800,4,2,7.4927,5.3193,0.005,0.03
ViT-B-16__block8,800_900,0,2,7.498,5.3438,0.01,0.03
ViT-B-16__block8,800_900,1,2,7.5108,5.3343,0.0,0.015
ViT-B-16__block8,800_900,2,2,7.5087,5.3337,0.005,0.025
ViT-B-16__block8,800_900,3,2,7.5011,5.317,0.015,0.03
ViT-B-16__block8,800_900,4,2,7.5093,5.3169,0.005,0.02
ViT-B-16__block8,900_1000,0,2,7.5074,5.3482,0.01,0.03
ViT-B-16__block8,900_1000,1,2,7.5122,5.3366,0.0,0.025
ViT-B-16__block8,900_1000,2,2,7.5014,5.3397,0.005,0.04
ViT-B-16__block8,900_1000,3,2,7.5143,5.3068,0.0,0.025
ViT-B-16__block8,900_1000,4,2,7.4976,5.3225,0.01,0.035
ViT-B-16__block8__fov,0_100,0,16,7.1292,4.4334,0.05,0.17
ViT-B-16__block8__fov,0_100,1,17,7.1256,4.3608,0.07,0.215
ViT-B-16__block8__fov,0_100,2,19,7.1495,4.4452,0.07,0.225
ViT-B-16__block8__fov,0_100,3,17,7.0817,4.4269,0.065,0.195
ViT-B-16__block8__fov,0_100,4,16,7.1109,4.4298,0.06,0.2
ViT-B-16__block8__fov,100_200,0,22,6.481,3.3895,0.205,0.475
ViT-B-16__block8__fov,100_200,1,24,6.4843,3.3982,0.15,0.485
ViT-B-16__block8__fov,100_200,2,24,6.5205,3.407,0.16,0.46
ViT-B-16__block8__fov,100_200,3,24,6.582,3.3755,0.19,0.465
ViT-B-16__block8__fov,100_200,4,23,6.4761,3.3914,0.175,0.465
ViT-B-16__block8__fov,200_300,0,21,6.6964,3.5615,0.155,0.445
ViT-B-16__block8__fov,200_300,1,19,6.707,3.6139,0.16,0.425
ViT-B-16__block8__fov,200_300,2,21,6.6505,3.57,0.15,0.43
ViT-B-16__block8__fov,200_300,3,20,6.7312,3.5807,0.15,0.415
ViT-B-16__block8__fov,200_300,4,21,6.7223,3.5973,0.145,0.4
ViT-B-16__block8__fov,300_400,0,13,7.0936,4.2232,0.05,0.295
ViT-B-16__block8__fov,300_400,1,13,7.0765,4.2211,0.07,0.26
ViT-B-16__block8__fov,300_400,2,12,7.1163,4.2634,0.065,0.255
ViT-B-16__block8__fov,300_400,3,14,7.097,4.2437,0.075,0.255
ViT-B-16__block8__fov,300_400,4,11,7.0999,4.2953,0.06,0.22
ViT-B-16__block8__fov,400_500,0,9,7.3876,4.8442,0.03,0.1
ViT-B-16__block8__fov,400_500,1,8,7.4056,4.9089,0.01,0.08
ViT-B-16__block8__fov,400_500,2,8,7.3845,4.8943,0.01,0.095
ViT-B-16__block8__fov,400_500,3,9,7.3801,4.8626,0.03,0.13
ViT-B-16__block8__fov,400_500,4,8,7.3569,4.8864,0.02,0.11
ViT-B-16__block8__fov,500_600,0,3,7.4766,5.2243,0.005,0.06
ViT-B-16__block8__fov,500_600,1,2,7.5116,5.2748,0.005,0.045
ViT-B-16__block8__fov,500_600,2,3,7.4614,5.2059,0.01,0.065
ViT-B-16__block8__fov,500_600,3,3,7.4783,5.2447,0.01,0.05
ViT-B-16__block8__fov,500_600,4,3,7.4653,5.2389,0.015,0.04
ViT-B-16__block8__fov,600_700,0,3,7.4892,5.2665,0.01,0.035
ViT-B-16__block8__fov,600_700,1,2,7.5014,5.2953,0.005,0.025
ViT-B-16__block8__fov,600_700,2,2,7.4723,5.2839,0.015,0.05
ViT-B-16__block8__fov,600_700,3,3,7.5059,5.2561,0.0,0.045
ViT-B-16__block8__fov,600_700,4,2,7.4746,5.2862,0.01,0.03
ViT-B-16__block8__fov,700_800,0,3,7.5058,5.2951,0.01,0.04
ViT-B-16__block8__fov,700_800,1,2,7.5167,5.3251,0.0,0.0
ViT-B-16__block8__fov,700_800,2,2,7.5014,5.341,0.005,0.02
ViT-B-16__block8__fov,700_800,3,2,7.5066,5.3186,0.005,0.025
ViT-B-16__block8__fov,700_800,4,2,7.4836,5.3257,0.015,0.03
ViT-B-16__block8__fov,800_900,0,2,7.4921,5.3221,0.0,0.025
ViT-B-16__block8__fov,800_900,1,2,7.5133,5.3586,0.005,0.035
ViT-B-16__block8__fov,800_900,2,2,7.4899,5.3306,0.015,0.03
ViT-B-16__block8__fov,800_900,3,2,7.509,5.3183,0.01,0.025
ViT-B-16__block8__fov,800_900,4,2,7.4932,5.3214,0.005,0.02
ViT-B-16__block8__fov,900_1000,0,2,7.5171,5.3278,0.005,0.03
ViT-B-16__block8__fov,900_1000,1,2,7.5166,5.3234,0.005,0.025
ViT-B-16__block8__fov,900_1000,2,2,7.5093,5.3488,0.0,0.03
ViT-B-16__block8__fov,900_1000,3,2,7.5028,5.3283,0.01,0.035
ViT-B-16__block8__fov,900_1000,4,2,7.4919,5.3116,0.005,0.02
ViT-L-14__block12,0_100,0,16,7.1309,4.4459,0.045,0.19
ViT-L-14__block12,0_100,1,22,7.1527,4.3792,0.06,0.21
ViT-L-14__block12,0_100,2,17,7.1113,4.4363,0.05,0.19
ViT-L-14__block12,0_100,3,18,7.1214,4.4766,0.065,0.175
ViT-L-14__block12,0_100,4,16,7.1146,4.4299,0.07,0.155
ViT-L-14__block12,100_200,0,30,6.5838,3.384,0.18,0.47
ViT-L-14__block12,100_200,1,25,6.5588,3.451,0.195,0.435
ViT-L-14__block12,100_200,2,29,6.5708,3.4081,0.23,0.44
ViT-L-14__block12,100_200,3,25,6.6126,3.4285,0.19,0.47
ViT-L-14__block12,100_200,4,28,6.5744,3.4142,0.24,0.435
ViT-L-14__block12,200_300,0,20,6.7498,3.7368,0.125,0.315
ViT-L-14__block12,200_300,1,20,6.7856,3.7201,0.13,0.335
ViT-L-14__block12,200_300,2,20,6.7164,3.7784,0.1,0.32
ViT-L-14__block12,200_300,3,21,6.7959,3.7797,0.13,0.34
ViT-L-14__block12,200_300,4,21,6.8037,3.7439,0.11,0.305
ViT-L-14__block12,300_400,0,11,7.1857,4.4194,0.07,0.215
ViT-L-14__block12,300_400,1,12,7.1807,4.4189,0.065,0.25
ViT-L-14__block12,300_400,2,15,7.164,4.3147,0.07,0.255
ViT-L-14__block12,300_400,3,11,7.183,4.4626,0.075,0.22
ViT-L-14__block12,300_400,4,13,7.1941,4.38,0.08,0.215
ViT-L-14__block12,400_500,0,7,7.4214,5.0317,0.03,0.115
ViT-L-14__block12,400_500,1,7,7.4395,5.0521,0.01,0.075
ViT-L-14__block12,400_500,2,7,7.4241,5.0273,0.015,0.07
ViT-L-14__block12,400_500,3,9,7.4203,5.0173,0.025,0.105
ViT-L-14__block12,400_500,4,8,7.413,4.9869,0.045,0.13
ViT-L-14__block12,500_600,0,3,7.5089,5.2654,0.005,0.035
ViT-L-14__block12,500_600,1,2,7.5027,5.2736,0.005,0.02
ViT-L-14__block12,500_600,2,3,7.5022,5.2886,0.0,0.025
ViT-L-14__block12,500_600,3,2,7.4873,5.2801,0.0,0.035
ViT-L-14__block12,500_600,4,2,7.5135,5.2461,0.01,0.025
ViT-L-14__block12,600_700,0,2,7.5079,5.2899,0.005,0.02
ViT-L-14__block12,600_700,1,2,7.5168,5.3059,0.0,0.03
ViT-L-14__block12,600_700,2,3,7.5049,5.2896,0.0,0.03
ViT-L-14__block12,600_700,3,2,7.5074,5.3299,0.005,0.02
ViT-L-14__block12,600_700,4,2,7.5111,5.3168,0.02,0.03
ViT-L-14__block12,700_800,0,2,7.5,5.3145,0.005,0.035
ViT-L-14__block12,700_800,1,2,7.5147,5.3278,0.0,0.035
ViT-L-14__block12,700_800,2,3,7.5116,5.3494,0.005,0.02
ViT-L-14__block12,700_800,3,2,7.5025,5.3515,0.01,0.01
ViT-L-14__block12,700_800,4,2,7.489,5.3294,0.005,0.025
ViT-L-14__block12,800_900,0,2,7.5102,5.3275,0.0,0.025
ViT-L-14__block12,800_900,1,2,7.5219,5.3523,0.005,0.02
ViT-L-14__block12,800_900,2,2,7.5268,5.3182,0.01,0.025
ViT-L-14__block12,800_900,3,2,7.4985,5.3656,0.005,0.03
ViT-L-14__block12,800_900,4,2,7.5008,5.345,0.005,0.02
ViT-L-14__block12,900_1000,0,2,7.4926,5.3136,0.01,0.035
ViT-L-14__block12,900_1000,1,2,7.539,5.3464,0.005,0.015
ViT-L-14__block12,900_1000,2,2,7.5063,5.3364,0.005,0.025
ViT-L-14__block12,900_1000,3,2,7.5011,5.3516,0.0,0.015
ViT-L-14__block12,900_1000,4,2,7.4904,5.3301,0.005,0.035
ViT-L-14__block12__fov,0_100,0,20,7.0949,4.2988,0.08,0.185
ViT-L-14__block12__fov,0_100,1,21,7.0996,4.2819,0.085,0.24
ViT-L-14__block12__fov,0_100,2,17,7.089,4.3281,0.065,0.235
ViT-L-14__block12__fov,0_100,3,18,7.0835,4.3238,0.06,0.21
ViT-L-14__block12__fov,0_100,4,19,7.0761,4.3113,0.075,0.215
ViT-L-14__block12__fov,100_200,0,25,6.523,3.3571,0.23,0.48
ViT-L-14__block12__fov,100_200,1,28,6.4968,3.3271,0.215,0.455
ViT-L-14__block12__fov,100_200,2,25,6.5072,3.3339,0.25,0.465
ViT-L-14__block12__fov,100_200,3,25,6.5495,3.3245,0.24,0.49
ViT-L-14__block12__fov,100_200,4,28,6.4875,3.2807,0.24,0.48
ViT-L-14__block12__fov,200_300,0,23,6.7142,3.6051,0.13,0.41
ViT-L-14__block12__fov,200_300,1,20,6.7521,3.6625,0.12,0.41
ViT-L-14__block12__fov,200_300,2,21,6.6676,3.639,0.13,0.38
ViT-L-14__block12__fov,200_300,3,21,6.7509,3.6596,0.12,0.43
ViT-L-14__block12__fov,200_300,4,21,6.7614,3.6751,0.095,0.365
ViT-L-14__block12__fov,300_400,0,13,7.1517,4.335,0.095,0.245
ViT-L-14__block12__fov,300_400,1,11,7.1331,4.3893,0.07,0.235
ViT-L-14__block12__fov,300_400,2,12,7.1317,4.3452,0.08,0.28
ViT-L-14__block12__fov,300_400,3,11,7.1732,4.3707,0.08,0.255
ViT-L-14__block12__fov,300_400,4,11,7.1674,4.3801,0.09,0.24
ViT-L-14__block12__fov,400_500,0,9,7.3938,4.9522,0.02,0.095
ViT-L-14__block12__fov,400_500,1,8,7.4485,4.9947,0.04,0.12
ViT-L-14__block12__fov,400_500,2,7,7.4251,5.0246,0.02,0.1
ViT-L-14__block12__fov,400_500,3,9,7.4015,4.946,0.02,0.11
ViT-L-14__block12__fov,400_500,4,8,7.4267,4.9674,0.025,0.13
ViT-L-14__block12__fov,500_600,0,3,7.4887,5.2344,0.005,0.04
ViT-L-14__block12__fov,500_600,1,2,7.52,5.2868,0.005,0.03
ViT-L-14__block12__fov,500_600,2,3,7.4824,5.2346,0.01,0.035
ViT-L-14__block12__fov,500_600,3,3,7.5051,5.2539,0.005,0.04
ViT-L-14__block12__fov,500_600,4,3,7.512,5.2166,0.025,0.07
ViT-L-14__block12__fov,600_700,0,2,7.5153,5.2753,0.01,0.045
ViT-L-14__block12__fov,600_700,1,2,7.4998,5.3188,0.0,0.04
ViT-L-14__block12__fov,600_700,2,2,7.493,5.2963,0.01,0.065
ViT-L-14__block12__fov,600_700,3,3,7.4997,5.294,0.005,0.035
ViT-L-14__block12__fov,600_700,4,3,7.4997,5.2678,0.015,0.05
ViT-L-14__block12__fov,700_800,0,2,7.5055,5.3249,0.005,0.03
ViT-L-14__block12__fov,700_800,1,2,7.5284,5.3441,0.005,0.02
ViT-L-14__block12__fov,700_800,2,2,7.4953,5.3346,0.005,0.02
ViT-L-14__block12__fov,700_800,3,2,7.5383,5.3361,0.005,0.02
ViT-L-14__block12__fov,700_800,4,2,7.5159,5.2921,0.005,0.045
ViT-L-14__block12__fov,800_900,0,2,7.5111,5.3367,0.005,0.03
ViT-L-14__block12__fov,800_900,1,2,7.5245,5.33,0.0,0.02
ViT-L-14__block12__fov,800_900,2,2,7.4964,5.3263,0.015,0.04
ViT-L-14__block12__fov,800_900,3,2,7.5161,5.3385,0.005,0.03
ViT-L-14__block12__fov,800_900,4,2,7.5215,5.3347,0.015,0.025
ViT-L-14__block12__fov,900_1000,0,2,7.5255,5.3292,0.005,0.04
ViT-L-14__block12__fov,900_1000,1,2,7.5026,5.3431,0.005,0.04
ViT-L-14__block12__fov,900_1000,2,2,7.5033,5.3227,0.0,0.01
ViT-L-14__block12__fov,900_1000,3,2,7.512,5.3238,0.015,0.045
ViT-L-14__block12__fov,900_1000,4,2,7.5104,5.3373,0.015,0.03
ViT-L-14__block16,0_100,0,14,7.1912,4.5263,0.055,0.205
ViT-L-14__block16,0_100,1,17,7.1884,4.4876,0.04,0.19
ViT-L-14__block16,0_100,2,15,7.1374,4.5225,0.055,0.18
ViT-L-14__block16,0_100,3,15,7.1755,4.5476,0.055,0.185
ViT-L-14__block16,0_100,4,16,7.1772,4.4682,0.075,0.245
ViT-L-14__block16,100_200,0,29,6.6115,3.4484,0.21,0.45
ViT-L-14__block16,100_200,1,25,6.6238,3.4776,0.165,0.47
ViT-L-14__block16,100_200,2,28,6.6177,3.4326,0.205,0.455
ViT-L-14__block16,100_200,3,21,6.6746,3.5429,0.16,0.44
ViT-L-14__block16,100_200,4,29,6.6289,3.4608,0.17,0.47
ViT-L-14__block16,200_300,0,22,6.7481,3.6727,0.14,0.395
ViT-L-14__block16,200_300,1,22,6.7688,3.6825,0.145,0.39
ViT-L-14__block16,200_300,2,22,6.6983,3.7001,0.125,0.375
ViT-L-14__block16,200_300,3,21,6.7941,3.7136,0.14,0.37
ViT-L-14__block16,200_300,4,18,6.8021,3.7759,0.115,0.395
ViT-L-14__block16,300_400,0,13,7.1476,4.264,0.09,0.255
ViT-L-14__block16,300_400,1,13,7.1045,4.3219,0.075,0.24
ViT-L-14__block16,300_400,2,12,7.1173,4.2956,0.075,0.26
ViT-L-14__block16,300_400,3,12,7.1358,4.2964,0.085,0.25
ViT-L-14__block16,300_400,4,11,7.1731,4.3217,0.095,0.28
ViT-L-14__block16,400_500,0,10,7.39,4.9072,0.01,0.105
ViT-L-14__block16,400_500,1,8,7.3815,5.0028,0.005,0.09
ViT-L-14__block16,400_500,2,9,7.3696,4.8916,0.025,0.1
ViT-L-14__block16,400_500,3,12,7.3822,4.9049,0.01,0.11
ViT-L-14__block16,400_500,4,9,7.3983,4.95,0.035,0.1
ViT-L-14__block16,500_600,0,3,7.4811,5.2114,0.015,0.06
ViT-L-14__block16,500_600,1,2,7.4997,5.2799,0.01,0.035
ViT-L-14__block16,500_600,2,3,7.4748,5.2276,0.01,0.055
ViT-L-14__block16,500_600,3,3,7.4909,5.2314,0.01,0.035
ViT-L-14__block16,500_600,4,3,7.4904,5.2291,0.01,0.045
ViT-L-14__block16,600_700,0,2,7.4955,5.2716,0.01,0.05
ViT-L-14__block16,600_700,1,2,7.5011,5.2892,0.005,0.035
ViT-L-14__block16,600_700,2,3,7.4935,5.2685,0.025,0.04
ViT-L-14__block16,600_700,3,3,7.4988,5.2866,0.01,0.02
ViT-L-14__block16,600_700,4,3,7.5075,5.2567,0.01,0.045
ViT-L-14__block16,700_800,0,2,7.4847,5.3139,0.015,0.03
ViT-L-14__block16,700_800,1,2,7.5019,5.3138,0.0,0.015
ViT-L-14__block16,700_800,2,2,7.4993,5.325,0.005,0.03
ViT-L-14__block16,700_800,3,2,7.5178,5.3158,0.005,0.02
ViT-L-14__block16,700_800,4,3,7.5099,5.2877,0.005,0.035
ViT-L-14__block16,800_900,0,2,7.5013,5.324,0.01,0.025
ViT-L-14__block16,800_900,1,2,7.5305,5.3187,0.0,0.02
ViT-L-14__block16,800_900,2,2,7.5032,5.3299,0.005,0.04
ViT-L-14__block16,800_900,3,2,7.5034,5.304,0.005,0.03
ViT-L-14__block16,800_900,4,2,7.5122,5.2969,0.0,0.03
ViT-L-14__block16,900_1000,0,2,7.4979,5.3173,0.01,0.02
ViT-L-14__block16,900_1000,1,2,7.5056,5.3233,0.0,0.025
ViT-L-14__block16,900_1000,2,2,7.5177,5.3053,0.01,0.05
ViT-L-14__block16,900_1000,3,2,7.5026,5.3358,0.01,0.015
ViT-L-14__block16,900_1000,4,2,7.4948,5.2918,0.005,0.045
ViT-L-14__block16__fov,0_100,0,16,7.1588,4.4479,0.08,0.215
ViT-L-14__block16__fov,0_100,1,15,7.1493,4.4419,0.075,0.19
ViT-L-14__block16__fov,0_100,2,17,7.1169,4.4325,0.065,0.22
ViT-L-14__block16__fov,0_100,3,19,7.1156,4.4911,0.06,0.2
ViT-L-14__block16__fov,0_100,4,19,7.1578,4.4232,0.075,0.205
ViT-L-14__block16__fov,100_200,0,24,6.5825,3.4279,0.185,0.475
ViT-L-14__block16__fov,100_200,1,25,6.5621,3.4258,0.175,0.475
ViT-L-14__block16__fov,100_200,2,27,6.5529,3.3776,0.2,0.455
ViT-L-14__block16__fov,100_200,3,21,6.6066,3.4972,0.15,0.43
ViT-L-14__block16__fov,100_200,4,29,6.5832,3.3759,0.205,0.47
ViT-L-14__block16__fov,200_300,0,22,6.7052,3.5885,0.13,0.405
ViT-L-14__block16__fov,200_300,1,19,6.7371,3.6434,0.13,0.435
ViT-L-14__block16__fov,200_300,2,22,6.6638,3.6315,0.115,0.395
ViT-L-14__block16__fov,200_300,3,25,6.7293,3.5901,0.15,0.425
ViT-L-14__block16__fov,200_300,4,19,6.7582,3.7089,0.12,0.405
ViT-L-14__block16__fov,300_400,0,13,7.1064,4.2185,0.08,0.225
ViT-L-14__block16__fov,300_400,1,14,7.1005,4.2576,0.055,0.285
ViT-L-14__block16__fov,300_400,2,12,7.1005,4.2417,0.085,0.255
ViT-L-14__block16__fov,300_400,3,12,7.1327,4.2453,0.065,0.265
ViT-L-14__block16__fov,300_400,4,13,7.1354,4.2413,0.085,0.27
ViT-L-14__block16__fov,400_500,0,9,7.392,4.8991,0.025,0.085
ViT-L-14__block16__fov,400_500,1,9,7.4084,4.9592,0.015,0.105
ViT-L-14__block16__fov,400_500,2,9,7.353,4.8369,0.015,0.11
ViT-L-14__block16__fov,400_500,3,11,7.3768,4.8908,0.03,0.08
ViT-L-14__block16__fov,400_500,4,11,7.3947,4.9149,0.01,0.07
ViT-L-14__block16__fov,500_600,0,3,7.4742,5.2434,0.005,0.035
ViT-L-14__block16__fov,500_600,1,2,7.51,5.2883,0.0,0.03
ViT-L-14__block16__fov,500_600,2,4,7.4693,5.1976,0.005,0.045
ViT-L-14__block16__fov,500_600,3,3,7.4811,5.2553,0.015,0.045
ViT-L-14__block16__fov,500_600,4,2,7.5203,5.2837,0.015,0.035
ViT-L-14__block16__fov,600_700,0,2,7.494,5.3045,0.005,0.04
ViT-L-14__block16__fov,600_700,1,2,7.5103,5.3073,0.0,0.035
ViT-L-14__block16__fov,600_700,2,3,7.4844,5.2612,0.015,0.055
ViT-L-14__block16__fov,600_700,3,3,7.4895,5.3021,0.01,0.035
ViT-L-14__block16__fov,600_700,4,3,7.5187,5.2871,0.01,0.04
ViT-L-14__block16__fov,700_800,0,2,7.5094,5.3525,0.005,0.015
ViT-L-14__block16__fov,700_800,1,2,7.5422,5.3411,0.0,0.02
ViT-L-14__block16__fov,700_800,2,2,7.5041,5.3059,0.01,0.03
ViT-L-14__block16__fov,700_800,3,3,7.5105,5.3427,0.005,0.01
ViT-L-14__block16__fov,700_800,4,2,7.517,5.3175,0.01,0.04
ViT-L-14__block16__fov,800_900,0,2,7.5173,5.3506,0.005,0.02
ViT-L-14__block16__fov,800_900,1,2,7.5222,5.3721,0.0,0.015
ViT-L-14__block16__fov,800_900,2,2,7.5197,5.3124,0.025,0.04
ViT-L-14__block16__fov,800_900,3,3,7.4934,5.3504,0.0,0.015
ViT-L-14__block16__fov,800_900,4,2,7.5255,5.3478,0.0,0.015
ViT-L-14__block16__fov,900_1000,0,2,7.5081,5.3533,0.015,0.025
ViT-L-14__block16__fov,900_1000,1,2,7.5234,5.3458,0.005,0.02
ViT-L-14__block16__fov,900_1000,2,2,7.5185,5.3129,0.01,0.03
ViT-L-14__block16__fov,900_1000,3,2,7.5129,5.3452,0.0,0.005
ViT-L-14__block16__fov,900_1000,4,2,7.5017,5.3548,0.0,0.045
ViT-L-14__block20,0_100,0,13,7.2776,4.7742,0.025,0.155
ViT-L-14__block20,0_100,1,14,7.2796,4.7905,0.005,0.155
ViT-L-14__block20,0_100,2,19,7.2217,4.7734,0.045,0.145
ViT-L-14__block20,0_100,3,15,7.2276,4.7502,0.025,0.115
ViT-L-14__block20,0_100,4,14,7.265,4.6948,0.03,0.16
ViT-L-14__block20,100_200,0,25,6.6744,3.6173,0.17,0.44
ViT-L-14__block20,100_200,1,22,6.6736,3.6796,0.16,0.395
ViT-L-14__block20,100_200,2,27,6.699,3.589,0.19,0.43
ViT-L-14__block20,100_200,3,20,6.7389,3.6396,0.18,0.465
ViT-L-14__block20,100_200,4,23,6.7147,3.6447,0.155,0.425
ViT-L-14__block20,200_300,0,22,6.7561,3.6838,0.14,0.35
ViT-L-14__block20,200_300,1,20,6.7667,3.7339,0.145,0.39
ViT-L-14__block20,200_300,2,24,6.7271,3.6473,0.14,0.39
ViT-L-14__block20,200_300,3,21,6.7637,3.7384,0.16,0.34
ViT-L-14__block20,200_300,4,18,6.8046,3.7589,0.13,0.34
ViT-L-14__block20,300_400,0,14,7.0917,4.2126,0.09,0.245
ViT-L-14__block20,300_400,1,15,7.0599,4.1832,0.08,0.26
ViT-L-14__block20,300_400,2,14,7.1083,4.1786,0.085,0.21
ViT-L-14__block20,300_400,3,15,7.084,4.2077,0.09,0.255
ViT-L-14__block20,300_400,4,13,7.1339,4.2098,0.085,0.28
ViT-L-14__block20,400_500,0,11,7.3621,4.8731,0.05,0.08
ViT-L-14__block20,400_500,1,12,7.3681,4.9143,0.015,0.095
ViT-L-14__block20,400_500,2,14,7.3488,4.7946,0.02,0.105
ViT-L-14__block20,400_500,3,12,7.3547,4.8412,0.02,0.105
ViT-L-14__block20,400_500,4,10,7.3732,4.8731,0.045,0.105
ViT-L-14__block20,500_600,0,4,7.4944,5.2391,0.005,0.035
ViT-L-14__block20,500_600,1,3,7.5023,5.2704,0.005,0.03
ViT-L-14__block20,500_600,2,4,7.5018,5.2272,0.005,0.06
ViT-L-14__block20,500_600,3,4,7.4984,5.1898,0.005,0.035
ViT-L-14__block20,500_600,4,3,7.5053,5.2419,0.005,0.045
ViT-L-14__block20,600_700,0,4,7.5134,5.2769,0.015,0.045
ViT-L-14__block20,600_700,1,3,7.5368,5.2816,0.015,0.05
ViT-L-14__block20,600_700,2,3,7.5143,5.3212,0.02,0.05
ViT-L-14__block20,600_700,3,3,7.5262,5.289,0.025,0.045
ViT-L-14__block20,600_700,4,3,7.4977,5.2742,0.0,0.02
ViT-L-14__block20,700_800,0,3,7.5091,5.304,0.0,0.035
ViT-L-14__block20,700_800,1,2,7.5345,5.34,0.0,0.025
ViT-L-14__block20,700_800,2,3,7.5135,5.3839,0.0,0.015
ViT-L-14__block20,700_800,3,2,7.5347,5.3379,0.01,0.025
ViT-L-14__block20,700_800,4,2,7.5113,5.3661,0.0,0.03
ViT-L-14__block20,800_900,0,3,7.5276,5.3607,0.01,0.035
ViT-L-14__block20,800_900,1,2,7.5389,5.3396,0.005,0.035
ViT-L-14__block20,800_900,2,2,7.5287,5.3429,0.0,0.035
ViT-L-14__block20,800_900,3,2,7.5204,5.3443,0.015,0.04
ViT-L-14__block20,800_900,4,2,7.5213,5.364,0.0,0.015
ViT-L-14__block20,900_1000,0,2,7.524,5.3518,0.005,0.035
ViT-L-14__block20,900_1000,1,2,7.5317,5.3646,0.0,0.02
ViT-L-14__block20,900_1000,2,2,7.5312,5.3618,0.005,0.025
ViT-L-14__block20,900_1000,3,2,7.5303,5.3355,0.005,0.025
ViT-L-14__block20,900_1000,4,2,7.5015,5.3587,0.01,0.02
ViT-L-14__block20__fov,0_100,0,16,7.272,4.7161,0.04,0.17
ViT-L-14__block20__fov,0_100,1,17,7.2815,4.7826,0.04,0.14
ViT-L-14__block20__fov,0_100,2,17,7.2179,4.7943,0.03,0.13
ViT-L-14__block20__fov,0_100,3,20,7.2445,4.6924,0.035,0.155
ViT-L-14__block20__fov,0_100,4,16,7.2691,4.7438,0.045,0.12
ViT-L-14__block20__fov,100_200,0,35,6.6349,3.554,0.195,0.445
ViT-L-14__block20__fov,100_200,1,22,6.6438,3.6008,0.15,0.44
ViT-L-14__block20__fov,100_200,2,28,6.683,3.5655,0.19,0.47
ViT-L-14__block20__fov,100_200,3,21,6.726,3.6014,0.165,0.455
ViT-L-14__block20__fov,100_200,4,21,6.6861,3.6389,0.165,0.47
ViT-L-14__block20__fov,200_300,0,22,6.7512,3.6679,0.13,0.385
ViT-L-14__block20__fov,200_300,1,22,6.7645,3.6889,0.14,0.41
ViT-L-14__block20__fov,200_300,2,24,6.699,3.6658,0.14,0.395
ViT-L-14__block20__fov,200_300,3,21,6.7383,3.701,0.145,0.4
ViT-L-14__block20__fov,200_300,4,18,6.7935,3.6934,0.17,0.41
ViT-L-14__block20__fov,300_400,0,14,7.0919,4.186,0.11,0.255
ViT-L-14__block20__fov,300_400,1,15,7.0699,4.1871,0.11,0.23
ViT-L-14__block20__fov,300_400,2,14,7.102,4.1757,0.105,0.245
ViT-L-14__block20__fov,300_400,3,13,7.0653,4.2107,0.095,0.225
ViT-L-14__block20__fov,300_400,4,13,7.1183,4.2015,0.1,0.255
ViT-L-14__block20__fov,400_500,0,11,7.3669,4.8188,0.02,0.1
ViT-L-14__block20__fov,400_500,1,12,7.4059,4.8979,0.015,0.07
ViT-L-14__block20__fov,400_500,2,14,7.3687,4.8026,0.02,0.1
ViT-L-14__block20__fov,400_500,3,12,7.3432,4.8634,0.015,0.06
ViT-L-14__block20__fov,400_500,4,11,7.3631,4.8767,0.025,0.075
ViT-L-14__block20__fov,500_600,0,4,7.4899,5.1704,0.025,0.08
ViT-L-14__block20__fov,500_600,1,3,7.5057,5.2669,0.0,0.04
ViT-L-14__block20__fov,500_600,2,3,7.5106,5.2285,0.02,0.055
ViT-L-14__block20__fov,500_600,3,3,7.4964,5.2297,0.005,0.03
ViT-L-14__block20__fov,500_600,4,3,7.5247,5.2405,0.005,0.04
ViT-L-14__block20__fov,600_700,0,3,7.5149,5.2549,0.005,0.045
ViT-L-14__block20__fov,600_700,1,2,7.5304,5.3184,0.015,0.03
ViT-L-14__block20__fov,600_700,2,3,7.511,5.2834,0.0,0.03
ViT-L-14__block20__fov,600_700,3,3,7.5068,5.3097,0.0,0.02
ViT-L-14__block20__fov,600_700,4,3,7.5156,5.2777,0.0,0.03
ViT-L-14__block20__fov,700_800,0,2,7.5094,5.3406,0.0,0.035
ViT-L-14__block20__fov,700_800,1,2,7.5328,5.3583,0.01,0.025
ViT-L-14__block20__fov,700_800,2,3,7.5356,5.3348,0.015,0.03
ViT-L-14__block20__fov,700_800,3,2,7.5277,5.326,0.0,0.03
ViT-L-14__block20__fov,700_800,4,2,7.5331,5.309,0.005,0.025
ViT-L-14__block20__fov,800_900,0,2,7.5239,5.3262,0.015,0.055
ViT-L-14__block20__fov,800_900,1,2,7.5478,5.3582,0.0,0.02
ViT-L-14__block20__fov,800_900,2,2,7.5341,5.3167,0.0,0.04
ViT-L-14__block20__fov,800_900,3,2,7.5137,5.3659,0.005,0.01
ViT-L-14__block20__fov,800_900,4,2,7.5321,5.3392,0.015,0.03
ViT-L-14__block20__fov,900_1000,0,2,7.5149,5.3288,0.005,0.01
ViT-L-14__block20__fov,900_1000,1,2,7.5389,5.3507,0.005,0.015
ViT-L-14__block20__fov,900_1000,2,2,7.5315,5.3507,0.005,0.02
ViT-L-14__block20__fov,900_1000,3,2,7.511,5.355,0.0,0.02
ViT-L-14__block20__fov,900_1000,4,2,7.5334,5.3554,0.0,0.01
ViT-L-14__block24,0_100,0,12,7.3594,4.9605,0.025,0.115
ViT-L-14__block24,0_100,1,13,7.3812,4.9702,0.025,0.1
ViT-L-14__block24,0_100,2,12,7.3439,4.9835,0.02,0.1
ViT-L-14__block24,0_100,3,14,7.3432,4.992,0.03,0.075
ViT-L-14__block24,0_100,4,12,7.3707,4.9582,0.035,0.09
ViT-L-14__block24,100_200,0,20,6.8844,3.9872,0.085,0.355
ViT-L-14__block24,100_200,1,20,6.8615,3.9751,0.105,0.35
ViT-L-14__block24,100_200,2,21,6.9092,3.9598,0.1,0.34
ViT-L-14__block24,100_200,3,20,6.9338,3.9545,0.13,0.34
ViT-L-14__block24,100_200,4,17,6.903,3.9836,0.135,0.35
ViT-L-14__block24,200_300,0,19,6.9229,3.9845,0.1,0.305
ViT-L-14__block24,200_300,1,17,6.9349,4.0149,0.08,0.28
ViT-L-14__block24,200_300,2,19,6.9198,4.0585,0.08,0.28
ViT-L-14__block24,200_300,3,20,6.928,4.0296,0.08,0.305
ViT-L-14__block24,200_300,4,18,6.9455,4.0385,0.08,0.29
ViT-L-14__block24,300_400,0,14,7.1788,4.4264,0.06,0.23
ViT-L-14__block24,300_400,1,14,7.159,4.4756,0.055,0.195
ViT-L-14__block24,300_400,2,12,7.2061,4.3976,0.095,0.22
ViT-L-14__block24,300_400,3,14,7.1714,4.4268,0.055,0.21
ViT-L-14__block24,300_400,4,11,7.2023,4.4502,0.05,0.2
ViT-L-14__block24,400_500,0,11,7.3989,5.0121,0.015,0.095
ViT-L-14__block24,400_500,1,14,7.4149,5.0062,0.01,0.075
ViT-L-14__block24,400_500,2,14,7.3789,4.9418,0.02,0.095
ViT-L-14__block24,400_500,3,12,7.3849,4.9835,0.03,0.07
ViT-L-14__block24,400_500,4,10,7.4032,5.0154,0.025,0.095
ViT-L-14__block24,500_600,0,4,7.5097,5.2639,0.025,0.045
ViT-L-14__block24,500_600,1,2,7.5413,5.292,0.01,0.045
ViT-L-14__block24,500_600,2,3,7.535,5.3041,0.005,0.03
ViT-L-14__block24,500_600,3,3,7.5193,5.349,0.005,0.03
ViT-L-14__block24,500_600,4,3,7.5352,5.2712,0.01,0.045
ViT-L-14__block24,600_700,0,3,7.5138,5.3064,0.005,0.025
ViT-L-14__block24,600_700,1,2,7.5358,5.3387,0.0,0.015
ViT-L-14__block24,600_700,2,3,7.5429,5.322,0.01,0.03
ViT-L-14__block24,600_700,3,3,7.5199,5.3372,0.01,0.02
ViT-L-14__block24,600_700,4,3,7.5297,5.3136,0.0,0.035
ViT-L-14__block24,700_800,0,3,7.5432,5.3719,0.01,0.04
ViT-L-14__block24,700_800,1,2,7.5378,5.3685,0.005,0.025
ViT-L-14__block24,700_800,2,3,7.5454,5.3689,0.0,0.02
ViT-L-14__block24,700_800,3,3,7.5246,5.3882,0.01,0.02
ViT-L-14__block24,700_800,4,2,7.565,5.3644,0.005,0.04
ViT-L-14__block24,800_900,0,3,7.5533,5.3903,0.01,0.025
ViT-L-14__block24,800_900,1,2,7.5393,5.3821,0.01,0.03
ViT-L-14__block24,800_900,2,2,7.5484,5.3927,0.01,0.025
ViT-L-14__block24,800_900,3,3,7.533,5.4044,0.005,0.015
ViT-L-14__block24,800_900,4,2,7.5462,5.3834,0.005,0.025
ViT-L-14__block24,900_1000,0,2,7.5467,5.3815,0.005,0.02
ViT-L-14__block24,900_1000,1,2,7.5478,5.3538,0.0,0.02
ViT-L-14__block24,900_1000,2,2,7.5465,5.3834,0.005,0.01
ViT-L-14__block24,900_1000,3,2,7.5215,5.3789,0.005,0.035
ViT-L-14__block24,900_1000,4,2,7.5344,5.3685,0.005,0.02
ViT-L-14__block24__fov,0_100,0,12,7.3386,4.9642,0.03,0.095
ViT-L-14__block24__fov,0_100,1,10,7.3579,4.9978,0.01,0.08
ViT-L-14__block24__fov,0_100,2,15,7.3297,4.9823,0.03,0.085
ViT-L-14__block24__fov,0_100,3,15,7.3712,4.9526,0.03,0.105
ViT-L-14__block24__fov,0_100,4,11,7.3326,4.9787,0.015,0.11
ViT-L-14__block24__fov,100_200,0,22,6.8447,3.9882,0.1,0.345
ViT-L-14__block24__fov,100_200,1,20,6.8379,4.0118,0.12,0.34
ViT-L-14__block24__fov,100_200,2,17,6.9088,4.0392,0.115,0.335
ViT-L-14__block24__fov,100_200,3,18,6.922,3.9792,0.11,0.345
ViT-L-14__block24__fov,100_200,4,16,6.8958,4.0425,0.13,0.315
ViT-L-14__block24__fov,200_300,0,20,6.907,3.977,0.13,0.31
ViT-L-14__block24__fov,200_300,1,19,6.9266,4.0313,0.09,0.29
ViT-L-14__block24__fov,200_300,2,18,6.8971,4.0347,0.105,0.31
ViT-L-14__block24__fov,200_300,3,20,6.9181,4.0119,0.095,0.32
ViT-L-14__block24__fov,200_300,4,18,6.9542,4.0457,0.075,0.325
ViT-L-14__block24__fov,300_400,0,14,7.1906,4.413,0.065,0.215
ViT-L-14__block24__fov,300_400,1,14,7.1737,4.4635,0.055,0.235
ViT-L-14__block24__fov,300_400,2,12,7.2083,4.3871,0.085,0.22
ViT-L-14__block24__fov,300_400,3,15,7.18,4.3967,0.065,0.215
ViT-L-14__block24__fov,300_400,4,11,7.2088,4.4786,0.07,0.18
ViT-L-14__block24__fov,400_500,0,11,7.3918,5.0039,0.0,0.075
ViT-L-14__block24__fov,400_500,1,14,7.4179,5.0229,0.005,0.04
ViT-L-14__block24__fov,400_500,2,14,7.4117,4.8854,0.015,0.1
ViT-L-14__block24__fov,400_500,3,15,7.3486,4.9223,0.015,0.07
ViT-L-14__block24__fov,400_500,4,11,7.3916,4.9586,0.01,0.08
ViT-L-14__block24__fov,500_600,0,5,7.4894,5.2828,0.01,0.055
ViT-L-14__block24__fov,500_600,1,2,7.5487,5.3341,0.005,0.02
ViT-L-14__block24__fov,500_600,2,5,7.5114,5.2358,0.015,0.05
ViT-L-14__block24__fov,500_600,3,3,7.5106,5.2985,0.005,0.02
ViT-L-14__block24__fov,500_600,4,3,7.5448,5.3053,0.015,0.04
ViT-L-14__block24__fov,600_700,0,3,7.5183,5.322,0.015,0.03
ViT-L-14__block24__fov,600_700,1,2,7.5456,5.3089,0.0,0.025
ViT-L-14__block24__fov,600_700,2,3,7.5334,5.312,0.0,0.04
ViT-L-14__block24__fov,600_700,3,3,7.5202,5.2984,0.0,0.02
ViT-L-14__block24__fov,600_700,4,5,7.5417,5.306,0.01,0.05
ViT-L-14__block24__fov,700_800,0,3,7.524,5.3277,0.005,0.035
ViT-L-14__block24__fov,700_800,1,2,7.5445,5.366,0.0,0.02
ViT-L-14__block24__fov,700_800,2,3,7.5458,5.3576,0.005,0.045
ViT-L-14__block24__fov,700_800,3,2,7.5523,5.3495,0.005,0.035
ViT-L-14__block24__fov,700_800,4,2,7.5635,5.3491,0.005,0.03
ViT-L-14__block24__fov,800_900,0,2,7.5363,5.3555,0.0,0.025
ViT-L-14__block24__fov,800_900,1,2,7.5367,5.3849,0.0,0.015
ViT-L-14__block24__fov,800_900,2,2,7.553,5.356,0.0,0.02
ViT-L-14__block24__fov,800_900,3,2,7.5418,5.3756,0.0,0.01
ViT-L-14__block24__fov,800_900,4,2,7.5519,5.3565,0.0,0.02
ViT-L-14__block24__fov,900_1000,0,2,7.5466,5.375,0.01,0.025
ViT-L-14__block24__fov,900_1000,1,2,7.5465,5.3711,0.0,0.02
ViT-L-14__block24__fov,900_1000,2,2,7.5417,5.3635,0.005,0.015
ViT-L-14__block24__fov,900_1000,3,2,7.5587,5.357,0.0,0.025
ViT-L-14__block24__fov,900_1000,4,2,7.5445,5.3421,0.0,0.025
ViT-L-14__block4,0_100,0,17,6.8751,4.0302,0.09,0.26
ViT-L-14__block4,0_100,1,18,6.8686,4.0296,0.075,0.255
ViT-L-14__block4,0_100,2,20,6.8241,4.0063,0.085,0.26
ViT-L-14__block4,0_100,3,18,6.8437,4.0005,0.1,0.255
ViT-L-14__block4,0_100,4,23,6.8722,3.9189,0.085,0.265
ViT-L-14__block4,100_200,0,38,6.3567,3.0866,0.22,0.545
ViT-L-14__block4,100_200,1,24,6.3044,3.1746,0.21,0.495
ViT-L-14__block4,100_200,2,32,6.3749,3.0819,0.2,0.55
ViT-L-14__block4,100_200,3,25,6.3737,3.1473,0.215,0.525
ViT-L-14__block4,100_200,4,35,6.2858,3.0971,0.21,0.54
ViT-L-14__block4,200_300,0,19,6.6936,3.6762,0.16,0.385
ViT-L-14__block4,200_300,1,18,6.6875,3.6698,0.155,0.405
ViT-L-14__block4,200_300,2,21,6.6018,3.6547,0.11,0.395
ViT-L-14__block4,200_300,3,23,6.6719,3.653,0.155,0.405
ViT-L-14__block4,200_300,4,20,6.674,3.6372,0.125,0.395
ViT-L-14__block4,300_400,0,9,7.1529,4.5104,0.08,0.225
ViT-L-14__block4,300_400,1,9,7.1651,4.5132,0.055,0.22
ViT-L-14__block4,300_400,2,11,7.1426,4.4473,0.055,0.235
ViT-L-14__block4,300_400,3,11,7.1542,4.4561,0.095,0.245
ViT-L-14__block4,300_400,4,9,7.1716,4.5002,0.05,0.23
ViT-L-14__block4,400_500,0,5,7.3877,5.0476,0.035,0.09
ViT-L-14__block4,400_500,1,3,7.3971,5.1595,0.015,0.04
ViT-L-14__block4,400_500,2,6,7.4077,5.0362,0.02,0.08
ViT-L-14__block4,400_500,3,7,7.3773,5.0581,0.02,0.075
ViT-L-14__block4,400_500,4,7,7.3893,4.9942,0.02,0.095
ViT-L-14__block4,500_600,0,4,7.4356,5.2476,0.005,0.035
ViT-L-14__block4,500_600,1,3,7.4625,5.2421,0.02,0.045
ViT-L-14__block4,500_600,2,2,7.4636,5.2749,0.005,0.035
ViT-L-14__block4,500_600,3,3,7.4411,5.2807,0.005,0.03
ViT-L-14__block4,500_600,4,3,7.4524,5.2594,0.005,0.035
ViT-L-14__block4,600_700,0,3,7.4539,5.2937,0.015,0.05
ViT-L-14__block4,600_700,1,3,7.4538,5.2945,0.0,0.03
ViT-L-14__block4,600_700,2,2,7.4632,5.2714,0.015,0.055
ViT-L-14__block4,600_700,3,3,7.455,5.2884,0.0,0.015
ViT-L-14__block4,600_700,4,3,7.4541,5.2817,0.015,0.035
ViT-L-14__block4,700_800,0,3,7.4587,5.3051,0.01,0.025
ViT-L-14__block4,700_800,1,2,7.4557,5.314,0.0,0.035
ViT-L-14__block4,700_800,2,2,7.4737,5.3227,0.015,0.035
ViT-L-14__block4,700_800,3,3,7.4651,5.307,0.0,0.015
ViT-L-14__block4,700_800,4,3,7.4589,5.3047,0.015,0.025
ViT-L-14__block4,800_900,0,2,7.4793,5.3306,0.0,0.03
ViT-L-14__block4,800_900,1,2,7.4664,5.3223,0.0,0.015
ViT-L-14__block4,800_900,2,2,7.4706,5.3118,0.01,0.025
ViT-L-14__block4,800_900,3,3,7.4672,5.3387,0.0,0.01
ViT-L-14__block4,800_900,4,2,7.4656,5.3377,0.0,0.02
ViT-L-14__block4,900_1000,0,2,7.478,5.3318,0.005,0.02
ViT-L-14__block4,900_1000,1,2,7.463,5.3159,0.005,0.02
ViT-L-14__block4,900_1000,2,2,7.4703,5.3102,0.0,0.01
ViT-L-14__block4,900_1000,3,3,7.467,5.3105,0.01,0.03
ViT-L-14__block4,900_1000,4,2,7.4576,5.3203,0.005,0.015
ViT-L-14__block4__fov,0_100,0,17,6.8592,3.9785,0.085,0.265
ViT-L-14__block4__fov,0_100,1,18,6.8416,3.933,0.08,0.27
ViT-L-14__block4__fov,0_100,2,21,6.7715,3.8857,0.095,0.29
ViT-L-14__block4__fov,0_100,3,22,6.8069,3.8839,0.085,0.305
ViT-L-14__block4__fov,0_100,4,23,6.8533,3.8687,0.09,0.26
ViT-L-14__block4__fov,100_200,0,38,6.3225,3.0229,0.23,0.545
ViT-L-14__block4__fov,100_200,1,35,6.2558,3.0284,0.225,0.525
ViT-L-14__block4__fov,100_200,2,32,6.3327,3.0112,0.22,0.55
ViT-L-14__block4__fov,100_200,3,25,6.3458,3.0769,0.215,0.54
ViT-L-14__block4__fov,100_200,4,44,6.2341,2.9793,0.215,0.535
ViT-L-14__block4__fov,200_300,0,19,6.691,3.5985,0.16,0.415
ViT-L-14__block4__fov,200_300,1,18,6.6709,3.5982,0.155,0.415
ViT-L-14__block4__fov,200_300,2,21,6.5834,3.5934,0.13,0.415
ViT-L-14__block4__fov,200_300,3,23,6.6682,3.5627,0.14,0.415
ViT-L-14__block4__fov,200_300,4,18,6.6368,3.6171,0.14,0.4
ViT-L-14__block4__fov,300_400,0,9,7.1521,4.4631,0.085,0.225
ViT-L-14__block4__fov,300_400,1,9,7.1726,4.4862,0.065,0.22
ViT-L-14__block4__fov,300_400,2,11,7.1294,4.4199,0.06,0.21
ViT-L-14__block4__fov,300_400,3,11,7.1404,4.4135,0.09,0.23
ViT-L-14__block4__fov,300_400,4,8,7.1629,4.5113,0.05,0.235
ViT-L-14__block4__fov,400_500,0,5,7.3809,5.0393,0.015,0.085
ViT-L-14__block4__fov,400_500,1,3,7.4112,5.1735,0.01,0.055
ViT-L-14__block4__fov,400_500,2,4,7.3963,5.0922,0.04,0.095
ViT-L-14__block4__fov,400_500,3,7,7.368,5.0273,0.02,0.06
ViT-L-14__block4__fov,400_500,4,6,7.3888,5.0387,0.02,0.095
ViT-L-14__block4__fov,500_600,0,4,7.4254,5.2424,0.005,0.04
ViT-L-14__block4__fov,500_600,1,3,7.4691,5.2596,0.015,0.04
ViT-L-14__block4__fov,500_600,2,2,7.45,5.2583,0.005,0.04
ViT-L-14__block4__fov,500_600,3,3,7.4436,5.2727,0.005,0.015
ViT-L-14__block4__fov,500_600,4,3,7.4463,5.2662,0.01,0.055
ViT-L-14__block4__fov,600_700,0,3,7.4467,5.2827,0.01,0.025
ViT-L-14__block4__fov,600_700,1,3,7.4631,5.3045,0.005,0.03
ViT-L-14__block4__fov,600_700,2,2,7.4476,5.2679,0.01,0.025
ViT-L-14__block4__fov,600_700,3,3,7.4613,5.2999,0.005,0.03
ViT-L-14__block4__fov,600_700,4,3,7.4591,5.2866,0.0,0.035
ViT-L-14__block4__fov,700_800,0,2,7.4451,5.307,0.01,0.035
ViT-L-14__block4__fov,700_800,1,2,7.4625,5.3149,0.005,0.025
ViT-L-14__block4__fov,700_800,2,2,7.4603,5.3043,0.0,0.01
ViT-L-14__block4__fov,700_800,3,3,7.47,5.3119,0.005,0.015
ViT-L-14__block4__fov,700_800,4,3,7.4545,5.3022,0.01,0.05
ViT-L-14__block4__fov,800_900,0,2,7.4595,5.3391,0.01,0.03
ViT-L-14__block4__fov,800_900,1,2,7.4717,5.3242,0.005,0.015
ViT-L-14__block4__fov,800_900,2,2,7.4694,5.3085,0.005,0.025
ViT-L-14__block4__fov,800_900,3,3,7.4596,5.332,0.005,0.03
ViT-L-14__block4__fov,800_900,4,3,7.4546,5.326,0.01,0.035
ViT-L-14__block4__fov,900_1000,0,2,7.4664,5.3304,0.005,0.01
ViT-L-14__block4__fov,900_1000,1,2,7.4669,5.3186,0.0,0.015
ViT-L-14__block4__fov,900_1000,2,2,7.4589,5.3079,0.0,0.025
ViT-L-14__block4__fov,900_1000,3,2,7.4638,5.3099,0.0,0.01
ViT-L-14__block4__fov,900_1000,4,2,7.4507,5.3146,0.005,0.015
ViT-L-14__block8,0_100,0,19,6.9408,4.0245,0.075,0.27
ViT-L-14__block8,0_100,1,21,6.9246,3.9711,0.07,0.27
ViT-L-14__block8,0_100,2,20,6.895,4.0035,0.06,0.27
ViT-L-14__block8,0_100,3,18,6.9187,4.0573,0.095,0.26
ViT-L-14__block8,0_100,4,19,6.9114,4.0029,0.09,0.26
ViT-L-14__block8,100_200,0,33,6.3057,2.825,0.285,0.625
ViT-L-14__block8,100_200,1,26,6.2582,2.9074,0.245,0.595
ViT-L-14__block8,100_200,2,28,6.2838,2.8756,0.25,0.59
ViT-L-14__block8,100_200,3,25,6.309,2.9404,0.23,0.59
ViT-L-14__block8,100_200,4,31,6.2322,2.8448,0.24,0.6
ViT-L-14__block8,200_300,0,20,6.5535,3.407,0.145,0.42
ViT-L-14__block8,200_300,1,22,6.5934,3.4098,0.12,0.415
ViT-L-14__block8,200_300,2,24,6.5151,3.38,0.15,0.42
ViT-L-14__block8,200_300,3,21,6.6006,3.3976,0.155,0.455
ViT-L-14__block8,200_300,4,19,6.5869,3.4212,0.15,0.395
ViT-L-14__block8,300_400,0,11,7.0572,4.2435,0.1,0.265
ViT-L-14__block8,300_400,1,10,7.0768,4.2832,0.105,0.275
ViT-L-14__block8,300_400,2,12,7.0868,4.244,0.08,0.26
ViT-L-14__block8,300_400,3,11,7.1027,4.2299,0.105,0.26
ViT-L-14__block8,300_400,4,11,7.0975,4.2742,0.075,0.27
ViT-L-14__block8,400_500,0,7,7.3608,4.9371,0.035,0.095
ViT-L-14__block8,400_500,1,7,7.4086,4.9841,0.05,0.095
ViT-L-14__block8,400_500,2,6,7.3992,4.9765,0.03,0.105
ViT-L-14__block8,400_500,3,8,7.3485,4.9164,0.035,0.1
ViT-L-14__block8,400_500,4,8,7.3851,4.8899,0.03,0.13
ViT-L-14__block8,500_600,0,4,7.4493,5.1811,0.02,0.075
ViT-L-14__block8,500_600,1,2,7.4721,5.2439,0.015,0.04
ViT-L-14__block8,500_600,2,2,7.4675,5.2658,0.0,0.04
ViT-L-14__block8,500_600,3,3,7.4301,5.2186,0.01,0.065
ViT-L-14__block8,500_600,4,3,7.4747,5.2246,0.01,0.05
ViT-L-14__block8,600_700,0,2,7.4642,5.2921,0.01,0.055
ViT-L-14__block8,600_700,1,2,7.4813,5.2757,0.01,0.06
ViT-L-14__block8,600_700,2,2,7.4592,5.2684,0.015,0.055
ViT-L-14__block8,600_700,3,2,7.4485,5.2881,0.0,0.04
ViT-L-14__block8,600_700,4,3,7.49,5.2783,0.015,0.07
ViT-L-14__block8,700_800,0,2,7.4654,5.3135,0.005,0.035
ViT-L-14__block8,700_800,1,2,7.4813,5.2999,0.0,0.03
ViT-L-14__block8,700_800,2,2,7.497,5.3041,0.025,0.05
ViT-L-14__block8,700_800,3,2,7.4654,5.3219,0.005,0.03
ViT-L-14__block8,700_800,4,2,7.4885,5.3112,0.005,0.035
ViT-L-14__block8,800_900,0,2,7.4918,5.3224,0.005,0.035
ViT-L-14__block8,800_900,1,2,7.487,5.3162,0.0,0.035
ViT-L-14__block8,800_900,2,2,7.5018,5.2961,0.02,0.05
ViT-L-14__block8,800_900,3,2,7.4843,5.3311,0.005,0.015
ViT-L-14__block8,800_900,4,2,7.4885,5.2984,0.02,0.045
ViT-L-14__block8,900_1000,0,2,7.4926,5.3212,0.01,0.04
ViT-L-14__block8,900_1000,1,2,7.4821,5.3074,0.01,0.03
ViT-L-14__block8,900_1000,2,2,7.4903,5.3196,0.0,0.025
ViT-L-14__block8,900_1000,3,2,7.4933,5.3236,0.005,0.015
ViT-L-14__block8,900_1000,4,2,7.4903,5.3018,0.005,0.02
ViT-L-14__block8__fov,0_100,0,17,6.9316,4.0059,0.06,0.28
ViT-L-14__block8__fov,0_100,1,19,6.9011,3.9077,0.06,0.29
ViT-L-14__block8__fov,0_100,2,20,6.8913,3.9286,0.085,0.295
ViT-L-14__block8__fov,0_100,3,20,6.9117,3.9529,0.075,0.28
ViT-L-14__block8__fov,0_100,4,19,6.9116,3.9425,0.08,0.285
ViT-L-14__block8__fov,100_200,0,26,6.2584,2.815,0.28,0.61
ViT-L-14__block8__fov,100_200,1,27,6.2141,2.8079,0.28,0.62
ViT-L-14__block8__fov,100_200,2,31,6.2545,2.7656,0.265,0.62
ViT-L-14__block8__fov,100_200,3,25,6.2854,2.8562,0.24,0.615
ViT-L-14__block8__fov,100_200,4,35,6.195,2.7564,0.305,0.625
ViT-L-14__block8__fov,200_300,0,23,6.5598,3.2816,0.185,0.46
ViT-L-14__block8__fov,200_300,1,22,6.5922,3.3226,0.155,0.435
ViT-L-14__block8__fov,200_300,2,21,6.5181,3.3526,0.13,0.42
ViT-L-14__block8__fov,200_300,3,21,6.5922,3.3502,0.175,0.43
ViT-L-14__block8__fov,200_300,4,20,6.5674,3.3376,0.155,0.435
ViT-L-14__block8__fov,300_400,0,11,7.054,4.2313,0.12,0.3
ViT-L-14__block8__fov,300_400,1,11,7.0724,4.2696,0.1,0.23
ViT-L-14__block8__fov,300_400,2,12,7.0834,4.1992,0.115,0.27
ViT-L-14__block8__fov,300_400,3,11,7.0815,4.2112,0.075,0.27
ViT-L-14__block8__fov,300_400,4,13,7.1007,4.2124,0.09,0.24
ViT-L-14__block8__fov,400_500,0,8,7.3674,4.8828,0.045,0.135
ViT-L-14__block8__fov,400_500,1,7,7.4019,4.9892,0.035,0.1
ViT-L-14__block8__fov,400_500,2,6,7.3953,4.9631,0.02,0.085
ViT-L-14__block8__fov,400_500,3,7,7.3647,4.9167,0.04,0.11
ViT-L-14__block8__fov,400_500,4,6,7.3901,4.9302,0.045,0.125
ViT-L-14__block8__fov,500_600,0,4,7.4492,5.1909,0.025,0.06
ViT-L-14__block8__fov,500_600,1,3,7.4908,5.2348,0.015,0.045
ViT-L-14__block8__fov,500_600,2,2,7.469,5.2552,0.005,0.035
ViT-L-14__block8__fov,500_600,3,3,7.4528,5.213,0.005,0.06
ViT-L-14__block8__fov,500_600,4,3,7.475,5.2135,0.015,0.065
ViT-L-14__block8__fov,600_700,0,2,7.4621,5.2912,0.01,0.03
ViT-L-14__block8__fov,600_700,1,3,7.4981,5.2809,0.015,0.055
ViT-L-14__block8__fov,600_700,2,2,7.4566,5.2918,0.01,0.025
ViT-L-14__block8__fov,600_700,3,2,7.462,5.2859,0.0,0.03
ViT-L-14__block8__fov,600_700,4,3,7.4725,5.2618,0.005,0.04
ViT-L-14__block8__fov,700_800,0,3,7.4765,5.3149,0.005,0.02
ViT-L-14__block8__fov,700_800,1,2,7.4953,5.3122,0.015,0.03
ViT-L-14__block8__fov,700_800,2,2,7.484,5.3095,0.005,0.04
ViT-L-14__block8__fov,700_800,3,2,7.4794,5.3094,0.005,0.02
ViT-L-14__block8__fov,700_800,4,3,7.4897,5.3108,0.01,0.04
ViT-L-14__block8__fov,800_900,0,2,7.4789,5.3137,0.005,0.03
ViT-L-14__block8__fov,800_900,1,2,7.4954,5.3286,0.0,0.035
ViT-L-14__block8__fov,800_900,2,2,7.4755,5.3153,0.01,0.04
ViT-L-14__block8__fov,800_900,3,2,7.4836,5.3207,0.005,0.025
ViT-L-14__block8__fov,800_900,4,2,7.4925,5.3248,0.005,0.02
ViT-L-14__block8__fov,900_1000,0,2,7.4872,5.3186,0.005,0.025
ViT-L-14__block8__fov,900_1000,1,2,7.506,5.3238,0.02,0.05
ViT-L-14__block8__fov,900_1000,2,2,7.4917,5.3229,0.01,0.02
ViT-L-14__block8__fov,900_1000,3,2,7.4892,5.3007,0.005,0.025
ViT-L-14__block8__fov,900_1000,4,3,7.4752,5.3078,0.015,0.045
