target,window,seed,best_epoch,val_loss,test_loss,top1,top5
RN50__attnpool,0_100,0,9,7.3497,4.9488,0.025,0.095
RN50__attnpool,0_100,1,9,7.3124,5.0141,0.015,0.095
RN50__attnpool,0_100,2,9,7.3524,4.9694,0.01,0.08
RN50__attnpool,0_100,3,9,7.3456,5.0088,0.02,0.095
RN50__attnpool,0_100,4,9,7.3418,4.969,0.01,0.095
RN50__attnpool,100_200,0,18,6.7214,3.7958,0.165,0.38
RN50__attnpool,100_200,1,18,6.7235,3.777,0.14,0.385
RN50__attnpool,100_200,2,19,6.7707,3.7925,0.145,0.365
RN50__attnpool,100_200,3,16,6.742,3.796,0.15,0.34
RN50__attnpool,100_200,4,19,6.6833,3.7457,0.15,0.375
RN50__attnpool,200_300,0,23,6.6275,3.4982,0.18,0.45
RN50__attnpool,200_300,1,20,6.6714,3.5504,0.17,0.445
RN50__attnpool,200_300,2,19,6.6452,3.5295,0.185,0.43
RN50__attnpool,200_300,3,19,6.6391,3.5847,0.21,0.43
RN50__attnpool,200_300,4,21,6.6583,3.5281,0.18,0.445
RN50__attnpool,300_400,0,19,6.9019,3.8217,0.145,0.39
RN50__attnpool,300_400,1,18,6.9095,3.8752,0.135,0.355
RN50__attnpool,300_400,2,19,6.9026,3.8723,0.145,0.335
RN50__attnpool,300_400,3,16,6.9076,3.8656,0.13,0.365
RN50__attnpool,300_400,4,16,6.9151,3.8453,0.1,0.345
RN50__attnpool,400_500,0,15,7.2436,4.4236,0.07,0.215
RN50__attnpool,400_500,1,20,7.2278,4.3909,0.07,0.185
RN50__attnpool,400_500,2,15,7.2619,4.405,0.08,0.175
RN50__attnpool,400_500,3,17,7.236,4.4134,0.075,0.195
RN50__attnpool,400_500,4,16,7.2753,4.4191,0.07,0.21
RN50__attnpool,500_600,0,3,7.459,5.1527,0.01,0.07
RN50__attnpool,500_600,1,3,7.4699,5.1496,0.025,0.05
RN50__attnpool,500_600,2,3,7.4854,5.1488,0.0,0.025
RN50__attnpool,500_600,3,3,7.4577,5.1608,0.01,0.065
RN50__attnpool,500_600,4,3,7.4766,5.1395,0.01,0.06
RN50__attnpool,600_700,0,3,7.4666,5.207,0.01,0.05
RN50__attnpool,600_700,1,2,7.4883,5.2485,0.01,0.04
RN50__attnpool,600_700,2,3,7.4907,5.2307,0.02,0.045
RN50__attnpool,600_700,3,2,7.4786,5.241,0.01,0.04
RN50__attnpool,600_700,4,2,7.4949,5.2508,0.015,0.04
RN50__attnpool,700_800,0,3,7.4784,5.2846,0.01,0.065
RN50__attnpool,700_800,1,2,7.494,5.2953,0.01,0.025
RN50__attnpool,700_800,2,2,7.5093,5.3122,0.01,0.035
RN50__attnpool,700_800,3,2,7.4867,5.3152,0.0,0.035
RN50__attnpool,700_800,4,2,7.5024,5.2863,0.0,0.035
RN50__attnpool,800_900,0,2,7.485,5.2899,0.01,0.055
RN50__attnpool,800_900,1,2,7.5056,5.2943,0.005,0.01
RN50__attnpool,800_900,2,2,7.5139,5.3034,0.01,0.035
RN50__attnpool,800_900,3,2,7.4944,5.3158,0.0,0.015
RN50__attnpool,800_900,4,2,7.5117,5.3067,0.015,0.045
RN50__attnpool,900_1000,0,2,7.492,5.2937,0.01,0.025
RN50__attnpool,900_1000,1,2,7.5127,5.3097,0.005,0.03
RN50__attnpool,900_1000,2,2,7.5259,5.3209,0.005,0.05
RN50__attnpool,900_1000,3,2,7.494,5.3248,0.005,0.035
RN50__attnpool,900_1000,4,2,7.516,5.3158,0.0,0.015
RN50__attnpool__fov,0_100,0,10,7.3243,4.9667,0.02,0.09
RN50__attnpool__fov,0_100,1,9,7.3025,4.9826,0.025,0.11
RN50__attnpool__fov,0_100,2,10,7.3434,4.9517,0.015,0.1
RN50__attnpool__fov,0_100,3,9,7.3439,4.952,0.02,0.105
RN50__attnpool__fov,0_100,4,10,7.3629,4.9733,0.02,0.085
RN50__attnpool__fov,100_200,0,18,6.6888,3.8066,0.145,0.38
RN50__attnpool__fov,100_200,1,18,6.7338,3.8069,0.145,0.36
RN50__attnpool__fov,100_200,2,19,6.7398,3.7538,0.135,0.39
RN50__attnpool__fov,100_200,3,16,6.7515,3.7943,0.15,0.38
RN50__attnpool__fov,100_200,4,19,6.6893,3.77,0.145,0.39
RN50__attnpool__fov,200_300,0,20,6.6111,3.4881,0.205,0.475
RN50__attnpool__fov,200_300,1,20,6.6408,3.494,0.2,0.47
RN50__attnpool__fov,200_300,2,23,6.6113,3.444,0.205,0.5
RN50__attnpool__fov,200_300,3,22,6.6179,3.4733,0.205,0.475
RN50__attnpool__fov,200_300,4,20,6.6606,3.4811,0.18,0.47
RN50__attnpool__fov,300_400,0,19,6.8601,3.8527,0.125,0.37
RN50__attnpool__fov,300_400,1,16,6.892,3.9127,0.115,0.37
RN50__attnpool__fov,300_400,2,19,6.89,3.8061,0.14,0.39
RN50__attnpool__fov,300_400,3,16,6.9009,3.9132,0.115,0.37
RN50__attnpool__fov,300_400,4,16,6.9102,3.8455,0.13,0.41
RN50__attnpool__fov,400_500,0,14,7.23,4.4546,0.08,0.225
RN50__attnpool__fov,400_500,1,16,7.2379,4.4243,0.09,0.205
RN50__attnpool__fov,400_500,2,16,7.2827,4.3802,0.065,0.195
RN50__attnpool__fov,400_500,3,17,7.2294,4.3707,0.075,0.19
RN50__attnpool__fov,400_500,4,15,7.2667,4.413,0.07,0.215
RN50__attnpool__fov,500_600,0,3,7.4502,5.1888,0.015,0.05
RN50__attnpool__fov,500_600,1,3,7.4619,5.1634,0.01,0.04
RN50__attnpool__fov,500_600,2,3,7.4705,5.1728,0.005,0.065
RN50__attnpool__fov,500_600,3,3,7.4584,5.1493,0.01,0.05
RN50__attnpool__fov,500_600,4,3,7.4643,5.1388,0.02,0.065
RN50__attnpool__fov,600_700,0,3,7.4546,5.2539,0.0,0.035
RN50__attnpool__fov,600_700,1,2,7.4811,5.2731,0.01,0.045
RN50__attnpool__fov,600_700,2,3,7.4724,5.2695,0.005,0.02
RN50__attnpool__fov,600_700,3,3,7.4767,5.2119,0.0,0.04
RN50__attnpool__fov,600_700,4,3,7.4831,5.2334,0.0,0.05
RN50__attnpool__fov,700_800,0,3,7.4742,5.324,0.0,0.02
RN50__attnpool__fov,700_800,1,2,7.4925,5.3032,0.02,0.045
RN50__attnpool__fov,700_800,2,2,7.494,5.3165,0.0,0.015
RN50__attnpool__fov,700_800,3,2,7.4968,5.282,0.0,0.025
RN50__attnpool__fov,700_800,4,2,7.4996,5.3104,0.005,0.03
RN50__attnpool__fov,800_900,0,2,7.4775,5.321,0.0,0.025
RN50__attnpool__fov,800_900,1,2,7.4935,5.2986,0.005,0.045
RN50__attnpool__fov,800_900,2,2,7.4927,5.3247,0.0,0.02
RN50__attnpool__fov,800_900,3,2,7.4948,5.3032,0.01,0.025
RN50__attnpool__fov,800_900,4,2,7.5051,5.3122,0.005,0.025
RN50__attnpool__fov,900_1000,0,2,7.4847,5.3487,0.005,0.02
RN50__attnpool__fov,900_1000,1,2,7.499,5.3346,0.015,0.035
RN50__attnpool__fov,900_1000,2,2,7.4833,5.3248,0.005,0.025
RN50__attnpool__fov,900_1000,3,2,7.5053,5.3087,0.01,0.02
RN50__attnpool__fov,900_1000,4,2,7.5054,5.3074,0.02,0.04
RN50__layer1,0_100,0,10,7.1573,4.634,0.04,0.17
RN50__layer1,0_100,1,11,7.1705,4.6644,0.05,0.17
RN50__layer1,0_100,2,11,7.1784,4.6578,0.055,0.185
RN50__layer1,0_100,3,9,7.174,4.7663,0.035,0.15
RN50__layer1,0_100,4,11,7.1455,4.6743,0.05,0.145
RN50__layer1,100_200,0,23,6.6414,3.5165,0.205,0.405
RN50__layer1,100_200,1,17,6.6239,3.6177,0.155,0.415
RN50__layer1,100_200,2,18,6.6568,3.5473,0.19,0.43
RN50__layer1,100_200,3,18,6.6787,3.577,0.185,0.435
RN50__layer1,100_200,4,22,6.6443,3.5042,0.185,0.455
RN50__layer1,200_300,0,18,6.7209,3.8332,0.11,0.33
RN50__layer1,200_300,1,17,6.7438,3.8081,0.12,0.32
RN50__layer1,200_300,2,18,6.7513,3.8646,0.1,0.3
RN50__layer1,200_300,3,18,6.7667,3.8001,0.105,0.375
RN50__layer1,200_300,4,19,6.7237,3.7861,0.12,0.32
RN50__layer1,300_400,0,14,7.1255,4.2394,0.085,0.27
RN50__layer1,300_400,1,12,7.1273,4.2625,0.075,0.28
RN50__layer1,300_400,2,14,7.1439,4.2296,0.085,0.295
RN50__layer1,300_400,3,13,7.1597,4.2713,0.07,0.255
RN50__layer1,300_400,4,11,7.1456,4.3452,0.065,0.215
RN50__layer1,400_500,0,8,7.373,4.8213,0.06,0.145
RN50__layer1,400_500,1,9,7.3697,4.7651,0.045,0.165
RN50__layer1,400_500,2,7,7.3537,4.826,0.05,0.18
RN50__layer1,400_500,3,10,7.3408,4.8005,0.04,0.14
RN50__layer1,400_500,4,9,7.3464,4.8018,0.06,0.175
RN50__layer1,500_600,0,5,7.4532,5.173,0.01,0.055
RN50__layer1,500_600,1,4,7.4488,5.1904,0.005,0.045
RN50__layer1,500_600,2,3,7.4374,5.2175,0.01,0.03
RN50__layer1,500_600,3,4,7.4457,5.2037,0.005,0.03
RN50__layer1,500_600,4,4,7.4344,5.204,0.01,0.05
RN50__layer1,600_700,0,3,7.4659,5.2692,0.01,0.04
RN50__layer1,600_700,1,3,7.4733,5.279,0.005,0.05
RN50__layer1,600_700,2,3,7.4559,5.2677,0.0,0.035
RN50__layer1,600_700,3,4,7.4462,5.2731,0.005,0.05
RN50__layer1,600_700,4,3,7.4437,5.2865,0.005,0.02
RN50__layer1,700_800,0,3,7.4762,5.3071,0.015,0.03
RN50__layer1,700_800,1,3,7.4792,5.304,0.02,0.045
RN50__layer1,700_800,2,3,7.4628,5.3007,0.0,0.03
RN50__layer1,700_800,3,4,7.4753,5.3056,0.015,0.055
RN50__layer1,700_800,4,3,7.4574,5.3103,0.0,0.025
RN50__layer1,800_900,0,3,7.4751,5.2923,0.01,0.03
RN50__layer1,800_900,1,3,7.4774,5.3195,0.01,0.03
RN50__layer1,800_900,2,3,7.4693,5.2979,0.005,0.02
RN50__layer1,800_900,3,3,7.4651,5.3018,0.01,0.035
RN50__layer1,800_900,4,3,7.4631,5.316,0.0,0.02
RN50__layer1,900_1000,0,3,7.4828,5.3089,0.005,0.025
RN50__layer1,900_1000,1,3,7.4751,5.3206,0.005,0.03
RN50__layer1,900_1000,2,3,7.4753,5.3012,0.0,0.02
RN50__layer1,900_1000,3,4,7.4666,5.3154,0.01,0.03
RN50__layer1,900_1000,4,3,7.468,5.3159,0.005,0.025
RN50__layer1__fov,0_100,0,10,7.1566,4.6226,0.045,0.16
RN50__layer1__fov,0_100,1,11,7.1398,4.6069,0.035,0.165
RN50__layer1__fov,0_100,2,11,7.1653,4.5963,0.03,0.16
RN50__layer1__fov,0_100,3,10,7.1814,4.6269,0.03,0.155
RN50__layer1__fov,0_100,4,12,7.1343,4.5971,0.04,0.16
RN50__layer1__fov,100_200,0,23,6.6153,3.4762,0.215,0.415
RN50__layer1__fov,100_200,1,17,6.5856,3.5408,0.16,0.43
RN50__layer1__fov,100_200,2,22,6.6159,3.4646,0.2,0.46
RN50__layer1__fov,100_200,3,24,6.6462,3.468,0.18,0.44
RN50__layer1__fov,100_200,4,22,6.6204,3.47,0.175,0.47
RN50__layer1__fov,200_300,0,17,6.7107,3.8333,0.105,0.305
RN50__layer1__fov,200_300,1,17,6.7205,3.7999,0.085,0.34
RN50__layer1__fov,200_300,2,18,6.7453,3.8102,0.09,0.325
RN50__layer1__fov,200_300,3,18,6.7337,3.7641,0.12,0.355
RN50__layer1__fov,200_300,4,20,6.6987,3.7708,0.11,0.325
RN50__layer1__fov,300_400,0,14,7.1172,4.2464,0.075,0.255
RN50__layer1__fov,300_400,1,12,7.1132,4.2736,0.075,0.26
RN50__layer1__fov,300_400,2,14,7.1478,4.233,0.08,0.275
RN50__layer1__fov,300_400,3,13,7.16,4.2756,0.09,0.25
RN50__layer1__fov,300_400,4,16,7.1313,4.2431,0.075,0.265
RN50__layer1__fov,400_500,0,11,7.3599,4.7636,0.06,0.135
RN50__layer1__fov,400_500,1,7,7.3462,4.8487,0.045,0.165
RN50__layer1__fov,400_500,2,5,7.3542,4.9673,0.025,0.165
RN50__layer1__fov,400_500,3,9,7.341,4.8191,0.035,0.145
RN50__layer1__fov,400_500,4,8,7.3504,4.792,0.05,0.18
RN50__layer1__fov,500_600,0,5,7.458,5.1666,0.01,0.06
RN50__layer1__fov,500_600,1,4,7.4325,5.1924,0.02,0.07
RN50__layer1__fov,500_600,2,3,7.4379,5.2263,0.01,0.04
RN50__layer1__fov,500_600,3,4,7.4476,5.1955,0.01,0.065
RN50__layer1__fov,500_600,4,4,7.4274,5.1824,0.005,0.065
RN50__layer1__fov,600_700,0,5,7.47,5.2603,0.015,0.035
RN50__layer1__fov,600_700,1,3,7.4533,5.279,0.01,0.045
RN50__layer1__fov,600_700,2,3,7.4519,5.2759,0.015,0.04
RN50__layer1__fov,600_700,3,4,7.4521,5.269,0.015,0.04
RN50__layer1__fov,600_700,4,3,7.4561,5.2739,0.02,0.04
RN50__layer1__fov,700_800,0,3,7.4688,5.3209,0.01,0.025
RN50__layer1__fov,700_800,1,3,7.4651,5.2975,0.01,0.04
RN50__layer1__fov,700_800,2,3,7.464,5.3023,0.02,0.05
RN50__layer1__fov,700_800,3,4,7.4782,5.295,0.01,0.04
RN50__layer1__fov,700_800,4,3,7.4617,5.3039,0.005,0.02
RN50__layer1__fov,800_900,0,3,7.4878,5.3,0.005,0.045
RN50__layer1__fov,800_900,1,3,7.4559,5.3126,0.005,0.015
RN50__layer1__fov,800_900,2,2,7.4701,5.3087,0.015,0.025
RN50__layer1__fov,800_900,3,4,7.4754,5.3023,0.005,0.025
RN50__layer1__fov,800_900,4,3,7.4728,5.3141,0.005,0.025
RN50__layer1__fov,900_1000,0,3,7.497,5.305,0.005,0.025
RN50__layer1__fov,900_1000,1,3,7.4707,5.3142,0.0,0.02
RN50__layer1__fov,900_1000,2,2,7.4723,5.3149,0.015,0.04
RN50__layer1__fov,900_1000,3,4,7.4727,5.3155,0.01,0.035
RN50__layer1__fov,900_1000,4,3,7.4722,5.313,0.0,0.025
RN50__layer2,0_100,0,12,7.1161,4.6308,0.04,0.17
RN50__layer2,0_100,1,13,7.1632,4.5712,0.05,0.195
RN50__layer2,0_100,2,11,7.1643,4.5677,0.045,0.205
RN50__layer2,0_100,3,12,7.1493,4.5689,0.06,0.2
RN50__layer2,0_100,4,12,7.1488,4.5566,0.04,0.18
RN50__layer2,100_200,0,20,6.4478,3.3157,0.205,0.505
RN50__layer2,100_200,1,19,6.4378,3.3518,0.19,0.47
RN50__layer2,100_200,2,26,6.4847,3.2622,0.21,0.5
RN50__layer2,100_200,3,22,6.5024,3.3121,0.21,0.515
RN50__layer2,100_200,4,21,6.4643,3.3146,0.2,0.495
RN50__layer2,200_300,0,21,6.5443,3.4754,0.145,0.44
RN50__layer2,200_300,1,19,6.5758,3.4572,0.14,0.44
RN50__layer2,200_300,2,17,6.5929,3.5036,0.165,0.45
RN50__layer2,200_300,3,22,6.547,3.4135,0.19,0.475
RN50__layer2,200_300,4,21,6.5744,3.4698,0.17,0.46
RN50__layer2,300_400,0,14,6.98,4.0146,0.115,0.325
RN50__layer2,300_400,1,12,7.0229,4.0416,0.085,0.32
RN50__layer2,300_400,2,12,7.016,4.0135,0.1,0.335
RN50__layer2,300_400,3,16,7.0471,3.9882,0.12,0.335
RN50__layer2,300_400,4,13,7.0248,4.024,0.105,0.325
RN50__layer2,400_500,0,11,7.3161,4.5947,0.05,0.19
RN50__layer2,400_500,1,12,7.3127,4.5863,0.055,0.165
RN50__layer2,400_500,2,7,7.3209,4.713,0.055,0.14
RN50__layer2,400_500,3,12,7.2779,4.6,0.06,0.19
RN50__layer2,400_500,4,12,7.3185,4.6216,0.045,0.2
RN50__layer2,500_600,0,3,7.4339,5.1965,0.015,0.065
RN50__layer2,500_600,1,3,7.4433,5.1903,0.015,0.045
RN50__layer2,500_600,2,3,7.424,5.1829,0.015,0.07
RN50__layer2,500_600,3,4,7.428,5.1618,0.015,0.06
RN50__layer2,500_600,4,3,7.4362,5.1847,0.01,0.065
RN50__layer2,600_700,0,2,7.4469,5.2877,0.01,0.03
RN50__layer2,600_700,1,2,7.4724,5.2844,0.005,0.05
RN50__layer2,600_700,2,2,7.4464,5.2818,0.005,0.025
RN50__layer2,600_700,3,2,7.4435,5.2813,0.015,0.04
RN50__layer2,600_700,4,3,7.4612,5.2662,0.01,0.05
RN50__layer2,700_800,0,2,7.459,5.3302,0.0,0.04
RN50__layer2,700_800,1,2,7.4884,5.3178,0.015,0.02
RN50__layer2,700_800,2,2,7.4569,5.3076,0.005,0.03
RN50__layer2,700_800,3,2,7.4722,5.3035,0.005,0.015
RN50__layer2,700_800,4,2,7.4752,5.31,0.015,0.025
RN50__layer2,800_900,0,2,7.4638,5.3086,0.0,0.03
RN50__layer2,800_900,1,2,7.4877,5.3162,0.005,0.035
RN50__layer2,800_900,2,2,7.4627,5.3163,0.005,0.03
RN50__layer2,800_900,3,2,7.4769,5.3035,0.01,0.02
RN50__layer2,800_900,4,2,7.4782,5.3161,0.0,0.015
RN50__layer2,900_1000,0,2,7.4627,5.3189,0.0,0.025
RN50__layer2,900_1000,1,2,7.4929,5.3182,0.01,0.035
RN50__layer2,900_1000,2,2,7.4613,5.3372,0.015,0.04
RN50__layer2,900_1000,3,2,7.4686,5.3059,0.005,0.035
RN50__layer2,900_1000,4,2,7.4719,5.2991,0.01,0.025
RN50__layer2__fov,0_100,0,13,7.1141,4.5128,0.04,0.17
RN50__layer2__fov,0_100,1,13,7.1464,4.5214,0.035,0.185
RN50__layer2__fov,0_100,2,11,7.152,4.5158,0.035,0.175
RN50__layer2__fov,0_100,3,11,7.1568,4.5189,0.05,0.2
RN50__layer2__fov,0_100,4,13,7.135,4.4748,0.045,0.16
RN50__layer2__fov,100_200,0,20,6.4266,3.2524,0.205,0.51
RN50__layer2__fov,100_200,1,19,6.4389,3.298,0.205,0.51
RN50__layer2__fov,100_200,2,26,6.4425,3.2071,0.21,0.52
RN50__layer2__fov,100_200,3,26,6.478,3.2128,0.225,0.525
RN50__layer2__fov,100_200,4,22,6.4423,3.2532,0.23,0.5
RN50__layer2__fov,200_300,0,21,6.5164,3.4141,0.14,0.47
RN50__layer2__fov,200_300,1,19,6.5683,3.4312,0.17,0.47
RN50__layer2__fov,200_300,2,17,6.5758,3.4572,0.18,0.47
RN50__layer2__fov,200_300,3,22,6.5303,3.3556,0.18,0.5
RN50__layer2__fov,200_300,4,21,6.5703,3.4492,0.15,0.455
RN50__layer2__fov,300_400,0,14,6.9778,3.988,0.115,0.305
RN50__layer2__fov,300_400,1,17,7.0243,3.9429,0.11,0.325
RN50__layer2__fov,300_400,2,12,7.0291,3.9935,0.1,0.335
RN50__layer2__fov,300_400,3,16,7.0477,3.9725,0.135,0.325
RN50__layer2__fov,300_400,4,13,7.0346,4.0578,0.09,0.32
RN50__layer2__fov,400_500,0,11,7.3061,4.5802,0.05,0.195
RN50__layer2__fov,400_500,1,12,7.3082,4.5632,0.055,0.18
RN50__layer2__fov,400_500,2,6,7.3412,4.7518,0.045,0.135
RN50__layer2__fov,400_500,3,12,7.2968,4.5746,0.045,0.17
RN50__layer2__fov,400_500,4,8,7.3271,4.6905,0.035,0.17
RN50__layer2__fov,500_600,0,3,7.4233,5.1795,0.005,0.06
RN50__layer2__fov,500_600,1,4,7.4378,5.165,0.005,0.06
RN50__layer2__fov,500_600,2,3,7.4379,5.2047,0.015,0.055
RN50__layer2__fov,500_600,3,2,7.4281,5.2144,0.01,0.03
RN50__layer2__fov,500_600,4,3,7.433,5.1725,0.01,0.08
RN50__layer2__fov,600_700,0,3,7.4328,5.2895,0.0,0.035
RN50__layer2__fov,600_700,1,2,7.4638,5.3059,0.005,0.02
RN50__layer2__fov,600_700,2,2,7.4585,5.291,0.005,0.05
RN50__layer2__fov,600_700,3,2,7.4381,5.2687,0.01,0.035
RN50__layer2__fov,600_700,4,3,7.4661,5.2703,0.0,0.01
RN50__layer2__fov,700_800,0,2,7.4529,5.3363,0.0,0.01
RN50__layer2__fov,700_800,1,2,7.4759,5.3308,0.01,0.02
RN50__layer2__fov,700_800,2,2,7.4666,5.321,0.0,0.035
RN50__layer2__fov,700_800,3,2,7.4692,5.3082,0.005,0.03
RN50__layer2__fov,700_800,4,3,7.4759,5.3188,0.0,0.035
RN50__layer2__fov,800_900,0,2,7.457,5.3201,0.0,0.005
RN50__layer2__fov,800_900,1,2,7.4681,5.321,0.015,0.03
RN50__layer2__fov,800_900,2,2,7.4694,5.3209,0.01,0.035
RN50__layer2__fov,800_900,3,2,7.4735,5.3015,0.015,0.025
RN50__layer2__fov,800_900,4,2,7.4784,5.3272,0.0,0.025
RN50__layer2__fov,900_1000,0,2,7.4601,5.3272,0.0,0.005
RN50__layer2__fov,900_1000,1,2,7.4778,5.3223,0.01,0.03
RN50__layer2__fov,900_1000,2,2,7.4682,5.3353,0.005,0.03
RN50__layer2__fov,900_1000,3,2,7.4631,5.3098,0.0,0.02
RN50__layer2__fov,900_1000,4,2,7.4794,5.309,0.02,0.035
RN50__layer3,0_100,0,16,7.2345,4.5483,0.035,0.135
RN50__layer3,0_100,1,14,7.2018,4.5526,0.055,0.185
RN50__layer3,0_100,2,15,7.2378,4.5277,0.045,0.15
RN50__layer3,0_100,3,15,7.1917,4.5653,0.035,0.18
RN50__layer3,0_100,4,13,7.2266,4.6156,0.04,0.145
RN50__layer3,100_200,0,24,6.3482,3.0933,0.265,0.555
RN50__layer3,100_200,1,24,6.3441,3.0968,0.25,0.575
RN50__layer3,100_200,2,24,6.3942,3.0905,0.255,0.6
RN50__layer3,100_200,3,22,6.4051,3.1067,0.275,0.555
RN50__layer3,100_200,4,31,6.3408,3.017,0.285,0.615
RN50__layer3,200_300,0,30,6.3174,2.9778,0.285,0.595
RN50__layer3,200_300,1,24,6.3444,3.0226,0.28,0.59
RN50__layer3,200_300,2,26,6.3441,3.0091,0.29,0.58
RN50__layer3,200_300,3,30,6.3402,2.9859,0.275,0.595
RN50__layer3,200_300,4,26,6.3898,2.9927,0.295,0.54
RN50__layer3,300_400,0,22,6.7792,3.5442,0.17,0.46
RN50__layer3,300_400,1,19,6.8055,3.5814,0.195,0.425
RN50__layer3,300_400,2,19,6.782,3.5634,0.185,0.48
RN50__layer3,300_400,3,16,6.8411,3.5873,0.185,0.465
RN50__layer3,300_400,4,22,6.8203,3.5262,0.185,0.465
RN50__layer3,400_500,0,14,7.2065,4.2584,0.085,0.28
RN50__layer3,400_500,1,19,7.2314,4.254,0.085,0.3
RN50__layer3,400_500,2,15,7.2253,4.2608,0.085,0.29
RN50__layer3,400_500,3,17,7.2036,4.2333,0.095,0.29
RN50__layer3,400_500,4,13,7.2502,4.324,0.08,0.255
RN50__layer3,500_600,0,4,7.445,5.1063,0.03,0.08
RN50__layer3,500_600,1,4,7.4533,5.1422,0.02,0.09
RN50__layer3,500_600,2,4,7.4601,5.0853,0.01,0.075
RN50__layer3,500_600,3,4,7.4525,5.1389,0.01,0.08
RN50__layer3,500_600,4,3,7.4537,5.1688,0.005,0.05
RN50__layer3,600_700,0,4,7.4655,5.2147,0.025,0.07
RN50__layer3,600_700,1,3,7.4914,5.2536,0.01,0.025
RN50__layer3,600_700,2,3,7.4755,5.2219,0.01,0.065
RN50__layer3,600_700,3,3,7.4723,5.2683,0.02,0.05
RN50__layer3,600_700,4,3,7.4765,5.2491,0.015,0.05
RN50__layer3,700_800,0,3,7.4903,5.3037,0.0,0.025
RN50__layer3,700_800,1,2,7.4961,5.3172,0.0,0.015
RN50__layer3,700_800,2,2,7.49,5.2955,0.01,0.025
RN50__layer3,700_800,3,3,7.4969,5.3262,0.005,0.025
RN50__layer3,700_800,4,2,7.4957,5.3171,0.015,0.035
RN50__layer3,800_900,0,2,7.4897,5.2964,0.01,0.04
RN50__layer3,800_900,1,2,7.509,5.3124,0.01,0.03
RN50__layer3,800_900,2,2,7.4923,5.2957,0.005,0.02
RN50__layer3,800_900,3,2,7.5052,5.3304,0.015,0.045
RN50__layer3,800_900,4,2,7.4995,5.3173,0.0,0.04
RN50__layer3,900_1000,0,2,7.4973,5.3161,0.0,0.035
RN50__layer3,900_1000,1,2,7.5132,5.3272,0.0,0.03
RN50__layer3,900_1000,2,2,7.4943,5.3119,0.005,0.03
RN50__layer3,900_1000,3,2,7.5117,5.3205,0.01,0.02
RN50__layer3,900_1000,4,2,7.4993,5.3352,0.01,0.025
RN50__layer3__fov,0_100,0,16,7.198,4.5207,0.045,0.175
RN50__layer3__fov,0_100,1,14,7.1906,4.5224,0.045,0.175
RN50__layer3__fov,0_100,2,15,7.2171,4.4863,0.05,0.16
RN50__layer3__fov,0_100,3,15,7.1963,4.5263,0.055,0.205
RN50__layer3__fov,0_100,4,13,7.2255,4.5973,0.04,0.16
RN50__layer3__fov,100_200,0,30,6.3267,3.0163,0.285,0.6
RN50__layer3__fov,100_200,1,24,6.3452,3.0446,0.29,0.615
RN50__layer3__fov,100_200,2,24,6.3682,3.0827,0.285,0.565
RN50__layer3__fov,100_200,3,22,6.3808,3.0984,0.28,0.555
RN50__layer3__fov,100_200,4,31,6.3267,2.9888,0.305,0.62
RN50__layer3__fov,200_300,0,30,6.2932,2.9441,0.29,0.61
RN50__layer3__fov,200_300,1,24,6.3218,3.0217,0.265,0.565
RN50__layer3__fov,200_300,2,26,6.3232,2.9941,0.29,0.585
RN50__layer3__fov,200_300,3,27,6.3333,2.9825,0.295,0.59
RN50__layer3__fov,200_300,4,27,6.3637,2.9735,0.295,0.57
RN50__layer3__fov,300_400,0,20,6.7768,3.5604,0.165,0.46
RN50__layer3__fov,300_400,1,19,6.792,3.5737,0.165,0.435
RN50__layer3__fov,300_400,2,19,6.7787,3.5772,0.195,0.445
RN50__layer3__fov,300_400,3,21,6.8297,3.5524,0.2,0.445
RN50__layer3__fov,300_400,4,22,6.8156,3.5683,0.15,0.445
RN50__layer3__fov,400_500,0,14,7.1995,4.3339,0.08,0.225
RN50__layer3__fov,400_500,1,17,7.2197,4.2317,0.09,0.26
RN50__layer3__fov,400_500,2,15,7.2141,4.2562,0.09,0.28
RN50__layer3__fov,400_500,3,18,7.1883,4.1952,0.09,0.3
RN50__layer3__fov,400_500,4,17,7.2399,4.2419,0.1,0.285
RN50__layer3__fov,500_600,0,4,7.4429,5.1561,0.025,0.06
RN50__layer3__fov,500_600,1,4,7.451,5.1153,0.01,0.055
RN50__layer3__fov,500_600,2,4,7.4442,5.0748,0.02,0.085
RN50__layer3__fov,500_600,3,4,7.4611,5.1408,0.005,0.06
RN50__layer3__fov,500_600,4,3,7.4591,5.1446,0.015,0.06
RN50__layer3__fov,600_700,0,4,7.453,5.2704,0.015,0.08
RN50__layer3__fov,600_700,1,3,7.4867,5.2665,0.0,0.04
RN50__layer3__fov,600_700,2,3,7.4698,5.2388,0.015,0.035
RN50__layer3__fov,600_700,3,3,7.4815,5.247,0.0,0.055
RN50__layer3__fov,600_700,4,3,7.4916,5.2211,0.0,0.045
RN50__layer3__fov,700_800,0,3,7.4824,5.3477,0.01,0.04
RN50__layer3__fov,700_800,1,2,7.4989,5.3278,0.01,0.03
RN50__layer3__fov,700_800,2,2,7.5011,5.2941,0.005,0.04
RN50__layer3__fov,700_800,3,3,7.5064,5.3264,0.0,0.035
RN50__layer3__fov,700_800,4,2,7.5055,5.3051,0.0,0.02
RN50__layer3__fov,800_900,0,3,7.4851,5.3354,0.01,0.03
RN50__layer3__fov,800_900,1,2,7.5022,5.3214,0.005,0.03
RN50__layer3__fov,800_900,2,2,7.5018,5.3095,0.015,0.04
RN50__layer3__fov,800_900,3,2,7.5099,5.3283,0.01,0.03
RN50__layer3__fov,800_900,4,2,7.5154,5.3008,0.0,0.03
RN50__layer3__fov,900_1000,0,3,7.4943,5.3569,0.005,0.01
RN50__layer3__fov,900_1000,1,2,7.5109,5.3295,0.01,0.015
RN50__layer3__fov,900_1000,2,2,7.5003,5.3128,0.005,0.03
RN50__layer3__fov,900_1000,3,2,7.506,5.3429,0.0,0.03
RN50__layer3__fov,900_1000,4,2,7.5121,5.3244,0.005,0.025
RN50__layer4,0_100,0,16,7.264,4.8178,0.03,0.13
RN50__layer4,0_100,1,13,7.2446,4.8619,0.03,0.145
RN50__layer4,0_100,2,11,7.2935,4.8996,0.025,0.1
RN50__layer4,0_100,3,12,7.2743,4.8667,0.035,0.11
RN50__layer4,0_100,4,12,7.28,4.8887,0.025,0.09
RN50__layer4,100_200,0,21,6.494,3.4828,0.23,0.45
RN50__layer4,100_200,1,22,6.5227,3.5114,0.19,0.46
RN50__layer4,100_200,2,21,6.5284,3.4708,0.225,0.45
RN50__layer4,100_200,3,22,6.5369,3.4695,0.215,0.445
RN50__layer4,100_200,4,24,6.4764,3.4322,0.25,0.485
RN50__layer4,200_300,0,24,6.3465,3.1712,0.22,0.55
RN50__layer4,200_300,1,24,6.3946,3.1439,0.215,0.575
RN50__layer4,200_300,2,26,6.3875,3.1682,0.23,0.54
RN50__layer4,200_300,3,25,6.3964,3.1751,0.23,0.56
RN50__layer4,200_300,4,22,6.4456,3.1692,0.22,0.56
RN50__layer4,300_400,0,21,6.7358,3.5325,0.2,0.485
RN50__layer4,300_400,1,24,6.7649,3.5341,0.165,0.455
RN50__layer4,300_400,2,19,6.718,3.5789,0.185,0.43
RN50__layer4,300_400,3,19,6.7812,3.5674,0.175,0.48
RN50__layer4,300_400,4,19,6.784,3.534,0.18,0.48
RN50__layer4,400_500,0,19,7.1788,4.2133,0.07,0.29
RN50__layer4,400_500,1,17,7.1646,4.2449,0.1,0.265
RN50__layer4,400_500,2,19,7.1804,4.2468,0.08,0.23
RN50__layer4,400_500,3,20,7.1749,4.2255,0.09,0.255
RN50__layer4,400_500,4,17,7.2105,4.2816,0.085,0.24
RN50__layer4,500_600,0,6,7.4372,5.056,0.02,0.075
RN50__layer4,500_600,1,6,7.4409,5.066,0.01,0.07
RN50__layer4,500_600,2,5,7.4687,5.0675,0.01,0.065
RN50__layer4,500_600,3,5,7.4583,5.1233,0.01,0.05
RN50__layer4,500_600,4,3,7.4624,5.1508,0.005,0.06
RN50__layer4,600_700,0,4,7.466,5.2242,0.01,0.06
RN50__layer4,600_700,1,3,7.4979,5.2321,0.01,0.07
RN50__layer4,600_700,2,3,7.4867,5.2508,0.02,0.04
RN50__layer4,600_700,3,3,7.4896,5.229,0.005,0.04
RN50__layer4,600_700,4,3,7.4814,5.2197,0.0,0.06
RN50__layer4,700_800,0,3,7.4797,5.3062,0.01,0.035
RN50__layer4,700_800,1,2,7.5073,5.3079,0.03,0.04
RN50__layer4,700_800,2,3,7.5097,5.3322,0.0,0.02
RN50__layer4,700_800,3,2,7.5085,5.3126,0.01,0.03
RN50__layer4,700_800,4,2,7.5059,5.2981,0.0,0.02
RN50__layer4,800_900,0,3,7.4959,5.2968,0.015,0.025
RN50__layer4,800_900,1,2,7.5073,5.3116,0.015,0.035
RN50__layer4,800_900,2,2,7.5117,5.3378,0.01,0.015
RN50__layer4,800_900,3,2,7.5105,5.3163,0.02,0.03
RN50__layer4,800_900,4,2,7.4985,5.32,0.005,0.02
RN50__layer4,900_1000,0,3,7.496,5.3181,0.01,0.03
RN50__layer4,900_1000,1,2,7.5241,5.3282,0.01,0.055
RN50__layer4,900_1000,2,2,7.5157,5.3425,0.0,0.015
RN50__layer4,900_1000,3,2,7.5106,5.3329,0.01,0.02
RN50__layer4,900_1000,4,2,7.5067,5.3265,0.01,0.03
RN50__layer4__fov,0_100,0,14,7.2479,4.8197,0.03,0.115
RN50__layer4__fov,0_100,1,13,7.2489,4.7916,0.035,0.145
RN50__layer4__fov,0_100,2,11,7.2602,4.8335,0.02,0.115
RN50__layer4__fov,0_100,3,13,7.278,4.8518,0.025,0.1
RN50__layer4__fov,0_100,4,13,7.2725,4.8207,0.03,0.13
RN50__layer4__fov,100_200,0,21,6.479,3.474,0.22,0.45
RN50__layer4__fov,100_200,1,20,6.5008,3.4702,0.215,0.465
RN50__layer4__fov,100_200,2,21,6.4985,3.4471,0.205,0.44
RN50__layer4__fov,100_200,3,22,6.5323,3.4532,0.2,0.445
RN50__layer4__fov,100_200,4,27,6.4747,3.3868,0.245,0.47
RN50__layer4__fov,200_300,0,24,6.3435,3.1256,0.215,0.575
RN50__layer4__fov,200_300,1,24,6.3951,3.1403,0.215,0.59
RN50__layer4__fov,200_300,2,26,6.3647,3.1402,0.24,0.58
RN50__layer4__fov,200_300,3,27,6.393,3.1067,0.215,0.605
RN50__layer4__fov,200_300,4,22,6.4078,3.1524,0.23,0.56
RN50__layer4__fov,300_400,0,21,6.7279,3.5209,0.19,0.47
RN50__layer4__fov,300_400,1,20,6.7705,3.5813,0.145,0.435
RN50__layer4__fov,300_400,2,19,6.7211,3.5371,0.205,0.47
RN50__layer4__fov,300_400,3,22,6.7701,3.5219,0.19,0.46
RN50__layer4__fov,300_400,4,22,6.7819,3.4929,0.2,0.455
RN50__layer4__fov,400_500,0,14,7.1561,4.3118,0.07,0.26
RN50__layer4__fov,400_500,1,20,7.1567,4.2312,0.065,0.28
RN50__layer4__fov,400_500,2,17,7.1906,4.2377,0.08,0.26
RN50__layer4__fov,400_500,3,20,7.174,4.2097,0.09,0.305
RN50__layer4__fov,400_500,4,18,7.1979,4.2215,0.075,0.245
RN50__layer4__fov,500_600,0,6,7.4503,5.0881,0.025,0.08
RN50__layer4__fov,500_600,1,6,7.4616,5.0633,0.025,0.08
RN50__layer4__fov,500_600,2,5,7.4653,5.0682,0.015,0.065
RN50__layer4__fov,500_600,3,7,7.4673,5.0459,0.025,0.075
RN50__layer4__fov,500_600,4,6,7.4814,5.0189,0.02,0.085
RN50__layer4__fov,600_700,0,3,7.4718,5.2714,0.0,0.04
RN50__layer4__fov,600_700,1,3,7.4982,5.2784,0.015,0.055
RN50__layer4__fov,600_700,2,3,7.4837,5.2689,0.025,0.04
RN50__layer4__fov,600_700,3,4,7.5037,5.2459,0.0,0.02
RN50__layer4__fov,600_700,4,3,7.5149,5.2337,0.01,0.03
RN50__layer4__fov,700_800,0,3,7.4915,5.337,0.0,0.03
RN50__layer4__fov,700_800,1,2,7.5165,5.3503,0.005,0.035
RN50__layer4__fov,700_800,2,3,7.5002,5.3098,0.005,0.04
RN50__layer4__fov,700_800,3,2,7.5256,5.3166,0.0,0.02
RN50__layer4__fov,700_800,4,2,7.5205,5.3163,0.01,0.03
RN50__layer4__fov,800_900,0,3,7.505,5.333,0.005,0.03
RN50__layer4__fov,800_900,1,2,7.5244,5.355,0.015,0.04
RN50__layer4__fov,800_900,2,2,7.5074,5.3351,0.01,0.035
RN50__layer4__fov,800_900,3,2,7.5335,5.338,0.0,0.015
RN50__layer4__fov,800_900,4,2,7.5146,5.326,0.0,0.05
RN50__layer4__fov,900_1000,0,3,7.5015,5.3433,0.005,0.025
RN50__layer4__fov,900_1000,1,2,7.5361,5.3471,0.0,0.025
RN50__layer4__fov,900_1000,2,2,7.5095,5.3346,0.01,0.03
RN50__layer4__fov,900_1000,3,2,7.5378,5.3529,0.0,0.01
RN50__layer4__fov,900_1000,4,2,7.5228,5.3344,0.005,0.045
RN50__stem,0_100,0,15,7.2264,4.7918,0.03,0.115
RN50__stem,0_100,1,11,7.2504,4.8712,0.025,0.11
RN50__stem,0_100,2,11,7.2495,4.8702,0.01,0.135
RN50__stem,0_100,3,11,7.2568,4.8946,0.02,0.125
RN50__stem,0_100,4,15,7.2391,4.7709,0.02,0.155
RN50__stem,100_200,0,21,6.9194,4.1871,0.085,0.285
RN50__stem,100_200,1,26,6.9111,4.1678,0.075,0.245
RN50__stem,100_200,2,22,6.9464,4.2146,0.065,0.295
RN50__stem,100_200,3,32,6.9605,4.1886,0.075,0.27
RN50__stem,100_200,4,23,6.9431,4.1564,0.07,0.29
RN50__stem,200_300,0,25,6.9706,4.2757,0.06,0.23
RN50__stem,200_300,1,27,6.9831,4.2711,0.085,0.26
RN50__stem,200_300,2,25,6.9866,4.2994,0.065,0.225
RN50__stem,200_300,3,26,6.9735,4.2974,0.08,0.24
RN50__stem,200_300,4,27,6.9642,4.3048,0.06,0.265
RN50__stem,300_400,0,17,7.2368,4.7071,0.05,0.18
RN50__stem,300_400,1,20,7.2442,4.6622,0.04,0.19
RN50__stem,300_400,2,16,7.2889,4.6932,0.025,0.17
RN50__stem,300_400,3,14,7.288,4.7979,0.055,0.155
RN50__stem,300_400,4,18,7.2855,4.7009,0.03,0.18
RN50__stem,400_500,0,11,7.4037,5.0936,0.025,0.08
RN50__stem,400_500,1,12,7.3764,5.0839,0.0,0.075
RN50__stem,400_500,2,11,7.4029,5.1126,0.02,0.075
RN50__stem,400_500,3,14,7.3864,5.0786,0.01,0.085
RN50__stem,400_500,4,12,7.405,5.0937,0.01,0.075
RN50__stem,500_600,0,11,7.4629,5.2183,0.02,0.035
RN50__stem,500_600,1,12,7.4556,5.2204,0.025,0.04
RN50__stem,500_600,2,11,7.4531,5.2463,0.0,0.045
RN50__stem,500_600,3,11,7.4684,5.237,0.01,0.04
RN50__stem,500_600,4,12,7.4536,5.2296,0.0,0.035
RN50__stem,600_700,0,11,7.4751,5.2796,0.02,0.04
RN50__stem,600_700,1,11,7.4831,5.2812,0.0,0.03
RN50__stem,600_700,2,11,7.4642,5.2827,0.0,0.035
RN50__stem,600_700,3,11,7.474,5.296,0.005,0.03
RN50__stem,600_700,4,10,7.4582,5.2838,0.005,0.045
RN50__stem,700_800,0,11,7.4695,5.3067,0.005,0.025
RN50__stem,700_800,1,11,7.4896,5.3028,0.0,0.03
RN50__stem,700_800,2,11,7.4716,5.3172,0.0,0.04
RN50__stem,700_800,3,11,7.4863,5.3087,0.005,0.02
RN50__stem,700_800,4,10,7.481,5.298,0.005,0.035
RN50__stem,800_900,0,11,7.4739,5.3035,0.0,0.025
RN50__stem,800_900,1,11,7.4834,5.3142,0.005,0.03
RN50__stem,800_900,2,8,7.4877,5.3061,0.0,0.02
RN50__stem,800_900,3,9,7.4769,5.3165,0.01,0.02
RN50__stem,800_900,4,10,7.487,5.2979,0.005,0.03
RN50__stem,900_1000,0,11,7.492,5.3072,0.005,0.01
RN50__stem,900_1000,1,11,7.4796,5.3155,0.0,0.02
RN50__stem,900_1000,2,8,7.4705,5.3198,0.01,0.025
RN50__stem,900_1000,3,11,7.474,5.3246,0.005,0.01
RN50__stem,900_1000,4,10,7.4844,5.3063,0.0,0.035
RN50__stem__fov,0_100,0,15,7.2367,4.7573,0.03,0.115
RN50__stem__fov,0_100,1,12,7.2426,4.8212,0.03,0.095
RN50__stem__fov,0_100,2,12,7.2596,4.8401,0.025,0.09
RN50__stem__fov,0_100,3,12,7.2379,4.8631,0.03,0.11
RN50__stem__fov,0_100,4,16,7.2295,4.7275,0.03,0.14
RN50__stem__fov,100_200,0,21,6.9111,4.1275,0.07,0.295
RN50__stem__fov,100_200,1,28,6.8772,4.1111,0.095,0.295
RN50__stem__fov,100_200,2,25,6.9067,4.1316,0.085,0.285
RN50__stem__fov,100_200,3,38,6.9319,4.084,0.115,0.285
RN50__stem__fov,100_200,4,23,6.9186,4.0886,0.115,0.31
RN50__stem__fov,200_300,0,21,6.9415,4.2822,0.075,0.25
RN50__stem__fov,200_300,1,24,6.953,4.2475,0.095,0.275
RN50__stem__fov,200_300,2,21,6.9739,4.2748,0.055,0.245
RN50__stem__fov,200_300,3,24,6.9577,4.2696,0.08,0.23
RN50__stem__fov,200_300,4,27,6.9402,4.2546,0.065,0.275
RN50__stem__fov,300_400,0,17,7.2346,4.7216,0.065,0.17
RN50__stem__fov,300_400,1,20,7.2443,4.6535,0.065,0.195
RN50__stem__fov,300_400,2,16,7.2781,4.6954,0.04,0.15
RN50__stem__fov,300_400,3,14,7.2714,4.7886,0.04,0.125
RN50__stem__fov,300_400,4,18,7.2878,4.7092,0.02,0.19
RN50__stem__fov,400_500,0,10,7.4064,5.1034,0.02,0.08
RN50__stem__fov,400_500,1,12,7.372,5.0763,0.01,0.06
RN50__stem__fov,400_500,2,12,7.3915,5.1018,0.01,0.055
RN50__stem__fov,400_500,3,16,7.3853,5.0526,0.005,0.085
RN50__stem__fov,400_500,4,11,7.414,5.1155,0.01,0.085
RN50__stem__fov,500_600,0,11,7.4562,5.2232,0.005,0.04
RN50__stem__fov,500_600,1,12,7.456,5.2204,0.005,0.04
RN50__stem__fov,500_600,2,12,7.4537,5.2297,0.005,0.045
RN50__stem__fov,500_600,3,11,7.4666,5.235,0.01,0.035
RN50__stem__fov,500_600,4,9,7.4596,5.2392,0.005,0.035
RN50__stem__fov,600_700,0,8,7.4655,5.281,0.015,0.04
RN50__stem__fov,600_700,1,8,7.4765,5.274,0.01,0.04
RN50__stem__fov,600_700,2,11,7.4703,5.2872,0.0,0.03
RN50__stem__fov,600_700,3,12,7.473,5.2842,0.005,0.045
RN50__stem__fov,600_700,4,9,7.4643,5.2815,0.01,0.04
RN50__stem__fov,700_800,0,8,7.4704,5.3028,0.01,0.02
RN50__stem__fov,700_800,1,11,7.4847,5.3043,0.0,0.025
RN50__stem__fov,700_800,2,12,7.4779,5.3157,0.005,0.02
RN50__stem__fov,700_800,3,12,7.499,5.3024,0.005,0.025
RN50__stem__fov,700_800,4,9,7.4817,5.3014,0.005,0.04
RN50__stem__fov,800_900,0,11,7.4655,5.3072,0.0,0.03
RN50__stem__fov,800_900,1,11,7.4858,5.3045,0.005,0.015
RN50__stem__fov,800_900,2,11,7.4873,5.3016,0.005,0.02
RN50__stem__fov,800_900,3,11,7.4845,5.3108,0.01,0.025
RN50__stem__fov,800_900,4,10,7.4924,5.2993,0.005,0.035
RN50__stem__fov,900_1000,0,8,7.4939,5.3008,0.005,0.035
RN50__stem__fov,900_1000,1,11,7.4786,5.3125,0.0,0.03
RN50__stem__fov,900_1000,2,11,7.4778,5.3232,0.0,0.02
RN50__stem__fov,900_1000,3,11,7.4831,5.3149,0.005,0.025
RN50__stem__fov,900_1000,4,9,7.4951,5.3083,0.005,0.025
ViT-B-16__block10,0_100,0,12,7.2936,4.9086,0.035,0.105
ViT-B-16__block10,0_100,1,10,7.2934,4.895,0.04,0.105
ViT-B-16__block10,0_100,2,11,7.3107,4.9079,0.03,0.115
ViT-B-16__block10,0_100,3,11,7.286,4.9622,0.025,0.105
ViT-B-16__block10,0_100,4,9,7.3221,4.9089,0.025,0.115
ViT-B-16__block10,100_200,0,22,6.6223,3.5906,0.185,0.45
ViT-B-16__block10,100_200,1,21,6.6456,3.5942,0.19,0.445
ViT-B-16__block10,100_200,2,19,6.679,3.5718,0.18,0.435
ViT-B-16__block10,100_200,3,20,6.6657,3.5656,0.165,0.45
ViT-B-16__block10,100_200,4,22,6.6293,3.603,0.18,0.44
ViT-B-16__block10,200_300,0,23,6.5289,3.3323,0.205,0.53
ViT-B-16__block10,200_300,1,22,6.5688,3.375,0.2,0.495
ViT-B-16__block10,200_300,2,22,6.5308,3.3459,0.2,0.51
ViT-B-16__block10,200_300,3,22,6.5468,3.3382,0.22,0.52
ViT-B-16__block10,200_300,4,22,6.5907,3.3251,0.19,0.535
ViT-B-16__block10,300_400,0,18,6.8334,3.7496,0.14,0.4
ViT-B-16__block10,300_400,1,19,6.8634,3.7464,0.145,0.42
ViT-B-16__block10,300_400,2,21,6.8127,3.7425,0.14,0.39
ViT-B-16__block10,300_400,3,19,6.8595,3.7579,0.125,0.355
ViT-B-16__block10,300_400,4,19,6.8959,3.7794,0.13,0.36
ViT-B-16__block10,400_500,0,16,7.2008,4.3528,0.07,0.2
ViT-B-16__block10,400_500,1,20,7.1926,4.3078,0.07,0.225
ViT-B-16__block10,400_500,2,17,7.2278,4.3109,0.065,0.22
ViT-B-16__block10,400_500,3,19,7.2024,4.3222,0.08,0.265
ViT-B-16__block10,400_500,4,17,7.2279,4.3189,0.085,0.24
ViT-B-16__block10,500_600,0,4,7.448,5.1148,0.015,0.065
ViT-B-16__block10,500_600,1,6,7.4528,5.0533,0.02,0.08
ViT-B-16__block10,500_600,2,4,7.481,5.1303,0.0,0.05
ViT-B-16__block10,500_600,3,4,7.4381,5.1485,0.01,0.08
ViT-B-16__block10,500_600,4,3,7.4789,5.1953,0.01,0.06
ViT-B-16__block10,600_700,0,3,7.4623,5.233,0.015,0.06
ViT-B-16__block10,600_700,1,3,7.482,5.2335,0.01,0.035
ViT-B-16__block10,600_700,2,3,7.4732,5.2462,0.005,0.04
ViT-B-16__block10,600_700,3,3,7.4616,5.243,0.01,0.055
ViT-B-16__block10,600_700,4,3,7.483,5.2605,0.01,0.02
ViT-B-16__block10,700_800,0,3,7.4799,5.2877,0.005,0.03
ViT-B-16__block10,700_800,1,2,7.4824,5.3119,0.005,0.03
ViT-B-16__block10,700_800,2,3,7.4979,5.3034,0.0,0.02
ViT-B-16__block10,700_800,3,3,7.4867,5.3244,0.0,0.03
ViT-B-16__block10,700_800,4,2,7.5141,5.3106,0.005,0.025
ViT-B-16__block10,800_900,0,2,7.4994,5.3147,0.01,0.03
ViT-B-16__block10,800_900,1,2,7.4958,5.3075,0.0,0.03
ViT-B-16__block10,800_900,2,2,7.5013,5.3028,0.0,0.025
ViT-B-16__block10,800_900,3,2,7.4953,5.3244,0.01,0.03
ViT-B-16__block10,800_900,4,2,7.5125,5.3109,0.0,0.045
ViT-B-16__block10,900_1000,0,2,7.5119,5.3083,0.005,0.035
ViT-B-16__block10,900_1000,1,2,7.4969,5.3067,0.01,0.04
ViT-B-16__block10,900_1000,2,3,7.5057,5.3238,0.0,0.03
ViT-B-16__block10,900_1000,3,2,7.4789,5.3301,0.01,0.02
ViT-B-16__block10,900_1000,4,2,7.5179,5.3282,0.01,0.025
ViT-B-16__block10__fov,0_100,0,14,7.2761,4.8715,0.02,0.09
ViT-B-16__block10__fov,0_100,1,12,7.3117,4.8883,0.025,0.13
ViT-B-16__block10__fov,0_100,2,11,7.3272,4.8852,0.02,0.105
ViT-B-16__block10__fov,0_100,3,11,7.2984,4.9144,0.02,0.11
ViT-B-16__block10__fov,0_100,4,13,7.296,4.8418,0.04,0.09
ViT-B-16__block10__fov,100_200,0,21,6.6008,3.5604,0.205,0.45
ViT-B-16__block10__fov,100_200,1,21,6.6039,3.5728,0.165,0.435
ViT-B-16__block10__fov,100_200,2,20,6.6498,3.5673,0.17,0.44
ViT-B-16__block10__fov,100_200,3,18,6.6345,3.5679,0.17,0.445
ViT-B-16__block10__fov,100_200,4,21,6.6122,3.5725,0.175,0.44
ViT-B-16__block10__fov,200_300,0,23,6.4784,3.3038,0.205,0.515
ViT-B-16__block10__fov,200_300,1,22,6.531,3.3097,0.19,0.555
ViT-B-16__block10__fov,200_300,2,22,6.5276,3.2813,0.23,0.545
ViT-B-16__block10__fov,200_300,3,22,6.5226,3.3144,0.2,0.53
ViT-B-16__block10__fov,200_300,4,22,6.5658,3.2817,0.215,0.575
ViT-B-16__block10__fov,300_400,0,18,6.8422,3.7048,0.15,0.41
ViT-B-16__block10__fov,300_400,1,21,6.8252,3.6798,0.135,0.415
ViT-B-16__block10__fov,300_400,2,19,6.7991,3.6866,0.15,0.45
ViT-B-16__block10__fov,300_400,3,19,6.8378,3.6855,0.125,0.425
ViT-B-16__block10__fov,300_400,4,19,6.8797,3.7242,0.15,0.37
ViT-B-16__block10__fov,400_500,0,15,7.1856,4.3237,0.07,0.245
ViT-B-16__block10__fov,400_500,1,17,7.1661,4.2737,0.075,0.195
ViT-B-16__block10__fov,400_500,2,16,7.1913,4.2734,0.1,0.245
ViT-B-16__block10__fov,400_500,3,19,7.175,4.2826,0.09,0.245
ViT-B-16__block10__fov,400_500,4,17,7.232,4.2952,0.09,0.255
ViT-B-16__block10__fov,500_600,0,4,7.4499,5.1741,0.015,0.06
ViT-B-16__block10__fov,500_600,1,5,7.4592,5.1322,0.01,0.065
ViT-B-16__block10__fov,500_600,2,4,7.4801,5.1351,0.005,0.055
ViT-B-16__block10__fov,500_600,3,5,7.4463,5.1017,0.01,0.06
ViT-B-16__block10__fov,500_600,4,3,7.4691,5.1871,0.01,0.05
ViT-B-16__block10__fov,600_700,0,4,7.4799,5.2472,0.01,0.035
ViT-B-16__block10__fov,600_700,1,3,7.4868,5.275,0.015,0.03
ViT-B-16__block10__fov,600_700,2,2,7.4838,5.2842,0.015,0.035
ViT-B-16__block10__fov,600_700,3,3,7.47,5.2592,0.005,0.035
ViT-B-16__block10__fov,600_700,4,3,7.4987,5.2609,0.005,0.04
ViT-B-16__block10__fov,700_800,0,3,7.4848,5.3232,0.005,0.045
ViT-B-16__block10__fov,700_800,1,2,7.499,5.3335,0.005,0.03
ViT-B-16__block10__fov,700_800,2,2,7.4979,5.3105,0.01,0.025
ViT-B-16__block10__fov,700_800,3,3,7.4999,5.3195,0.0,0.04
ViT-B-16__block10__fov,700_800,4,2,7.5088,5.333,0.005,0.025
ViT-B-16__block10__fov,800_900,0,3,7.5031,5.3295,0.0,0.03
ViT-B-16__block10__fov,800_900,1,2,7.5115,5.3468,0.005,0.02
ViT-B-16__block10__fov,800_900,2,2,7.5098,5.314,0.005,0.02
ViT-B-16__block10__fov,800_900,3,3,7.5032,5.3121,0.005,0.045
ViT-B-16__block10__fov,800_900,4,2,7.5111,5.3322,0.01,0.035
ViT-B-16__block10__fov,900_1000,0,3,7.5042,5.3475,0.005,0.02
ViT-B-16__block10__fov,900_1000,1,2,7.5033,5.3234,0.005,0.03
ViT-B-16__block10__fov,900_1000,2,2,7.5074,5.3395,0.005,0.02
ViT-B-16__block10__fov,900_1000,3,3,7.5003,5.3444,0.005,0.04
ViT-B-16__block10__fov,900_1000,4,2,7.507,5.3264,0.005,0.03
ViT-B-16__block12,0_100,0,12,7.3687,5.0181,0.025,0.095
ViT-B-16__block12,0_100,1,9,7.3623,5.0778,0.03,0.085
ViT-B-16__block12,0_100,2,10,7.3792,5.0404,0.015,0.065
ViT-B-16__block12,0_100,3,12,7.3923,5.0586,0.03,0.085
ViT-B-16__block12,0_100,4,11,7.3775,5.0391,0.01,0.07
ViT-B-16__block12,100_200,0,18,6.8344,3.9539,0.135,0.36
ViT-B-16__block12,100_200,1,21,6.8336,3.9252,0.155,0.375
ViT-B-16__block12,100_200,2,19,6.8645,3.9345,0.17,0.385
ViT-B-16__block12,100_200,3,16,6.8546,3.9449,0.13,0.345
ViT-B-16__block12,100_200,4,19,6.8144,3.9226,0.14,0.37
ViT-B-16__block12,200_300,0,21,6.7056,3.6579,0.135,0.44
ViT-B-16__block12,200_300,1,20,6.7382,3.6492,0.125,0.415
ViT-B-16__block12,200_300,2,18,6.7496,3.6892,0.155,0.43
ViT-B-16__block12,200_300,3,22,6.7296,3.6438,0.14,0.43
ViT-B-16__block12,200_300,4,23,6.7515,3.5958,0.155,0.4
ViT-B-16__block12,300_400,0,21,6.9057,3.8864,0.105,0.335
ViT-B-16__block12,300_400,1,21,6.9247,3.8876,0.11,0.34
ViT-B-16__block12,300_400,2,21,6.9363,3.8909,0.12,0.34
ViT-B-16__block12,300_400,3,16,6.9643,3.9187,0.14,0.35
ViT-B-16__block12,300_400,4,17,6.9634,3.9081,0.12,0.365
ViT-B-16__block12,400_500,0,18,7.2456,4.4654,0.06,0.19
ViT-B-16__block12,400_500,1,20,7.2528,4.4754,0.06,0.225
ViT-B-16__block12,400_500,2,17,7.2892,4.4644,0.07,0.205
ViT-B-16__block12,400_500,3,20,7.2184,4.4454,0.07,0.185
ViT-B-16__block12,400_500,4,19,7.2949,4.4278,0.065,0.215
ViT-B-16__block12,500_600,0,4,7.4745,5.2237,0.02,0.03
ViT-B-16__block12,500_600,1,3,7.5015,5.2285,0.005,0.055
ViT-B-16__block12,500_600,2,3,7.5256,5.2268,0.005,0.025
ViT-B-16__block12,500_600,3,4,7.4973,5.1753,0.02,0.055
ViT-B-16__block12,500_600,4,3,7.5078,5.2283,0.01,0.055
ViT-B-16__block12,600_700,0,3,7.5018,5.287,0.01,0.035
ViT-B-16__block12,600_700,1,3,7.5117,5.2831,0.015,0.025
ViT-B-16__block12,600_700,2,2,7.5373,5.2922,0.0,0.025
ViT-B-16__block12,600_700,3,3,7.4971,5.2614,0.01,0.045
ViT-B-16__block12,600_700,4,3,7.5253,5.3068,0.01,0.05
ViT-B-16__block12,700_800,0,3,7.507,5.3441,0.005,0.03
ViT-B-16__block12,700_800,1,2,7.5307,5.318,0.01,0.035
ViT-B-16__block12,700_800,2,2,7.543,5.3412,0.0,0.01
ViT-B-16__block12,700_800,3,2,7.5303,5.3433,0.005,0.03
ViT-B-16__block12,700_800,4,2,7.5345,5.3466,0.015,0.05
ViT-B-16__block12,800_900,0,3,7.5206,5.3619,0.0,0.02
ViT-B-16__block12,800_900,1,2,7.5458,5.3359,0.01,0.03
ViT-B-16__block12,800_900,2,2,7.5456,5.3419,0.005,0.02
ViT-B-16__block12,800_900,3,2,7.5136,5.3391,0.0,0.03
ViT-B-16__block12,800_900,4,2,7.5296,5.3339,0.005,0.035
ViT-B-16__block12,900_1000,0,3,7.5255,5.3899,0.0,0.015
ViT-B-16__block12,900_1000,1,2,7.5399,5.3463,0.01,0.03
ViT-B-16__block12,900_1000,2,2,7.5598,5.3788,0.005,0.005
ViT-B-16__block12,900_1000,3,2,7.5113,5.3407,0.005,0.03
ViT-B-16__block12,900_1000,4,2,7.5316,5.3384,0.0,0.065
ViT-B-16__block12__fov,0_100,0,10,7.3748,5.0817,0.015,0.095
ViT-B-16__block12__fov,0_100,1,9,7.3709,5.0722,0.01,0.06
ViT-B-16__block12__fov,0_100,2,10,7.3839,5.0308,0.015,0.075
ViT-B-16__block12__fov,0_100,3,10,7.3749,5.0721,0.025,0.075
ViT-B-16__block12__fov,0_100,4,12,7.3811,5.0359,0.01,0.08
ViT-B-16__block12__fov,100_200,0,18,6.8117,3.9345,0.125,0.34
ViT-B-16__block12__fov,100_200,1,20,6.8194,3.9505,0.145,0.36
ViT-B-16__block12__fov,100_200,2,19,6.8588,3.9345,0.135,0.375
ViT-B-16__block12__fov,100_200,3,22,6.8426,3.9267,0.125,0.36
ViT-B-16__block12__fov,100_200,4,19,6.7859,3.9069,0.165,0.38
ViT-B-16__block12__fov,200_300,0,21,6.689,3.6183,0.18,0.445
ViT-B-16__block12__fov,200_300,1,23,6.7422,3.5877,0.145,0.475
ViT-B-16__block12__fov,200_300,2,19,6.734,3.6616,0.15,0.405
ViT-B-16__block12__fov,200_300,3,22,6.7124,3.6226,0.17,0.44
ViT-B-16__block12__fov,200_300,4,21,6.7459,3.6023,0.185,0.45
ViT-B-16__block12__fov,300_400,0,19,6.8869,3.8977,0.135,0.37
ViT-B-16__block12__fov,300_400,1,20,6.9185,3.8609,0.15,0.39
ViT-B-16__block12__fov,300_400,2,19,6.9388,3.9162,0.135,0.355
ViT-B-16__block12__fov,300_400,3,16,6.9401,3.938,0.145,0.35
ViT-B-16__block12__fov,300_400,4,19,6.9389,3.9324,0.12,0.36
ViT-B-16__block12__fov,400_500,0,14,7.2517,4.5067,0.065,0.22
ViT-B-16__block12__fov,400_500,1,17,7.251,4.453,0.055,0.225
ViT-B-16__block12__fov,400_500,2,19,7.2781,4.4251,0.06,0.225
ViT-B-16__block12__fov,400_500,3,20,7.2233,4.4593,0.06,0.2
ViT-B-16__block12__fov,400_500,4,19,7.2864,4.4563,0.07,0.2
ViT-B-16__block12__fov,500_600,0,4,7.4782,5.2284,0.015,0.055
ViT-B-16__block12__fov,500_600,1,3,7.4849,5.2335,0.005,0.03
ViT-B-16__block12__fov,500_600,2,3,7.5177,5.2324,0.01,0.045
ViT-B-16__block12__fov,500_600,3,4,7.4818,5.218,0.0,0.035
ViT-B-16__block12__fov,500_600,4,3,7.5062,5.2306,0.005,0.045
ViT-B-16__block12__fov,600_700,0,3,7.4818,5.2992,0.005,0.03
ViT-B-16__block12__fov,600_700,1,2,7.5093,5.3091,0.01,0.03
ViT-B-16__block12__fov,600_700,2,2,7.5164,5.2865,0.005,0.04
ViT-B-16__block12__fov,600_700,3,3,7.4827,5.3052,0.01,0.03
ViT-B-16__block12__fov,600_700,4,2,7.5135,5.303,0.015,0.03
ViT-B-16__block12__fov,700_800,0,3,7.497,5.3631,0.01,0.025
ViT-B-16__block12__fov,700_800,1,2,7.5164,5.3425,0.005,0.01
ViT-B-16__block12__fov,700_800,2,2,7.5241,5.3429,0.0,0.02
ViT-B-16__block12__fov,700_800,3,3,7.5181,5.3627,0.0,0.02
ViT-B-16__block12__fov,700_800,4,2,7.5327,5.329,0.0,0.025
ViT-B-16__block12__fov,800_900,0,2,7.5048,5.3529,0.0,0.02
ViT-B-16__block12__fov,800_900,1,2,7.5238,5.3383,0.01,0.02
ViT-B-16__block12__fov,800_900,2,2,7.5252,5.3424,0.0,0.025
ViT-B-16__block12__fov,800_900,3,2,7.5191,5.3622,0.015,0.03
ViT-B-16__block12__fov,800_900,4,2,7.5277,5.345,0.015,0.04
ViT-B-16__block12__fov,900_1000,0,2,7.5181,5.3567,0.005,0.02
ViT-B-16__block12__fov,900_1000,1,2,7.5325,5.3519,0.005,0.04
ViT-B-16__block12__fov,900_1000,2,2,7.5184,5.3531,0.005,0.025
ViT-B-16__block12__fov,900_1000,3,3,7.5251,5.3726,0.005,0.02
ViT-B-16__block12__fov,900_1000,4,2,7.5206,5.3404,0.0,0.03
ViT-B-16__block2,0_100,0,11,7.0996,4.4802,0.05,0.175
ViT-B-16__block2,0_100,1,13,7.1108,4.4989,0.055,0.135
ViT-B-16__block2,0_100,2,13,7.1147,4.4432,0.035,0.175
ViT-B-16__block2,0_100,3,12,7.103,4.4562,0.065,0.175
ViT-B-16__block2,0_100,4,13,7.1114,4.4901,0.05,0.185
ViT-B-16__block2,100_200,0,18,6.6578,3.6552,0.15,0.375
ViT-B-16__block2,100_200,1,18,6.6492,3.6624,0.155,0.385
ViT-B-16__block2,100_200,2,19,6.648,3.6201,0.13,0.4
ViT-B-16__block2,100_200,3,22,6.6169,3.6199,0.14,0.43
ViT-B-16__block2,100_200,4,20,6.6373,3.6254,0.15,0.405
ViT-B-16__block2,200_300,0,15,6.7258,3.9722,0.1,0.305
ViT-B-16__block2,200_300,1,17,6.716,3.8642,0.125,0.32
ViT-B-16__block2,200_300,2,19,6.6992,3.8279,0.09,0.34
ViT-B-16__block2,200_300,3,19,6.7015,3.8868,0.12,0.325
ViT-B-16__block2,200_300,4,17,6.7169,3.9324,0.105,0.33
ViT-B-16__block2,300_400,0,11,7.1218,4.3891,0.1,0.245
ViT-B-16__block2,300_400,1,11,7.1378,4.3693,0.08,0.23
ViT-B-16__block2,300_400,2,12,7.1563,4.331,0.105,0.255
ViT-B-16__block2,300_400,3,12,7.1811,4.3783,0.11,0.23
ViT-B-16__block2,300_400,4,12,7.1714,4.3496,0.065,0.23
ViT-B-16__block2,400_500,0,5,7.3454,4.9183,0.02,0.12
ViT-B-16__block2,400_500,1,6,7.3347,4.8905,0.025,0.135
ViT-B-16__block2,400_500,2,6,7.342,4.9246,0.025,0.145
ViT-B-16__block2,400_500,3,7,7.3347,4.8711,0.025,0.1
ViT-B-16__block2,400_500,4,7,7.3631,4.8757,0.02,0.105
ViT-B-16__block2,500_600,0,4,7.4214,5.1847,0.02,0.045
ViT-B-16__block2,500_600,1,3,7.4306,5.21,0.02,0.035
ViT-B-16__block2,500_600,2,4,7.4257,5.1631,0.01,0.065
ViT-B-16__block2,500_600,3,2,7.4397,5.2295,0.01,0.055
ViT-B-16__block2,500_600,4,3,7.43,5.2166,0.01,0.045
ViT-B-16__block2,600_700,0,2,7.4384,5.2802,0.0,0.01
ViT-B-16__block2,600_700,1,2,7.4618,5.2858,0.005,0.035
ViT-B-16__block2,600_700,2,3,7.4395,5.2711,0.02,0.055
ViT-B-16__block2,600_700,3,2,7.4446,5.287,0.015,0.04
ViT-B-16__block2,600_700,4,3,7.4393,5.2701,0.01,0.045
ViT-B-16__block2,700_800,0,2,7.4601,5.2819,0.02,0.045
ViT-B-16__block2,700_800,1,2,7.4658,5.2917,0.005,0.02
ViT-B-16__block2,700_800,2,2,7.4573,5.3003,0.01,0.03
ViT-B-16__block2,700_800,3,2,7.4528,5.3079,0.005,0.025
ViT-B-16__block2,700_800,4,2,7.4544,5.305,0.005,0.035
ViT-B-16__block2,800_900,0,2,7.4471,5.2887,0.005,0.05
ViT-B-16__block2,800_900,1,2,7.461,5.3108,0.01,0.015
ViT-B-16__block2,800_900,2,2,7.4522,5.305,0.005,0.025
ViT-B-16__block2,800_900,3,2,7.4487,5.3082,0.01,0.015
ViT-B-16__block2,800_900,4,2,7.4582,5.3072,0.005,0.02
ViT-B-16__block2,900_1000,0,2,7.449,5.3039,0.0,0.03
ViT-B-16__block2,900_1000,1,2,7.4673,5.3089,0.01,0.035
ViT-B-16__block2,900_1000,2,2,7.4638,5.2987,0.005,0.035
ViT-B-16__block2,900_1000,3,2,7.4544,5.3092,0.005,0.005
ViT-B-16__block2,900_1000,4,2,7.4641,5.3058,0.0,0.025
ViT-B-16__block2__fov,0_100,0,12,7.0858,4.434,0.04,0.175
ViT-B-16__block2__fov,0_100,1,13,7.0993,4.4401,0.045,0.145
ViT-B-16__block2__fov,0_100,2,13,7.099,4.4007,0.035,0.165
ViT-B-16__block2__fov,0_100,3,12,7.0985,4.4314,0.045,0.155
ViT-B-16__block2__fov,0_100,4,13,7.0903,4.4348,0.045,0.145
ViT-B-16__block2__fov,100_200,0,19,6.6365,3.6109,0.165,0.375
ViT-B-16__block2__fov,100_200,1,18,6.6415,3.6293,0.17,0.405
ViT-B-16__block2__fov,100_200,2,19,6.6361,3.5962,0.15,0.385
ViT-B-16__block2__fov,100_200,3,18,6.5973,3.6313,0.13,0.39
ViT-B-16__block2__fov,100_200,4,20,6.6372,3.6003,0.135,0.405
ViT-B-16__block2__fov,200_300,0,15,6.7183,3.9293,0.115,0.31
ViT-B-16__block2__fov,200_300,1,17,6.7054,3.8292,0.15,0.355
ViT-B-16__block2__fov,200_300,2,19,6.6963,3.8115,0.12,0.34
ViT-B-16__block2__fov,200_300,3,19,6.6853,3.854,0.15,0.345
ViT-B-16__block2__fov,200_300,4,17,6.7182,3.9102,0.13,0.33
ViT-B-16__block2__fov,300_400,0,13,7.1273,4.337,0.075,0.265
ViT-B-16__block2__fov,300_400,1,11,7.1281,4.3587,0.065,0.24
ViT-B-16__block2__fov,300_400,2,12,7.1539,4.3408,0.085,0.25
ViT-B-16__block2__fov,300_400,3,12,7.1683,4.3504,0.09,0.235
ViT-B-16__block2__fov,300_400,4,12,7.1755,4.3374,0.095,0.22
ViT-B-16__block2__fov,400_500,0,7,7.3444,4.8546,0.02,0.175
ViT-B-16__block2__fov,400_500,1,6,7.3243,4.8892,0.02,0.13
ViT-B-16__block2__fov,400_500,2,6,7.3385,4.9146,0.02,0.13
ViT-B-16__block2__fov,400_500,3,7,7.3278,4.8712,0.02,0.12
ViT-B-16__block2__fov,400_500,4,7,7.3605,4.8818,0.02,0.14
ViT-B-16__block2__fov,500_600,0,4,7.4197,5.1849,0.015,0.07
ViT-B-16__block2__fov,500_600,1,3,7.4204,5.201,0.03,0.065
ViT-B-16__block2__fov,500_600,2,4,7.43,5.172,0.015,0.055
ViT-B-16__block2__fov,500_600,3,2,7.4343,5.228,0.01,0.065
ViT-B-16__block2__fov,500_600,4,3,7.4302,5.2082,0.005,0.065
ViT-B-16__block2__fov,600_700,0,2,7.439,5.289,0.0,0.025
ViT-B-16__block2__fov,600_700,1,2,7.4519,5.2788,0.0,0.015
ViT-B-16__block2__fov,600_700,2,3,7.4426,5.2755,0.005,0.03
ViT-B-16__block2__fov,600_700,3,2,7.4445,5.2768,0.0,0.025
ViT-B-16__block2__fov,600_700,4,3,7.4505,5.2765,0.005,0.035
ViT-B-16__block2__fov,700_800,0,2,7.4557,5.2976,0.005,0.04
ViT-B-16__block2__fov,700_800,1,2,7.454,5.2957,0.015,0.03
ViT-B-16__block2__fov,700_800,2,2,7.4494,5.3052,0.015,0.035
ViT-B-16__block2__fov,700_800,3,2,7.4491,5.2948,0.005,0.035
ViT-B-16__block2__fov,700_800,4,2,7.4593,5.3014,0.0,0.025
ViT-B-16__block2__fov,800_900,0,2,7.4456,5.2882,0.01,0.025
ViT-B-16__block2__fov,800_900,1,2,7.448,5.318,0.005,0.01
ViT-B-16__block2__fov,800_900,2,2,7.4471,5.3097,0.0,0.025
ViT-B-16__block2__fov,800_900,3,2,7.4514,5.2987,0.005,0.03
ViT-B-16__block2__fov,800_900,4,2,7.4621,5.3102,0.005,0.015
ViT-B-16__block2__fov,900_1000,0,2,7.4459,5.3137,0.005,0.025
ViT-B-16__block2__fov,900_1000,1,2,7.4531,5.3136,0.0,0.03
ViT-B-16__block2__fov,900_1000,2,2,7.4632,5.2972,0.01,0.03
ViT-B-16__block2__fov,900_1000,3,2,7.454,5.3018,0.01,0.02
ViT-B-16__block2__fov,900_1000,4,2,7.4636,5.3069,0.005,0.02
ViT-B-16__block4,0_100,0,11,7.0942,4.435,0.075,0.165
ViT-B-16__block4,0_100,1,12,7.1256,4.4645,0.065,0.18
ViT-B-16__block4,0_100,2,11,7.1507,4.51,0.07,0.18
ViT-B-16__block4,0_100,3,12,7.1259,4.4493,0.07,0.2
ViT-B-16__block4,0_100,4,12,7.1125,4.448,0.085,0.2
ViT-B-16__block4,100_200,0,20,6.4409,3.2615,0.2,0.49
ViT-B-16__block4,100_200,1,21,6.4676,3.2742,0.185,0.475
ViT-B-16__block4,100_200,2,20,6.4706,3.265,0.18,0.475
ViT-B-16__block4,100_200,3,24,6.4893,3.225,0.2,0.465
ViT-B-16__block4,100_200,4,20,6.4495,3.2615,0.215,0.465
ViT-B-16__block4,200_300,0,21,6.4987,3.4285,0.145,0.43
ViT-B-16__block4,200_300,1,19,6.5707,3.4407,0.175,0.455
ViT-B-16__block4,200_300,2,19,6.5675,3.4385,0.175,0.43
ViT-B-16__block4,200_300,3,23,6.5092,3.4105,0.18,0.42
ViT-B-16__block4,200_300,4,21,6.552,3.4487,0.16,0.415
ViT-B-16__block4,300_400,0,14,6.9866,3.9027,0.15,0.35
ViT-B-16__block4,300_400,1,19,6.9747,3.8276,0.145,0.36
ViT-B-16__block4,300_400,2,12,6.9987,3.9544,0.13,0.36
ViT-B-16__block4,300_400,3,12,7.04,3.9804,0.13,0.325
ViT-B-16__block4,300_400,4,13,7.0397,3.9345,0.16,0.33
ViT-B-16__block4,400_500,0,10,7.2839,4.611,0.055,0.195
ViT-B-16__block4,400_500,1,8,7.2985,4.6487,0.065,0.205
ViT-B-16__block4,400_500,2,6,7.3236,4.7615,0.06,0.155
ViT-B-16__block4,400_500,3,13,7.2611,4.5237,0.045,0.21
ViT-B-16__block4,400_500,4,8,7.3148,4.6233,0.055,0.22
ViT-B-16__block4,500_600,0,3,7.4149,5.1634,0.01,0.07
ViT-B-16__block4,500_600,1,3,7.417,5.1597,0.015,0.04
ViT-B-16__block4,500_600,2,3,7.4296,5.1728,0.015,0.07
ViT-B-16__block4,500_600,3,4,7.4306,5.1406,0.0,0.045
ViT-B-16__block4,500_600,4,3,7.4215,5.1754,0.01,0.045
ViT-B-16__block4,600_700,0,3,7.4272,5.2542,0.005,0.04
ViT-B-16__block4,600_700,1,2,7.4514,5.2658,0.005,0.025
ViT-B-16__block4,600_700,2,3,7.4522,5.2573,0.02,0.065
ViT-B-16__block4,600_700,3,2,7.4452,5.2821,0.0,0.045
ViT-B-16__block4,600_700,4,3,7.4485,5.2713,0.005,0.025
ViT-B-16__block4,700_800,0,2,7.4602,5.2864,0.0,0.02
ViT-B-16__block4,700_800,1,2,7.4613,5.2962,0.0,0.005
ViT-B-16__block4,700_800,2,2,7.4527,5.3165,0.005,0.025
ViT-B-16__block4,700_800,3,2,7.449,5.3008,0.005,0.025
ViT-B-16__block4,700_800,4,2,7.4576,5.3119,0.01,0.035
ViT-B-16__block4,800_900,0,2,7.4526,5.2939,0.0,0.025
ViT-B-16__block4,800_900,1,2,7.4605,5.3129,0.0,0.01
ViT-B-16__block4,800_900,2,2,7.4513,5.3111,0.0,0.035
ViT-B-16__block4,800_900,3,2,7.4577,5.3124,0.0,0.025
ViT-B-16__block4,800_900,4,2,7.4589,5.3216,0.005,0.02
ViT-B-16__block4,900_1000,0,2,7.4535,5.3125,0.005,0.02
ViT-B-16__block4,900_1000,1,2,7.4624,5.3116,0.0,0.025
ViT-B-16__block4,900_1000,2,2,7.4622,5.3168,0.0,0.02
ViT-B-16__block4,900_1000,3,2,7.4605,5.2954,0.005,0.025
ViT-B-16__block4,900_1000,4,2,7.4572,5.3175,0.0,0.025
ViT-B-16__block4__fov,0_100,0,12,7.0964,4.3994,0.065,0.19
ViT-B-16__block4__fov,0_100,1,12,7.1132,4.3892,0.06,0.205
ViT-B-16__block4__fov,0_100,2,13,7.122,4.3245,0.07,0.19
ViT-B-16__block4__fov,0_100,3,12,7.1284,4.3961,0.065,0.2
ViT-B-16__block4__fov,0_100,4,14,7.1103,4.4012,0.075,0.23
ViT-B-16__block4__fov,100_200,0,20,6.4181,3.2054,0.205,0.495
ViT-B-16__block4__fov,100_200,1,21,6.4279,3.2331,0.205,0.49
ViT-B-16__block4__fov,100_200,2,23,6.4682,3.1646,0.22,0.49
ViT-B-16__block4__fov,100_200,3,23,6.4587,3.1796,0.235,0.465
ViT-B-16__block4__fov,100_200,4,21,6.4498,3.2032,0.225,0.495
ViT-B-16__block4__fov,200_300,0,21,6.4936,3.3866,0.18,0.455
ViT-B-16__block4__fov,200_300,1,17,6.5587,3.4496,0.185,0.44
ViT-B-16__block4__fov,200_300,2,19,6.5734,3.4157,0.18,0.43
ViT-B-16__block4__fov,200_300,3,23,6.5222,3.3933,0.21,0.425
ViT-B-16__block4__fov,200_300,4,21,6.5519,3.4323,0.2,0.435
ViT-B-16__block4__fov,300_400,0,14,6.9852,3.9032,0.155,0.37
ViT-B-16__block4__fov,300_400,1,17,6.9797,3.8416,0.15,0.37
ViT-B-16__block4__fov,300_400,2,12,7.0063,3.9726,0.11,0.34
ViT-B-16__block4__fov,300_400,3,12,7.0444,3.9649,0.13,0.35
ViT-B-16__block4__fov,300_400,4,13,7.063,3.9324,0.145,0.34
ViT-B-16__block4__fov,400_500,0,10,7.2907,4.6093,0.06,0.175
ViT-B-16__block4__fov,400_500,1,11,7.2951,4.5628,0.075,0.225
ViT-B-16__block4__fov,400_500,2,6,7.325,4.754,0.055,0.21
ViT-B-16__block4__fov,400_500,3,12,7.2771,4.5477,0.07,0.18
ViT-B-16__block4__fov,400_500,4,9,7.3276,4.595,0.08,0.185
ViT-B-16__block4__fov,500_600,0,3,7.4196,5.1751,0.015,0.06
ViT-B-16__block4__fov,500_600,1,4,7.4296,5.1265,0.02,0.075
ViT-B-16__block4__fov,500_600,2,3,7.4277,5.1786,0.02,0.085
ViT-B-16__block4__fov,500_600,3,3,7.4346,5.2033,0.0,0.025
ViT-B-16__block4__fov,500_600,4,3,7.4248,5.1796,0.015,0.065
ViT-B-16__block4__fov,600_700,0,3,7.4353,5.2603,0.005,0.055
ViT-B-16__block4__fov,600_700,1,3,7.4524,5.2701,0.02,0.04
ViT-B-16__block4__fov,600_700,2,2,7.4542,5.2702,0.005,0.045
ViT-B-16__block4__fov,600_700,3,2,7.4466,5.2858,0.005,0.015
ViT-B-16__block4__fov,600_700,4,3,7.4417,5.2606,0.005,0.025
ViT-B-16__block4__fov,700_800,0,3,7.4621,5.2924,0.01,0.03
ViT-B-16__block4__fov,700_800,1,2,7.4678,5.2959,0.005,0.035
ViT-B-16__block4__fov,700_800,2,2,7.4565,5.2996,0.005,0.015
ViT-B-16__block4__fov,700_800,3,2,7.4534,5.3156,0.005,0.03
ViT-B-16__block4__fov,700_800,4,2,7.466,5.2907,0.005,0.03
ViT-B-16__block4__fov,800_900,0,2,7.4567,5.2977,0.0,0.025
ViT-B-16__block4__fov,800_900,1,2,7.4694,5.3215,0.005,0.02
ViT-B-16__block4__fov,800_900,2,2,7.4546,5.3021,0.01,0.03
ViT-B-16__block4__fov,800_900,3,2,7.46,5.3143,0.0,0.02
ViT-B-16__block4__fov,800_900,4,2,7.4748,5.3056,0.0,0.03
ViT-B-16__block4__fov,900_1000,0,2,7.4603,5.3153,0.005,0.025
ViT-B-16__block4__fov,900_1000,1,2,7.4726,5.3146,0.0,0.03
ViT-B-16__block4__fov,900_1000,2,2,7.4674,5.2981,0.005,0.04
ViT-B-16__block4__fov,900_1000,3,2,7.4604,5.3077,0.01,0.025
ViT-B-16__block4__fov,900_1000,4,2,7.4706,5.3037,0.005,0.025
ViT-B-16__block6,0_100,0,12,7.211,4.6166,0.055,0.125
ViT-B-16__block6,0_100,1,13,7.199,4.5114,0.06,0.165
ViT-B-16__block6,0_100,2,11,7.2194,4.6181,0.045,0.115
ViT-B-16__block6,0_100,3,13,7.1963,4.541,0.045,0.165
ViT-B-16__block6,0_100,4,12,7.2,4.5893,0.06,0.135
ViT-B-16__block6,100_200,0,21,6.4973,3.3325,0.21,0.52
ViT-B-16__block6,100_200,1,24,6.5036,3.2514,0.22,0.51
ViT-B-16__block6,100_200,2,20,6.5276,3.3226,0.215,0.505
ViT-B-16__block6,100_200,3,22,6.5116,3.3195,0.2,0.465
ViT-B-16__block6,100_200,4,21,6.4905,3.3201,0.21,0.495
ViT-B-16__block6,200_300,0,22,6.4924,3.4254,0.175,0.455
ViT-B-16__block6,200_300,1,24,6.5464,3.4105,0.19,0.48
ViT-B-16__block6,200_300,2,20,6.5542,3.442,0.175,0.465
ViT-B-16__block6,200_300,3,24,6.5042,3.4067,0.185,0.46
ViT-B-16__block6,200_300,4,21,6.5587,3.4578,0.17,0.45
ViT-B-16__block6,300_400,0,17,6.9299,3.8764,0.13,0.34
ViT-B-16__block6,300_400,1,17,6.9631,3.9034,0.115,0.355
ViT-B-16__block6,300_400,2,15,6.9836,3.8738,0.115,0.365
ViT-B-16__block6,300_400,3,16,6.9805,3.8852,0.115,0.335
ViT-B-16__block6,300_400,4,16,7.003,3.8779,0.135,0.34
ViT-B-16__block6,400_500,0,14,7.2781,4.5284,0.095,0.2
ViT-B-16__block6,400_500,1,13,7.3052,4.5221,0.07,0.205
ViT-B-16__block6,400_500,2,13,7.3302,4.5444,0.075,0.165
ViT-B-16__block6,400_500,3,16,7.2893,4.4447,0.055,0.22
ViT-B-16__block6,400_500,4,10,7.3269,4.6083,0.07,0.175
ViT-B-16__block6,500_600,0,3,7.4617,5.2234,0.0,0.04
ViT-B-16__block6,500_600,1,3,7.4564,5.2244,0.01,0.04
ViT-B-16__block6,500_600,2,4,7.4721,5.1969,0.01,0.07
ViT-B-16__block6,500_600,3,3,7.4898,5.251,0.005,0.045
ViT-B-16__block6,500_600,4,3,7.4581,5.2342,0.005,0.06
ViT-B-16__block6,600_700,0,3,7.4749,5.302,0.005,0.035
ViT-B-16__block6,600_700,1,2,7.4823,5.2991,0.0,0.035
ViT-B-16__block6,600_700,2,2,7.4816,5.3169,0.005,0.02
ViT-B-16__block6,600_700,3,2,7.4985,5.2972,0.005,0.015
ViT-B-16__block6,600_700,4,2,7.477,5.2824,0.0,0.03
ViT-B-16__block6,700_800,0,2,7.4839,5.3333,0.0,0.015
ViT-B-16__block6,700_800,1,2,7.4932,5.3436,0.0,0.01
ViT-B-16__block6,700_800,2,2,7.5113,5.3394,0.01,0.03
ViT-B-16__block6,700_800,3,2,7.5082,5.3229,0.005,0.025
ViT-B-16__block6,700_800,4,2,7.4944,5.3219,0.01,0.025
ViT-B-16__block6,800_900,0,2,7.4872,5.3366,0.01,0.025
ViT-B-16__block6,800_900,1,2,7.4991,5.3356,0.005,0.02
ViT-B-16__block6,800_900,2,2,7.5004,5.3473,0.005,0.035
ViT-B-16__block6,800_900,3,2,7.5216,5.35,0.0,0.01
ViT-B-16__block6,800_900,4,2,7.4889,5.3114,0.0,0.015
ViT-B-16__block6,900_1000,0,2,7.4865,5.3476,0.0,0.015
ViT-B-16__block6,900_1000,1,2,7.5012,5.3532,0.005,0.015
ViT-B-16__block6,900_1000,2,2,7.5056,5.3418,0.02,0.03
ViT-B-16__block6,900_1000,3,2,7.5112,5.3388,0.005,0.015
ViT-B-16__block6,900_1000,4,2,7.4861,5.3183,0.0,0.03
ViT-B-16__block6__fov,0_100,0,11,7.1875,4.5528,0.05,0.14
ViT-B-16__block6__fov,0_100,1,13,7.1931,4.5307,0.045,0.16
ViT-B-16__block6__fov,0_100,2,13,7.1986,4.4787,0.04,0.16
ViT-B-16__block6__fov,0_100,3,13,7.189,4.5266,0.04,0.145
ViT-B-16__block6__fov,0_100,4,13,7.2165,4.5189,0.05,0.165
ViT-B-16__block6__fov,100_200,0,21,6.4682,3.2946,0.2,0.51
ViT-B-16__block6__fov,100_200,1,24,6.4813,3.2876,0.19,0.495
ViT-B-16__block6__fov,100_200,2,20,6.5113,3.2866,0.225,0.495
ViT-B-16__block6__fov,100_200,3,24,6.502,3.2615,0.205,0.515
ViT-B-16__block6__fov,100_200,4,24,6.4923,3.2681,0.19,0.505
ViT-B-16__block6__fov,200_300,0,23,6.4688,3.3777,0.185,0.47
ViT-B-16__block6__fov,200_300,1,24,6.551,3.3457,0.185,0.48
ViT-B-16__block6__fov,200_300,2,20,6.529,3.3937,0.2,0.465
ViT-B-16__block6__fov,200_300,3,24,6.5032,3.3528,0.17,0.465
ViT-B-16__block6__fov,200_300,4,21,6.5534,3.4201,0.165,0.45
ViT-B-16__block6__fov,300_400,0,18,6.9378,3.8532,0.125,0.37
ViT-B-16__block6__fov,300_400,1,17,6.9589,3.8338,0.145,0.385
ViT-B-16__block6__fov,300_400,2,18,6.9637,3.8711,0.11,0.35
ViT-B-16__block6__fov,300_400,3,16,6.9787,3.8599,0.12,0.405
ViT-B-16__block6__fov,300_400,4,16,7.0013,3.8541,0.135,0.355
ViT-B-16__block6__fov,400_500,0,13,7.3007,4.5149,0.05,0.185
ViT-B-16__block6__fov,400_500,1,12,7.3171,4.5291,0.07,0.19
ViT-B-16__block6__fov,400_500,2,10,7.3223,4.5756,0.08,0.18
ViT-B-16__block6__fov,400_500,3,16,7.2732,4.4517,0.07,0.195
ViT-B-16__block6__fov,400_500,4,10,7.3369,4.5836,0.06,0.16
ViT-B-16__block6__fov,500_600,0,3,7.4453,5.2183,0.02,0.05
ViT-B-16__block6__fov,500_600,1,3,7.4668,5.2008,0.005,0.07
ViT-B-16__block6__fov,500_600,2,3,7.4661,5.1794,0.015,0.085
ViT-B-16__block6__fov,500_600,3,4,7.465,5.1588,0.005,0.03
ViT-B-16__block6__fov,500_600,4,3,7.4756,5.23,0.005,0.045
ViT-B-16__block6__fov,600_700,0,3,7.4579,5.2648,0.01,0.045
ViT-B-16__block6__fov,600_700,1,2,7.4856,5.2785,0.01,0.045
ViT-B-16__block6__fov,600_700,2,2,7.4827,5.259,0.01,0.05
ViT-B-16__block6__fov,600_700,3,3,7.4896,5.2538,0.0,0.04
ViT-B-16__block6__fov,600_700,4,2,7.4833,5.2904,0.005,0.03
ViT-B-16__block6__fov,700_800,0,2,7.4771,5.311,0.01,0.04
ViT-B-16__block6__fov,700_800,1,2,7.5064,5.2992,0.0,0.03
ViT-B-16__block6__fov,700_800,2,2,7.4884,5.2996,0.005,0.055
ViT-B-16__block6__fov,700_800,3,2,7.5033,5.3054,0.0,0.025
ViT-B-16__block6__fov,700_800,4,2,7.5136,5.3113,0.0,0.04
ViT-B-16__block6__fov,800_900,0,2,7.4786,5.3272,0.005,0.03
ViT-B-16__block6__fov,800_900,1,2,7.4948,5.3161,0.01,0.02
ViT-B-16__block6__fov,800_900,2,2,7.478,5.2977,0.0,0.035
ViT-B-16__block6__fov,800_900,3,2,7.5003,5.3106,0.005,0.035
ViT-B-16__block6__fov,800_900,4,2,7.5082,5.3159,0.005,0.02
ViT-B-16__block6__fov,900_1000,0,2,7.4888,5.3402,0.02,0.03
ViT-B-16__block6__fov,900_1000,1,2,7.4914,5.3098,0.005,0.035
ViT-B-16__block6__fov,900_1000,2,2,7.4908,5.3031,0.0,0.035
ViT-B-16__block6__fov,900_1000,3,2,7.5053,5.2999,0.005,0.045
ViT-B-16__block6__fov,900_1000,4,2,7.4965,5.3134,0.0,0.04
ViT-B-16__block8,0_100,0,12,7.2532,4.7119,0.035,0.14
ViT-B-16__block8,0_100,1,12,7.242,4.7792,0.02,0.125
ViT-B-16__block8,0_100,2,10,7.266,4.7516,0.025,0.13
ViT-B-16__block8,0_100,3,10,7.2621,4.7552,0.03,0.11
ViT-B-16__block8,0_100,4,10,7.2804,4.7665,0.04,0.135
ViT-B-16__block8,100_200,0,17,6.6228,3.5925,0.16,0.445
ViT-B-16__block8,100_200,1,21,6.5956,3.5526,0.175,0.455
ViT-B-16__block8,100_200,2,19,6.6481,3.5735,0.16,0.435
ViT-B-16__block8,100_200,3,22,6.6148,3.5299,0.17,0.435
ViT-B-16__block8,100_200,4,20,6.6152,3.5704,0.19,0.415
ViT-B-16__block8,200_300,0,21,6.5785,3.5556,0.165,0.42
ViT-B-16__block8,200_300,1,19,6.6104,3.5957,0.13,0.42
ViT-B-16__block8,200_300,2,18,6.6117,3.6201,0.175,0.39
ViT-B-16__block8,200_300,3,22,6.5881,3.5849,0.16,0.43
ViT-B-16__block8,200_300,4,21,6.654,3.5704,0.155,0.435
ViT-B-16__block8,300_400,0,17,6.9642,3.9111,0.13,0.335
ViT-B-16__block8,300_400,1,16,6.9718,3.9555,0.125,0.355
ViT-B-16__block8,300_400,2,18,6.988,3.9329,0.12,0.32
ViT-B-16__block8,300_400,3,16,7.0019,3.9144,0.095,0.325
ViT-B-16__block8,300_400,4,16,7.0261,3.9226,0.135,0.35
ViT-B-16__block8,400_500,0,14,7.2613,4.4759,0.07,0.205
ViT-B-16__block8,400_500,1,13,7.2648,4.5285,0.065,0.205
ViT-B-16__block8,400_500,2,12,7.3126,4.5538,0.07,0.205
ViT-B-16__block8,400_500,3,14,7.265,4.5566,0.05,0.165
ViT-B-16__block8,400_500,4,12,7.2987,4.5472,0.05,0.185
ViT-B-16__block8,500_600,0,4,7.4505,5.203,0.005,0.05
ViT-B-16__block8,500_600,1,3,7.4643,5.2084,0.01,0.03
ViT-B-16__block8,500_600,2,3,7.4649,5.1737,0.015,0.065
ViT-B-16__block8,500_600,3,4,7.4642,5.1545,0.01,0.06
ViT-B-16__block8,500_600,4,3,7.4535,5.1928,0.005,0.075
ViT-B-16__block8,600_700,0,3,7.4622,5.2872,0.0,0.035
ViT-B-16__block8,600_700,1,3,7.4732,5.3053,0.005,0.025
ViT-B-16__block8,600_700,2,3,7.4843,5.2491,0.01,0.055
ViT-B-16__block8,600_700,3,2,7.4839,5.2614,0.015,0.05
ViT-B-16__block8,600_700,4,3,7.4852,5.2579,0.02,0.06
ViT-B-16__block8,700_800,0,3,7.4874,5.3523,0.0,0.035
ViT-B-16__block8,700_800,1,2,7.4907,5.3276,0.0,0.01
ViT-B-16__block8,700_800,2,2,7.491,5.3108,0.015,0.055
ViT-B-16__block8,700_800,3,2,7.4993,5.2916,0.01,0.05
ViT-B-16__block8,700_800,4,2,7.4999,5.3087,0.005,0.02
ViT-B-16__block8,800_900,0,2,7.492,5.3304,0.005,0.03
ViT-B-16__block8,800_900,1,2,7.4843,5.329,0.005,0.03
ViT-B-16__block8,800_900,2,2,7.4956,5.3031,0.01,0.055
ViT-B-16__block8,800_900,3,2,7.5081,5.2965,0.015,0.045
ViT-B-16__block8,800_900,4,2,7.5086,5.3215,0.01,0.035
ViT-B-16__block8,900_1000,0,2,7.4923,5.356,0.005,0.02
ViT-B-16__block8,900_1000,1,2,7.4953,5.3367,0.0,0.025
ViT-B-16__block8,900_1000,2,2,7.5034,5.318,0.005,0.02
ViT-B-16__block8,900_1000,3,2,7.5063,5.2989,0.005,0.03
ViT-B-16__block8,900_1000,4,2,7.5087,5.3234,0.0,0.025
ViT-B-16__block8__fov,0_100,0,11,7.2639,4.723,0.025,0.13
ViT-B-16__block8__fov,0_100,1,13,7.2291,4.6559,0.05,0.165
ViT-B-16__block8__fov,0_100,2,10,7.255,4.726,0.04,0.155
ViT-B-16__block8__fov,0_100,3,10,7.2482,4.6638,0.065,0.155
ViT-B-16__block8__fov,0_100,4,13,7.2744,4.6944,0.02,0.135
ViT-B-16__block8__fov,100_200,0,20,6.5894,3.5032,0.19,0.445
ViT-B-16__block8__fov,100_200,1,19,6.5794,3.5254,0.145,0.45
ViT-B-16__block8__fov,100_200,2,20,6.597,3.5117,0.18,0.455
ViT-B-16__block8__fov,100_200,3,22,6.5899,3.5256,0.185,0.44
ViT-B-16__block8__fov,100_200,4,20,6.5834,3.5146,0.155,0.445
ViT-B-16__block8__fov,200_300,0,24,6.5417,3.4554,0.14,0.47
ViT-B-16__block8__fov,200_300,1,24,6.5757,3.464,0.155,0.435
ViT-B-16__block8__fov,200_300,2,22,6.5564,3.4631,0.15,0.445
ViT-B-16__block8__fov,200_300,3,22,6.5436,3.4982,0.125,0.445
ViT-B-16__block8__fov,200_300,4,21,6.6146,3.526,0.135,0.42
ViT-B-16__block8__fov,300_400,0,15,6.9243,3.9231,0.135,0.35
ViT-B-16__block8__fov,300_400,1,17,6.9201,3.8854,0.14,0.345
ViT-B-16__block8__fov,300_400,2,18,6.9402,3.8857,0.125,0.355
ViT-B-16__block8__fov,300_400,3,16,6.9602,3.8898,0.13,0.35
ViT-B-16__block8__fov,300_400,4,16,6.9924,3.9443,0.11,0.305
ViT-B-16__block8__fov,400_500,0,11,7.2665,4.5153,0.09,0.19
ViT-B-16__block8__fov,400_500,1,14,7.2489,4.525,0.05,0.2
ViT-B-16__block8__fov,400_500,2,12,7.2845,4.5075,0.045,0.195
ViT-B-16__block8__fov,400_500,3,13,7.2542,4.4966,0.055,0.195
ViT-B-16__block8__fov,400_500,4,10,7.3134,4.5578,0.08,0.18
ViT-B-16__block8__fov,500_600,0,3,7.4328,5.2166,0.015,0.045
ViT-B-16__block8__fov,500_600,1,4,7.4589,5.1498,0.0,0.045
ViT-B-16__block8__fov,500_600,2,4,7.4753,5.1358,0.005,0.04
ViT-B-16__block8__fov,500_600,3,4,7.4192,5.1514,0.015,0.075
ViT-B-16__block8__fov,500_600,4,3,7.4749,5.1931,0.01,0.045
ViT-B-16__block8__fov,600_700,0,3,7.4469,5.3003,0.02,0.045
ViT-B-16__block8__fov,600_700,1,3,7.4843,5.2773,0.005,0.03
ViT-B-16__block8__fov,600_700,2,3,7.496,5.2503,0.01,0.04
ViT-B-16__block8__fov,600_700,3,2,7.4474,5.2778,0.01,0.03
ViT-B-16__block8__fov,600_700,4,3,7.4939,5.2635,0.015,0.03
ViT-B-16__block8__fov,700_800,0,2,7.4655,5.3376,0.01,0.04
ViT-B-16__block8__fov,700_800,1,2,7.4892,5.3377,0.0,0.015
ViT-B-16__block8__fov,700_800,2,2,7.511,5.2883,0.005,0.02
ViT-B-16__block8__fov,700_800,3,2,7.4643,5.2972,0.0,0.035
ViT-B-16__block8__fov,700_800,4,2,7.5043,5.3097,0.0,0.02
ViT-B-16__block8__fov,800_900,0,2,7.463,5.3447,0.005,0.025
ViT-B-16__block8__fov,800_900,1,2,7.4824,5.3368,0.0,0.015
ViT-B-16__block8__fov,800_900,2,2,7.5051,5.2957,0.0,0.015
ViT-B-16__block8__fov,800_900,3,2,7.4746,5.3261,0.0,0.015
ViT-B-16__block8__fov,800_900,4,2,7.5038,5.3202,0.01,0.02
ViT-B-16__block8__fov,900_1000,0,2,7.4716,5.3496,0.01,0.045
ViT-B-16__block8__fov,900_1000,1,2,7.4923,5.3547,0.0,0.02
ViT-B-16__block8__fov,900_1000,2,2,7.5065,5.2941,0.0,0.035
ViT-B-16__block8__fov,900_1000,3,2,7.4745,5.3332,0.0,0.02
ViT-B-16__block8__fov,900_1000,4,2,7.503,5.3188,0.0,0.02
ViT-L-14__block12,0_100,0,13,7.2752,4.7465,0.03,0.125
ViT-L-14__block12,0_100,1,12,7.2385,4.7216,0.035,0.125
ViT-L-14__block12,0_100,2,11,7.2777,4.767,0.02,0.12
ViT-L-14__block12,0_100,3,13,7.2635,4.731,0.035,0.12
ViT-L-14__block12,0_100,4,13,7.281,4.7676,0.025,0.1
ViT-L-14__block12,100_200,0,21,6.683,3.6876,0.16,0.435
ViT-L-14__block12,100_200,1,21,6.6589,3.6805,0.155,0.43
ViT-L-14__block12,100_200,2,19,6.701,3.6896,0.15,0.385
ViT-L-14__block12,100_200,3,19,6.7242,3.7178,0.13,0.4
ViT-L-14__block12,100_200,4,18,6.6663,3.727,0.165,0.42
ViT-L-14__block12,200_300,0,21,6.6544,3.767,0.13,0.385
ViT-L-14__block12,200_300,1,19,6.6972,3.7859,0.135,0.35
ViT-L-14__block12,200_300,2,19,6.6849,3.7345,0.155,0.405
ViT-L-14__block12,200_300,3,22,6.6849,3.7289,0.145,0.375
ViT-L-14__block12,200_300,4,21,6.6832,3.7679,0.145,0.335
ViT-L-14__block12,300_400,0,18,7.0477,4.1092,0.09,0.285
ViT-L-14__block12,300_400,1,19,7.0457,4.1148,0.115,0.29
ViT-L-14__block12,300_400,2,17,7.0558,4.0875,0.06,0.33
ViT-L-14__block12,300_400,3,16,7.0961,4.1051,0.09,0.295
ViT-L-14__block12,300_400,4,15,7.0925,4.1203,0.08,0.305
ViT-L-14__block12,400_500,0,14,7.3299,4.6958,0.04,0.16
ViT-L-14__block12,400_500,1,13,7.3384,4.764,0.03,0.115
ViT-L-14__block12,400_500,2,11,7.3489,4.763,0.025,0.165
ViT-L-14__block12,400_500,3,13,7.3313,4.7497,0.04,0.16
ViT-L-14__block12,400_500,4,10,7.3664,4.7833,0.03,0.11
ViT-L-14__block12,500_600,0,4,7.48,5.2664,0.005,0.06
ViT-L-14__block12,500_600,1,3,7.4805,5.2453,0.005,0.035
ViT-L-14__block12,500_600,2,4,7.4741,5.2283,0.005,0.04
ViT-L-14__block12,500_600,3,4,7.4787,5.1979,0.005,0.035
ViT-L-14__block12,500_600,4,3,7.4606,5.2527,0.005,0.02
ViT-L-14__block12,600_700,0,3,7.5045,5.3143,0.01,0.025
ViT-L-14__block12,600_700,1,2,7.4988,5.2995,0.01,0.04
ViT-L-14__block12,600_700,2,3,7.4865,5.2925,0.005,0.035
ViT-L-14__block12,600_700,3,3,7.5048,5.2986,0.005,0.04
ViT-L-14__block12,600_700,4,2,7.4868,5.2967,0.0,0.02
ViT-L-14__block12,700_800,0,2,7.5193,5.3622,0.01,0.02
ViT-L-14__block12,700_800,1,2,7.515,5.3255,0.005,0.045
ViT-L-14__block12,700_800,2,2,7.494,5.3378,0.005,0.015
ViT-L-14__block12,700_800,3,2,7.501,5.3225,0.015,0.04
ViT-L-14__block12,700_800,4,2,7.5011,5.3541,0.005,0.025
ViT-L-14__block12,800_900,0,2,7.5135,5.3353,0.005,0.02
ViT-L-14__block12,800_900,1,2,7.5151,5.3234,0.005,0.025
ViT-L-14__block12,800_900,2,2,7.4918,5.3459,0.005,0.025
ViT-L-14__block12,800_900,3,2,7.5106,5.3206,0.005,0.025
ViT-L-14__block12,800_900,4,2,7.501,5.3418,0.005,0.02
ViT-L-14__block12,900_1000,0,2,7.5177,5.3584,0.0,0.025
ViT-L-14__block12,900_1000,1,2,7.5038,5.3129,0.005,0.02
ViT-L-14__block12,900_1000,2,2,7.4955,5.3556,0.005,0.025
ViT-L-14__block12,900_1000,3,2,7.5265,5.3325,0.015,0.025
ViT-L-14__block12,900_1000,4,2,7.4943,5.3331,0.005,0.015
ViT-L-14__block12__fov,0_100,0,14,7.2452,4.641,0.05,0.16
ViT-L-14__block12__fov,0_100,1,14,7.2178,4.5918,0.045,0.15
ViT-L-14__block12__fov,0_100,2,13,7.261,4.6586,0.025,0.12
ViT-L-14__block12__fov,0_100,3,12,7.2055,4.6244,0.06,0.15
ViT-L-14__block12__fov,0_100,4,13,7.2496,4.5866,0.065,0.17
ViT-L-14__block12__fov,100_200,0,20,6.6306,3.6076,0.19,0.455
ViT-L-14__block12__fov,100_200,1,21,6.6223,3.5677,0.165,0.45
ViT-L-14__block12__fov,100_200,2,19,6.6426,3.5745,0.19,0.465
ViT-L-14__block12__fov,100_200,3,22,6.6619,3.5772,0.165,0.435
ViT-L-14__block12__fov,100_200,4,21,6.614,3.5672,0.185,0.455
ViT-L-14__block12__fov,200_300,0,24,6.6044,3.5966,0.165,0.4
ViT-L-14__block12__fov,200_300,1,22,6.6529,3.6275,0.13,0.415
ViT-L-14__block12__fov,200_300,2,24,6.6582,3.5782,0.145,0.45
ViT-L-14__block12__fov,200_300,3,23,6.6191,3.6111,0.15,0.415
ViT-L-14__block12__fov,200_300,4,24,6.6568,3.5804,0.16,0.415
ViT-L-14__block12__fov,300_400,0,17,7.0188,4.0363,0.12,0.33
ViT-L-14__block12__fov,300_400,1,14,7.0284,4.0793,0.11,0.32
ViT-L-14__block12__fov,300_400,2,19,7.0426,3.9746,0.135,0.375
ViT-L-14__block12__fov,300_400,3,15,7.0439,4.069,0.115,0.3
ViT-L-14__block12__fov,300_400,4,18,7.0748,4.018,0.115,0.315
ViT-L-14__block12__fov,400_500,0,14,7.3225,4.6181,0.055,0.195
ViT-L-14__block12__fov,400_500,1,13,7.315,4.6758,0.045,0.13
ViT-L-14__block12__fov,400_500,2,12,7.3346,4.6841,0.045,0.14
ViT-L-14__block12__fov,400_500,3,15,7.3042,4.6465,0.04,0.165
ViT-L-14__block12__fov,400_500,4,13,7.3571,4.6365,0.06,0.165
ViT-L-14__block12__fov,500_600,0,4,7.4649,5.199,0.005,0.04
ViT-L-14__block12__fov,500_600,1,3,7.4816,5.248,0.01,0.04
ViT-L-14__block12__fov,500_600,2,3,7.4778,5.2663,0.02,0.035
ViT-L-14__block12__fov,500_600,3,4,7.4489,5.223,0.0,0.025
ViT-L-14__block12__fov,500_600,4,3,7.4803,5.2486,0.005,0.05
ViT-L-14__block12__fov,600_700,0,3,7.4839,5.2925,0.0,0.02
ViT-L-14__block12__fov,600_700,1,2,7.4882,5.2868,0.01,0.035
ViT-L-14__block12__fov,600_700,2,2,7.4903,5.3177,0.0,0.005
ViT-L-14__block12__fov,600_700,3,2,7.4632,5.3197,0.01,0.03
ViT-L-14__block12__fov,600_700,4,2,7.4953,5.3207,0.0,0.025
ViT-L-14__block12__fov,700_800,0,3,7.4981,5.3401,0.005,0.015
ViT-L-14__block12__fov,700_800,1,2,7.503,5.3279,0.01,0.02
ViT-L-14__block12__fov,700_800,2,2,7.5035,5.362,0.0,0.0
ViT-L-14__block12__fov,700_800,3,2,7.4836,5.3293,0.005,0.04
ViT-L-14__block12__fov,700_800,4,2,7.5112,5.3307,0.005,0.025
ViT-L-14__block12__fov,800_900,0,2,7.5027,5.3248,0.01,0.03
ViT-L-14__block12__fov,800_900,1,2,7.5067,5.3321,0.015,0.04
ViT-L-14__block12__fov,800_900,2,2,7.5034,5.3411,0.0,0.015
ViT-L-14__block12__fov,800_900,3,2,7.4826,5.337,0.01,0.025
ViT-L-14__block12__fov,800_900,4,2,7.5057,5.3407,0.0,0.025
ViT-L-14__block12__fov,900_1000,0,2,7.5049,5.3351,0.01,0.03
ViT-L-14__block12__fov,900_1000,1,2,7.5177,5.3335,0.005,0.025
ViT-L-14__block12__fov,900_1000,2,2,7.5005,5.3634,0.005,0.01
ViT-L-14__block12__fov,900_1000,3,2,7.4901,5.3378,0.005,0.025
ViT-L-14__block12__fov,900_1000,4,2,7.5113,5.3398,0.005,0.025
ViT-L-14__block16,0_100,0,12,7.279,4.8037,0.025,0.11
ViT-L-14__block16,0_100,1,12,7.2634,4.7566,0.03,0.14
ViT-L-14__block16,0_100,2,11,7.2911,4.7881,0.01,0.11
ViT-L-14__block16,0_100,3,12,7.2614,4.8087,0.015,0.12
ViT-L-14__block16,0_100,4,12,7.3079,4.8357,0.03,0.105
ViT-L-14__block16,100_200,0,20,6.7088,3.6434,0.165,0.395
ViT-L-14__block16,100_200,1,22,6.6662,3.5868,0.18,0.425
ViT-L-14__block16,100_200,2,20,6.7004,3.635,0.165,0.415
ViT-L-14__block16,100_200,3,22,6.6914,3.6187,0.165,0.42
ViT-L-14__block16,100_200,4,21,6.6815,3.646,0.18,0.395
ViT-L-14__block16,200_300,0,26,6.5919,3.5593,0.16,0.435
ViT-L-14__block16,200_300,1,22,6.6509,3.5898,0.16,0.41
ViT-L-14__block16,200_300,2,22,6.6052,3.5556,0.155,0.44
ViT-L-14__block16,200_300,3,23,6.6173,3.6007,0.165,0.405
ViT-L-14__block16,200_300,4,26,6.647,3.5548,0.135,0.425
ViT-L-14__block16,300_400,0,17,6.958,3.9312,0.125,0.35
ViT-L-14__block16,300_400,1,18,6.9516,3.9317,0.12,0.34
ViT-L-14__block16,300_400,2,17,6.9512,3.9112,0.105,0.34
ViT-L-14__block16,300_400,3,16,6.9668,3.9396,0.135,0.31
ViT-L-14__block16,300_400,4,17,7.0075,3.9379,0.135,0.33
ViT-L-14__block16,400_500,0,14,7.2686,4.529,0.05,0.16
ViT-L-14__block16,400_500,1,14,7.2769,4.5788,0.045,0.16
ViT-L-14__block16,400_500,2,15,7.277,4.4912,0.055,0.2
ViT-L-14__block16,400_500,3,16,7.2495,4.5006,0.075,0.185
ViT-L-14__block16,400_500,4,13,7.3262,4.5731,0.03,0.155
ViT-L-14__block16,500_600,0,4,7.4659,5.1918,0.005,0.055
ViT-L-14__block16,500_600,1,4,7.4733,5.1749,0.01,0.06
ViT-L-14__block16,500_600,2,3,7.4794,5.2094,0.01,0.05
ViT-L-14__block16,500_600,3,6,7.4483,5.1298,0.01,0.055
ViT-L-14__block16,500_600,4,3,7.4885,5.2284,0.01,0.045
ViT-L-14__block16,600_700,0,3,7.4726,5.2459,0.01,0.055
ViT-L-14__block16,600_700,1,3,7.5019,5.257,0.02,0.065
ViT-L-14__block16,600_700,2,3,7.4821,5.2783,0.0,0.035
ViT-L-14__block16,600_700,3,3,7.4577,5.2864,0.005,0.025
ViT-L-14__block16,600_700,4,2,7.5004,5.2881,0.01,0.03
ViT-L-14__block16,700_800,0,3,7.4922,5.3108,0.015,0.03
ViT-L-14__block16,700_800,1,2,7.5053,5.3064,0.0,0.025
ViT-L-14__block16,700_800,2,2,7.5014,5.3276,0.005,0.03
ViT-L-14__block16,700_800,3,3,7.4867,5.3335,0.005,0.02
ViT-L-14__block16,700_800,4,2,7.5182,5.3062,0.005,0.025
ViT-L-14__block16,800_900,0,2,7.4894,5.3337,0.005,0.03
ViT-L-14__block16,800_900,1,2,7.5146,5.3195,0.015,0.03
ViT-L-14__block16,800_900,2,2,7.4985,5.3248,0.0,0.015
ViT-L-14__block16,800_900,3,2,7.4886,5.3616,0.01,0.025
ViT-L-14__block16,800_900,4,2,7.5189,5.3265,0.01,0.015
ViT-L-14__block16,900_1000,0,2,7.5004,5.3414,0.01,0.03
ViT-L-14__block16,900_1000,1,2,7.5185,5.3443,0.0,0.025
ViT-L-14__block16,900_1000,2,2,7.507,5.3346,0.005,0.04
ViT-L-14__block16,900_1000,3,2,7.4873,5.3646,0.01,0.02
ViT-L-14__block16,900_1000,4,2,7.5252,5.3203,0.0,0.025
ViT-L-14__block16__fov,0_100,0,12,7.2652,4.7808,0.02,0.12
ViT-L-14__block16__fov,0_100,1,13,7.2573,4.7038,0.045,0.155
ViT-L-14__block16__fov,0_100,2,11,7.271,4.7439,0.03,0.125
ViT-L-14__block16__fov,0_100,3,12,7.2525,4.7718,0.035,0.115
ViT-L-14__block16__fov,0_100,4,13,7.2999,4.7753,0.02,0.115
ViT-L-14__block16__fov,100_200,0,20,6.6623,3.6049,0.19,0.39
ViT-L-14__block16__fov,100_200,1,24,6.6429,3.5431,0.2,0.42
ViT-L-14__block16__fov,100_200,2,20,6.6451,3.5927,0.195,0.455
ViT-L-14__block16__fov,100_200,3,22,6.6483,3.6022,0.155,0.405
ViT-L-14__block16__fov,100_200,4,22,6.6614,3.5789,0.195,0.415
ViT-L-14__block16__fov,200_300,0,22,6.5698,3.4764,0.185,0.48
ViT-L-14__block16__fov,200_300,1,24,6.6246,3.4609,0.18,0.48
ViT-L-14__block16__fov,200_300,2,25,6.5662,3.4477,0.17,0.48
ViT-L-14__block16__fov,200_300,3,25,6.563,3.4445,0.2,0.495
ViT-L-14__block16__fov,200_300,4,22,6.6479,3.4825,0.17,0.445
ViT-L-14__block16__fov,300_400,0,18,6.9173,3.87,0.125,0.405
ViT-L-14__block16__fov,300_400,1,18,6.9549,3.8744,0.12,0.365
ViT-L-14__block16__fov,300_400,2,19,6.9556,3.8347,0.145,0.355
ViT-L-14__block16__fov,300_400,3,16,6.9765,3.9185,0.125,0.34
ViT-L-14__block16__fov,300_400,4,17,7.0004,3.9211,0.125,0.35
ViT-L-14__block16__fov,400_500,0,14,7.2663,4.5215,0.05,0.19
ViT-L-14__block16__fov,400_500,1,17,7.2836,4.4929,0.04,0.175
ViT-L-14__block16__fov,400_500,2,15,7.285,4.5017,0.08,0.185
ViT-L-14__block16__fov,400_500,3,17,7.245,4.4668,0.065,0.175
ViT-L-14__block16__fov,400_500,4,15,7.3065,4.4621,0.065,0.18
ViT-L-14__block16__fov,500_600,0,4,7.4763,5.1915,0.02,0.05
ViT-L-14__block16__fov,500_600,1,3,7.4726,5.2277,0.015,0.05
ViT-L-14__block16__fov,500_600,2,3,7.4866,5.1919,0.005,0.055
ViT-L-14__block16__fov,500_600,3,4,7.4554,5.1922,0.01,0.07
ViT-L-14__block16__fov,500_600,4,3,7.4858,5.2042,0.02,0.08
ViT-L-14__block16__fov,600_700,0,4,7.4828,5.2625,0.01,0.045
ViT-L-14__block16__fov,600_700,1,2,7.4935,5.3109,0.015,0.035
ViT-L-14__block16__fov,600_700,2,3,7.4924,5.2681,0.005,0.03
ViT-L-14__block16__fov,600_700,3,3,7.4852,5.2976,0.015,0.03
ViT-L-14__block16__fov,600_700,4,3,7.4982,5.2386,0.01,0.045
ViT-L-14__block16__fov,700_800,0,3,7.5107,5.324,0.0,0.03
ViT-L-14__block16__fov,700_800,1,2,7.5042,5.3113,0.015,0.04
ViT-L-14__block16__fov,700_800,2,2,7.499,5.3194,0.005,0.035
ViT-L-14__block16__fov,700_800,3,2,7.4881,5.3141,0.0,0.025
ViT-L-14__block16__fov,700_800,4,2,7.5076,5.2957,0.005,0.02
ViT-L-14__block16__fov,800_900,0,2,7.5097,5.361,0.005,0.03
ViT-L-14__block16__fov,800_900,1,2,7.5092,5.3277,0.015,0.045
ViT-L-14__block16__fov,800_900,2,2,7.4993,5.3305,0.005,0.02
ViT-L-14__block16__fov,800_900,3,2,7.5017,5.329,0.005,0.04
ViT-L-14__block16__fov,800_900,4,2,7.5136,5.3148,0.01,0.035
ViT-L-14__block16__fov,900_1000,0,2,7.5112,5.3464,0.005,0.04
ViT-L-14__block16__fov,900_1000,1,2,7.5115,5.3267,0.01,0.03
ViT-L-14__block16__fov,900_1000,2,2,7.509,5.3277,0.005,0.01
ViT-L-14__block16__fov,900_1000,3,2,7.4973,5.3379,0.01,0.035
ViT-L-14__block16__fov,900_1000,4,2,7.5265,5.3052,0.005,0.025
ViT-L-14__block20,0_100,0,14,7.3169,4.9257,0.015,0.115
ViT-L-14__block20,0_100,1,14,7.3164,4.9038,0.02,0.115
ViT-L-14__block20,0_100,2,12,7.3612,4.9417,0.03,0.08
ViT-L-14__block20,0_100,3,12,7.3299,4.9629,0.03,0.09
ViT-L-14__block20,0_100,4,12,7.3487,4.9452,0.02,0.1
ViT-L-14__block20,100_200,0,21,6.7231,3.7235,0.145,0.39
ViT-L-14__block20,100_200,1,22,6.7366,3.7405,0.165,0.395
ViT-L-14__block20,100_200,2,22,6.7547,3.7091,0.15,0.41
ViT-L-14__block20,100_200,3,22,6.7332,3.74,0.13,0.395
ViT-L-14__block20,100_200,4,20,6.7068,3.792,0.135,0.36
ViT-L-14__block20,200_300,0,21,6.5969,3.5116,0.185,0.465
ViT-L-14__block20,200_300,1,20,6.6671,3.5237,0.175,0.44
ViT-L-14__block20,200_300,2,21,6.6235,3.5424,0.165,0.465
ViT-L-14__block20,200_300,3,22,6.5776,3.5047,0.16,0.48
ViT-L-14__block20,200_300,4,22,6.6442,3.5086,0.155,0.49
ViT-L-14__block20,300_400,0,21,6.8397,3.8162,0.14,0.375
ViT-L-14__block20,300_400,1,24,6.8851,3.7652,0.155,0.4
ViT-L-14__block20,300_400,2,19,6.8624,3.8582,0.165,0.385
ViT-L-14__block20,300_400,3,19,6.8904,3.8413,0.18,0.385
ViT-L-14__block20,300_400,4,22,6.896,3.818,0.17,0.39
ViT-L-14__block20,400_500,0,19,7.2265,4.3839,0.06,0.23
ViT-L-14__block20,400_500,1,20,7.1883,4.3846,0.06,0.265
ViT-L-14__block20,400_500,2,16,7.2384,4.3927,0.07,0.23
ViT-L-14__block20,400_500,3,19,7.2108,4.4264,0.07,0.235
ViT-L-14__block20,400_500,4,17,7.2439,4.4,0.065,0.225
ViT-L-14__block20,500_600,0,4,7.4684,5.2177,0.01,0.055
ViT-L-14__block20,500_600,1,7,7.5151,5.1239,0.025,0.07
ViT-L-14__block20,500_600,2,5,7.5007,5.1514,0.0,0.04
ViT-L-14__block20,500_600,3,4,7.464,5.1554,0.015,0.055
ViT-L-14__block20,500_600,4,3,7.4923,5.2318,0.005,0.04
ViT-L-14__block20,600_700,0,3,7.4926,5.3123,0.005,0.04
ViT-L-14__block20,600_700,1,3,7.5343,5.2742,0.01,0.03
ViT-L-14__block20,600_700,2,3,7.5068,5.3422,0.005,0.03
ViT-L-14__block20,600_700,3,3,7.4856,5.293,0.01,0.055
ViT-L-14__block20,600_700,4,3,7.5128,5.2826,0.005,0.06
ViT-L-14__block20,700_800,0,3,7.5022,5.3713,0.01,0.04
ViT-L-14__block20,700_800,1,2,7.5507,5.353,0.0,0.015
ViT-L-14__block20,700_800,2,2,7.5253,5.3783,0.005,0.015
ViT-L-14__block20,700_800,3,2,7.5007,5.322,0.005,0.03
ViT-L-14__block20,700_800,4,2,7.5209,5.3476,0.01,0.05
ViT-L-14__block20,800_900,0,3,7.519,5.3879,0.005,0.03
ViT-L-14__block20,800_900,1,2,7.5505,5.3658,0.005,0.025
ViT-L-14__block20,800_900,2,2,7.5293,5.38,0.0,0.02
ViT-L-14__block20,800_900,3,2,7.5003,5.3463,0.0,0.015
ViT-L-14__block20,800_900,4,2,7.5269,5.3442,0.005,0.04
ViT-L-14__block20,900_1000,0,2,7.5193,5.3913,0.0,0.02
ViT-L-14__block20,900_1000,1,2,7.5588,5.3646,0.0,0.025
ViT-L-14__block20,900_1000,2,2,7.5436,5.384,0.0,0.02
ViT-L-14__block20,900_1000,3,2,7.5067,5.3464,0.005,0.03
ViT-L-14__block20,900_1000,4,2,7.5241,5.366,0.01,0.025
ViT-L-14__block20__fov,0_100,0,14,7.3182,4.9313,0.03,0.12
ViT-L-14__block20__fov,0_100,1,12,7.3493,4.9482,0.01,0.095
ViT-L-14__block20__fov,0_100,2,14,7.3349,4.9226,0.025,0.115
ViT-L-14__block20__fov,0_100,3,12,7.3181,4.9341,0.02,0.115
ViT-L-14__block20__fov,0_100,4,14,7.3486,4.9368,0.02,0.095
ViT-L-14__block20__fov,100_200,0,20,6.7034,3.7122,0.14,0.385
ViT-L-14__block20__fov,100_200,1,20,6.6988,3.7328,0.165,0.405
ViT-L-14__block20__fov,100_200,2,21,6.7328,3.74,0.15,0.395
ViT-L-14__block20__fov,100_200,3,22,6.7272,3.7165,0.145,0.395
ViT-L-14__block20__fov,100_200,4,21,6.6871,3.7305,0.13,0.41
ViT-L-14__block20__fov,200_300,0,24,6.5913,3.4474,0.17,0.51
ViT-L-14__block20__fov,200_300,1,24,6.6462,3.4239,0.185,0.515
ViT-L-14__block20__fov,200_300,2,21,6.5988,3.4857,0.16,0.485
ViT-L-14__block20__fov,200_300,3,23,6.5784,3.4509,0.21,0.49
ViT-L-14__block20__fov,200_300,4,22,6.6572,3.4315,0.185,0.52
ViT-L-14__block20__fov,300_400,0,21,6.8256,3.7892,0.16,0.425
ViT-L-14__block20__fov,300_400,1,21,6.8651,3.7997,0.145,0.395
ViT-L-14__block20__fov,300_400,2,19,6.8605,3.8595,0.175,0.38
ViT-L-14__block20__fov,300_400,3,21,6.8754,3.8378,0.155,0.385
ViT-L-14__block20__fov,300_400,4,22,6.8904,3.8322,0.13,0.395
ViT-L-14__block20__fov,400_500,0,19,7.2084,4.3506,0.1,0.245
ViT-L-14__block20__fov,400_500,1,21,7.1913,4.3601,0.055,0.25
ViT-L-14__block20__fov,400_500,2,16,7.2356,4.3767,0.07,0.255
ViT-L-14__block20__fov,400_500,3,22,7.1993,4.3886,0.05,0.25
ViT-L-14__block20__fov,400_500,4,17,7.2378,4.3792,0.08,0.215
ViT-L-14__block20__fov,500_600,0,6,7.48,5.1033,0.005,0.06
ViT-L-14__block20__fov,500_600,1,5,7.491,5.1511,0.005,0.07
ViT-L-14__block20__fov,500_600,2,4,7.4909,5.1821,0.015,0.07
ViT-L-14__block20__fov,500_600,3,5,7.4693,5.135,0.015,0.06
ViT-L-14__block20__fov,500_600,4,4,7.4899,5.1935,0.04,0.075
ViT-L-14__block20__fov,600_700,0,4,7.4904,5.2751,0.005,0.03
ViT-L-14__block20__fov,600_700,1,2,7.5031,5.2721,0.005,0.04
ViT-L-14__block20__fov,600_700,2,3,7.5069,5.2943,0.01,0.055
ViT-L-14__block20__fov,600_700,3,3,7.4997,5.2997,0.01,0.045
ViT-L-14__block20__fov,600_700,4,3,7.4992,5.3113,0.005,0.035
ViT-L-14__block20__fov,700_800,0,4,7.5201,5.3431,0.01,0.035
ViT-L-14__block20__fov,700_800,1,2,7.5201,5.2984,0.01,0.05
ViT-L-14__block20__fov,700_800,2,3,7.5244,5.3461,0.005,0.03
ViT-L-14__block20__fov,700_800,3,2,7.5013,5.332,0.01,0.025
ViT-L-14__block20__fov,700_800,4,2,7.5138,5.3736,0.01,0.04
ViT-L-14__block20__fov,800_900,0,3,7.5298,5.3479,0.0,0.03
ViT-L-14__block20__fov,800_900,1,2,7.5204,5.3289,0.01,0.035
ViT-L-14__block20__fov,800_900,2,2,7.523,5.3421,0.0,0.025
ViT-L-14__block20__fov,800_900,3,2,7.5072,5.3679,0.005,0.04
ViT-L-14__block20__fov,800_900,4,2,7.5222,5.3714,0.005,0.03
ViT-L-14__block20__fov,900_1000,0,3,7.5464,5.3695,0.0,0.02
ViT-L-14__block20__fov,900_1000,1,2,7.5238,5.3475,0.0,0.025
ViT-L-14__block20__fov,900_1000,2,2,7.5395,5.3522,0.0,0.03
ViT-L-14__block20__fov,900_1000,3,2,7.5081,5.3732,0.01,0.04
ViT-L-14__block20__fov,900_1000,4,2,7.5326,5.377,0.005,0.025
ViT-L-14__block24,0_100,0,9,7.4198,5.1405,0.025,0.07
ViT-L-14__block24,0_100,1,9,7.4226,5.1379,0.035,0.075
ViT-L-14__block24,0_100,2,10,7.4259,5.167,0.02,0.08
ViT-L-14__block24,0_100,3,12,7.399,5.1241,0.02,0.095
ViT-L-14__block24,0_100,4,11,7.3998,5.0959,0.03,0.08
ViT-L-14__block24,100_200,0,20,6.8874,4.0712,0.09,0.3
ViT-L-14__block24,100_200,1,20,6.9144,4.0694,0.09,0.32
ViT-L-14__block24,100_200,2,19,6.9088,4.0628,0.095,0.32
ViT-L-14__block24,100_200,3,18,6.8905,4.0993,0.085,0.32
ViT-L-14__block24,100_200,4,17,6.8797,4.1204,0.06,0.325
ViT-L-14__block24,200_300,0,21,6.8062,3.8274,0.17,0.375
ViT-L-14__block24,200_300,1,23,6.8509,3.8108,0.155,0.365
ViT-L-14__block24,200_300,2,22,6.8061,3.8216,0.135,0.38
ViT-L-14__block24,200_300,3,23,6.7935,3.8427,0.135,0.385
ViT-L-14__block24,200_300,4,21,6.8516,3.8489,0.155,0.36
ViT-L-14__block24,300_400,0,19,6.9813,4.0344,0.1,0.325
ViT-L-14__block24,300_400,1,20,6.9757,4.019,0.075,0.35
ViT-L-14__block24,300_400,2,19,6.9883,4.005,0.09,0.35
ViT-L-14__block24,300_400,3,17,7.0094,4.0456,0.125,0.305
ViT-L-14__block24,300_400,4,17,7.0081,4.028,0.12,0.335
ViT-L-14__block24,400_500,0,19,7.2634,4.4801,0.05,0.225
ViT-L-14__block24,400_500,1,20,7.2963,4.5439,0.04,0.19
ViT-L-14__block24,400_500,2,19,7.3029,4.5085,0.075,0.2
ViT-L-14__block24,400_500,3,20,7.2538,4.4987,0.055,0.185
ViT-L-14__block24,400_500,4,21,7.29,4.5449,0.045,0.175
ViT-L-14__block24,500_600,0,4,7.49,5.2242,0.015,0.035
ViT-L-14__block24,500_600,1,4,7.5144,5.2239,0.03,0.065
ViT-L-14__block24,500_600,2,4,7.5111,5.236,0.01,0.04
ViT-L-14__block24,500_600,3,5,7.4893,5.2014,0.0,0.05
ViT-L-14__block24,500_600,4,3,7.4996,5.2123,0.005,0.05
ViT-L-14__block24,600_700,0,3,7.5132,5.2844,0.015,0.04
ViT-L-14__block24,600_700,1,3,7.5324,5.2836,0.01,0.035
ViT-L-14__block24,600_700,2,3,7.5303,5.2839,0.015,0.04
ViT-L-14__block24,600_700,3,3,7.5176,5.2871,0.005,0.045
ViT-L-14__block24,600_700,4,3,7.5114,5.2732,0.01,0.025
ViT-L-14__block24,700_800,0,3,7.5206,5.3699,0.01,0.03
ViT-L-14__block24,700_800,1,2,7.5515,5.3259,0.005,0.025
ViT-L-14__block24,700_800,2,2,7.5404,5.3529,0.01,0.04
ViT-L-14__block24,700_800,3,2,7.5347,5.3449,0.01,0.015
ViT-L-14__block24,700_800,4,2,7.5349,5.3182,0.005,0.04
ViT-L-14__block24,800_900,0,2,7.5226,5.3665,0.01,0.025
ViT-L-14__block24,800_900,1,2,7.5419,5.3669,0.0,0.02
ViT-L-14__block24,800_900,2,2,7.5416,5.3625,0.01,0.03
ViT-L-14__block24,800_900,3,2,7.5409,5.3495,0.01,0.025
ViT-L-14__block24,800_900,4,2,7.5374,5.3346,0.005,0.035
ViT-L-14__block24,900_1000,0,2,7.5268,5.3816,0.01,0.035
ViT-L-14__block24,900_1000,1,2,7.5519,5.3617,0.01,0.04
ViT-L-14__block24,900_1000,2,2,7.5612,5.3942,0.01,0.025
ViT-L-14__block24,900_1000,3,2,7.5306,5.3839,0.0,0.02
ViT-L-14__block24,900_1000,4,2,7.5334,5.3553,0.01,0.035
ViT-L-14__block24__fov,0_100,0,12,7.4334,5.0994,0.015,0.09
ViT-L-14__block24__fov,0_100,1,9,7.4092,5.1211,0.045,0.1
ViT-L-14__block24__fov,0_100,2,10,7.4202,5.1552,0.015,0.045
ViT-L-14__block24__fov,0_100,3,12,7.3863,5.1112,0.03,0.075
ViT-L-14__block24__fov,0_100,4,9,7.4227,5.121,0.025,0.075
ViT-L-14__block24__fov,100_200,0,18,6.9079,4.1056,0.09,0.285
ViT-L-14__block24__fov,100_200,1,17,6.892,4.1398,0.07,0.31
ViT-L-14__block24__fov,100_200,2,19,6.9067,4.0703,0.09,0.325
ViT-L-14__block24__fov,100_200,3,17,6.9115,4.1176,0.095,0.32
ViT-L-14__block24__fov,100_200,4,18,6.8793,4.1191,0.08,0.305
ViT-L-14__block24__fov,200_300,0,21,6.808,3.7734,0.165,0.4
ViT-L-14__block24__fov,200_300,1,20,6.8151,3.8247,0.16,0.38
ViT-L-14__block24__fov,200_300,2,19,6.7917,3.8168,0.14,0.385
ViT-L-14__block24__fov,200_300,3,22,6.7675,3.7865,0.15,0.39
ViT-L-14__block24__fov,200_300,4,21,6.8485,3.7852,0.15,0.375
ViT-L-14__block24__fov,300_400,0,21,6.9749,4.0044,0.14,0.345
ViT-L-14__block24__fov,300_400,1,20,6.9761,4.0127,0.125,0.375
ViT-L-14__block24__fov,300_400,2,19,7.0011,4.0133,0.15,0.34
ViT-L-14__block24__fov,300_400,3,17,6.9988,4.05,0.13,0.325
ViT-L-14__block24__fov,300_400,4,18,7.0039,4.0312,0.12,0.325
ViT-L-14__block24__fov,400_500,0,17,7.285,4.5096,0.06,0.205
ViT-L-14__block24__fov,400_500,1,20,7.2642,4.5201,0.06,0.175
ViT-L-14__block24__fov,400_500,2,19,7.2881,4.486,0.05,0.195
ViT-L-14__block24__fov,400_500,3,21,7.2549,4.4576,0.06,0.195
ViT-L-14__block24__fov,400_500,4,18,7.3061,4.5051,0.06,0.18
ViT-L-14__block24__fov,500_600,0,5,7.489,5.1723,0.0,0.04
ViT-L-14__block24__fov,500_600,1,4,7.4747,5.2139,0.0,0.05
ViT-L-14__block24__fov,500_600,2,6,7.5141,5.1473,0.02,0.04
ViT-L-14__block24__fov,500_600,3,10,7.4954,5.1001,0.03,0.09
ViT-L-14__block24__fov,500_600,4,3,7.515,5.2352,0.02,0.05
ViT-L-14__block24__fov,600_700,0,3,7.515,5.2795,0.0,0.02
ViT-L-14__block24__fov,600_700,1,3,7.505,5.3168,0.005,0.025
ViT-L-14__block24__fov,600_700,2,6,7.5399,5.2649,0.01,0.045
ViT-L-14__block24__fov,600_700,3,3,7.5297,5.2863,0.0,0.02
ViT-L-14__block24__fov,600_700,4,3,7.5316,5.3036,0.005,0.03
ViT-L-14__block24__fov,700_800,0,3,7.5144,5.3239,0.005,0.02
ViT-L-14__block24__fov,700_800,1,2,7.512,5.3555,0.01,0.02
ViT-L-14__block24__fov,700_800,2,3,7.5563,5.3562,0.005,0.05
ViT-L-14__block24__fov,700_800,3,3,7.5591,5.3104,0.005,0.04
ViT-L-14__block24__fov,700_800,4,2,7.547,5.3312,0.005,0.03
ViT-L-14__block24__fov,800_900,0,2,7.5173,5.3414,0.005,0.05
ViT-L-14__block24__fov,800_900,1,2,7.5193,5.3448,0.01,0.02
ViT-L-14__block24__fov,800_900,2,2,7.5552,5.3608,0.005,0.04
ViT-L-14__block24__fov,800_900,3,2,7.5618,5.3545,0.0,0.02
ViT-L-14__block24__fov,800_900,4,2,7.5408,5.3525,0.005,0.04
ViT-L-14__block24__fov,900_1000,0,2,7.528,5.364,0.005,0.015
ViT-L-14__block24__fov,900_1000,1,2,7.5292,5.3752,0.01,0.01
ViT-L-14__block24__fov,900_1000,2,2,7.561,5.3709,0.01,0.035
ViT-L-14__block24__fov,900_1000,3,2,7.5517,5.3835,0.01,0.035
ViT-L-14__block24__fov,900_1000,4,2,7.5482,5.3472,0.005,0.035
ViT-L-14__block4,0_100,0,16,7.0865,4.3747,0.07,0.195
ViT-L-14__block4,0_100,1,13,7.0629,4.3707,0.055,0.215
ViT-L-14__block4,0_100,2,17,7.0822,4.3166,0.08,0.205
ViT-L-14__block4,0_100,3,12,7.0671,4.3964,0.07,0.18
ViT-L-14__block4,0_100,4,13,7.0795,4.3809,0.055,0.195
ViT-L-14__block4,100_200,0,19,6.5825,3.5679,0.16,0.41
ViT-L-14__block4,100_200,1,24,6.588,3.507,0.16,0.44
ViT-L-14__block4,100_200,2,25,6.5488,3.4589,0.18,0.445
ViT-L-14__block4,100_200,3,27,6.5634,3.4918,0.16,0.425
ViT-L-14__block4,100_200,4,24,6.5647,3.5256,0.155,0.45
ViT-L-14__block4,200_300,0,23,6.6491,3.7168,0.135,0.34
ViT-L-14__block4,200_300,1,17,6.6698,3.784,0.105,0.345
ViT-L-14__block4,200_300,2,22,6.6596,3.7285,0.12,0.34
ViT-L-14__block4,200_300,3,22,6.6651,3.7458,0.13,0.35
ViT-L-14__block4,200_300,4,21,6.6661,3.7812,0.09,0.335
ViT-L-14__block4,300_400,0,13,7.0852,4.2386,0.095,0.28
ViT-L-14__block4,300_400,1,12,7.0851,4.2595,0.09,0.265
ViT-L-14__block4,300_400,2,12,7.0998,4.2508,0.095,0.275
ViT-L-14__block4,300_400,3,12,7.1348,4.2637,0.105,0.28
ViT-L-14__block4,300_400,4,13,7.1296,4.2363,0.11,0.26
ViT-L-14__block4,400_500,0,10,7.3251,4.7679,0.05,0.15
ViT-L-14__block4,400_500,1,8,7.3344,4.8192,0.055,0.15
ViT-L-14__block4,400_500,2,6,7.3324,4.8971,0.04,0.135
ViT-L-14__block4,400_500,3,12,7.308,4.7484,0.03,0.13
ViT-L-14__block4,400_500,4,10,7.3386,4.7918,0.07,0.13
ViT-L-14__block4,500_600,0,4,7.4174,5.1777,0.01,0.055
ViT-L-14__block4,500_600,1,3,7.4158,5.2079,0.015,0.06
ViT-L-14__block4,500_600,2,4,7.4115,5.1658,0.015,0.04
ViT-L-14__block4,500_600,3,3,7.4192,5.2052,0.005,0.03
ViT-L-14__block4,500_600,4,3,7.4248,5.2017,0.015,0.055
ViT-L-14__block4,600_700,0,3,7.4448,5.2708,0.005,0.03
ViT-L-14__block4,600_700,1,2,7.4332,5.2812,0.01,0.05
ViT-L-14__block4,600_700,2,4,7.4393,5.2581,0.01,0.045
ViT-L-14__block4,600_700,3,2,7.443,5.2851,0.015,0.03
ViT-L-14__block4,600_700,4,3,7.4406,5.2878,0.01,0.04
ViT-L-14__block4,700_800,0,3,7.4497,5.3164,0.005,0.045
ViT-L-14__block4,700_800,1,2,7.4464,5.2971,0.0,0.02
ViT-L-14__block4,700_800,2,2,7.4457,5.311,0.01,0.02
ViT-L-14__block4,700_800,3,2,7.4576,5.3062,0.005,0.035
ViT-L-14__block4,700_800,4,2,7.4422,5.3026,0.0,0.025
ViT-L-14__block4,800_900,0,2,7.4521,5.3061,0.005,0.035
ViT-L-14__block4,800_900,1,2,7.4484,5.3052,0.01,0.02
ViT-L-14__block4,800_900,2,2,7.4603,5.3035,0.005,0.02
ViT-L-14__block4,800_900,3,2,7.4596,5.3154,0.0,0.025
ViT-L-14__block4,800_900,4,2,7.4516,5.3175,0.005,0.03
ViT-L-14__block4,900_1000,0,2,7.4557,5.3087,0.015,0.035
ViT-L-14__block4,900_1000,1,2,7.4434,5.3002,0.01,0.015
ViT-L-14__block4,900_1000,2,2,7.4567,5.3019,0.01,0.015
ViT-L-14__block4,900_1000,3,2,7.4501,5.3141,0.0,0.025
ViT-L-14__block4,900_1000,4,2,7.4493,5.308,0.005,0.045
ViT-L-14__block4__fov,0_100,0,16,7.0629,4.3546,0.07,0.18
ViT-L-14__block4__fov,0_100,1,16,7.051,4.2713,0.06,0.19
ViT-L-14__block4__fov,0_100,2,17,7.07,4.3017,0.075,0.215
ViT-L-14__block4__fov,0_100,3,12,7.0526,4.377,0.045,0.18
ViT-L-14__block4__fov,0_100,4,13,7.0642,4.3601,0.05,0.19
ViT-L-14__block4__fov,100_200,0,19,6.5818,3.5449,0.145,0.43
ViT-L-14__block4__fov,100_200,1,24,6.5661,3.4739,0.155,0.435
ViT-L-14__block4__fov,100_200,2,25,6.5183,3.413,0.19,0.485
ViT-L-14__block4__fov,100_200,3,27,6.5386,3.4677,0.155,0.45
ViT-L-14__block4__fov,100_200,4,24,6.545,3.4888,0.165,0.435
ViT-L-14__block4__fov,200_300,0,23,6.6376,3.6934,0.14,0.37
ViT-L-14__block4__fov,200_300,1,17,6.6573,3.7713,0.15,0.36
ViT-L-14__block4__fov,200_300,2,24,6.661,3.7008,0.135,0.38
ViT-L-14__block4__fov,200_300,3,22,6.6495,3.7114,0.12,0.37
ViT-L-14__block4__fov,200_300,4,21,6.6539,3.7469,0.145,0.35
ViT-L-14__block4__fov,300_400,0,13,7.0829,4.2226,0.1,0.295
ViT-L-14__block4__fov,300_400,1,19,7.084,4.1392,0.1,0.29
ViT-L-14__block4__fov,300_400,2,12,7.1023,4.2649,0.085,0.255
ViT-L-14__block4__fov,300_400,3,12,7.1267,4.2632,0.105,0.27
ViT-L-14__block4__fov,300_400,4,13,7.1265,4.2406,0.08,0.255
ViT-L-14__block4__fov,400_500,0,10,7.3322,4.7798,0.035,0.135
ViT-L-14__block4__fov,400_500,1,8,7.334,4.8199,0.025,0.135
ViT-L-14__block4__fov,400_500,2,6,7.338,4.8921,0.02,0.13
ViT-L-14__block4__fov,400_500,3,12,7.3091,4.7557,0.05,0.155
ViT-L-14__block4__fov,400_500,4,10,7.3397,4.7896,0.08,0.185
ViT-L-14__block4__fov,500_600,0,4,7.4328,5.1773,0.01,0.04
ViT-L-14__block4__fov,500_600,1,4,7.418,5.1864,0.02,0.055
ViT-L-14__block4__fov,500_600,2,4,7.4224,5.1554,0.01,0.08
ViT-L-14__block4__fov,500_600,3,3,7.4207,5.2243,0.015,0.04
ViT-L-14__block4__fov,500_600,4,3,7.4192,5.2079,0.02,0.07
ViT-L-14__block4__fov,600_700,0,3,7.4534,5.2723,0.015,0.04
ViT-L-14__block4__fov,600_700,1,2,7.4393,5.2781,0.01,0.03
ViT-L-14__block4__fov,600_700,2,3,7.4457,5.2592,0.015,0.055
ViT-L-14__block4__fov,600_700,3,2,7.4461,5.2948,0.005,0.025
ViT-L-14__block4__fov,600_700,4,3,7.4429,5.3077,0.005,0.04
ViT-L-14__block4__fov,700_800,0,2,7.4575,5.3391,0.005,0.025
ViT-L-14__block4__fov,700_800,1,2,7.4526,5.2999,0.005,0.02
ViT-L-14__block4__fov,700_800,2,2,7.4489,5.302,0.01,0.04
ViT-L-14__block4__fov,700_800,3,2,7.4599,5.3223,0.0,0.02
ViT-L-14__block4__fov,700_800,4,2,7.4453,5.315,0.0,0.05
ViT-L-14__block4__fov,800_900,0,2,7.4639,5.3206,0.005,0.015
ViT-L-14__block4__fov,800_900,1,2,7.4602,5.3111,0.0,0.02
ViT-L-14__block4__fov,800_900,2,2,7.4605,5.3033,0.0,0.015
ViT-L-14__block4__fov,800_900,3,2,7.4634,5.3231,0.0,0.01
ViT-L-14__block4__fov,800_900,4,2,7.4483,5.3356,0.015,0.03
ViT-L-14__block4__fov,900_1000,0,2,7.4632,5.3273,0.005,0.035
ViT-L-14__block4__fov,900_1000,1,2,7.4518,5.3085,0.0,0.01
ViT-L-14__block4__fov,900_1000,2,2,7.4603,5.3067,0.005,0.035
ViT-L-14__block4__fov,900_1000,3,2,7.4515,5.3261,0.005,0.02
ViT-L-14__block4__fov,900_1000,4,2,7.4474,5.3232,0.005,0.015
ViT-L-14__block8,0_100,0,12,7.1396,4.4105,0.055,0.175
ViT-L-14__block8,0_100,1,13,7.1241,4.3726,0.065,0.18
ViT-L-14__block8,0_100,2,13,7.1525,4.3639,0.06,0.205
ViT-L-14__block8,0_100,3,13,7.1317,4.4113,0.065,0.18
ViT-L-14__block8,0_100,4,13,7.135,4.3829,0.055,0.185
ViT-L-14__block8,100_200,0,20,6.4186,3.2577,0.23,0.495
ViT-L-14__block8,100_200,1,24,6.4312,3.188,0.22,0.505
ViT-L-14__block8,100_200,2,26,6.456,3.1535,0.245,0.52
ViT-L-14__block8,100_200,3,22,6.4563,3.2316,0.23,0.48
ViT-L-14__block8,100_200,4,28,6.4169,3.1285,0.255,0.54
ViT-L-14__block8,200_300,0,23,6.4811,3.3889,0.175,0.46
ViT-L-14__block8,200_300,1,24,6.5418,3.4011,0.185,0.445
ViT-L-14__block8,200_300,2,23,6.5377,3.4102,0.195,0.425
ViT-L-14__block8,200_300,3,22,6.4986,3.3914,0.195,0.465
ViT-L-14__block8,200_300,4,21,6.5554,3.4016,0.185,0.455
ViT-L-14__block8,300_400,0,17,6.9667,3.9208,0.1,0.34
ViT-L-14__block8,300_400,1,13,6.9792,3.963,0.12,0.355
ViT-L-14__block8,300_400,2,16,7.0036,3.8942,0.135,0.32
ViT-L-14__block8,300_400,3,15,7.0183,3.9551,0.135,0.35
ViT-L-14__block8,300_400,4,15,7.0337,3.9516,0.13,0.35
ViT-L-14__block8,400_500,0,13,7.3084,4.5377,0.05,0.195
ViT-L-14__block8,400_500,1,12,7.3001,4.5391,0.03,0.175
ViT-L-14__block8,400_500,2,10,7.3223,4.6626,0.045,0.155
ViT-L-14__block8,400_500,3,14,7.2863,4.5403,0.065,0.16
ViT-L-14__block8,400_500,4,10,7.3491,4.5998,0.035,0.18
ViT-L-14__block8,500_600,0,4,7.4401,5.1723,0.005,0.055
ViT-L-14__block8,500_600,1,3,7.4371,5.1935,0.005,0.045
ViT-L-14__block8,500_600,2,3,7.4591,5.1999,0.01,0.055
ViT-L-14__block8,500_600,3,4,7.4624,5.1575,0.01,0.07
ViT-L-14__block8,500_600,4,3,7.4495,5.1758,0.01,0.09
ViT-L-14__block8,600_700,0,3,7.4656,5.278,0.015,0.04
ViT-L-14__block8,600_700,1,2,7.4736,5.2788,0.01,0.055
ViT-L-14__block8,600_700,2,2,7.482,5.3091,0.0,0.015
ViT-L-14__block8,600_700,3,2,7.4739,5.2877,0.02,0.035
ViT-L-14__block8,600_700,4,3,7.4779,5.2685,0.005,0.04
ViT-L-14__block8,700_800,0,3,7.4697,5.3344,0.01,0.02
ViT-L-14__block8,700_800,1,2,7.4902,5.3113,0.005,0.015
ViT-L-14__block8,700_800,2,2,7.4944,5.3336,0.0,0.025
ViT-L-14__block8,700_800,3,2,7.4903,5.3301,0.0,0.015
ViT-L-14__block8,700_800,4,2,7.493,5.3063,0.0,0.015
ViT-L-14__block8,800_900,0,2,7.4807,5.3269,0.005,0.03
ViT-L-14__block8,800_900,1,2,7.4927,5.3181,0.005,0.015
ViT-L-14__block8,800_900,2,2,7.4973,5.3384,0.005,0.02
ViT-L-14__block8,800_900,3,2,7.4895,5.3281,0.005,0.025
ViT-L-14__block8,800_900,4,2,7.4985,5.3099,0.0,0.025
ViT-L-14__block8,900_1000,0,2,7.4841,5.3326,0.0,0.02
ViT-L-14__block8,900_1000,1,2,7.4929,5.3135,0.0,0.01
ViT-L-14__block8,900_1000,2,2,7.4802,5.3555,0.0,0.02
ViT-L-14__block8,900_1000,3,2,7.4946,5.3333,0.0,0.04
ViT-L-14__block8,900_1000,4,2,7.4969,5.314,0.01,0.025
ViT-L-14__block8__fov,0_100,0,14,7.0965,4.3759,0.055,0.2
ViT-L-14__block8__fov,0_100,1,14,7.1053,4.3271,0.075,0.22
ViT-L-14__block8__fov,0_100,2,17,7.151,4.3289,0.055,0.195
ViT-L-14__block8__fov,0_100,3,13,7.1153,4.3773,0.06,0.205
ViT-L-14__block8__fov,0_100,4,17,7.132,4.3077,0.065,0.195
ViT-L-14__block8__fov,100_200,0,20,6.3987,3.207,0.24,0.525
ViT-L-14__block8__fov,100_200,1,24,6.4103,3.1503,0.24,0.525
ViT-L-14__block8__fov,100_200,2,26,6.4509,3.1046,0.25,0.51
ViT-L-14__block8__fov,100_200,3,22,6.4402,3.2079,0.23,0.515
ViT-L-14__block8__fov,100_200,4,28,6.4128,3.1063,0.255,0.535
ViT-L-14__block8__fov,200_300,0,23,6.4831,3.3427,0.215,0.455
ViT-L-14__block8__fov,200_300,1,24,6.5314,3.3308,0.22,0.45
ViT-L-14__block8__fov,200_300,2,22,6.5272,3.3747,0.22,0.445
ViT-L-14__block8__fov,200_300,3,22,6.5001,3.3562,0.19,0.455
ViT-L-14__block8__fov,200_300,4,21,6.5599,3.3907,0.16,0.43
ViT-L-14__block8__fov,300_400,0,17,6.9629,3.9142,0.115,0.355
ViT-L-14__block8__fov,300_400,1,17,6.9929,3.8531,0.135,0.365
ViT-L-14__block8__fov,300_400,2,18,6.9923,3.8842,0.125,0.365
ViT-L-14__block8__fov,300_400,3,16,7.0079,3.8898,0.125,0.355
ViT-L-14__block8__fov,300_400,4,13,7.0559,3.951,0.125,0.34
ViT-L-14__block8__fov,400_500,0,11,7.2986,4.6043,0.06,0.155
ViT-L-14__block8__fov,400_500,1,13,7.293,4.508,0.06,0.175
ViT-L-14__block8__fov,400_500,2,10,7.3355,4.6138,0.065,0.18
ViT-L-14__block8__fov,400_500,3,14,7.2694,4.5496,0.065,0.18
ViT-L-14__block8__fov,400_500,4,9,7.3485,4.6223,0.06,0.15
ViT-L-14__block8__fov,500_600,0,3,7.4474,5.1973,0.01,0.03
ViT-L-14__block8__fov,500_600,1,3,7.4306,5.1859,0.005,0.045
ViT-L-14__block8__fov,500_600,2,4,7.4429,5.1738,0.01,0.045
ViT-L-14__block8__fov,500_600,3,4,7.4356,5.1687,0.005,0.04
ViT-L-14__block8__fov,500_600,4,3,7.4564,5.1571,0.01,0.08
ViT-L-14__block8__fov,600_700,0,3,7.4564,5.2744,0.01,0.045
ViT-L-14__block8__fov,600_700,1,2,7.4615,5.2806,0.025,0.04
ViT-L-14__block8__fov,600_700,2,2,7.4748,5.2936,0.0,0.025
ViT-L-14__block8__fov,600_700,3,2,7.4505,5.2942,0.005,0.03
ViT-L-14__block8__fov,600_700,4,3,7.4742,5.2662,0.015,0.05
ViT-L-14__block8__fov,700_800,0,3,7.4674,5.3389,0.005,0.035
ViT-L-14__block8__fov,700_800,1,2,7.4777,5.312,0.0,0.01
ViT-L-14__block8__fov,700_800,2,2,7.4906,5.3265,0.005,0.03
ViT-L-14__block8__fov,700_800,3,2,7.4729,5.3239,0.01,0.02
ViT-L-14__block8__fov,700_800,4,2,7.4885,5.301,0.005,0.04
ViT-L-14__block8__fov,800_900,0,2,7.4734,5.3349,0.01,0.025
ViT-L-14__block8__fov,800_900,1,2,7.4727,5.3181,0.005,0.035
ViT-L-14__block8__fov,800_900,2,2,7.4895,5.3341,0.005,0.025
ViT-L-14__block8__fov,800_900,3,2,7.4762,5.3313,0.0,0.02
ViT-L-14__block8__fov,800_900,4,2,7.4948,5.3072,0.0,0.03
ViT-L-14__block8__fov,900_1000,0,2,7.4838,5.3268,0.005,0.025
ViT-L-14__block8__fov,900_1000,1,2,7.4749,5.3258,0.01,0.02
ViT-L-14__block8__fov,900_1000,2,2,7.4859,5.339,0.0,0.025
ViT-L-14__block8__fov,900_1000,3,2,7.473,5.3474,0.005,0.025
ViT-L-14__block8__fov,900_1000,4,2,7.492,5.3033,0.005,0.04
