target,window,seed,best_epoch,val_loss,test_loss,top1,top5
RN50__attnpool,0_100,0,13,7.2319,4.7094,0.03,0.165
RN50__attnpool,0_100,1,13,7.2071,4.6777,0.055,0.155
RN50__attnpool,0_100,2,13,7.1901,4.7436,0.055,0.16
RN50__attnpool,0_100,3,14,7.1883,4.6974,0.04,0.185
RN50__attnpool,0_100,4,14,7.1519,4.6245,0.06,0.175
RN50__attnpool,100_200,0,21,6.7293,3.9337,0.11,0.335
RN50__attnpool,100_200,1,16,6.7461,3.9965,0.115,0.33
RN50__attnpool,100_200,2,24,6.7395,3.8757,0.105,0.35
RN50__attnpool,100_200,3,20,6.6745,3.953,0.1,0.365
RN50__attnpool,100_200,4,23,6.6782,3.9496,0.12,0.365
RN50__attnpool,200_300,0,21,6.7429,3.8407,0.115,0.355
RN50__attnpool,200_300,1,23,6.743,3.8392,0.13,0.375
RN50__attnpool,200_300,2,24,6.7568,3.8366,0.105,0.395
RN50__attnpool,200_300,3,23,6.7146,3.8198,0.12,0.39
RN50__attnpool,200_300,4,23,6.7633,3.8542,0.115,0.335
RN50__attnpool,300_400,0,17,7.0854,4.2219,0.08,0.285
RN50__attnpool,300_400,1,15,7.0874,4.1858,0.065,0.275
RN50__attnpool,300_400,2,13,7.1138,4.2817,0.05,0.305
RN50__attnpool,300_400,3,13,7.124,4.2746,0.075,0.245
RN50__attnpool,300_400,4,17,7.1122,4.2572,0.06,0.245
RN50__attnpool,400_500,0,6,7.4139,5.03,0.02,0.095
RN50__attnpool,400_500,1,7,7.43,5.0324,0.03,0.105
RN50__attnpool,400_500,2,6,7.4289,5.0676,0.035,0.085
RN50__attnpool,400_500,3,7,7.4183,5.0095,0.03,0.1
RN50__attnpool,400_500,4,6,7.44,5.0269,0.03,0.12
RN50__attnpool,500_600,0,3,7.4851,5.2827,0.01,0.04
RN50__attnpool,500_600,1,2,7.4935,5.3553,0.005,0.015
RN50__attnpool,500_600,2,3,7.4724,5.2987,0.02,0.055
RN50__attnpool,500_600,3,3,7.4916,5.2974,0.005,0.045
RN50__attnpool,500_600,4,3,7.4833,5.2876,0.015,0.03
RN50__attnpool,600_700,0,2,7.4895,5.3098,0.005,0.04
RN50__attnpool,600_700,1,2,7.5072,5.3276,0.0,0.01
RN50__attnpool,600_700,2,2,7.4717,5.3007,0.0,0.01
RN50__attnpool,600_700,3,2,7.4986,5.2971,0.005,0.04
RN50__attnpool,600_700,4,2,7.4929,5.3344,0.01,0.045
RN50__attnpool,700_800,0,2,7.4959,5.357,0.01,0.03
RN50__attnpool,700_800,1,2,7.508,5.3537,0.0,0.015
RN50__attnpool,700_800,2,2,7.5013,5.3572,0.005,0.025
RN50__attnpool,700_800,3,2,7.5097,5.3291,0.01,0.03
RN50__attnpool,700_800,4,3,7.5076,5.3528,0.01,0.035
RN50__attnpool,800_900,0,2,7.4982,5.3316,0.005,0.03
RN50__attnpool,800_900,1,2,7.5033,5.3398,0.005,0.025
RN50__attnpool,800_900,2,2,7.5098,5.3477,0.0,0.005
RN50__attnpool,800_900,3,2,7.5129,5.3196,0.01,0.03
RN50__attnpool,800_900,4,2,7.5122,5.3532,0.01,0.035
RN50__attnpool,900_1000,0,2,7.5155,5.3435,0.005,0.04
RN50__attnpool,900_1000,1,2,7.5114,5.3539,0.0,0.015
RN50__attnpool,900_1000,2,2,7.5049,5.3745,0.005,0.02
RN50__attnpool,900_1000,3,2,7.4964,5.3349,0.005,0.015
RN50__attnpool,900_1000,4,2,7.5146,5.3674,0.005,0.02
RN50__attnpool__fov,0_100,0,12,7.2114,4.6882,0.055,0.18
RN50__attnpool__fov,0_100,1,13,7.2006,4.6825,0.035,0.17
RN50__attnpool__fov,0_100,2,13,7.1949,4.6956,0.06,0.175
RN50__attnpool__fov,0_100,3,11,7.1747,4.6927,0.05,0.155
RN50__attnpool__fov,0_100,4,17,7.1798,4.6259,0.05,0.18
RN50__attnpool__fov,100_200,0,21,6.6953,3.8836,0.155,0.35
RN50__attnpool__fov,100_200,1,18,6.7294,3.9833,0.135,0.365
RN50__attnpool__fov,100_200,2,22,6.7099,3.8714,0.155,0.365
RN50__attnpool__fov,100_200,3,19,6.6646,3.9296,0.145,0.36
RN50__attnpool__fov,100_200,4,23,6.6787,3.8978,0.135,0.37
RN50__attnpool__fov,200_300,0,21,6.7508,3.8181,0.125,0.365
RN50__attnpool__fov,200_300,1,23,6.745,3.7908,0.13,0.365
RN50__attnpool__fov,200_300,2,24,6.7383,3.7653,0.14,0.395
RN50__attnpool__fov,200_300,3,26,6.6609,3.7429,0.15,0.395
RN50__attnpool__fov,200_300,4,23,6.7302,3.766,0.145,0.365
RN50__attnpool__fov,300_400,0,17,7.0917,4.2133,0.065,0.28
RN50__attnpool__fov,300_400,1,16,7.07,4.2084,0.07,0.265
RN50__attnpool__fov,300_400,2,16,7.1087,4.2192,0.065,0.305
RN50__attnpool__fov,300_400,3,16,7.1128,4.246,0.08,0.27
RN50__attnpool__fov,300_400,4,17,7.0942,4.2159,0.09,0.265
RN50__attnpool__fov,400_500,0,7,7.4321,5.0351,0.025,0.095
RN50__attnpool__fov,400_500,1,9,7.4143,4.9951,0.015,0.11
RN50__attnpool__fov,400_500,2,6,7.4281,5.0262,0.01,0.09
RN50__attnpool__fov,400_500,3,7,7.4187,5.0165,0.03,0.105
RN50__attnpool__fov,400_500,4,4,7.444,5.1397,0.015,0.065
RN50__attnpool__fov,500_600,0,3,7.4869,5.2729,0.01,0.035
RN50__attnpool__fov,500_600,1,3,7.4893,5.3029,0.0,0.02
RN50__attnpool__fov,500_600,2,3,7.4817,5.2473,0.005,0.055
RN50__attnpool__fov,500_600,3,3,7.4906,5.288,0.01,0.04
RN50__attnpool__fov,500_600,4,3,7.5003,5.2968,0.01,0.045
RN50__attnpool__fov,600_700,0,2,7.4978,5.3158,0.0,0.015
RN50__attnpool__fov,600_700,1,2,7.5054,5.3091,0.0,0.025
RN50__attnpool__fov,600_700,2,2,7.4883,5.2785,0.0,0.05
RN50__attnpool__fov,600_700,3,2,7.4911,5.3141,0.005,0.05
RN50__attnpool__fov,600_700,4,2,7.4797,5.3197,0.01,0.015
RN50__attnpool__fov,700_800,0,2,7.5214,5.328,0.0,0.025
RN50__attnpool__fov,700_800,1,2,7.5163,5.3255,0.01,0.035
RN50__attnpool__fov,700_800,2,2,7.5046,5.3314,0.005,0.03
RN50__attnpool__fov,700_800,3,2,7.4996,5.3288,0.01,0.03
RN50__attnpool__fov,700_800,4,2,7.5005,5.3418,0.01,0.015
RN50__attnpool__fov,800_900,0,2,7.5176,5.3265,0.0,0.01
RN50__attnpool__fov,800_900,1,2,7.5123,5.337,0.0,0.035
RN50__attnpool__fov,800_900,2,2,7.5021,5.3239,0.005,0.025
RN50__attnpool__fov,800_900,3,2,7.4922,5.3534,0.0,0.025
RN50__attnpool__fov,800_900,4,2,7.4847,5.321,0.005,0.01
RN50__attnpool__fov,900_1000,0,2,7.5259,5.341,0.01,0.03
RN50__attnpool__fov,900_1000,1,2,7.5213,5.3241,0.015,0.035
RN50__attnpool__fov,900_1000,2,2,7.5029,5.3448,0.005,0.035
RN50__attnpool__fov,900_1000,3,2,7.4999,5.3336,0.005,0.025
RN50__attnpool__fov,900_1000,4,2,7.49,5.3388,0.005,0.015
RN50__layer1,0_100,0,21,6.8747,3.9942,0.095,0.3
RN50__layer1,0_100,1,21,6.8403,3.9815,0.065,0.275
RN50__layer1,0_100,2,19,6.8806,4.0488,0.095,0.26
RN50__layer1,0_100,3,18,6.8993,4.0175,0.065,0.275
RN50__layer1,0_100,4,22,6.8838,3.9868,0.07,0.255
RN50__layer1,100_200,0,26,6.4638,3.3162,0.185,0.5
RN50__layer1,100_200,1,29,6.5424,3.3618,0.2,0.465
RN50__layer1,100_200,2,32,6.4807,3.3432,0.18,0.47
RN50__layer1,100_200,3,29,6.4877,3.3591,0.16,0.48
RN50__layer1,100_200,4,29,6.4285,3.2925,0.2,0.495
RN50__layer1,200_300,0,21,6.7056,3.7176,0.18,0.43
RN50__layer1,200_300,1,30,6.7023,3.539,0.2,0.45
RN50__layer1,200_300,2,25,6.716,3.6608,0.155,0.43
RN50__layer1,200_300,3,29,6.6904,3.6573,0.165,0.44
RN50__layer1,200_300,4,23,6.6977,3.6943,0.205,0.425
RN50__layer1,300_400,0,10,7.2243,4.6006,0.04,0.15
RN50__layer1,300_400,1,10,7.2203,4.5523,0.05,0.165
RN50__layer1,300_400,2,11,7.2004,4.578,0.05,0.16
RN50__layer1,300_400,3,13,7.2379,4.5521,0.06,0.185
RN50__layer1,300_400,4,9,7.2457,4.5742,0.04,0.14
RN50__layer1,400_500,0,4,7.3964,5.1967,0.01,0.045
RN50__layer1,400_500,1,4,7.4077,5.1965,0.015,0.06
RN50__layer1,400_500,2,5,7.4029,5.1645,0.02,0.055
RN50__layer1,400_500,3,3,7.4167,5.2083,0.01,0.065
RN50__layer1,400_500,4,4,7.397,5.1719,0.015,0.05
RN50__layer1,500_600,0,4,7.4595,5.271,0.01,0.03
RN50__layer1,500_600,1,3,7.4597,5.2765,0.005,0.035
RN50__layer1,500_600,2,4,7.4644,5.2764,0.01,0.03
RN50__layer1,500_600,3,3,7.465,5.2862,0.01,0.01
RN50__layer1,500_600,4,3,7.4591,5.2791,0.005,0.03
RN50__layer1,600_700,0,4,7.4526,5.2907,0.0,0.035
RN50__layer1,600_700,1,3,7.465,5.2884,0.015,0.025
RN50__layer1,600_700,2,3,7.4701,5.302,0.0,0.025
RN50__layer1,600_700,3,3,7.4472,5.2935,0.01,0.02
RN50__layer1,600_700,4,3,7.4569,5.2882,0.01,0.025
RN50__layer1,700_800,0,4,7.4762,5.3141,0.01,0.05
RN50__layer1,700_800,1,3,7.4766,5.3061,0.005,0.015
RN50__layer1,700_800,2,5,7.4856,5.3129,0.01,0.015
RN50__layer1,700_800,3,3,7.4776,5.3195,0.005,0.03
RN50__layer1,700_800,4,3,7.4842,5.3086,0.005,0.04
RN50__layer1,800_900,0,3,7.4708,5.2962,0.01,0.03
RN50__layer1,800_900,1,3,7.4636,5.3118,0.01,0.035
RN50__layer1,800_900,2,3,7.4605,5.3092,0.005,0.035
RN50__layer1,800_900,3,3,7.4774,5.3133,0.0,0.015
RN50__layer1,800_900,4,3,7.4723,5.3184,0.01,0.025
RN50__layer1,900_1000,0,4,7.4791,5.318,0.0,0.02
RN50__layer1,900_1000,1,3,7.4637,5.313,0.005,0.05
RN50__layer1,900_1000,2,3,7.4822,5.32,0.005,0.015
RN50__layer1,900_1000,3,3,7.4872,5.3288,0.005,0.01
RN50__layer1,900_1000,4,3,7.491,5.3221,0.005,0.02
RN50__layer1__fov,0_100,0,20,6.8433,3.9416,0.08,0.3
RN50__layer1__fov,0_100,1,26,6.7913,3.9321,0.075,0.31
RN50__layer1__fov,0_100,2,22,6.8605,3.9336,0.08,0.285
RN50__layer1__fov,0_100,3,20,6.8544,3.9723,0.075,0.285
RN50__layer1__fov,0_100,4,22,6.8527,3.8934,0.075,0.27
RN50__layer1__fov,100_200,0,26,6.4224,3.2634,0.225,0.53
RN50__layer1__fov,100_200,1,30,6.4863,3.2821,0.205,0.46
RN50__layer1__fov,100_200,2,30,6.442,3.2549,0.205,0.525
RN50__layer1__fov,100_200,3,29,6.4365,3.2922,0.175,0.48
RN50__layer1__fov,100_200,4,27,6.3857,3.2672,0.205,0.515
RN50__layer1__fov,200_300,0,25,6.6695,3.5778,0.17,0.475
RN50__layer1__fov,200_300,1,22,6.6695,3.5878,0.155,0.425
RN50__layer1__fov,200_300,2,25,6.6772,3.5798,0.15,0.43
RN50__layer1__fov,200_300,3,26,6.6592,3.5715,0.16,0.47
RN50__layer1__fov,200_300,4,25,6.6599,3.5693,0.19,0.475
RN50__layer1__fov,300_400,0,11,7.2201,4.506,0.04,0.175
RN50__layer1__fov,300_400,1,10,7.2226,4.5337,0.05,0.165
RN50__layer1__fov,300_400,2,12,7.1896,4.5213,0.05,0.2
RN50__layer1__fov,300_400,3,13,7.2134,4.5345,0.055,0.185
RN50__layer1__fov,300_400,4,9,7.2279,4.5848,0.045,0.135
RN50__layer1__fov,400_500,0,4,7.4123,5.1787,0.01,0.045
RN50__layer1__fov,400_500,1,4,7.4147,5.2101,0.005,0.045
RN50__layer1__fov,400_500,2,5,7.4057,5.1459,0.005,0.04
RN50__layer1__fov,400_500,3,3,7.4046,5.2099,0.0,0.04
RN50__layer1__fov,400_500,4,4,7.3991,5.1638,0.015,0.065
RN50__layer1__fov,500_600,0,4,7.4629,5.2557,0.005,0.045
RN50__layer1__fov,500_600,1,3,7.4733,5.2789,0.015,0.04
RN50__layer1__fov,500_600,2,4,7.4635,5.2766,0.0,0.04
RN50__layer1__fov,500_600,3,3,7.4648,5.2848,0.01,0.04
RN50__layer1__fov,500_600,4,4,7.4673,5.2631,0.02,0.04
RN50__layer1__fov,600_700,0,4,7.4566,5.2713,0.0,0.05
RN50__layer1__fov,600_700,1,3,7.4639,5.2892,0.005,0.02
RN50__layer1__fov,600_700,2,3,7.465,5.3011,0.005,0.02
RN50__layer1__fov,600_700,3,3,7.4604,5.293,0.01,0.025
RN50__layer1__fov,600_700,4,3,7.4556,5.2869,0.005,0.03
RN50__layer1__fov,700_800,0,4,7.4753,5.2912,0.005,0.02
RN50__layer1__fov,700_800,1,3,7.4805,5.2982,0.005,0.03
RN50__layer1__fov,700_800,2,5,7.4721,5.2953,0.01,0.035
RN50__layer1__fov,700_800,3,3,7.4847,5.3089,0.005,0.025
RN50__layer1__fov,700_800,4,3,7.4831,5.2936,0.01,0.045
RN50__layer1__fov,800_900,0,3,7.4763,5.3009,0.0,0.03
RN50__layer1__fov,800_900,1,3,7.4675,5.3118,0.005,0.025
RN50__layer1__fov,800_900,2,3,7.4536,5.3152,0.0,0.01
RN50__layer1__fov,800_900,3,3,7.4758,5.301,0.005,0.015
RN50__layer1__fov,800_900,4,3,7.4759,5.3082,0.01,0.04
RN50__layer1__fov,900_1000,0,4,7.4798,5.303,0.005,0.025
RN50__layer1__fov,900_1000,1,3,7.4683,5.3241,0.01,0.03
RN50__layer1__fov,900_1000,2,3,7.4705,5.3179,0.005,0.03
RN50__layer1__fov,900_1000,3,3,7.4841,5.3173,0.005,0.015
RN50__layer1__fov,900_1000,4,3,7.4937,5.3223,0.01,0.025
RN50__layer2,0_100,0,22,6.8042,3.8641,0.085,0.31
RN50__layer2,0_100,1,22,6.7804,3.8424,0.1,0.315
RN50__layer2,0_100,2,20,6.8379,3.8377,0.115,0.325
RN50__layer2,0_100,3,21,6.8126,3.8718,0.115,0.33
RN50__layer2,0_100,4,25,6.7904,3.8098,0.105,0.325
RN50__layer2,100_200,0,31,6.2709,3.0887,0.22,0.53
RN50__layer2,100_200,1,30,6.3316,3.0987,0.225,0.58
RN50__layer2,100_200,2,28,6.3033,3.1436,0.24,0.515
RN50__layer2,100_200,3,38,6.2931,3.0796,0.21,0.55
RN50__layer2,100_200,4,29,6.2308,3.1024,0.245,0.56
RN50__layer2,200_300,0,22,6.5364,3.4072,0.185,0.465
RN50__layer2,200_300,1,24,6.5508,3.4123,0.215,0.435
RN50__layer2,200_300,2,26,6.5604,3.4022,0.205,0.44
RN50__layer2,200_300,3,29,6.5252,3.405,0.19,0.465
RN50__layer2,200_300,4,24,6.5363,3.3835,0.215,0.5
RN50__layer2,300_400,0,11,7.1008,4.3543,0.085,0.225
RN50__layer2,300_400,1,10,7.1378,4.3755,0.095,0.25
RN50__layer2,300_400,2,11,7.1116,4.3915,0.075,0.23
RN50__layer2,300_400,3,13,7.1624,4.3062,0.06,0.27
RN50__layer2,300_400,4,10,7.1481,4.3639,0.075,0.22
RN50__layer2,400_500,0,5,7.3732,5.1065,0.01,0.07
RN50__layer2,400_500,1,4,7.3875,5.1152,0.02,0.065
RN50__layer2,400_500,2,7,7.3782,5.0788,0.02,0.06
RN50__layer2,400_500,3,3,7.4202,5.1859,0.01,0.035
RN50__layer2,400_500,4,7,7.3903,5.0506,0.015,0.07
RN50__layer2,500_600,0,3,7.4443,5.2765,0.01,0.04
RN50__layer2,500_600,1,2,7.4453,5.2846,0.0,0.03
RN50__layer2,500_600,2,3,7.4441,5.2621,0.01,0.05
RN50__layer2,500_600,3,2,7.4652,5.2821,0.01,0.035
RN50__layer2,500_600,4,3,7.4706,5.2678,0.005,0.05
RN50__layer2,600_700,0,2,7.4499,5.3101,0.0,0.015
RN50__layer2,600_700,1,2,7.4598,5.305,0.005,0.02
RN50__layer2,600_700,2,2,7.4644,5.2969,0.0,0.04
RN50__layer2,600_700,3,2,7.4622,5.2991,0.005,0.03
RN50__layer2,600_700,4,2,7.4688,5.3041,0.0,0.01
RN50__layer2,700_800,0,2,7.4556,5.3118,0.0,0.02
RN50__layer2,700_800,1,2,7.473,5.3425,0.0,0.015
RN50__layer2,700_800,2,3,7.4768,5.2949,0.005,0.05
RN50__layer2,700_800,3,2,7.4892,5.3093,0.01,0.025
RN50__layer2,700_800,4,2,7.4764,5.3086,0.005,0.01
RN50__layer2,800_900,0,2,7.4704,5.2983,0.005,0.015
RN50__layer2,800_900,1,2,7.4504,5.3275,0.0,0.01
RN50__layer2,800_900,2,2,7.463,5.3103,0.01,0.035
RN50__layer2,800_900,3,2,7.4744,5.3162,0.005,0.04
RN50__layer2,800_900,4,2,7.4754,5.3207,0.01,0.04
RN50__layer2,900_1000,0,2,7.4716,5.3107,0.005,0.035
RN50__layer2,900_1000,1,2,7.4684,5.3433,0.005,0.01
RN50__layer2,900_1000,2,2,7.4681,5.3284,0.01,0.04
RN50__layer2,900_1000,3,2,7.484,5.3343,0.005,0.02
RN50__layer2,900_1000,4,2,7.4879,5.3294,0.0,0.015
RN50__layer2__fov,0_100,0,22,6.7718,3.799,0.09,0.34
RN50__layer2__fov,0_100,1,22,6.739,3.7629,0.09,0.34
RN50__layer2__fov,0_100,2,20,6.8209,3.759,0.11,0.325
RN50__layer2__fov,0_100,3,21,6.7892,3.768,0.125,0.365
RN50__layer2__fov,0_100,4,25,6.7697,3.7411,0.095,0.35
RN50__layer2__fov,100_200,0,34,6.2386,3.0033,0.225,0.555
RN50__layer2__fov,100_200,1,30,6.2947,3.0682,0.245,0.565
RN50__layer2__fov,100_200,2,28,6.2852,3.0739,0.23,0.575
RN50__layer2__fov,100_200,3,38,6.2662,3.0013,0.235,0.575
RN50__layer2__fov,100_200,4,33,6.1994,3.0022,0.23,0.585
RN50__layer2__fov,200_300,0,22,6.5021,3.3301,0.21,0.5
RN50__layer2__fov,200_300,1,23,6.5114,3.3504,0.19,0.505
RN50__layer2__fov,200_300,2,27,6.5386,3.2899,0.195,0.53
RN50__layer2__fov,200_300,3,29,6.4943,3.3212,0.19,0.53
RN50__layer2__fov,200_300,4,29,6.5154,3.2922,0.215,0.545
RN50__layer2__fov,300_400,0,12,7.1007,4.2822,0.11,0.285
RN50__layer2__fov,300_400,1,10,7.1344,4.3685,0.075,0.265
RN50__layer2__fov,300_400,2,13,7.1087,4.3175,0.09,0.265
RN50__layer2__fov,300_400,3,12,7.1664,4.2871,0.095,0.27
RN50__layer2__fov,300_400,4,11,7.1507,4.3309,0.07,0.255
RN50__layer2__fov,400_500,0,5,7.3738,5.0738,0.025,0.09
RN50__layer2__fov,400_500,1,3,7.4008,5.167,0.005,0.055
RN50__layer2__fov,400_500,2,7,7.3884,5.0535,0.02,0.075
RN50__layer2__fov,400_500,3,3,7.4109,5.1784,0.01,0.04
RN50__layer2__fov,400_500,4,5,7.4006,5.0681,0.02,0.08
RN50__layer2__fov,500_600,0,3,7.4343,5.2618,0.005,0.01
RN50__layer2__fov,500_600,1,3,7.4547,5.257,0.01,0.055
RN50__layer2__fov,500_600,2,3,7.444,5.2564,0.0,0.04
RN50__layer2__fov,500_600,3,2,7.4522,5.2796,0.005,0.03
RN50__layer2__fov,500_600,4,2,7.4857,5.2839,0.01,0.03
RN50__layer2__fov,600_700,0,2,7.4343,5.3083,0.015,0.04
RN50__layer2__fov,600_700,1,2,7.4652,5.3133,0.0,0.02
RN50__layer2__fov,600_700,2,3,7.4571,5.2821,0.015,0.03
RN50__layer2__fov,600_700,3,2,7.4453,5.3034,0.0,0.03
RN50__layer2__fov,600_700,4,2,7.4774,5.3021,0.005,0.025
RN50__layer2__fov,700_800,0,2,7.4532,5.3149,0.0,0.02
RN50__layer2__fov,700_800,1,2,7.4738,5.3222,0.0,0.005
RN50__layer2__fov,700_800,2,3,7.4697,5.3013,0.0,0.015
RN50__layer2__fov,700_800,3,2,7.4811,5.3141,0.005,0.025
RN50__layer2__fov,700_800,4,2,7.4921,5.3102,0.005,0.01
RN50__layer2__fov,800_900,0,2,7.4606,5.3087,0.0,0.03
RN50__layer2__fov,800_900,1,2,7.4601,5.3265,0.0,0.03
RN50__layer2__fov,800_900,2,2,7.4531,5.3209,0.015,0.045
RN50__layer2__fov,800_900,3,2,7.4683,5.3234,0.01,0.03
RN50__layer2__fov,800_900,4,2,7.4864,5.3273,0.005,0.01
RN50__layer2__fov,900_1000,0,2,7.4614,5.3317,0.005,0.05
RN50__layer2__fov,900_1000,1,2,7.471,5.3322,0.0,0.04
RN50__layer2__fov,900_1000,2,2,7.4651,5.3339,0.005,0.025
RN50__layer2__fov,900_1000,3,2,7.4743,5.3272,0.005,0.04
RN50__layer2__fov,900_1000,4,2,7.5023,5.3284,0.005,0.025
RN50__layer3,0_100,0,25,6.8686,4.0045,0.115,0.32
RN50__layer3,0_100,1,20,6.8692,4.0645,0.1,0.275
RN50__layer3,0_100,2,22,6.8907,4.0593,0.12,0.295
RN50__layer3,0_100,3,24,6.8712,3.9989,0.115,0.305
RN50__layer3,0_100,4,22,6.8647,3.9988,0.1,0.32
RN50__layer3,100_200,0,46,6.2422,3.1034,0.295,0.585
RN50__layer3,100_200,1,35,6.3049,3.1348,0.27,0.585
RN50__layer3,100_200,2,48,6.2861,3.1103,0.275,0.585
RN50__layer3,100_200,3,42,6.2508,3.1201,0.3,0.575
RN50__layer3,100_200,4,35,6.2166,3.1166,0.265,0.6
RN50__layer3,200_300,0,48,6.3819,3.2363,0.23,0.535
RN50__layer3,200_300,1,44,6.4009,3.1593,0.28,0.57
RN50__layer3,200_300,2,35,6.426,3.1836,0.27,0.575
RN50__layer3,200_300,3,41,6.3464,3.2333,0.25,0.565
RN50__layer3,200_300,4,39,6.4048,3.1992,0.24,0.57
RN50__layer3,300_400,0,16,6.9691,3.9806,0.145,0.365
RN50__layer3,300_400,1,15,7.0315,3.9947,0.125,0.335
RN50__layer3,300_400,2,16,6.9923,3.9705,0.095,0.33
RN50__layer3,300_400,3,18,6.9747,3.9998,0.11,0.3
RN50__layer3,300_400,4,17,6.9985,4.0489,0.08,0.305
RN50__layer3,400_500,0,11,7.377,4.8887,0.015,0.105
RN50__layer3,400_500,1,6,7.3983,5.0238,0.01,0.08
RN50__layer3,400_500,2,8,7.3917,4.9374,0.02,0.08
RN50__layer3,400_500,3,8,7.4018,4.9106,0.025,0.105
RN50__layer3,400_500,4,8,7.3954,4.9744,0.03,0.085
RN50__layer3,500_600,0,3,7.4775,5.2704,0.01,0.045
RN50__layer3,500_600,1,3,7.475,5.3025,0.0,0.04
RN50__layer3,500_600,2,4,7.4697,5.2942,0.005,0.025
RN50__layer3,500_600,3,3,7.4854,5.2529,0.01,0.055
RN50__layer3,500_600,4,3,7.4737,5.2827,0.01,0.03
RN50__layer3,600_700,0,2,7.4862,5.2991,0.01,0.04
RN50__layer3,600_700,1,2,7.4958,5.3188,0.015,0.025
RN50__layer3,600_700,2,2,7.4905,5.3024,0.005,0.035
RN50__layer3,600_700,3,2,7.4862,5.2913,0.02,0.04
RN50__layer3,600_700,4,2,7.506,5.3308,0.0,0.025
RN50__layer3,700_800,0,3,7.4989,5.2968,0.005,0.035
RN50__layer3,700_800,1,2,7.4947,5.3319,0.005,0.03
RN50__layer3,700_800,2,3,7.5161,5.332,0.01,0.03
RN50__layer3,700_800,3,2,7.5083,5.2939,0.01,0.055
RN50__layer3,700_800,4,2,7.5056,5.3361,0.005,0.015
RN50__layer3,800_900,0,2,7.5047,5.3336,0.005,0.025
RN50__layer3,800_900,1,2,7.5038,5.3381,0.005,0.01
RN50__layer3,800_900,2,2,7.5005,5.339,0.02,0.025
RN50__layer3,800_900,3,2,7.4948,5.3063,0.005,0.025
RN50__layer3,800_900,4,2,7.5054,5.346,0.005,0.02
RN50__layer3,900_1000,0,2,7.5158,5.3329,0.0,0.03
RN50__layer3,900_1000,1,2,7.4948,5.3485,0.0,0.02
RN50__layer3,900_1000,2,2,7.4973,5.358,0.005,0.03
RN50__layer3,900_1000,3,2,7.5071,5.309,0.015,0.035
RN50__layer3,900_1000,4,2,7.5151,5.3462,0.005,0.045
RN50__layer3__fov,0_100,0,25,6.871,3.9715,0.145,0.325
RN50__layer3__fov,0_100,1,20,6.844,4.0133,0.125,0.325
RN50__layer3__fov,0_100,2,21,6.8755,4.0236,0.13,0.315
RN50__layer3__fov,0_100,3,24,6.8569,3.9786,0.085,0.27
RN50__layer3__fov,0_100,4,26,6.837,3.9562,0.105,0.33
RN50__layer3__fov,100_200,0,46,6.2234,3.068,0.28,0.575
RN50__layer3__fov,100_200,1,35,6.2638,3.1023,0.26,0.605
RN50__layer3__fov,100_200,2,48,6.2453,3.1171,0.26,0.565
RN50__layer3__fov,100_200,3,42,6.2185,3.0684,0.305,0.595
RN50__layer3__fov,100_200,4,35,6.1707,3.0608,0.295,0.59
RN50__layer3__fov,200_300,0,46,6.3642,3.1454,0.29,0.545
RN50__layer3__fov,200_300,1,38,6.3698,3.1314,0.3,0.58
RN50__layer3__fov,200_300,2,35,6.3973,3.1783,0.28,0.57
RN50__layer3__fov,200_300,3,41,6.3162,3.187,0.255,0.57
RN50__layer3__fov,200_300,4,39,6.3775,3.1697,0.255,0.565
RN50__layer3__fov,300_400,0,17,6.9545,3.9326,0.125,0.385
RN50__layer3__fov,300_400,1,17,7.0172,3.911,0.125,0.375
RN50__layer3__fov,300_400,2,16,6.9893,4.0351,0.14,0.325
RN50__layer3__fov,300_400,3,18,6.9799,3.9806,0.095,0.355
RN50__layer3__fov,300_400,4,17,6.9998,3.9899,0.1,0.355
RN50__layer3__fov,400_500,0,10,7.3761,4.8713,0.035,0.115
RN50__layer3__fov,400_500,1,9,7.4096,4.8944,0.04,0.11
RN50__layer3__fov,400_500,2,8,7.3902,4.9292,0.02,0.085
RN50__layer3__fov,400_500,3,8,7.4017,4.9517,0.04,0.095
RN50__layer3__fov,400_500,4,8,7.3682,4.923,0.02,0.105
RN50__layer3__fov,500_600,0,4,7.4763,5.2595,0.01,0.03
RN50__layer3__fov,500_600,1,3,7.4813,5.2677,0.005,0.055
RN50__layer3__fov,500_600,2,4,7.4626,5.2635,0.015,0.05
RN50__layer3__fov,500_600,3,3,7.4879,5.2509,0.0,0.035
RN50__layer3__fov,500_600,4,4,7.4816,5.2476,0.015,0.04
RN50__layer3__fov,600_700,0,3,7.4825,5.3061,0.0,0.025
RN50__layer3__fov,600_700,1,2,7.504,5.318,0.01,0.045
RN50__layer3__fov,600_700,2,2,7.494,5.3304,0.005,0.025
RN50__layer3__fov,600_700,3,2,7.477,5.3048,0.01,0.03
RN50__layer3__fov,600_700,4,2,7.4905,5.3093,0.005,0.025
RN50__layer3__fov,700_800,0,3,7.4807,5.3262,0.01,0.025
RN50__layer3__fov,700_800,1,2,7.5067,5.3256,0.01,0.035
RN50__layer3__fov,700_800,2,3,7.5162,5.3457,0.0,0.015
RN50__layer3__fov,700_800,3,2,7.4917,5.3143,0.0,0.02
RN50__layer3__fov,700_800,4,3,7.4964,5.3251,0.01,0.03
RN50__layer3__fov,800_900,0,2,7.5134,5.3348,0.0,0.025
RN50__layer3__fov,800_900,1,2,7.5112,5.3331,0.0,0.02
RN50__layer3__fov,800_900,2,2,7.5144,5.3389,0.005,0.03
RN50__layer3__fov,800_900,3,2,7.4937,5.3314,0.01,0.035
RN50__layer3__fov,800_900,4,2,7.4979,5.3424,0.005,0.025
RN50__layer3__fov,900_1000,0,2,7.5061,5.3339,0.005,0.035
RN50__layer3__fov,900_1000,1,2,7.5065,5.3566,0.005,0.02
RN50__layer3__fov,900_1000,2,2,7.5175,5.3436,0.005,0.025
RN50__layer3__fov,900_1000,3,2,7.4998,5.338,0.0,0.02
RN50__layer3__fov,900_1000,4,2,7.5045,5.3501,0.005,0.02
RN50__layer4,0_100,0,17,7.0679,4.4669,0.055,0.205
RN50__layer4,0_100,1,17,7.0532,4.4572,0.075,0.225
RN50__layer4,0_100,2,18,7.0535,4.4727,0.075,0.21
RN50__layer4,0_100,3,20,7.0698,4.4407,0.07,0.19
RN50__layer4,0_100,4,23,7.0398,4.4026,0.08,0.225
RN50__layer4,100_200,0,26,6.462,3.593,0.18,0.45
RN50__layer4,100_200,1,31,6.5009,3.5981,0.155,0.41
RN50__layer4,100_200,2,35,6.4719,3.563,0.14,0.46
RN50__layer4,100_200,3,26,6.4618,3.6145,0.15,0.445
RN50__layer4,100_200,4,23,6.4264,3.6306,0.165,0.41
RN50__layer4,200_300,0,26,6.501,3.5113,0.185,0.48
RN50__layer4,200_300,1,30,6.5215,3.4931,0.195,0.48
RN50__layer4,200_300,2,35,6.5101,3.4562,0.23,0.505
RN50__layer4,200_300,3,29,6.4634,3.5014,0.19,0.475
RN50__layer4,200_300,4,32,6.5287,3.5296,0.19,0.465
RN50__layer4,300_400,0,17,6.9753,4.079,0.085,0.32
RN50__layer4,300_400,1,17,6.9879,4.0371,0.1,0.335
RN50__layer4,300_400,2,16,6.9835,4.0532,0.1,0.34
RN50__layer4,300_400,3,18,6.9569,4.0287,0.105,0.345
RN50__layer4,300_400,4,17,7.0014,4.0755,0.09,0.31
RN50__layer4,400_500,0,10,7.3816,4.9021,0.015,0.11
RN50__layer4,400_500,1,11,7.3767,4.8846,0.03,0.11
RN50__layer4,400_500,2,7,7.399,4.9533,0.02,0.1
RN50__layer4,400_500,3,8,7.3871,4.9398,0.03,0.13
RN50__layer4,400_500,4,8,7.3825,4.9447,0.05,0.12
RN50__layer4,500_600,0,4,7.4852,5.2381,0.0,0.04
RN50__layer4,500_600,1,4,7.488,5.303,0.015,0.055
RN50__layer4,500_600,2,4,7.4641,5.2803,0.01,0.045
RN50__layer4,500_600,3,3,7.4944,5.2633,0.005,0.045
RN50__layer4,500_600,4,3,7.5005,5.31,0.015,0.03
RN50__layer4,600_700,0,2,7.4923,5.2952,0.005,0.025
RN50__layer4,600_700,1,2,7.5011,5.3137,0.005,0.025
RN50__layer4,600_700,2,2,7.4864,5.3098,0.005,0.02
RN50__layer4,600_700,3,2,7.4967,5.3215,0.0,0.015
RN50__layer4,600_700,4,2,7.5039,5.3258,0.005,0.03
RN50__layer4,700_800,0,2,7.5074,5.3265,0.01,0.05
RN50__layer4,700_800,1,2,7.5049,5.3558,0.0,0.025
RN50__layer4,700_800,2,2,7.5398,5.3358,0.0,0.025
RN50__layer4,700_800,3,2,7.5137,5.3128,0.01,0.035
RN50__layer4,700_800,4,2,7.5178,5.3628,0.015,0.04
RN50__layer4,800_900,0,2,7.5079,5.3313,0.005,0.025
RN50__layer4,800_900,1,2,7.51,5.3335,0.01,0.04
RN50__layer4,800_900,2,2,7.5113,5.3455,0.0,0.01
RN50__layer4,800_900,3,2,7.5071,5.3234,0.005,0.02
RN50__layer4,800_900,4,2,7.5262,5.3579,0.005,0.025
RN50__layer4,900_1000,0,2,7.5211,5.3482,0.005,0.025
RN50__layer4,900_1000,1,2,7.5093,5.3555,0.01,0.025
RN50__layer4,900_1000,2,2,7.5278,5.364,0.005,0.025
RN50__layer4,900_1000,3,2,7.4982,5.3277,0.0,0.045
RN50__layer4,900_1000,4,3,7.5183,5.3743,0.0,0.02
RN50__layer4__fov,0_100,0,17,7.0549,4.399,0.085,0.24
RN50__layer4__fov,0_100,1,19,7.0395,4.4381,0.07,0.2
RN50__layer4__fov,0_100,2,18,7.0465,4.4104,0.085,0.225
RN50__layer4__fov,0_100,3,21,7.0523,4.4422,0.05,0.215
RN50__layer4__fov,0_100,4,23,7.0086,4.3898,0.05,0.215
RN50__layer4__fov,100_200,0,27,6.4479,3.5118,0.155,0.455
RN50__layer4__fov,100_200,1,31,6.4483,3.5114,0.17,0.485
RN50__layer4__fov,100_200,2,35,6.4601,3.5041,0.17,0.505
RN50__layer4__fov,100_200,3,34,6.4314,3.5122,0.18,0.47
RN50__layer4__fov,100_200,4,29,6.4136,3.5232,0.185,0.465
RN50__layer4__fov,200_300,0,29,6.4791,3.4573,0.195,0.505
RN50__layer4__fov,200_300,1,30,6.5172,3.44,0.225,0.495
RN50__layer4__fov,200_300,2,35,6.5056,3.4433,0.19,0.495
RN50__layer4__fov,200_300,3,39,6.4332,3.4253,0.215,0.495
RN50__layer4__fov,200_300,4,27,6.5072,3.4855,0.185,0.48
RN50__layer4__fov,300_400,0,17,6.9624,4.0208,0.115,0.315
RN50__layer4__fov,300_400,1,17,6.9744,4.054,0.095,0.33
RN50__layer4__fov,300_400,2,18,7.0001,4.0247,0.125,0.31
RN50__layer4__fov,300_400,3,20,6.9715,3.9934,0.115,0.325
RN50__layer4__fov,300_400,4,17,6.9867,4.0356,0.095,0.36
RN50__layer4__fov,400_500,0,10,7.3487,4.8751,0.03,0.11
RN50__layer4__fov,400_500,1,10,7.3885,4.8536,0.045,0.125
RN50__layer4__fov,400_500,2,10,7.3983,4.8452,0.04,0.14
RN50__layer4__fov,400_500,3,13,7.3767,4.8519,0.035,0.15
RN50__layer4__fov,400_500,4,10,7.3832,4.8602,0.035,0.135
RN50__layer4__fov,500_600,0,3,7.4631,5.2677,0.01,0.05
RN50__layer4__fov,500_600,1,3,7.4807,5.2787,0.01,0.045
RN50__layer4__fov,500_600,2,4,7.4747,5.215,0.005,0.05
RN50__layer4__fov,500_600,3,3,7.4949,5.2693,0.005,0.06
RN50__layer4__fov,500_600,4,3,7.4903,5.2597,0.015,0.045
RN50__layer4__fov,600_700,0,3,7.4897,5.2978,0.005,0.015
RN50__layer4__fov,600_700,1,2,7.5155,5.2925,0.0,0.01
RN50__layer4__fov,600_700,2,2,7.4882,5.2695,0.01,0.04
RN50__layer4__fov,600_700,3,2,7.5062,5.2998,0.0,0.02
RN50__layer4__fov,600_700,4,2,7.4928,5.3068,0.01,0.015
RN50__layer4__fov,700_800,0,3,7.5091,5.3289,0.005,0.03
RN50__layer4__fov,700_800,1,3,7.5111,5.3007,0.005,0.05
RN50__layer4__fov,700_800,2,3,7.5208,5.2813,0.0,0.04
RN50__layer4__fov,700_800,3,2,7.5205,5.3262,0.0,0.01
RN50__layer4__fov,700_800,4,2,7.4979,5.3014,0.005,0.04
RN50__layer4__fov,800_900,0,2,7.5045,5.3546,0.0,0.01
RN50__layer4__fov,800_900,1,2,7.5147,5.3344,0.0,0.015
RN50__layer4__fov,800_900,2,2,7.5153,5.3217,0.015,0.035
RN50__layer4__fov,800_900,3,2,7.5038,5.3258,0.0,0.035
RN50__layer4__fov,800_900,4,2,7.5073,5.3147,0.01,0.02
RN50__layer4__fov,900_1000,0,2,7.5064,5.3626,0.0,0.015
RN50__layer4__fov,900_1000,1,2,7.5055,5.3641,0.0,0.015
RN50__layer4__fov,900_1000,2,2,7.5066,5.3045,0.015,0.04
RN50__layer4__fov,900_1000,3,2,7.5056,5.3446,0.005,0.03
RN50__layer4__fov,900_1000,4,2,7.5015,5.3461,0.015,0.025
RN50__stem,0_100,0,28,7.036,4.3992,0.04,0.205
RN50__stem,0_100,1,33,7.0325,4.3317,0.07,0.205
RN50__stem,0_100,2,28,7.0501,4.4207,0.055,0.225
RN50__stem,0_100,3,33,7.0825,4.3637,0.04,0.23
RN50__stem,0_100,4,30,7.048,4.3943,0.045,0.19
RN50__stem,100_200,0,46,6.7828,3.9703,0.105,0.35
RN50__stem,100_200,1,31,6.8909,3.973,0.125,0.375
RN50__stem,100_200,2,38,6.8181,4.0273,0.085,0.315
RN50__stem,100_200,3,41,6.7954,3.9654,0.11,0.335
RN50__stem,100_200,4,35,6.7718,3.9617,0.08,0.34
RN50__stem,200_300,0,26,6.9786,4.2074,0.09,0.265
RN50__stem,200_300,1,39,6.958,4.2168,0.05,0.255
RN50__stem,200_300,2,34,6.975,4.2287,0.045,0.27
RN50__stem,200_300,3,36,6.9509,4.2152,0.045,0.26
RN50__stem,200_300,4,31,6.9704,4.1969,0.065,0.26
RN50__stem,300_400,0,10,7.3023,4.9636,0.015,0.1
RN50__stem,300_400,1,12,7.3122,4.911,0.015,0.075
RN50__stem,300_400,2,14,7.3012,4.9004,0.015,0.095
RN50__stem,300_400,3,15,7.3171,4.8292,0.035,0.15
RN50__stem,300_400,4,12,7.3189,4.9367,0.025,0.12
RN50__stem,400_500,0,10,7.4228,5.212,0.015,0.03
RN50__stem,400_500,1,10,7.4127,5.1884,0.01,0.055
RN50__stem,400_500,2,10,7.4162,5.2107,0.0,0.055
RN50__stem,400_500,3,8,7.4377,5.2092,0.01,0.04
RN50__stem,400_500,4,9,7.4208,5.2119,0.005,0.055
RN50__stem,500_600,0,8,7.4762,5.269,0.005,0.045
RN50__stem,500_600,1,8,7.4743,5.2735,0.01,0.03
RN50__stem,500_600,2,9,7.4615,5.2723,0.005,0.025
RN50__stem,500_600,3,10,7.493,5.2647,0.0,0.02
RN50__stem,500_600,4,10,7.4621,5.2814,0.005,0.015
RN50__stem,600_700,0,8,7.4613,5.2952,0.005,0.025
RN50__stem,600_700,1,8,7.4791,5.3004,0.005,0.035
RN50__stem,600_700,2,8,7.46,5.3007,0.005,0.025
RN50__stem,600_700,3,8,7.489,5.2903,0.005,0.025
RN50__stem,600_700,4,7,7.4739,5.3083,0.005,0.03
RN50__stem,700_800,0,10,7.4809,5.303,0.0,0.0
RN50__stem,700_800,1,10,7.4983,5.2933,0.015,0.02
RN50__stem,700_800,2,10,7.4941,5.3054,0.01,0.03
RN50__stem,700_800,3,10,7.4853,5.2994,0.005,0.035
RN50__stem,700_800,4,7,7.49,5.3184,0.01,0.015
RN50__stem,800_900,0,8,7.4722,5.3133,0.005,0.025
RN50__stem,800_900,1,8,7.4779,5.3086,0.005,0.035
RN50__stem,800_900,2,9,7.468,5.3121,0.0,0.02
RN50__stem,800_900,3,10,7.4868,5.3013,0.005,0.025
RN50__stem,800_900,4,8,7.4867,5.3168,0.005,0.02
RN50__stem,900_1000,0,11,7.4884,5.3176,0.0,0.01
RN50__stem,900_1000,1,9,7.4763,5.3295,0.01,0.03
RN50__stem,900_1000,2,9,7.4957,5.3123,0.01,0.025
RN50__stem,900_1000,3,9,7.4953,5.319,0.0,0.02
RN50__stem,900_1000,4,10,7.4976,5.3136,0.0,0.02
RN50__stem__fov,0_100,0,33,7.0085,4.2984,0.045,0.24
RN50__stem__fov,0_100,1,33,6.9832,4.2612,0.05,0.195
RN50__stem__fov,0_100,2,29,7.0221,4.3565,0.055,0.215
RN50__stem__fov,0_100,3,33,7.0601,4.3059,0.035,0.215
RN50__stem__fov,0_100,4,25,7.0211,4.3488,0.04,0.22
RN50__stem__fov,100_200,0,47,6.7543,3.8898,0.115,0.355
RN50__stem__fov,100_200,1,31,6.8438,3.8821,0.09,0.345
RN50__stem__fov,100_200,2,38,6.7744,3.8842,0.095,0.385
RN50__stem__fov,100_200,3,43,6.7485,3.8825,0.115,0.375
RN50__stem__fov,100_200,4,35,6.7428,3.8599,0.115,0.365
RN50__stem__fov,200_300,0,27,6.9344,4.1065,0.105,0.29
RN50__stem__fov,200_300,1,31,6.91,4.1018,0.07,0.295
RN50__stem__fov,200_300,2,34,6.9382,4.1612,0.09,0.3
RN50__stem__fov,200_300,3,37,6.9075,4.1373,0.075,0.295
RN50__stem__fov,200_300,4,31,6.9559,4.1336,0.08,0.265
RN50__stem__fov,300_400,0,10,7.3052,4.9591,0.015,0.12
RN50__stem__fov,300_400,1,13,7.3166,4.8474,0.01,0.085
RN50__stem__fov,300_400,2,14,7.2912,4.8747,0.01,0.07
RN50__stem__fov,300_400,3,15,7.3095,4.8051,0.03,0.13
RN50__stem__fov,300_400,4,12,7.3208,4.9101,0.025,0.115
RN50__stem__fov,400_500,0,10,7.4105,5.2145,0.005,0.04
RN50__stem__fov,400_500,1,9,7.4249,5.2036,0.025,0.065
RN50__stem__fov,400_500,2,10,7.4302,5.2109,0.005,0.055
RN50__stem__fov,400_500,3,9,7.4352,5.2067,0.005,0.04
RN50__stem__fov,400_500,4,9,7.4282,5.2175,0.005,0.045
RN50__stem__fov,500_600,0,8,7.473,5.286,0.01,0.025
RN50__stem__fov,500_600,1,8,7.4795,5.2724,0.005,0.035
RN50__stem__fov,500_600,2,10,7.4712,5.2752,0.005,0.015
RN50__stem__fov,500_600,3,11,7.4893,5.2712,0.015,0.025
RN50__stem__fov,500_600,4,10,7.4767,5.2776,0.005,0.03
RN50__stem__fov,600_700,0,10,7.4551,5.2902,0.005,0.025
RN50__stem__fov,600_700,1,9,7.4811,5.2937,0.005,0.04
RN50__stem__fov,600_700,2,9,7.4667,5.2943,0.005,0.035
RN50__stem__fov,600_700,3,8,7.4849,5.293,0.005,0.025
RN50__stem__fov,600_700,4,7,7.481,5.3071,0.0,0.015
RN50__stem__fov,700_800,0,11,7.4722,5.3046,0.01,0.02
RN50__stem__fov,700_800,1,9,7.4891,5.2971,0.01,0.03
RN50__stem__fov,700_800,2,10,7.4939,5.3074,0.005,0.025
RN50__stem__fov,700_800,3,9,7.4995,5.3047,0.01,0.025
RN50__stem__fov,700_800,4,10,7.4974,5.3113,0.005,0.015
RN50__stem__fov,800_900,0,8,7.4792,5.3232,0.0,0.03
RN50__stem__fov,800_900,1,8,7.4692,5.3155,0.01,0.03
RN50__stem__fov,800_900,2,9,7.4607,5.3066,0.005,0.03
RN50__stem__fov,800_900,3,9,7.4908,5.3054,0.015,0.02
RN50__stem__fov,800_900,4,8,7.4929,5.3216,0.005,0.03
RN50__stem__fov,900_1000,0,9,7.4794,5.3232,0.005,0.01
RN50__stem__fov,900_1000,1,9,7.4796,5.3213,0.0,0.01
RN50__stem__fov,900_1000,2,11,7.4933,5.3097,0.0,0.02
RN50__stem__fov,900_1000,3,9,7.4945,5.3124,0.01,0.02
RN50__stem__fov,900_1000,4,10,7.5116,5.3258,0.005,0.02
ViT-B-16__block10,0_100,0,14,7.1315,4.5709,0.07,0.15
ViT-B-16__block10,0_100,1,16,7.1315,4.5589,0.075,0.18
ViT-B-16__block10,0_100,2,16,7.11,4.5697,0.05,0.175
ViT-B-16__block10,0_100,3,14,7.1043,4.5392,0.07,0.21
ViT-B-16__block10,0_100,4,17,7.1041,4.5556,0.055,0.17
ViT-B-16__block10,100_200,0,26,6.6154,3.7418,0.19,0.43
ViT-B-16__block10,100_200,1,22,6.6573,3.773,0.15,0.405
ViT-B-16__block10,100_200,2,22,6.6312,3.7847,0.16,0.41
ViT-B-16__block10,100_200,3,20,6.5975,3.8083,0.155,0.385
ViT-B-16__block10,100_200,4,23,6.5955,3.743,0.155,0.415
ViT-B-16__block10,200_300,0,33,6.633,3.697,0.135,0.42
ViT-B-16__block10,200_300,1,29,6.6544,3.7277,0.17,0.375
ViT-B-16__block10,200_300,2,25,6.6556,3.6928,0.15,0.44
ViT-B-16__block10,200_300,3,26,6.5788,3.7104,0.17,0.415
ViT-B-16__block10,200_300,4,25,6.6554,3.7401,0.15,0.42
ViT-B-16__block10,300_400,0,16,7.0397,4.1908,0.09,0.265
ViT-B-16__block10,300_400,1,16,7.0772,4.2214,0.085,0.255
ViT-B-16__block10,300_400,2,18,7.0471,4.1623,0.07,0.28
ViT-B-16__block10,300_400,3,20,7.0513,4.185,0.075,0.255
ViT-B-16__block10,300_400,4,14,7.0841,4.2187,0.09,0.29
ViT-B-16__block10,400_500,0,10,7.3968,4.9104,0.015,0.135
ViT-B-16__block10,400_500,1,6,7.4514,4.9937,0.02,0.09
ViT-B-16__block10,400_500,2,7,7.4005,4.9688,0.01,0.075
ViT-B-16__block10,400_500,3,8,7.4083,5.0198,0.005,0.085
ViT-B-16__block10,400_500,4,6,7.4119,5.0317,0.02,0.07
ViT-B-16__block10,500_600,0,3,7.4765,5.2658,0.005,0.015
ViT-B-16__block10,500_600,1,4,7.5114,5.3134,0.02,0.03
ViT-B-16__block10,500_600,2,3,7.48,5.2577,0.025,0.045
ViT-B-16__block10,500_600,3,3,7.4895,5.2769,0.005,0.035
ViT-B-16__block10,500_600,4,2,7.4945,5.3169,0.005,0.025
ViT-B-16__block10,600_700,0,2,7.4874,5.3082,0.01,0.03
ViT-B-16__block10,600_700,1,2,7.5201,5.3206,0.01,0.02
ViT-B-16__block10,600_700,2,2,7.4933,5.3204,0.015,0.045
ViT-B-16__block10,600_700,3,2,7.4775,5.3242,0.005,0.02
ViT-B-16__block10,600_700,4,2,7.504,5.3175,0.005,0.035
ViT-B-16__block10,700_800,0,2,7.5024,5.3345,0.005,0.025
ViT-B-16__block10,700_800,1,2,7.5223,5.3547,0.01,0.025
ViT-B-16__block10,700_800,2,3,7.498,5.3304,0.005,0.035
ViT-B-16__block10,700_800,3,2,7.4975,5.3349,0.02,0.035
ViT-B-16__block10,700_800,4,2,7.5159,5.3619,0.005,0.02
ViT-B-16__block10,800_900,0,2,7.5008,5.3418,0.0,0.015
ViT-B-16__block10,800_900,1,2,7.52,5.3532,0.005,0.02
ViT-B-16__block10,800_900,2,2,7.496,5.317,0.03,0.04
ViT-B-16__block10,800_900,3,2,7.4832,5.3198,0.0,0.025
ViT-B-16__block10,800_900,4,2,7.4989,5.3364,0.005,0.02
ViT-B-16__block10,900_1000,0,2,7.526,5.3468,0.0,0.015
ViT-B-16__block10,900_1000,1,2,7.5189,5.3649,0.01,0.025
ViT-B-16__block10,900_1000,2,2,7.5018,5.329,0.015,0.035
ViT-B-16__block10,900_1000,3,2,7.5042,5.324,0.01,0.025
ViT-B-16__block10,900_1000,4,2,7.5193,5.344,0.01,0.045
ViT-B-16__block10__fov,0_100,0,18,7.1517,4.4466,0.06,0.18
ViT-B-16__block10__fov,0_100,1,19,7.1061,4.4802,0.08,0.185
ViT-B-16__block10__fov,0_100,2,16,7.0939,4.4786,0.095,0.185
ViT-B-16__block10__fov,0_100,3,19,7.0959,4.4699,0.075,0.195
ViT-B-16__block10__fov,0_100,4,17,7.0619,4.5162,0.085,0.19
ViT-B-16__block10__fov,100_200,0,25,6.5763,3.6861,0.16,0.46
ViT-B-16__block10__fov,100_200,1,22,6.6104,3.6998,0.19,0.395
ViT-B-16__block10__fov,100_200,2,26,6.6036,3.6963,0.185,0.445
ViT-B-16__block10__fov,100_200,3,26,6.556,3.6418,0.19,0.43
ViT-B-16__block10__fov,100_200,4,29,6.542,3.6344,0.2,0.45
ViT-B-16__block10__fov,200_300,0,31,6.5987,3.6617,0.16,0.46
ViT-B-16__block10__fov,200_300,1,27,6.6515,3.6606,0.145,0.47
ViT-B-16__block10__fov,200_300,2,30,6.6515,3.662,0.16,0.43
ViT-B-16__block10__fov,200_300,3,30,6.5763,3.6329,0.205,0.46
ViT-B-16__block10__fov,200_300,4,25,6.6375,3.6486,0.165,0.47
ViT-B-16__block10__fov,300_400,0,17,7.0278,4.1255,0.095,0.33
ViT-B-16__block10__fov,300_400,1,17,7.0482,4.1133,0.09,0.29
ViT-B-16__block10__fov,300_400,2,18,7.0264,4.0836,0.085,0.34
ViT-B-16__block10__fov,300_400,3,17,7.0455,4.1016,0.075,0.31
ViT-B-16__block10__fov,300_400,4,16,7.0696,4.1422,0.105,0.295
ViT-B-16__block10__fov,400_500,0,10,7.3934,4.9177,0.02,0.085
ViT-B-16__block10__fov,400_500,1,9,7.4424,4.9664,0.01,0.08
ViT-B-16__block10__fov,400_500,2,8,7.414,4.9351,0.03,0.08
ViT-B-16__block10__fov,400_500,3,8,7.4228,4.9639,0.015,0.1
ViT-B-16__block10__fov,400_500,4,8,7.4057,4.8994,0.03,0.11
ViT-B-16__block10__fov,500_600,0,3,7.512,5.3274,0.005,0.04
ViT-B-16__block10__fov,500_600,1,3,7.5114,5.3219,0.005,0.02
ViT-B-16__block10__fov,500_600,2,3,7.4934,5.2569,0.005,0.03
ViT-B-16__block10__fov,500_600,3,3,7.5051,5.282,0.0,0.02
ViT-B-16__block10__fov,500_600,4,3,7.495,5.2682,0.01,0.045
ViT-B-16__block10__fov,600_700,0,2,7.5021,5.334,0.0,0.01
ViT-B-16__block10__fov,600_700,1,2,7.516,5.3282,0.005,0.04
ViT-B-16__block10__fov,600_700,2,2,7.4936,5.3082,0.005,0.015
ViT-B-16__block10__fov,600_700,3,2,7.5053,5.3183,0.01,0.02
ViT-B-16__block10__fov,600_700,4,2,7.4934,5.2931,0.0,0.025
ViT-B-16__block10__fov,700_800,0,3,7.5321,5.3681,0.015,0.03
ViT-B-16__block10__fov,700_800,1,2,7.5301,5.3497,0.005,0.03
ViT-B-16__block10__fov,700_800,2,3,7.5211,5.3425,0.0,0.025
ViT-B-16__block10__fov,700_800,3,2,7.5139,5.3436,0.005,0.02
ViT-B-16__block10__fov,700_800,4,2,7.5117,5.315,0.005,0.025
ViT-B-16__block10__fov,800_900,0,2,7.5234,5.362,0.0,0.015
ViT-B-16__block10__fov,800_900,1,2,7.5333,5.3389,0.015,0.03
ViT-B-16__block10__fov,800_900,2,2,7.5017,5.3391,0.0,0.015
ViT-B-16__block10__fov,800_900,3,2,7.5022,5.3394,0.005,0.015
ViT-B-16__block10__fov,800_900,4,2,7.5047,5.3188,0.005,0.025
ViT-B-16__block10__fov,900_1000,0,2,7.5202,5.3712,0.005,0.02
ViT-B-16__block10__fov,900_1000,1,2,7.5371,5.3414,0.01,0.02
ViT-B-16__block10__fov,900_1000,2,2,7.5125,5.3622,0.0,0.01
ViT-B-16__block10__fov,900_1000,3,2,7.5086,5.3576,0.005,0.015
ViT-B-16__block10__fov,900_1000,4,2,7.5144,5.3301,0.01,0.025
ViT-B-16__block12,0_100,0,16,7.2746,4.7891,0.04,0.135
ViT-B-16__block12,0_100,1,13,7.2287,4.8441,0.03,0.14
ViT-B-16__block12,0_100,2,15,7.2497,4.8201,0.04,0.135
ViT-B-16__block12,0_100,3,14,7.2416,4.8027,0.025,0.105
ViT-B-16__block12,0_100,4,16,7.2326,4.8317,0.025,0.1
ViT-B-16__block12,100_200,0,21,6.8186,4.1392,0.1,0.245
ViT-B-16__block12,100_200,1,18,6.8221,4.1628,0.1,0.275
ViT-B-16__block12,100_200,2,18,6.8116,4.1571,0.08,0.27
ViT-B-16__block12,100_200,3,19,6.8169,4.1346,0.085,0.285
ViT-B-16__block12,100_200,4,21,6.8021,4.1387,0.1,0.265
ViT-B-16__block12,200_300,0,26,6.8302,4.005,0.09,0.295
ViT-B-16__block12,200_300,1,23,6.8397,4.0789,0.095,0.305
ViT-B-16__block12,200_300,2,26,6.8149,4.008,0.08,0.315
ViT-B-16__block12,200_300,3,29,6.819,4.0169,0.08,0.325
ViT-B-16__block12,200_300,4,27,6.8414,3.9945,0.075,0.325
ViT-B-16__block12,300_400,0,17,7.1311,4.36,0.05,0.245
ViT-B-16__block12,300_400,1,16,7.1284,4.4078,0.035,0.25
ViT-B-16__block12,300_400,2,16,7.1269,4.4097,0.05,0.22
ViT-B-16__block12,300_400,3,18,7.151,4.4174,0.04,0.185
ViT-B-16__block12,300_400,4,17,7.1408,4.4152,0.04,0.205
ViT-B-16__block12,400_500,0,8,7.4503,5.0569,0.025,0.075
ViT-B-16__block12,400_500,1,5,7.4634,5.1584,0.02,0.095
ViT-B-16__block12,400_500,2,8,7.4175,5.0647,0.035,0.07
ViT-B-16__block12,400_500,3,8,7.4679,5.0425,0.03,0.105
ViT-B-16__block12,400_500,4,10,7.4573,5.0001,0.02,0.115
ViT-B-16__block12,500_600,0,3,7.517,5.293,0.01,0.045
ViT-B-16__block12,500_600,1,3,7.525,5.3458,0.005,0.025
ViT-B-16__block12,500_600,2,4,7.48,5.291,0.01,0.045
ViT-B-16__block12,500_600,3,3,7.5199,5.2813,0.0,0.045
ViT-B-16__block12,500_600,4,3,7.5185,5.2979,0.0,0.02
ViT-B-16__block12,600_700,0,2,7.5102,5.3123,0.015,0.045
ViT-B-16__block12,600_700,1,2,7.5201,5.3375,0.005,0.03
ViT-B-16__block12,600_700,2,3,7.483,5.3204,0.01,0.025
ViT-B-16__block12,600_700,3,2,7.5211,5.3013,0.015,0.05
ViT-B-16__block12,600_700,4,2,7.521,5.3414,0.005,0.015
ViT-B-16__block12,700_800,0,2,7.5245,5.3363,0.01,0.05
ViT-B-16__block12,700_800,1,2,7.5119,5.3663,0.0,0.01
ViT-B-16__block12,700_800,2,3,7.5175,5.3736,0.005,0.035
ViT-B-16__block12,700_800,3,2,7.532,5.3338,0.0,0.02
ViT-B-16__block12,700_800,4,2,7.5307,5.3468,0.005,0.025
ViT-B-16__block12,800_900,0,2,7.5156,5.3551,0.005,0.045
ViT-B-16__block12,800_900,1,2,7.5128,5.3671,0.005,0.015
ViT-B-16__block12,800_900,2,2,7.5132,5.3475,0.005,0.02
ViT-B-16__block12,800_900,3,2,7.5001,5.3407,0.0,0.025
ViT-B-16__block12,800_900,4,2,7.5187,5.3441,0.0,0.02
ViT-B-16__block12,900_1000,0,2,7.5306,5.3925,0.005,0.025
ViT-B-16__block12,900_1000,1,2,7.5091,5.3738,0.005,0.015
ViT-B-16__block12,900_1000,2,2,7.5237,5.3872,0.0,0.005
ViT-B-16__block12,900_1000,3,2,7.5323,5.3377,0.0,0.01
ViT-B-16__block12,900_1000,4,2,7.5242,5.35,0.005,0.02
ViT-B-16__block12__fov,0_100,0,16,7.2697,4.7868,0.02,0.125
ViT-B-16__block12__fov,0_100,1,14,7.2496,4.8199,0.04,0.125
ViT-B-16__block12__fov,0_100,2,15,7.2268,4.7931,0.045,0.145
ViT-B-16__block12__fov,0_100,3,15,7.2264,4.7652,0.015,0.14
ViT-B-16__block12__fov,0_100,4,16,7.2331,4.8042,0.03,0.11
ViT-B-16__block12__fov,100_200,0,21,6.8252,4.078,0.125,0.315
ViT-B-16__block12__fov,100_200,1,16,6.8268,4.1389,0.09,0.33
ViT-B-16__block12__fov,100_200,2,19,6.8317,4.0897,0.105,0.285
ViT-B-16__block12__fov,100_200,3,20,6.7939,4.0826,0.095,0.32
ViT-B-16__block12__fov,100_200,4,21,6.787,4.1191,0.115,0.31
ViT-B-16__block12__fov,200_300,0,21,6.8383,4.0394,0.065,0.315
ViT-B-16__block12__fov,200_300,1,25,6.8217,4.0157,0.07,0.31
ViT-B-16__block12__fov,200_300,2,27,6.7917,3.9732,0.11,0.355
ViT-B-16__block12__fov,200_300,3,26,6.8001,4.0022,0.07,0.325
ViT-B-16__block12__fov,200_300,4,26,6.8276,4.0208,0.07,0.32
ViT-B-16__block12__fov,300_400,0,17,7.1296,4.3582,0.07,0.26
ViT-B-16__block12__fov,300_400,1,16,7.125,4.3556,0.05,0.25
ViT-B-16__block12__fov,300_400,2,18,7.1484,4.3776,0.06,0.23
ViT-B-16__block12__fov,300_400,3,18,7.1271,4.403,0.07,0.21
ViT-B-16__block12__fov,300_400,4,17,7.1525,4.4126,0.055,0.225
ViT-B-16__block12__fov,400_500,0,12,7.435,4.94,0.02,0.09
ViT-B-16__block12__fov,400_500,1,7,7.4453,5.098,0.02,0.095
ViT-B-16__block12__fov,400_500,2,7,7.4212,5.1024,0.01,0.065
ViT-B-16__block12__fov,400_500,3,8,7.4517,5.0393,0.03,0.07
ViT-B-16__block12__fov,400_500,4,7,7.4403,5.0659,0.015,0.075
ViT-B-16__block12__fov,500_600,0,3,7.5195,5.2941,0.01,0.055
ViT-B-16__block12__fov,500_600,1,3,7.5236,5.309,0.005,0.055
ViT-B-16__block12__fov,500_600,2,6,7.481,5.2709,0.015,0.05
ViT-B-16__block12__fov,500_600,3,3,7.5176,5.2967,0.005,0.05
ViT-B-16__block12__fov,500_600,4,3,7.5142,5.3418,0.005,0.02
ViT-B-16__block12__fov,600_700,0,2,7.5167,5.3056,0.0,0.03
ViT-B-16__block12__fov,600_700,1,2,7.5273,5.3232,0.005,0.05
ViT-B-16__block12__fov,600_700,2,3,7.4825,5.3228,0.0,0.04
ViT-B-16__block12__fov,600_700,3,2,7.5078,5.3078,0.0,0.025
ViT-B-16__block12__fov,600_700,4,2,7.5116,5.3446,0.0,0.025
ViT-B-16__block12__fov,700_800,0,3,7.5398,5.3489,0.01,0.045
ViT-B-16__block12__fov,700_800,1,2,7.5342,5.3566,0.005,0.03
ViT-B-16__block12__fov,700_800,2,3,7.5087,5.3536,0.005,0.035
ViT-B-16__block12__fov,700_800,3,2,7.5255,5.2953,0.005,0.04
ViT-B-16__block12__fov,700_800,4,2,7.516,5.3665,0.015,0.03
ViT-B-16__block12__fov,800_900,0,2,7.5372,5.3344,0.0,0.02
ViT-B-16__block12__fov,800_900,1,2,7.5335,5.3704,0.0,0.02
ViT-B-16__block12__fov,800_900,2,2,7.5042,5.3387,0.005,0.03
ViT-B-16__block12__fov,800_900,3,2,7.5226,5.3276,0.015,0.03
ViT-B-16__block12__fov,800_900,4,2,7.5138,5.3458,0.015,0.03
ViT-B-16__block12__fov,900_1000,0,3,7.5397,5.376,0.005,0.025
ViT-B-16__block12__fov,900_1000,1,2,7.5423,5.3688,0.005,0.02
ViT-B-16__block12__fov,900_1000,2,2,7.5189,5.3863,0.005,0.025
ViT-B-16__block12__fov,900_1000,3,2,7.5218,5.3296,0.0,0.035
ViT-B-16__block12__fov,900_1000,4,2,7.5289,5.3875,0.01,0.04
ViT-B-16__block2,0_100,0,23,6.7324,3.6904,0.135,0.36
ViT-B-16__block2,0_100,1,19,6.7256,3.7271,0.12,0.365
ViT-B-16__block2,0_100,2,18,6.7384,3.7658,0.09,0.365
ViT-B-16__block2,0_100,3,24,6.7274,3.6878,0.11,0.385
ViT-B-16__block2,0_100,4,23,6.7241,3.7177,0.11,0.345
ViT-B-16__block2,100_200,0,35,6.4164,3.1695,0.2,0.55
ViT-B-16__block2,100_200,1,26,6.4724,3.2108,0.23,0.525
ViT-B-16__block2,100_200,2,29,6.4265,3.1922,0.22,0.55
ViT-B-16__block2,100_200,3,26,6.4341,3.2558,0.165,0.53
ViT-B-16__block2,100_200,4,33,6.3512,3.2046,0.21,0.535
ViT-B-16__block2,200_300,0,30,6.6116,3.4965,0.24,0.47
ViT-B-16__block2,200_300,1,23,6.6281,3.5195,0.225,0.465
ViT-B-16__block2,200_300,2,27,6.6639,3.487,0.235,0.52
ViT-B-16__block2,200_300,3,29,6.622,3.4572,0.255,0.5
ViT-B-16__block2,200_300,4,27,6.6245,3.4826,0.26,0.49
ViT-B-16__block2,300_400,0,8,7.2073,4.6298,0.045,0.205
ViT-B-16__block2,300_400,1,10,7.2197,4.5855,0.06,0.2
ViT-B-16__block2,300_400,2,10,7.1993,4.5529,0.09,0.235
ViT-B-16__block2,300_400,3,12,7.2258,4.5534,0.07,0.205
ViT-B-16__block2,300_400,4,10,7.2288,4.5519,0.065,0.21
ViT-B-16__block2,400_500,0,5,7.3904,5.0601,0.02,0.09
ViT-B-16__block2,400_500,1,5,7.3855,5.1187,0.01,0.065
ViT-B-16__block2,400_500,2,5,7.3877,5.1079,0.025,0.075
ViT-B-16__block2,400_500,3,3,7.4083,5.1892,0.01,0.075
ViT-B-16__block2,400_500,4,4,7.3841,5.14,0.015,0.06
ViT-B-16__block2,500_600,0,3,7.4434,5.2481,0.015,0.055
ViT-B-16__block2,500_600,1,2,7.44,5.2581,0.01,0.055
ViT-B-16__block2,500_600,2,3,7.4416,5.2353,0.01,0.05
ViT-B-16__block2,500_600,3,3,7.4502,5.2525,0.015,0.045
ViT-B-16__block2,500_600,4,2,7.4313,5.2844,0.02,0.03
ViT-B-16__block2,600_700,0,2,7.455,5.2898,0.0,0.02
ViT-B-16__block2,600_700,1,2,7.4548,5.2882,0.0,0.02
ViT-B-16__block2,600_700,2,2,7.4448,5.2953,0.01,0.045
ViT-B-16__block2,600_700,3,2,7.4448,5.2957,0.005,0.01
ViT-B-16__block2,600_700,4,2,7.4553,5.2998,0.0,0.02
ViT-B-16__block2,700_800,0,2,7.4504,5.3198,0.015,0.035
ViT-B-16__block2,700_800,1,2,7.4694,5.3245,0.005,0.025
ViT-B-16__block2,700_800,2,3,7.4648,5.3093,0.005,0.025
ViT-B-16__block2,700_800,3,2,7.467,5.3143,0.005,0.035
ViT-B-16__block2,700_800,4,2,7.4588,5.2996,0.005,0.025
ViT-B-16__block2,800_900,0,2,7.4525,5.3058,0.0,0.02
ViT-B-16__block2,800_900,1,2,7.4478,5.3095,0.0,0.025
ViT-B-16__block2,800_900,2,2,7.4582,5.3058,0.005,0.025
ViT-B-16__block2,800_900,3,2,7.46,5.3174,0.005,0.025
ViT-B-16__block2,800_900,4,2,7.4641,5.3139,0.005,0.015
ViT-B-16__block2,900_1000,0,2,7.4542,5.3175,0.005,0.02
ViT-B-16__block2,900_1000,1,2,7.459,5.3138,0.005,0.02
ViT-B-16__block2,900_1000,2,2,7.4717,5.3223,0.0,0.04
ViT-B-16__block2,900_1000,3,2,7.4635,5.3226,0.005,0.03
ViT-B-16__block2,900_1000,4,2,7.4606,5.3054,0.02,0.025
ViT-B-16__block2__fov,0_100,0,27,6.6922,3.5769,0.14,0.395
ViT-B-16__block2__fov,0_100,1,19,6.68,3.6437,0.13,0.39
ViT-B-16__block2__fov,0_100,2,18,6.7123,3.6798,0.12,0.36
ViT-B-16__block2__fov,0_100,3,24,6.6928,3.6121,0.155,0.4
ViT-B-16__block2__fov,0_100,4,23,6.689,3.6359,0.125,0.36
ViT-B-16__block2__fov,100_200,0,35,6.3834,3.0963,0.225,0.565
ViT-B-16__block2__fov,100_200,1,26,6.4232,3.1526,0.23,0.54
ViT-B-16__block2__fov,100_200,2,44,6.3834,3.0976,0.235,0.555
ViT-B-16__block2__fov,100_200,3,36,6.3849,3.1146,0.23,0.56
ViT-B-16__block2__fov,100_200,4,33,6.3159,3.13,0.22,0.57
ViT-B-16__block2__fov,200_300,0,33,6.5871,3.4233,0.215,0.49
ViT-B-16__block2__fov,200_300,1,23,6.6055,3.4791,0.245,0.495
ViT-B-16__block2__fov,200_300,2,30,6.6341,3.4245,0.22,0.52
ViT-B-16__block2__fov,200_300,3,29,6.5976,3.4038,0.235,0.505
ViT-B-16__block2__fov,200_300,4,27,6.609,3.4419,0.25,0.485
ViT-B-16__block2__fov,300_400,0,10,7.2018,4.5599,0.04,0.235
ViT-B-16__block2__fov,300_400,1,10,7.2054,4.5509,0.055,0.2
ViT-B-16__block2__fov,300_400,2,10,7.1929,4.5332,0.065,0.265
ViT-B-16__block2__fov,300_400,3,12,7.2121,4.5295,0.06,0.245
ViT-B-16__block2__fov,300_400,4,10,7.2236,4.5216,0.055,0.235
ViT-B-16__block2__fov,400_500,0,5,7.3879,5.0873,0.015,0.08
ViT-B-16__block2__fov,400_500,1,5,7.3867,5.1007,0.015,0.09
ViT-B-16__block2__fov,400_500,2,4,7.3777,5.1109,0.005,0.065
ViT-B-16__block2__fov,400_500,3,3,7.4084,5.1909,0.01,0.065
ViT-B-16__block2__fov,400_500,4,4,7.3823,5.1289,0.015,0.08
ViT-B-16__block2__fov,500_600,0,3,7.4366,5.2551,0.005,0.045
ViT-B-16__block2__fov,500_600,1,2,7.4451,5.2544,0.015,0.04
ViT-B-16__block2__fov,500_600,2,3,7.4305,5.231,0.03,0.08
ViT-B-16__block2__fov,500_600,3,3,7.4527,5.2568,0.01,0.05
ViT-B-16__block2__fov,500_600,4,3,7.4286,5.2625,0.015,0.04
ViT-B-16__block2__fov,600_700,0,3,7.4496,5.2935,0.0,0.01
ViT-B-16__block2__fov,600_700,1,2,7.4548,5.2825,0.025,0.035
ViT-B-16__block2__fov,600_700,2,2,7.4398,5.2889,0.0,0.025
ViT-B-16__block2__fov,600_700,3,2,7.4439,5.3006,0.005,0.025
ViT-B-16__block2__fov,600_700,4,2,7.4521,5.2961,0.005,0.025
ViT-B-16__block2__fov,700_800,0,3,7.454,5.31,0.01,0.01
ViT-B-16__block2__fov,700_800,1,2,7.4671,5.3153,0.01,0.015
ViT-B-16__block2__fov,700_800,2,3,7.4573,5.3094,0.005,0.02
ViT-B-16__block2__fov,700_800,3,2,7.4678,5.3247,0.005,0.035
ViT-B-16__block2__fov,700_800,4,2,7.4577,5.2847,0.015,0.04
ViT-B-16__block2__fov,800_900,0,2,7.4589,5.3017,0.005,0.045
ViT-B-16__block2__fov,800_900,1,2,7.4487,5.307,0.005,0.025
ViT-B-16__block2__fov,800_900,2,2,7.4484,5.3045,0.0,0.02
ViT-B-16__block2__fov,800_900,3,2,7.4509,5.3294,0.01,0.025
ViT-B-16__block2__fov,800_900,4,2,7.4616,5.3022,0.005,0.03
ViT-B-16__block2__fov,900_1000,0,3,7.4563,5.3064,0.0,0.015
ViT-B-16__block2__fov,900_1000,1,2,7.4671,5.3017,0.0,0.015
ViT-B-16__block2__fov,900_1000,2,2,7.4554,5.3208,0.0,0.02
ViT-B-16__block2__fov,900_1000,3,2,7.454,5.3363,0.01,0.04
ViT-B-16__block2__fov,900_1000,4,2,7.4532,5.3007,0.005,0.025
ViT-B-16__block4,0_100,0,22,6.718,3.6208,0.15,0.4
ViT-B-16__block4,0_100,1,19,6.7105,3.6645,0.145,0.35
ViT-B-16__block4,0_100,2,21,6.7526,3.6575,0.135,0.365
ViT-B-16__block4,0_100,3,20,6.7078,3.6451,0.15,0.38
ViT-B-16__block4,0_100,4,23,6.7158,3.6439,0.145,0.395
ViT-B-16__block4,100_200,0,28,6.2332,2.9661,0.27,0.58
ViT-B-16__block4,100_200,1,34,6.2724,2.9196,0.26,0.56
ViT-B-16__block4,100_200,2,29,6.2384,2.9502,0.27,0.56
ViT-B-16__block4,100_200,3,38,6.2329,2.9223,0.245,0.545
ViT-B-16__block4,100_200,4,27,6.2064,2.9693,0.26,0.585
ViT-B-16__block4,200_300,0,26,6.479,3.2923,0.22,0.495
ViT-B-16__block4,200_300,1,37,6.4609,3.2061,0.235,0.52
ViT-B-16__block4,200_300,2,24,6.4941,3.2827,0.19,0.515
ViT-B-16__block4,200_300,3,29,6.465,3.2327,0.235,0.495
ViT-B-16__block4,200_300,4,27,6.4965,3.2596,0.225,0.515
ViT-B-16__block4,300_400,0,12,7.0674,4.3047,0.065,0.26
ViT-B-16__block4,300_400,1,12,7.1106,4.3204,0.085,0.28
ViT-B-16__block4,300_400,2,13,7.0767,4.298,0.1,0.27
ViT-B-16__block4,300_400,3,13,7.1216,4.3246,0.085,0.255
ViT-B-16__block4,300_400,4,10,7.1296,4.3532,0.06,0.27
ViT-B-16__block4,400_500,0,6,7.3719,5.0119,0.03,0.065
ViT-B-16__block4,400_500,1,6,7.4025,5.0116,0.015,0.09
ViT-B-16__block4,400_500,2,4,7.3724,5.0895,0.005,0.07
ViT-B-16__block4,400_500,3,3,7.4157,5.1601,0.015,0.05
ViT-B-16__block4,400_500,4,4,7.3773,5.1047,0.03,0.085
ViT-B-16__block4,500_600,0,3,7.4397,5.2311,0.015,0.055
ViT-B-16__block4,500_600,1,3,7.4542,5.2453,0.015,0.045
ViT-B-16__block4,500_600,2,3,7.444,5.25,0.005,0.02
ViT-B-16__block4,500_600,3,3,7.4554,5.2355,0.01,0.05
ViT-B-16__block4,500_600,4,2,7.4451,5.2905,0.005,0.02
ViT-B-16__block4,600_700,0,2,7.4403,5.2797,0.015,0.065
ViT-B-16__block4,600_700,1,2,7.474,5.2861,0.005,0.035
ViT-B-16__block4,600_700,2,2,7.44,5.2932,0.005,0.015
ViT-B-16__block4,600_700,3,2,7.4701,5.2911,0.0,0.035
ViT-B-16__block4,600_700,4,2,7.4585,5.3067,0.01,0.06
ViT-B-16__block4,700_800,0,2,7.4564,5.3142,0.0,0.01
ViT-B-16__block4,700_800,1,2,7.4932,5.3084,0.0,0.02
ViT-B-16__block4,700_800,2,2,7.4679,5.298,0.0,0.03
ViT-B-16__block4,700_800,3,2,7.4773,5.2958,0.005,0.03
ViT-B-16__block4,700_800,4,2,7.4721,5.302,0.01,0.04
ViT-B-16__block4,800_900,0,2,7.4615,5.3038,0.0,0.03
ViT-B-16__block4,800_900,1,2,7.4688,5.3039,0.005,0.04
ViT-B-16__block4,800_900,2,2,7.4593,5.3032,0.005,0.03
ViT-B-16__block4,800_900,3,2,7.473,5.3098,0.005,0.02
ViT-B-16__block4,800_900,4,2,7.471,5.3005,0.01,0.03
ViT-B-16__block4,900_1000,0,2,7.4635,5.3259,0.0,0.015
ViT-B-16__block4,900_1000,1,2,7.4737,5.3046,0.0,0.03
ViT-B-16__block4,900_1000,2,2,7.4699,5.3189,0.005,0.05
ViT-B-16__block4,900_1000,3,2,7.4757,5.3048,0.005,0.04
ViT-B-16__block4,900_1000,4,2,7.4728,5.3064,0.01,0.04
ViT-B-16__block4__fov,0_100,0,22,6.696,3.5803,0.12,0.37
ViT-B-16__block4__fov,0_100,1,20,6.6654,3.6214,0.15,0.39
ViT-B-16__block4__fov,0_100,2,21,6.7318,3.5986,0.12,0.38
ViT-B-16__block4__fov,0_100,3,20,6.6991,3.5982,0.15,0.365
ViT-B-16__block4__fov,0_100,4,27,6.6941,3.5455,0.145,0.37
ViT-B-16__block4__fov,100_200,0,32,6.2114,2.8453,0.275,0.62
ViT-B-16__block4__fov,100_200,1,37,6.2271,2.8383,0.3,0.595
ViT-B-16__block4__fov,100_200,2,27,6.2179,2.8641,0.29,0.585
ViT-B-16__block4__fov,100_200,3,36,6.2021,2.8468,0.27,0.61
ViT-B-16__block4__fov,100_200,4,37,6.1779,2.8469,0.275,0.625
ViT-B-16__block4__fov,200_300,0,26,6.4689,3.231,0.26,0.515
ViT-B-16__block4__fov,200_300,1,28,6.4511,3.1956,0.245,0.525
ViT-B-16__block4__fov,200_300,2,25,6.4722,3.185,0.26,0.525
ViT-B-16__block4__fov,200_300,3,32,6.4423,3.1809,0.225,0.505
ViT-B-16__block4__fov,200_300,4,31,6.4725,3.1469,0.24,0.54
ViT-B-16__block4__fov,300_400,0,12,7.0719,4.2841,0.095,0.26
ViT-B-16__block4__fov,300_400,1,12,7.1206,4.2492,0.095,0.29
ViT-B-16__block4__fov,300_400,2,13,7.083,4.2824,0.1,0.27
ViT-B-16__block4__fov,300_400,3,13,7.1207,4.2991,0.075,0.26
ViT-B-16__block4__fov,300_400,4,12,7.1508,4.2644,0.1,0.295
ViT-B-16__block4__fov,400_500,0,6,7.378,5.0459,0.025,0.09
ViT-B-16__block4__fov,400_500,1,6,7.3935,5.0533,0.01,0.075
ViT-B-16__block4__fov,400_500,2,4,7.3807,5.0677,0.01,0.095
ViT-B-16__block4__fov,400_500,3,3,7.4037,5.1635,0.005,0.055
ViT-B-16__block4__fov,400_500,4,4,7.378,5.0909,0.005,0.07
ViT-B-16__block4__fov,500_600,0,3,7.4508,5.2558,0.02,0.065
ViT-B-16__block4__fov,500_600,1,3,7.4613,5.2557,0.0,0.02
ViT-B-16__block4__fov,500_600,2,3,7.435,5.2564,0.0,0.045
ViT-B-16__block4__fov,500_600,3,2,7.4514,5.2742,0.005,0.04
ViT-B-16__block4__fov,500_600,4,3,7.439,5.2465,0.01,0.035
ViT-B-16__block4__fov,600_700,0,2,7.4634,5.3004,0.0,0.025
ViT-B-16__block4__fov,600_700,1,2,7.4709,5.2939,0.005,0.02
ViT-B-16__block4__fov,600_700,2,2,7.4413,5.2957,0.005,0.03
ViT-B-16__block4__fov,600_700,3,2,7.4499,5.2989,0.01,0.02
ViT-B-16__block4__fov,600_700,4,2,7.4517,5.3029,0.005,0.03
ViT-B-16__block4__fov,700_800,0,2,7.4705,5.324,0.005,0.025
ViT-B-16__block4__fov,700_800,1,2,7.4811,5.3163,0.005,0.025
ViT-B-16__block4__fov,700_800,2,2,7.4657,5.3097,0.005,0.02
ViT-B-16__block4__fov,700_800,3,2,7.4678,5.2859,0.005,0.035
ViT-B-16__block4__fov,700_800,4,2,7.4708,5.3021,0.015,0.03
ViT-B-16__block4__fov,800_900,0,2,7.4665,5.3132,0.0,0.03
ViT-B-16__block4__fov,800_900,1,2,7.4675,5.3075,0.015,0.035
ViT-B-16__block4__fov,800_900,2,2,7.465,5.2967,0.005,0.015
ViT-B-16__block4__fov,800_900,3,2,7.4669,5.3061,0.0,0.02
ViT-B-16__block4__fov,800_900,4,2,7.4677,5.3163,0.0,0.035
ViT-B-16__block4__fov,900_1000,0,2,7.4715,5.3325,0.005,0.025
ViT-B-16__block4__fov,900_1000,1,2,7.4766,5.3145,0.0,0.025
ViT-B-16__block4__fov,900_1000,2,2,7.4703,5.3061,0.005,0.035
ViT-B-16__block4__fov,900_1000,3,2,7.4698,5.3097,0.01,0.03
ViT-B-16__block4__fov,900_1000,4,2,7.4775,5.3161,0.01,0.035
ViT-B-16__block6,0_100,0,22,6.8438,3.8527,0.14,0.355
ViT-B-16__block6,0_100,1,21,6.8678,3.84,0.115,0.335
ViT-B-16__block6,0_100,2,22,6.9091,3.8732,0.145,0.325
ViT-B-16__block6,0_100,3,20,6.8374,3.8912,0.125,0.325
ViT-B-16__block6,0_100,4,21,6.8821,3.8907,0.14,0.33
ViT-B-16__block6,100_200,0,32,6.35,3.2369,0.2,0.54
ViT-B-16__block6,100_200,1,23,6.3869,3.2828,0.195,0.505
ViT-B-16__block6,100_200,2,35,6.3604,3.2157,0.245,0.535
ViT-B-16__block6,100_200,3,32,6.3435,3.239,0.225,0.515
ViT-B-16__block6,100_200,4,28,6.3175,3.2698,0.225,0.5
ViT-B-16__block6,200_300,0,33,6.4966,3.3923,0.205,0.445
ViT-B-16__block6,200_300,1,28,6.5071,3.3778,0.165,0.505
ViT-B-16__block6,200_300,2,27,6.5431,3.3999,0.205,0.48
ViT-B-16__block6,200_300,3,28,6.4796,3.4281,0.17,0.495
ViT-B-16__block6,200_300,4,28,6.5017,3.3736,0.205,0.505
ViT-B-16__block6,300_400,0,12,7.1034,4.2737,0.085,0.24
ViT-B-16__block6,300_400,1,13,7.1061,4.2496,0.055,0.285
ViT-B-16__block6,300_400,2,13,7.0931,4.2351,0.075,0.29
ViT-B-16__block6,300_400,3,15,7.1248,4.2768,0.08,0.285
ViT-B-16__block6,300_400,4,12,7.1225,4.2647,0.065,0.265
ViT-B-16__block6,400_500,0,6,7.3979,5.0076,0.02,0.05
ViT-B-16__block6,400_500,1,4,7.4161,5.1278,0.01,0.07
ViT-B-16__block6,400_500,2,7,7.4105,4.9788,0.02,0.085
ViT-B-16__block6,400_500,3,3,7.4475,5.1753,0.015,0.06
ViT-B-16__block6,400_500,4,4,7.4286,5.0993,0.015,0.055
ViT-B-16__block6,500_600,0,3,7.4753,5.234,0.015,0.045
ViT-B-16__block6,500_600,1,2,7.4806,5.2846,0.005,0.025
ViT-B-16__block6,500_600,2,3,7.4822,5.2652,0.01,0.05
ViT-B-16__block6,500_600,3,3,7.4834,5.3023,0.015,0.035
ViT-B-16__block6,500_600,4,3,7.4598,5.2357,0.02,0.08
ViT-B-16__block6,600_700,0,2,7.4706,5.2922,0.01,0.03
ViT-B-16__block6,600_700,1,2,7.4719,5.3016,0.005,0.045
ViT-B-16__block6,600_700,2,2,7.4811,5.2957,0.0,0.01
ViT-B-16__block6,600_700,3,2,7.488,5.2998,0.005,0.035
ViT-B-16__block6,600_700,4,2,7.4748,5.3058,0.005,0.035
ViT-B-16__block6,700_800,0,2,7.491,5.3119,0.01,0.025
ViT-B-16__block6,700_800,1,2,7.4885,5.3307,0.0,0.035
ViT-B-16__block6,700_800,2,2,7.5016,5.3379,0.005,0.03
ViT-B-16__block6,700_800,3,2,7.5013,5.3057,0.01,0.025
ViT-B-16__block6,700_800,4,2,7.4805,5.3018,0.005,0.025
ViT-B-16__block6,800_900,0,2,7.4953,5.3124,0.005,0.025
ViT-B-16__block6,800_900,1,2,7.4819,5.3073,0.01,0.04
ViT-B-16__block6,800_900,2,2,7.4828,5.3111,0.0,0.02
ViT-B-16__block6,800_900,3,2,7.4932,5.3117,0.005,0.03
ViT-B-16__block6,800_900,4,2,7.4864,5.3143,0.0,0.035
ViT-B-16__block6,900_1000,0,2,7.4952,5.3348,0.0,0.02
ViT-B-16__block6,900_1000,1,2,7.4793,5.3243,0.005,0.02
ViT-B-16__block6,900_1000,2,2,7.4968,5.3319,0.0,0.03
ViT-B-16__block6,900_1000,3,2,7.5121,5.3266,0.015,0.045
ViT-B-16__block6,900_1000,4,2,7.4956,5.3078,0.01,0.05
ViT-B-16__block6__fov,0_100,0,22,6.8326,3.8112,0.15,0.38
ViT-B-16__block6__fov,0_100,1,21,6.8338,3.838,0.14,0.335
ViT-B-16__block6__fov,0_100,2,19,6.8649,3.8684,0.14,0.345
ViT-B-16__block6__fov,0_100,3,20,6.8204,3.8588,0.115,0.365
ViT-B-16__block6__fov,0_100,4,20,6.8459,3.8934,0.15,0.345
ViT-B-16__block6__fov,100_200,0,32,6.3183,3.1739,0.245,0.555
ViT-B-16__block6__fov,100_200,1,31,6.3625,3.1548,0.24,0.555
ViT-B-16__block6__fov,100_200,2,35,6.3251,3.175,0.26,0.54
ViT-B-16__block6__fov,100_200,3,39,6.2986,3.1331,0.245,0.515
ViT-B-16__block6__fov,100_200,4,28,6.2909,3.2048,0.245,0.54
ViT-B-16__block6__fov,200_300,0,26,6.4744,3.3941,0.205,0.475
ViT-B-16__block6__fov,200_300,1,31,6.4803,3.3409,0.19,0.48
ViT-B-16__block6__fov,200_300,2,35,6.4944,3.3417,0.18,0.495
ViT-B-16__block6__fov,200_300,3,29,6.4771,3.3899,0.165,0.49
ViT-B-16__block6__fov,200_300,4,28,6.4941,3.3424,0.2,0.49
ViT-B-16__block6__fov,300_400,0,14,7.0787,4.2539,0.09,0.275
ViT-B-16__block6__fov,300_400,1,15,7.1133,4.232,0.11,0.295
ViT-B-16__block6__fov,300_400,2,13,7.0505,4.2436,0.075,0.255
ViT-B-16__block6__fov,300_400,3,15,7.1106,4.2476,0.1,0.3
ViT-B-16__block6__fov,300_400,4,15,7.0968,4.2239,0.055,0.25
ViT-B-16__block6__fov,400_500,0,6,7.4059,5.085,0.005,0.05
ViT-B-16__block6__fov,400_500,1,5,7.4282,5.1043,0.01,0.065
ViT-B-16__block6__fov,400_500,2,6,7.4203,5.0367,0.015,0.09
ViT-B-16__block6__fov,400_500,3,3,7.4533,5.1885,0.01,0.045
ViT-B-16__block6__fov,400_500,4,8,7.3983,5.0379,0.015,0.08
ViT-B-16__block6__fov,500_600,0,3,7.4855,5.2907,0.0,0.02
ViT-B-16__block6__fov,500_600,1,3,7.4962,5.2847,0.005,0.035
ViT-B-16__block6__fov,500_600,2,3,7.4808,5.2435,0.01,0.05
ViT-B-16__block6__fov,500_600,3,3,7.4846,5.2673,0.0,0.04
ViT-B-16__block6__fov,500_600,4,3,7.4681,5.3337,0.005,0.035
ViT-B-16__block6__fov,600_700,0,2,7.4902,5.3071,0.0,0.02
ViT-B-16__block6__fov,600_700,1,2,7.4976,5.3159,0.005,0.01
ViT-B-16__block6__fov,600_700,2,2,7.4739,5.3069,0.0,0.015
ViT-B-16__block6__fov,600_700,3,2,7.4974,5.3127,0.0,0.02
ViT-B-16__block6__fov,600_700,4,2,7.4875,5.3124,0.0,0.025
ViT-B-16__block6__fov,700_800,0,2,7.5105,5.3307,0.005,0.015
ViT-B-16__block6__fov,700_800,1,2,7.4925,5.342,0.01,0.02
ViT-B-16__block6__fov,700_800,2,2,7.4829,5.3185,0.005,0.02
ViT-B-16__block6__fov,700_800,3,2,7.5063,5.3134,0.005,0.015
ViT-B-16__block6__fov,700_800,4,2,7.509,5.3207,0.01,0.035
ViT-B-16__block6__fov,800_900,0,2,7.5068,5.3377,0.005,0.02
ViT-B-16__block6__fov,800_900,1,2,7.4891,5.3351,0.0,0.025
ViT-B-16__block6__fov,800_900,2,2,7.4875,5.3085,0.01,0.03
ViT-B-16__block6__fov,800_900,3,2,7.5004,5.3024,0.0,0.04
ViT-B-16__block6__fov,800_900,4,2,7.5095,5.3138,0.01,0.025
ViT-B-16__block6__fov,900_1000,0,2,7.5154,5.3314,0.0,0.035
ViT-B-16__block6__fov,900_1000,1,2,7.5001,5.3401,0.005,0.025
ViT-B-16__block6__fov,900_1000,2,2,7.5016,5.3157,0.0,0.01
ViT-B-16__block6__fov,900_1000,3,2,7.5101,5.3189,0.005,0.025
ViT-B-16__block6__fov,900_1000,4,2,7.5092,5.327,0.005,0.05
ViT-B-16__block8,0_100,0,18,7.0287,4.2689,0.085,0.25
ViT-B-16__block8,0_100,1,19,7.0029,4.2407,0.08,0.22
ViT-B-16__block8,0_100,2,16,7.0523,4.2906,0.07,0.25
ViT-B-16__block8,0_100,3,17,6.9922,4.2687,0.085,0.25
ViT-B-16__block8,0_100,4,18,7.0002,4.2406,0.085,0.265
ViT-B-16__block8,100_200,0,21,6.5548,3.6436,0.16,0.425
ViT-B-16__block8,100_200,1,23,6.5664,3.576,0.195,0.45
ViT-B-16__block8,100_200,2,27,6.5585,3.5925,0.165,0.435
ViT-B-16__block8,100_200,3,26,6.5155,3.5814,0.18,0.44
ViT-B-16__block8,100_200,4,26,6.5281,3.6028,0.195,0.42
ViT-B-16__block8,200_300,0,27,6.6151,3.7101,0.14,0.4
ViT-B-16__block8,200_300,1,28,6.626,3.6703,0.16,0.4
ViT-B-16__block8,200_300,2,27,6.6639,3.6893,0.14,0.385
ViT-B-16__block8,200_300,3,29,6.6176,3.6447,0.2,0.425
ViT-B-16__block8,200_300,4,27,6.6573,3.7312,0.16,0.37
ViT-B-16__block8,300_400,0,14,7.1018,4.294,0.07,0.265
ViT-B-16__block8,300_400,1,13,7.1154,4.3389,0.06,0.245
ViT-B-16__block8,300_400,2,15,7.0865,4.2869,0.065,0.25
ViT-B-16__block8,300_400,3,15,7.1201,4.2874,0.07,0.24
ViT-B-16__block8,300_400,4,15,7.1227,4.3052,0.05,0.25
ViT-B-16__block8,400_500,0,9,7.4153,5.0486,0.03,0.09
ViT-B-16__block8,400_500,1,7,7.4277,5.0518,0.01,0.09
ViT-B-16__block8,400_500,2,8,7.415,5.0297,0.025,0.07
ViT-B-16__block8,400_500,3,5,7.4442,5.1043,0.03,0.085
ViT-B-16__block8,400_500,4,6,7.4306,5.0935,0.025,0.09
ViT-B-16__block8,500_600,0,3,7.4813,5.3057,0.005,0.035
ViT-B-16__block8,500_600,1,3,7.4748,5.2711,0.005,0.04
ViT-B-16__block8,500_600,2,3,7.474,5.2679,0.01,0.045
ViT-B-16__block8,500_600,3,2,7.4831,5.2794,0.01,0.07
ViT-B-16__block8,500_600,4,3,7.4845,5.2977,0.01,0.035
ViT-B-16__block8,600_700,0,2,7.4833,5.3444,0.005,0.045
ViT-B-16__block8,600_700,1,2,7.4718,5.3144,0.01,0.035
ViT-B-16__block8,600_700,2,2,7.4786,5.323,0.005,0.025
ViT-B-16__block8,600_700,3,2,7.4986,5.2838,0.0,0.04
ViT-B-16__block8,600_700,4,2,7.4791,5.3287,0.015,0.025
ViT-B-16__block8,700_800,0,2,7.5011,5.3274,0.015,0.045
ViT-B-16__block8,700_800,1,3,7.4899,5.3284,0.0,0.03
ViT-B-16__block8,700_800,2,3,7.4997,5.3205,0.01,0.025
ViT-B-16__block8,700_800,3,2,7.4934,5.3056,0.01,0.035
ViT-B-16__block8,700_800,4,2,7.4971,5.3324,0.0,0.01
ViT-B-16__block8,800_900,0,2,7.4991,5.3209,0.005,0.045
ViT-B-16__block8,800_900,1,2,7.4788,5.3377,0.0,0.02
ViT-B-16__block8,800_900,2,2,7.4763,5.3137,0.01,0.025
ViT-B-16__block8,800_900,3,2,7.4878,5.2854,0.0,0.02
ViT-B-16__block8,800_900,4,2,7.4983,5.3359,0.015,0.03
ViT-B-16__block8,900_1000,0,2,7.4992,5.3519,0.0,0.03
ViT-B-16__block8,900_1000,1,2,7.4815,5.3454,0.005,0.03
ViT-B-16__block8,900_1000,2,3,7.4879,5.3338,0.0,0.02
ViT-B-16__block8,900_1000,3,2,7.4954,5.3136,0.0,0.04
ViT-B-16__block8,900_1000,4,2,7.4954,5.3381,0.0,0.035
ViT-B-16__block8__fov,0_100,0,18,6.9897,4.2045,0.1,0.29
ViT-B-16__block8__fov,0_100,1,16,6.9728,4.189,0.085,0.28
ViT-B-16__block8__fov,0_100,2,18,7.0246,4.2073,0.1,0.3
ViT-B-16__block8__fov,0_100,3,20,6.9786,4.1642,0.105,0.275
ViT-B-16__block8__fov,0_100,4,23,6.9851,4.2113,0.125,0.27
ViT-B-16__block8__fov,100_200,0,25,6.4836,3.4698,0.19,0.475
ViT-B-16__block8__fov,100_200,1,26,6.4987,3.446,0.205,0.505
ViT-B-16__block8__fov,100_200,2,35,6.4987,3.4567,0.155,0.455
ViT-B-16__block8__fov,100_200,3,31,6.4761,3.4761,0.185,0.465
ViT-B-16__block8__fov,100_200,4,30,6.477,3.4674,0.16,0.46
ViT-B-16__block8__fov,200_300,0,27,6.5462,3.5928,0.15,0.39
ViT-B-16__block8__fov,200_300,1,28,6.5904,3.6061,0.16,0.39
ViT-B-16__block8__fov,200_300,2,27,6.6001,3.6109,0.135,0.37
ViT-B-16__block8__fov,200_300,3,28,6.5727,3.6028,0.15,0.365
ViT-B-16__block8__fov,200_300,4,27,6.5898,3.6524,0.165,0.375
ViT-B-16__block8__fov,300_400,0,12,7.0841,4.2993,0.07,0.275
ViT-B-16__block8__fov,300_400,1,11,7.1079,4.2998,0.06,0.25
ViT-B-16__block8__fov,300_400,2,16,7.0766,4.2683,0.06,0.26
ViT-B-16__block8__fov,300_400,3,15,7.0941,4.2516,0.065,0.235
ViT-B-16__block8__fov,300_400,4,15,7.1029,4.2568,0.07,0.29
ViT-B-16__block8__fov,400_500,0,7,7.4002,5.049,0.01,0.09
ViT-B-16__block8__fov,400_500,1,6,7.4318,5.0421,0.015,0.08
ViT-B-16__block8__fov,400_500,2,10,7.4273,4.9879,0.025,0.065
ViT-B-16__block8__fov,400_500,3,5,7.4454,5.0992,0.02,0.075
ViT-B-16__block8__fov,400_500,4,6,7.426,5.0646,0.03,0.08
ViT-B-16__block8__fov,500_600,0,3,7.4784,5.2858,0.005,0.035
ViT-B-16__block8__fov,500_600,1,3,7.4902,5.2702,0.005,0.025
ViT-B-16__block8__fov,500_600,2,3,7.4794,5.2459,0.01,0.04
ViT-B-16__block8__fov,500_600,3,3,7.498,5.2859,0.03,0.045
ViT-B-16__block8__fov,500_600,4,3,7.4742,5.2729,0.005,0.035
ViT-B-16__block8__fov,600_700,0,2,7.4631,5.3221,0.01,0.025
ViT-B-16__block8__fov,600_700,1,2,7.4895,5.3051,0.005,0.015
ViT-B-16__block8__fov,600_700,2,2,7.4925,5.3005,0.0,0.025
ViT-B-16__block8__fov,600_700,3,2,7.4939,5.2998,0.005,0.025
ViT-B-16__block8__fov,600_700,4,2,7.4942,5.3208,0.005,0.02
ViT-B-16__block8__fov,700_800,0,2,7.4786,5.3352,0.005,0.025
ViT-B-16__block8__fov,700_800,1,2,7.4951,5.3314,0.0,0.045
ViT-B-16__block8__fov,700_800,2,3,7.5039,5.3375,0.005,0.02
ViT-B-16__block8__fov,700_800,3,2,7.499,5.3086,0.015,0.03
ViT-B-16__block8__fov,700_800,4,2,7.5119,5.3213,0.005,0.045
ViT-B-16__block8__fov,800_900,0,2,7.4867,5.3452,0.005,0.04
ViT-B-16__block8__fov,800_900,1,2,7.4932,5.3303,0.01,0.015
ViT-B-16__block8__fov,800_900,2,2,7.4895,5.3051,0.0,0.025
ViT-B-16__block8__fov,800_900,3,2,7.5071,5.3303,0.015,0.03
ViT-B-16__block8__fov,800_900,4,2,7.506,5.3177,0.005,0.02
ViT-B-16__block8__fov,900_1000,0,2,7.4914,5.3411,0.0,0.03
ViT-B-16__block8__fov,900_1000,1,2,7.4936,5.3469,0.0,0.025
ViT-B-16__block8__fov,900_1000,2,2,7.4983,5.3201,0.01,0.025
ViT-B-16__block8__fov,900_1000,3,2,7.5085,5.329,0.01,0.035
ViT-B-16__block8__fov,900_1000,4,2,7.5004,5.3304,0.005,0.02
ViT-L-14__block12,0_100,0,26,7.0135,4.1509,0.1,0.24
ViT-L-14__block12,0_100,1,20,7.0123,4.1967,0.11,0.235
ViT-L-14__block12,0_100,2,21,7.0057,4.2371,0.085,0.23
ViT-L-14__block12,0_100,3,21,6.9926,4.1384,0.1,0.275
ViT-L-14__block12,0_100,4,22,6.9735,4.173,0.11,0.25
ViT-L-14__block12,100_200,0,26,6.5774,3.6421,0.18,0.42
ViT-L-14__block12,100_200,1,31,6.6298,3.6247,0.18,0.395
ViT-L-14__block12,100_200,2,28,6.5703,3.6604,0.185,0.375
ViT-L-14__block12,100_200,3,31,6.587,3.6787,0.18,0.41
ViT-L-14__block12,100_200,4,30,6.5543,3.6216,0.185,0.435
ViT-L-14__block12,200_300,0,33,6.6732,3.7481,0.14,0.4
ViT-L-14__block12,200_300,1,31,6.712,3.7439,0.15,0.42
ViT-L-14__block12,200_300,2,27,6.7196,3.7949,0.14,0.395
ViT-L-14__block12,200_300,3,31,6.6625,3.8282,0.125,0.385
ViT-L-14__block12,200_300,4,28,6.7169,3.7816,0.15,0.37
ViT-L-14__block12,300_400,0,14,7.1712,4.4542,0.03,0.22
ViT-L-14__block12,300_400,1,12,7.2085,4.4522,0.06,0.23
ViT-L-14__block12,300_400,2,16,7.1702,4.3991,0.06,0.23
ViT-L-14__block12,300_400,3,15,7.179,4.4566,0.045,0.2
ViT-L-14__block12,300_400,4,11,7.205,4.4491,0.065,0.25
ViT-L-14__block12,400_500,0,3,7.453,5.2337,0.01,0.04
ViT-L-14__block12,400_500,1,3,7.4582,5.224,0.02,0.045
ViT-L-14__block12,400_500,2,6,7.432,5.1263,0.0,0.065
ViT-L-14__block12,400_500,3,5,7.4493,5.2043,0.01,0.055
ViT-L-14__block12,400_500,4,6,7.4403,5.1084,0.025,0.055
ViT-L-14__block12,500_600,0,3,7.5173,5.2959,0.005,0.025
ViT-L-14__block12,500_600,1,3,7.5054,5.3107,0.005,0.03
ViT-L-14__block12,500_600,2,3,7.4993,5.3022,0.005,0.045
ViT-L-14__block12,500_600,3,3,7.5037,5.3136,0.015,0.035
ViT-L-14__block12,500_600,4,2,7.5011,5.2892,0.005,0.035
ViT-L-14__block12,600_700,0,2,7.503,5.3234,0.005,0.025
ViT-L-14__block12,600_700,1,2,7.5008,5.3225,0.015,0.045
ViT-L-14__block12,600_700,2,2,7.5024,5.302,0.005,0.045
ViT-L-14__block12,600_700,3,2,7.4945,5.3338,0.01,0.03
ViT-L-14__block12,600_700,4,2,7.4892,5.2988,0.0,0.04
ViT-L-14__block12,700_800,0,2,7.5141,5.3505,0.01,0.025
ViT-L-14__block12,700_800,1,3,7.5121,5.3285,0.015,0.03
ViT-L-14__block12,700_800,2,3,7.5116,5.301,0.0,0.04
ViT-L-14__block12,700_800,3,2,7.5149,5.3435,0.005,0.03
ViT-L-14__block12,700_800,4,2,7.5188,5.3306,0.01,0.045
ViT-L-14__block12,800_900,0,2,7.5063,5.3271,0.005,0.02
ViT-L-14__block12,800_900,1,2,7.4933,5.3208,0.01,0.035
ViT-L-14__block12,800_900,2,2,7.4919,5.3284,0.0,0.035
ViT-L-14__block12,800_900,3,2,7.5168,5.3439,0.015,0.035
ViT-L-14__block12,800_900,4,2,7.5016,5.3012,0.0,0.02
ViT-L-14__block12,900_1000,0,2,7.5037,5.3382,0.015,0.03
ViT-L-14__block12,900_1000,1,3,7.5016,5.3118,0.02,0.03
ViT-L-14__block12,900_1000,2,3,7.5133,5.3366,0.005,0.03
ViT-L-14__block12,900_1000,3,2,7.5161,5.3358,0.01,0.04
ViT-L-14__block12,900_1000,4,2,7.5202,5.3195,0.005,0.04
ViT-L-14__block12__fov,0_100,0,23,6.9281,4.1228,0.1,0.265
ViT-L-14__block12__fov,0_100,1,21,6.9452,4.1448,0.095,0.25
ViT-L-14__block12__fov,0_100,2,24,6.9726,4.0997,0.11,0.23
ViT-L-14__block12__fov,0_100,3,22,6.9644,4.0284,0.11,0.29
ViT-L-14__block12__fov,0_100,4,22,6.9334,4.1002,0.09,0.27
ViT-L-14__block12__fov,100_200,0,31,6.5034,3.5111,0.19,0.475
ViT-L-14__block12__fov,100_200,1,26,6.556,3.524,0.195,0.455
ViT-L-14__block12__fov,100_200,2,35,6.5114,3.4916,0.205,0.425
ViT-L-14__block12__fov,100_200,3,31,6.5172,3.5166,0.2,0.465
ViT-L-14__block12__fov,100_200,4,30,6.4691,3.4992,0.18,0.435
ViT-L-14__block12__fov,200_300,0,33,6.6096,3.6285,0.14,0.425
ViT-L-14__block12__fov,200_300,1,28,6.6334,3.6506,0.18,0.415
ViT-L-14__block12__fov,200_300,2,32,6.6584,3.6553,0.14,0.42
ViT-L-14__block12__fov,200_300,3,29,6.6125,3.6579,0.175,0.445
ViT-L-14__block12__fov,200_300,4,31,6.6215,3.6481,0.17,0.44
ViT-L-14__block12__fov,300_400,0,14,7.1798,4.3613,0.045,0.225
ViT-L-14__block12__fov,300_400,1,12,7.1838,4.3664,0.065,0.26
ViT-L-14__block12__fov,300_400,2,16,7.1576,4.3699,0.05,0.23
ViT-L-14__block12__fov,300_400,3,16,7.1349,4.3303,0.04,0.255
ViT-L-14__block12__fov,300_400,4,14,7.1525,4.3269,0.065,0.29
ViT-L-14__block12__fov,400_500,0,5,7.4427,5.109,0.02,0.07
ViT-L-14__block12__fov,400_500,1,6,7.4613,5.0747,0.02,0.1
ViT-L-14__block12__fov,400_500,2,5,7.4437,5.1332,0.025,0.05
ViT-L-14__block12__fov,400_500,3,5,7.4655,5.1791,0.02,0.055
ViT-L-14__block12__fov,400_500,4,6,7.4196,5.1447,0.01,0.05
ViT-L-14__block12__fov,500_600,0,3,7.4997,5.2866,0.005,0.045
ViT-L-14__block12__fov,500_600,1,3,7.4867,5.2818,0.0,0.035
ViT-L-14__block12__fov,500_600,2,3,7.5029,5.2821,0.005,0.025
ViT-L-14__block12__fov,500_600,3,3,7.4921,5.3267,0.015,0.045
ViT-L-14__block12__fov,500_600,4,3,7.5036,5.2736,0.025,0.065
ViT-L-14__block12__fov,600_700,0,2,7.5089,5.3088,0.01,0.025
ViT-L-14__block12__fov,600_700,1,2,7.5056,5.3115,0.01,0.035
ViT-L-14__block12__fov,600_700,2,2,7.5051,5.3246,0.0,0.04
ViT-L-14__block12__fov,600_700,3,2,7.5065,5.3353,0.0,0.005
ViT-L-14__block12__fov,600_700,4,2,7.4889,5.3063,0.005,0.04
ViT-L-14__block12__fov,700_800,0,2,7.5096,5.3438,0.005,0.02
ViT-L-14__block12__fov,700_800,1,2,7.5282,5.3193,0.0,0.035
ViT-L-14__block12__fov,700_800,2,3,7.5157,5.3489,0.005,0.03
ViT-L-14__block12__fov,700_800,3,2,7.5175,5.3585,0.0,0.025
ViT-L-14__block12__fov,700_800,4,2,7.5008,5.3179,0.01,0.045
ViT-L-14__block12__fov,800_900,0,2,7.5267,5.3257,0.0,0.025
ViT-L-14__block12__fov,800_900,1,2,7.4995,5.3229,0.005,0.035
ViT-L-14__block12__fov,800_900,2,2,7.5074,5.3423,0.0,0.03
ViT-L-14__block12__fov,800_900,3,2,7.5238,5.3559,0.0,0.005
ViT-L-14__block12__fov,800_900,4,2,7.5056,5.3384,0.0,0.04
ViT-L-14__block12__fov,900_1000,0,2,7.5132,5.3405,0.01,0.025
ViT-L-14__block12__fov,900_1000,1,2,7.5184,5.3096,0.015,0.035
ViT-L-14__block12__fov,900_1000,2,3,7.5136,5.3166,0.01,0.03
ViT-L-14__block12__fov,900_1000,3,2,7.5296,5.3429,0.005,0.02
ViT-L-14__block12__fov,900_1000,4,2,7.5113,5.3475,0.0,0.03
ViT-L-14__block16,0_100,0,18,7.0616,4.3656,0.075,0.25
ViT-L-14__block16,0_100,1,19,7.0357,4.3222,0.07,0.225
ViT-L-14__block16,0_100,2,18,7.0537,4.3976,0.075,0.2
ViT-L-14__block16,0_100,3,20,7.0564,4.3205,0.1,0.25
ViT-L-14__block16,0_100,4,19,7.0215,4.3557,0.045,0.225
ViT-L-14__block16,100_200,0,26,6.6182,3.7605,0.165,0.39
ViT-L-14__block16,100_200,1,26,6.6552,3.7519,0.165,0.365
ViT-L-14__block16,100_200,2,31,6.6366,3.7346,0.19,0.375
ViT-L-14__block16,100_200,3,22,6.6039,3.7945,0.175,0.35
ViT-L-14__block16,100_200,4,25,6.6027,3.7268,0.185,0.38
ViT-L-14__block16,200_300,0,33,6.648,3.6875,0.14,0.45
ViT-L-14__block16,200_300,1,28,6.6755,3.71,0.125,0.425
ViT-L-14__block16,200_300,2,30,6.6882,3.6884,0.155,0.42
ViT-L-14__block16,200_300,3,32,6.6556,3.7359,0.135,0.39
ViT-L-14__block16,200_300,4,27,6.6886,3.7304,0.145,0.415
ViT-L-14__block16,300_400,0,14,7.1159,4.2893,0.08,0.29
ViT-L-14__block16,300_400,1,13,7.1318,4.33,0.06,0.26
ViT-L-14__block16,300_400,2,16,7.1164,4.2879,0.055,0.23
ViT-L-14__block16,300_400,3,14,7.1069,4.3042,0.06,0.25
ViT-L-14__block16,300_400,4,12,7.119,4.3242,0.06,0.235
ViT-L-14__block16,400_500,0,7,7.4409,5.094,0.015,0.07
ViT-L-14__block16,400_500,1,7,7.4408,5.0673,0.02,0.075
ViT-L-14__block16,400_500,2,7,7.4271,5.0709,0.015,0.06
ViT-L-14__block16,400_500,3,5,7.4563,5.1761,0.015,0.09
ViT-L-14__block16,400_500,4,6,7.4321,5.1137,0.015,0.065
ViT-L-14__block16,500_600,0,3,7.5064,5.2808,0.015,0.04
ViT-L-14__block16,500_600,1,3,7.4982,5.3118,0.0,0.02
ViT-L-14__block16,500_600,2,3,7.4853,5.2924,0.015,0.04
ViT-L-14__block16,500_600,3,3,7.5032,5.2911,0.005,0.015
ViT-L-14__block16,500_600,4,3,7.4896,5.2854,0.005,0.04
ViT-L-14__block16,600_700,0,2,7.4921,5.3225,0.005,0.025
ViT-L-14__block16,600_700,1,2,7.5081,5.3147,0.01,0.035
ViT-L-14__block16,600_700,2,2,7.4997,5.3215,0.01,0.025
ViT-L-14__block16,600_700,3,2,7.4998,5.3327,0.02,0.045
ViT-L-14__block16,600_700,4,2,7.4945,5.3057,0.005,0.03
ViT-L-14__block16,700_800,0,2,7.505,5.3581,0.005,0.04
ViT-L-14__block16,700_800,1,3,7.5137,5.3017,0.015,0.045
ViT-L-14__block16,700_800,2,3,7.5157,5.3422,0.01,0.03
ViT-L-14__block16,700_800,3,2,7.5068,5.3423,0.0,0.03
ViT-L-14__block16,700_800,4,2,7.5029,5.3181,0.005,0.025
ViT-L-14__block16,800_900,0,2,7.5064,5.3248,0.005,0.03
ViT-L-14__block16,800_900,1,2,7.5051,5.3134,0.0,0.035
ViT-L-14__block16,800_900,2,2,7.5107,5.3091,0.01,0.03
ViT-L-14__block16,800_900,3,2,7.5152,5.3404,0.005,0.045
ViT-L-14__block16,800_900,4,2,7.5053,5.3356,0.005,0.02
ViT-L-14__block16,900_1000,0,2,7.5184,5.3494,0.005,0.02
ViT-L-14__block16,900_1000,1,2,7.4975,5.3016,0.02,0.025
ViT-L-14__block16,900_1000,2,2,7.5221,5.3361,0.005,0.025
ViT-L-14__block16,900_1000,3,2,7.5175,5.3456,0.005,0.035
ViT-L-14__block16,900_1000,4,2,7.5142,5.3218,0.005,0.04
ViT-L-14__block16__fov,0_100,0,21,7.0141,4.2895,0.095,0.24
ViT-L-14__block16__fov,0_100,1,19,7.015,4.2794,0.075,0.28
ViT-L-14__block16__fov,0_100,2,24,6.9977,4.2623,0.09,0.255
ViT-L-14__block16__fov,0_100,3,22,7.0161,4.2604,0.08,0.255
ViT-L-14__block16__fov,0_100,4,23,7.0101,4.2309,0.065,0.26
ViT-L-14__block16__fov,100_200,0,26,6.5613,3.6317,0.2,0.435
ViT-L-14__block16__fov,100_200,1,26,6.597,3.6177,0.185,0.43
ViT-L-14__block16__fov,100_200,2,28,6.5709,3.589,0.18,0.44
ViT-L-14__block16__fov,100_200,3,31,6.5764,3.6055,0.185,0.425
ViT-L-14__block16__fov,100_200,4,31,6.5323,3.6125,0.165,0.44
ViT-L-14__block16__fov,200_300,0,33,6.6035,3.6396,0.175,0.45
ViT-L-14__block16__fov,200_300,1,38,6.6541,3.6412,0.165,0.44
ViT-L-14__block16__fov,200_300,2,29,6.6298,3.6461,0.18,0.4
ViT-L-14__block16__fov,200_300,3,29,6.5991,3.664,0.14,0.435
ViT-L-14__block16__fov,200_300,4,28,6.6321,3.6482,0.165,0.465
ViT-L-14__block16__fov,300_400,0,14,7.1241,4.3372,0.05,0.26
ViT-L-14__block16__fov,300_400,1,13,7.0972,4.3238,0.055,0.23
ViT-L-14__block16__fov,300_400,2,16,7.0886,4.2695,0.075,0.265
ViT-L-14__block16__fov,300_400,3,16,7.1081,4.2539,0.065,0.26
ViT-L-14__block16__fov,300_400,4,14,7.1023,4.3166,0.075,0.26
ViT-L-14__block16__fov,400_500,0,8,7.4251,5.0745,0.025,0.09
ViT-L-14__block16__fov,400_500,1,6,7.4436,5.1482,0.01,0.05
ViT-L-14__block16__fov,400_500,2,10,7.4288,4.9716,0.01,0.095
ViT-L-14__block16__fov,400_500,3,7,7.4789,5.1017,0.02,0.05
ViT-L-14__block16__fov,400_500,4,10,7.4081,5.0212,0.02,0.085
ViT-L-14__block16__fov,500_600,0,3,7.5016,5.2995,0.02,0.055
ViT-L-14__block16__fov,500_600,1,3,7.5089,5.3218,0.01,0.035
ViT-L-14__block16__fov,500_600,2,3,7.4988,5.2732,0.01,0.04
ViT-L-14__block16__fov,500_600,3,2,7.5122,5.3033,0.01,0.03
ViT-L-14__block16__fov,500_600,4,2,7.4804,5.3227,0.005,0.04
ViT-L-14__block16__fov,600_700,0,2,7.4978,5.3109,0.005,0.035
ViT-L-14__block16__fov,600_700,1,2,7.5273,5.3521,0.005,0.035
ViT-L-14__block16__fov,600_700,2,3,7.5059,5.2961,0.0,0.045
ViT-L-14__block16__fov,600_700,3,2,7.5152,5.3254,0.0,0.03
ViT-L-14__block16__fov,600_700,4,2,7.4904,5.3515,0.005,0.02
ViT-L-14__block16__fov,700_800,0,3,7.5213,5.3523,0.01,0.03
ViT-L-14__block16__fov,700_800,1,2,7.5397,5.3533,0.005,0.035
ViT-L-14__block16__fov,700_800,2,3,7.5281,5.2971,0.015,0.05
ViT-L-14__block16__fov,700_800,3,2,7.5173,5.3258,0.015,0.045
ViT-L-14__block16__fov,700_800,4,2,7.4991,5.3466,0.0,0.02
ViT-L-14__block16__fov,800_900,0,2,7.5287,5.3091,0.005,0.03
ViT-L-14__block16__fov,800_900,1,2,7.5139,5.3336,0.005,0.05
ViT-L-14__block16__fov,800_900,2,2,7.5009,5.3166,0.005,0.035
ViT-L-14__block16__fov,800_900,3,2,7.5224,5.3225,0.005,0.02
ViT-L-14__block16__fov,800_900,4,2,7.4877,5.3323,0.005,0.025
ViT-L-14__block16__fov,900_1000,0,3,7.5369,5.3376,0.005,0.04
ViT-L-14__block16__fov,900_1000,1,2,7.524,5.358,0.0,0.015
ViT-L-14__block16__fov,900_1000,2,3,7.5264,5.2965,0.0,0.045
ViT-L-14__block16__fov,900_1000,3,2,7.5433,5.3169,0.005,0.03
ViT-L-14__block16__fov,900_1000,4,2,7.5024,5.3421,0.005,0.045
ViT-L-14__block20,0_100,0,16,7.1853,4.6628,0.035,0.155
ViT-L-14__block20,0_100,1,19,7.1577,4.592,0.065,0.16
ViT-L-14__block20,0_100,2,16,7.1607,4.615,0.025,0.18
ViT-L-14__block20,0_100,3,15,7.1475,4.6507,0.045,0.14
ViT-L-14__block20,0_100,4,23,7.1439,4.6097,0.04,0.195
ViT-L-14__block20,100_200,0,23,6.7221,3.9574,0.14,0.33
ViT-L-14__block20,100_200,1,23,6.7301,3.9634,0.105,0.36
ViT-L-14__block20,100_200,2,24,6.7425,3.9211,0.12,0.34
ViT-L-14__block20,100_200,3,20,6.706,3.967,0.12,0.37
ViT-L-14__block20,100_200,4,23,6.7133,3.9755,0.125,0.31
ViT-L-14__block20,200_300,0,26,6.7171,3.8513,0.125,0.375
ViT-L-14__block20,200_300,1,30,6.7315,3.893,0.135,0.325
ViT-L-14__block20,200_300,2,27,6.7503,3.8394,0.12,0.395
ViT-L-14__block20,200_300,3,28,6.6823,3.8549,0.125,0.385
ViT-L-14__block20,200_300,4,27,6.7505,3.8514,0.135,0.41
ViT-L-14__block20,300_400,0,17,7.0867,4.2642,0.08,0.23
ViT-L-14__block20,300_400,1,18,7.0986,4.2203,0.07,0.26
ViT-L-14__block20,300_400,2,18,7.0866,4.2438,0.06,0.245
ViT-L-14__block20,300_400,3,18,7.067,4.259,0.08,0.235
ViT-L-14__block20,300_400,4,17,7.104,4.2366,0.08,0.245
ViT-L-14__block20,400_500,0,9,7.4289,4.9745,0.025,0.08
ViT-L-14__block20,400_500,1,11,7.4158,4.9591,0.025,0.085
ViT-L-14__block20,400_500,2,10,7.4185,5.0265,0.02,0.08
ViT-L-14__block20,400_500,3,13,7.432,4.9198,0.02,0.13
ViT-L-14__block20,400_500,4,8,7.4413,5.0165,0.01,0.07
ViT-L-14__block20,500_600,0,3,7.5013,5.2713,0.01,0.05
ViT-L-14__block20,500_600,1,4,7.512,5.2703,0.015,0.06
ViT-L-14__block20,500_600,2,4,7.4942,5.3375,0.0,0.035
ViT-L-14__block20,500_600,3,3,7.5228,5.3072,0.0,0.03
ViT-L-14__block20,500_600,4,2,7.4955,5.3325,0.01,0.04
ViT-L-14__block20,600_700,0,2,7.5053,5.3281,0.005,0.025
ViT-L-14__block20,600_700,1,2,7.5024,5.3344,0.005,0.025
ViT-L-14__block20,600_700,2,3,7.5213,5.3371,0.01,0.025
ViT-L-14__block20,600_700,3,2,7.5157,5.342,0.0,0.035
ViT-L-14__block20,600_700,4,2,7.5114,5.3523,0.005,0.03
ViT-L-14__block20,700_800,0,2,7.5306,5.3503,0.005,0.035
ViT-L-14__block20,700_800,1,2,7.524,5.3191,0.005,0.02
ViT-L-14__block20,700_800,2,3,7.5161,5.3327,0.01,0.035
ViT-L-14__block20,700_800,3,3,7.531,5.3741,0.005,0.015
ViT-L-14__block20,700_800,4,2,7.5194,5.3561,0.0,0.04
ViT-L-14__block20,800_900,0,2,7.5151,5.358,0.0,0.02
ViT-L-14__block20,800_900,1,2,7.5231,5.3612,0.01,0.03
ViT-L-14__block20,800_900,2,2,7.5215,5.3349,0.015,0.025
ViT-L-14__block20,800_900,3,2,7.5121,5.3676,0.005,0.03
ViT-L-14__block20,800_900,4,2,7.5222,5.3493,0.0,0.025
ViT-L-14__block20,900_1000,0,2,7.5307,5.3899,0.0,0.025
ViT-L-14__block20,900_1000,1,2,7.5297,5.3589,0.005,0.025
ViT-L-14__block20,900_1000,2,3,7.527,5.3646,0.005,0.035
ViT-L-14__block20,900_1000,3,2,7.5227,5.3668,0.0,0.025
ViT-L-14__block20,900_1000,4,2,7.5195,5.3636,0.0,0.03
ViT-L-14__block20__fov,0_100,0,17,7.1665,4.5765,0.05,0.185
ViT-L-14__block20__fov,0_100,1,19,7.1353,4.6346,0.05,0.16
ViT-L-14__block20__fov,0_100,2,20,7.1467,4.5776,0.065,0.185
ViT-L-14__block20__fov,0_100,3,15,7.1453,4.6438,0.035,0.175
ViT-L-14__block20__fov,0_100,4,23,7.1533,4.5685,0.055,0.18
ViT-L-14__block20__fov,100_200,0,22,6.716,3.9238,0.125,0.38
ViT-L-14__block20__fov,100_200,1,23,6.7084,3.8834,0.125,0.395
ViT-L-14__block20__fov,100_200,2,24,6.7083,3.8731,0.12,0.37
ViT-L-14__block20__fov,100_200,3,22,6.6658,3.9227,0.12,0.35
ViT-L-14__block20__fov,100_200,4,26,6.6744,3.8827,0.145,0.37
ViT-L-14__block20__fov,200_300,0,26,6.7026,3.7938,0.125,0.38
ViT-L-14__block20__fov,200_300,1,30,6.7161,3.8515,0.12,0.365
ViT-L-14__block20__fov,200_300,2,26,6.7199,3.8143,0.125,0.34
ViT-L-14__block20__fov,200_300,3,31,6.6676,3.8329,0.13,0.37
ViT-L-14__block20__fov,200_300,4,26,6.7393,3.7994,0.135,0.375
ViT-L-14__block20__fov,300_400,0,18,7.0675,4.1989,0.11,0.24
ViT-L-14__block20__fov,300_400,1,18,7.0824,4.2226,0.08,0.24
ViT-L-14__block20__fov,300_400,2,18,7.0684,4.2339,0.07,0.225
ViT-L-14__block20__fov,300_400,3,18,7.0568,4.2128,0.085,0.24
ViT-L-14__block20__fov,300_400,4,17,7.0963,4.2241,0.065,0.26
ViT-L-14__block20__fov,400_500,0,9,7.4342,4.9766,0.035,0.105
ViT-L-14__block20__fov,400_500,1,11,7.4188,4.9777,0.02,0.11
ViT-L-14__block20__fov,400_500,2,10,7.4216,4.9913,0.02,0.135
ViT-L-14__block20__fov,400_500,3,12,7.4219,5.0007,0.03,0.09
ViT-L-14__block20__fov,400_500,4,10,7.4448,4.9706,0.045,0.12
ViT-L-14__block20__fov,500_600,0,3,7.5019,5.3172,0.015,0.05
ViT-L-14__block20__fov,500_600,1,3,7.4986,5.2757,0.01,0.045
ViT-L-14__block20__fov,500_600,2,4,7.4953,5.3017,0.005,0.045
ViT-L-14__block20__fov,500_600,3,3,7.5144,5.3303,0.01,0.03
ViT-L-14__block20__fov,500_600,4,3,7.5151,5.3286,0.005,0.035
ViT-L-14__block20__fov,600_700,0,3,7.5131,5.3383,0.01,0.03
ViT-L-14__block20__fov,600_700,1,2,7.5151,5.3398,0.0,0.03
ViT-L-14__block20__fov,600_700,2,3,7.5185,5.3477,0.0,0.035
ViT-L-14__block20__fov,600_700,3,2,7.5081,5.3503,0.005,0.03
ViT-L-14__block20__fov,600_700,4,2,7.5264,5.3473,0.01,0.03
ViT-L-14__block20__fov,700_800,0,3,7.5358,5.3578,0.01,0.02
ViT-L-14__block20__fov,700_800,1,2,7.5134,5.3251,0.01,0.035
ViT-L-14__block20__fov,700_800,2,3,7.529,5.3546,0.005,0.04
ViT-L-14__block20__fov,700_800,3,3,7.5606,5.3777,0.015,0.035
ViT-L-14__block20__fov,700_800,4,2,7.543,5.3626,0.005,0.04
ViT-L-14__block20__fov,800_900,0,2,7.5295,5.3589,0.0,0.01
ViT-L-14__block20__fov,800_900,1,2,7.5145,5.352,0.005,0.045
ViT-L-14__block20__fov,800_900,2,2,7.528,5.3314,0.0,0.025
ViT-L-14__block20__fov,800_900,3,2,7.5393,5.3732,0.015,0.015
ViT-L-14__block20__fov,800_900,4,2,7.5375,5.3475,0.005,0.035
ViT-L-14__block20__fov,900_1000,0,3,7.5414,5.3988,0.01,0.015
ViT-L-14__block20__fov,900_1000,1,2,7.5233,5.3559,0.0,0.02
ViT-L-14__block20__fov,900_1000,2,2,7.5288,5.3451,0.005,0.035
ViT-L-14__block20__fov,900_1000,3,3,7.5499,5.3901,0.005,0.025
ViT-L-14__block20__fov,900_1000,4,2,7.5466,5.3615,0.0,0.03
ViT-L-14__block24,0_100,0,13,7.3065,4.8895,0.025,0.115
ViT-L-14__block24,0_100,1,14,7.316,4.8915,0.03,0.12
ViT-L-14__block24,0_100,2,15,7.2975,4.852,0.035,0.14
ViT-L-14__block24,0_100,3,13,7.275,4.8825,0.03,0.1
ViT-L-14__block24,0_100,4,17,7.2851,4.9039,0.05,0.095
ViT-L-14__block24,100_200,0,17,6.8955,4.2769,0.08,0.255
ViT-L-14__block24,100_200,1,19,6.9108,4.2743,0.065,0.26
ViT-L-14__block24,100_200,2,18,6.9202,4.2728,0.055,0.24
ViT-L-14__block24,100_200,3,17,6.8897,4.3024,0.065,0.26
ViT-L-14__block24,100_200,4,21,6.9204,4.2863,0.085,0.255
ViT-L-14__block24,200_300,0,20,6.9319,4.2412,0.07,0.25
ViT-L-14__block24,200_300,1,23,6.9245,4.2115,0.095,0.28
ViT-L-14__block24,200_300,2,23,6.885,4.222,0.1,0.285
ViT-L-14__block24,200_300,3,26,6.89,4.2218,0.085,0.245
ViT-L-14__block24,200_300,4,27,6.931,4.2156,0.09,0.255
ViT-L-14__block24,300_400,0,17,7.1845,4.4729,0.07,0.195
ViT-L-14__block24,300_400,1,18,7.1635,4.456,0.06,0.205
ViT-L-14__block24,300_400,2,18,7.1638,4.4863,0.05,0.19
ViT-L-14__block24,300_400,3,17,7.2047,4.4893,0.07,0.225
ViT-L-14__block24,300_400,4,18,7.1877,4.465,0.08,0.185
ViT-L-14__block24,400_500,0,10,7.4571,5.0015,0.03,0.11
ViT-L-14__block24,400_500,1,13,7.4647,5.0175,0.03,0.1
ViT-L-14__block24,400_500,2,10,7.4394,5.0493,0.025,0.09
ViT-L-14__block24,400_500,3,12,7.4972,5.0183,0.025,0.095
ViT-L-14__block24,400_500,4,8,7.4809,5.0666,0.035,0.105
ViT-L-14__block24,500_600,0,3,7.5322,5.3125,0.005,0.06
ViT-L-14__block24,500_600,1,4,7.5217,5.318,0.005,0.03
ViT-L-14__block24,500_600,2,6,7.5103,5.2972,0.01,0.035
ViT-L-14__block24,500_600,3,3,7.5284,5.2854,0.015,0.04
ViT-L-14__block24,500_600,4,3,7.5239,5.3165,0.005,0.03
ViT-L-14__block24,600_700,0,2,7.514,5.3203,0.005,0.02
ViT-L-14__block24,600_700,1,2,7.5259,5.3107,0.0,0.035
ViT-L-14__block24,600_700,2,3,7.5234,5.3689,0.0,0.02
ViT-L-14__block24,600_700,3,2,7.539,5.3331,0.0,0.02
ViT-L-14__block24,600_700,4,2,7.53,5.3291,0.005,0.025
ViT-L-14__block24,700_800,0,2,7.5261,5.3511,0.005,0.05
ViT-L-14__block24,700_800,1,2,7.5242,5.348,0.005,0.02
ViT-L-14__block24,700_800,2,3,7.5428,5.377,0.0,0.02
ViT-L-14__block24,700_800,3,2,7.5453,5.3352,0.01,0.03
ViT-L-14__block24,700_800,4,2,7.5399,5.3323,0.005,0.03
ViT-L-14__block24,800_900,0,2,7.5308,5.3724,0.005,0.01
ViT-L-14__block24,800_900,1,2,7.5319,5.3389,0.005,0.015
ViT-L-14__block24,800_900,2,2,7.5408,5.3485,0.005,0.04
ViT-L-14__block24,800_900,3,2,7.5498,5.3579,0.01,0.025
ViT-L-14__block24,800_900,4,2,7.5395,5.3495,0.0,0.025
ViT-L-14__block24,900_1000,0,3,7.5272,5.3751,0.0,0.025
ViT-L-14__block24,900_1000,1,2,7.5297,5.3901,0.0,0.015
ViT-L-14__block24,900_1000,2,3,7.5515,5.3457,0.0,0.01
ViT-L-14__block24,900_1000,3,2,7.5513,5.355,0.0,0.035
ViT-L-14__block24,900_1000,4,2,7.5575,5.3449,0.01,0.035
ViT-L-14__block24__fov,0_100,0,14,7.2924,4.9219,0.03,0.13
ViT-L-14__block24__fov,0_100,1,16,7.3041,4.8792,0.04,0.11
ViT-L-14__block24__fov,0_100,2,18,7.2768,4.8199,0.05,0.125
ViT-L-14__block24__fov,0_100,3,14,7.2703,4.8941,0.055,0.115
ViT-L-14__block24__fov,0_100,4,17,7.2758,4.8951,0.045,0.09
ViT-L-14__block24__fov,100_200,0,19,6.8851,4.2539,0.08,0.245
ViT-L-14__block24__fov,100_200,1,22,6.8811,4.2312,0.05,0.26
ViT-L-14__block24__fov,100_200,2,19,6.9053,4.2154,0.09,0.26
ViT-L-14__block24__fov,100_200,3,17,6.8851,4.2636,0.085,0.22
ViT-L-14__block24__fov,100_200,4,23,6.8982,4.2662,0.08,0.245
ViT-L-14__block24__fov,200_300,0,20,6.9136,4.1908,0.09,0.295
ViT-L-14__block24__fov,200_300,1,23,6.9278,4.1511,0.065,0.29
ViT-L-14__block24__fov,200_300,2,22,6.8993,4.1621,0.11,0.28
ViT-L-14__block24__fov,200_300,3,26,6.8701,4.1463,0.08,0.3
ViT-L-14__block24__fov,200_300,4,26,6.9278,4.1427,0.09,0.305
ViT-L-14__block24__fov,300_400,0,17,7.1928,4.4919,0.07,0.215
ViT-L-14__block24__fov,300_400,1,14,7.2092,4.5163,0.06,0.21
ViT-L-14__block24__fov,300_400,2,18,7.1645,4.5077,0.055,0.2
ViT-L-14__block24__fov,300_400,3,17,7.184,4.5267,0.055,0.19
ViT-L-14__block24__fov,300_400,4,17,7.1721,4.4832,0.06,0.205
ViT-L-14__block24__fov,400_500,0,10,7.4327,5.0278,0.02,0.11
ViT-L-14__block24__fov,400_500,1,12,7.4579,5.0005,0.03,0.1
ViT-L-14__block24__fov,400_500,2,10,7.4378,5.0166,0.025,0.08
ViT-L-14__block24__fov,400_500,3,13,7.4819,5.0276,0.04,0.11
ViT-L-14__block24__fov,400_500,4,10,7.4705,5.024,0.035,0.105
ViT-L-14__block24__fov,500_600,0,3,7.5247,5.29,0.01,0.045
ViT-L-14__block24__fov,500_600,1,3,7.5211,5.312,0.005,0.045
ViT-L-14__block24__fov,500_600,2,4,7.5221,5.3101,0.005,0.02
ViT-L-14__block24__fov,500_600,3,3,7.5284,5.3038,0.005,0.06
ViT-L-14__block24__fov,500_600,4,3,7.5283,5.2768,0.015,0.055
ViT-L-14__block24__fov,600_700,0,2,7.5268,5.3171,0.005,0.025
ViT-L-14__block24__fov,600_700,1,2,7.5152,5.3213,0.0,0.025
ViT-L-14__block24__fov,600_700,2,3,7.532,5.3617,0.0,0.04
ViT-L-14__block24__fov,600_700,3,2,7.5238,5.3617,0.01,0.035
ViT-L-14__block24__fov,600_700,4,3,7.5334,5.3389,0.015,0.04
ViT-L-14__block24__fov,700_800,0,2,7.5647,5.3414,0.005,0.03
ViT-L-14__block24__fov,700_800,1,2,7.533,5.3618,0.01,0.05
ViT-L-14__block24__fov,700_800,2,3,7.5438,5.4082,0.005,0.015
ViT-L-14__block24__fov,700_800,3,2,7.5336,5.3429,0.015,0.035
ViT-L-14__block24__fov,700_800,4,2,7.552,5.3466,0.015,0.03
ViT-L-14__block24__fov,800_900,0,2,7.5288,5.3672,0.0,0.025
ViT-L-14__block24__fov,800_900,1,2,7.5031,5.378,0.0,0.015
ViT-L-14__block24__fov,800_900,2,2,7.5308,5.3839,0.005,0.02
ViT-L-14__block24__fov,800_900,3,2,7.5399,5.364,0.0,0.02
ViT-L-14__block24__fov,800_900,4,2,7.5497,5.3474,0.005,0.04
ViT-L-14__block24__fov,900_1000,0,2,7.5417,5.347,0.005,0.015
ViT-L-14__block24__fov,900_1000,1,2,7.5239,5.4089,0.005,0.03
ViT-L-14__block24__fov,900_1000,2,2,7.5426,5.4,0.005,0.02
ViT-L-14__block24__fov,900_1000,3,2,7.5608,5.3583,0.0,0.035
ViT-L-14__block24__fov,900_1000,4,2,7.5568,5.3591,0.015,0.04
ViT-L-14__block4,0_100,0,26,6.6879,3.6275,0.115,0.405
ViT-L-14__block4,0_100,1,41,6.635,3.5736,0.145,0.39
ViT-L-14__block4,0_100,2,29,6.6947,3.6281,0.1,0.375
ViT-L-14__block4,0_100,3,39,6.7063,3.6382,0.13,0.375
ViT-L-14__block4,0_100,4,30,6.6871,3.6658,0.11,0.355
ViT-L-14__block4,100_200,0,38,6.3318,3.1576,0.255,0.515
ViT-L-14__block4,100_200,1,35,6.3764,3.1819,0.245,0.49
ViT-L-14__block4,100_200,2,42,6.3236,3.137,0.245,0.505
ViT-L-14__block4,100_200,3,42,6.3444,3.1598,0.21,0.49
ViT-L-14__block4,100_200,4,40,6.2531,3.1664,0.21,0.5
ViT-L-14__block4,200_300,0,33,6.5573,3.5059,0.19,0.48
ViT-L-14__block4,200_300,1,35,6.5394,3.4978,0.18,0.465
ViT-L-14__block4,200_300,2,37,6.5835,3.4791,0.185,0.455
ViT-L-14__block4,200_300,3,44,6.5625,3.4333,0.2,0.485
ViT-L-14__block4,200_300,4,31,6.5621,3.5013,0.19,0.48
ViT-L-14__block4,300_400,0,12,7.186,4.471,0.035,0.185
ViT-L-14__block4,300_400,1,12,7.1756,4.5101,0.045,0.2
ViT-L-14__block4,300_400,2,12,7.1452,4.4751,0.06,0.225
ViT-L-14__block4,300_400,3,14,7.1764,4.4582,0.055,0.25
ViT-L-14__block4,300_400,4,11,7.1899,4.4846,0.055,0.22
ViT-L-14__block4,400_500,0,6,7.3943,5.0476,0.02,0.065
ViT-L-14__block4,400_500,1,5,7.3869,5.1093,0.005,0.045
ViT-L-14__block4,400_500,2,5,7.3878,5.0989,0.005,0.095
ViT-L-14__block4,400_500,3,5,7.4006,5.0812,0.015,0.08
ViT-L-14__block4,400_500,4,4,7.3804,5.0944,0.03,0.095
ViT-L-14__block4,500_600,0,3,7.4459,5.2622,0.01,0.05
ViT-L-14__block4,500_600,1,3,7.4437,5.261,0.01,0.025
ViT-L-14__block4,500_600,2,3,7.4423,5.2545,0.015,0.04
ViT-L-14__block4,500_600,3,3,7.459,5.2638,0.0,0.045
ViT-L-14__block4,500_600,4,3,7.4474,5.2587,0.015,0.045
ViT-L-14__block4,600_700,0,2,7.4407,5.2994,0.005,0.04
ViT-L-14__block4,600_700,1,2,7.453,5.3104,0.01,0.03
ViT-L-14__block4,600_700,2,3,7.453,5.2946,0.01,0.06
ViT-L-14__block4,600_700,3,2,7.448,5.3244,0.005,0.015
ViT-L-14__block4,600_700,4,2,7.4432,5.3054,0.005,0.03
ViT-L-14__block4,700_800,0,2,7.449,5.3132,0.0,0.04
ViT-L-14__block4,700_800,1,3,7.468,5.3039,0.005,0.035
ViT-L-14__block4,700_800,2,4,7.464,5.332,0.005,0.03
ViT-L-14__block4,700_800,3,2,7.4627,5.3117,0.0,0.03
ViT-L-14__block4,700_800,4,2,7.4478,5.3069,0.0,0.025
ViT-L-14__block4,800_900,0,2,7.4663,5.3151,0.005,0.035
ViT-L-14__block4,800_900,1,2,7.4534,5.3232,0.005,0.025
ViT-L-14__block4,800_900,2,2,7.4649,5.3075,0.005,0.03
ViT-L-14__block4,800_900,3,2,7.4562,5.3183,0.01,0.01
ViT-L-14__block4,800_900,4,2,7.4435,5.3067,0.005,0.035
ViT-L-14__block4,900_1000,0,3,7.4663,5.3407,0.0,0.005
ViT-L-14__block4,900_1000,1,3,7.4604,5.3336,0.005,0.015
ViT-L-14__block4,900_1000,2,4,7.4678,5.3319,0.0,0.02
ViT-L-14__block4,900_1000,3,2,7.458,5.3042,0.005,0.035
ViT-L-14__block4,900_1000,4,2,7.4625,5.3175,0.005,0.02
ViT-L-14__block4__fov,0_100,0,30,6.6589,3.5387,0.16,0.38
ViT-L-14__block4__fov,0_100,1,41,6.594,3.5101,0.145,0.41
ViT-L-14__block4__fov,0_100,2,29,6.6584,3.5735,0.115,0.38
ViT-L-14__block4__fov,0_100,3,31,6.6565,3.5682,0.12,0.43
ViT-L-14__block4__fov,0_100,4,24,6.6464,3.5962,0.135,0.395
ViT-L-14__block4__fov,100_200,0,38,6.2954,3.0461,0.215,0.55
ViT-L-14__block4__fov,100_200,1,35,6.3266,3.0733,0.235,0.555
ViT-L-14__block4__fov,100_200,2,42,6.2782,3.0626,0.235,0.54
ViT-L-14__block4__fov,100_200,3,42,6.2865,3.0737,0.225,0.52
ViT-L-14__block4__fov,100_200,4,46,6.218,3.0762,0.22,0.53
ViT-L-14__block4__fov,200_300,0,33,6.5222,3.4229,0.2,0.5
ViT-L-14__block4__fov,200_300,1,35,6.5177,3.4202,0.2,0.47
ViT-L-14__block4__fov,200_300,2,42,6.5566,3.3774,0.19,0.49
ViT-L-14__block4__fov,200_300,3,44,6.5468,3.3973,0.22,0.485
ViT-L-14__block4__fov,200_300,4,31,6.5322,3.3966,0.21,0.485
ViT-L-14__block4__fov,300_400,0,12,7.1668,4.4379,0.055,0.225
ViT-L-14__block4__fov,300_400,1,13,7.1785,4.4492,0.07,0.23
ViT-L-14__block4__fov,300_400,2,12,7.1346,4.4556,0.07,0.2
ViT-L-14__block4__fov,300_400,3,14,7.1713,4.4321,0.065,0.235
ViT-L-14__block4__fov,300_400,4,11,7.1887,4.4473,0.06,0.205
ViT-L-14__block4__fov,400_500,0,5,7.3873,5.0483,0.02,0.085
ViT-L-14__block4__fov,400_500,1,5,7.3843,5.1083,0.01,0.09
ViT-L-14__block4__fov,400_500,2,8,7.3894,5.0467,0.025,0.09
ViT-L-14__block4__fov,400_500,3,5,7.3897,5.0709,0.03,0.09
ViT-L-14__block4__fov,400_500,4,4,7.3825,5.0894,0.03,0.075
ViT-L-14__block4__fov,500_600,0,3,7.4487,5.2595,0.005,0.04
ViT-L-14__block4__fov,500_600,1,3,7.4454,5.2732,0.01,0.05
ViT-L-14__block4__fov,500_600,2,3,7.4417,5.2687,0.0,0.04
ViT-L-14__block4__fov,500_600,3,3,7.4492,5.2732,0.005,0.04
ViT-L-14__block4__fov,500_600,4,3,7.4486,5.2646,0.015,0.04
ViT-L-14__block4__fov,600_700,0,2,7.4332,5.2947,0.005,0.025
ViT-L-14__block4__fov,600_700,1,2,7.4498,5.3095,0.005,0.02
ViT-L-14__block4__fov,600_700,2,3,7.4568,5.2979,0.005,0.035
ViT-L-14__block4__fov,600_700,3,2,7.4428,5.3204,0.015,0.035
ViT-L-14__block4__fov,600_700,4,2,7.4443,5.3138,0.0,0.025
ViT-L-14__block4__fov,700_800,0,2,7.4478,5.3058,0.0,0.025
ViT-L-14__block4__fov,700_800,1,3,7.4686,5.3132,0.01,0.03
ViT-L-14__block4__fov,700_800,2,4,7.4697,5.3062,0.01,0.025
ViT-L-14__block4__fov,700_800,3,2,7.456,5.3073,0.005,0.03
ViT-L-14__block4__fov,700_800,4,2,7.4499,5.3117,0.005,0.01
ViT-L-14__block4__fov,800_900,0,2,7.4663,5.3157,0.0,0.03
ViT-L-14__block4__fov,800_900,1,2,7.4486,5.3186,0.0,0.025
ViT-L-14__block4__fov,800_900,2,2,7.463,5.3105,0.005,0.025
ViT-L-14__block4__fov,800_900,3,2,7.4535,5.3179,0.0,0.03
ViT-L-14__block4__fov,800_900,4,2,7.4475,5.3222,0.005,0.03
ViT-L-14__block4__fov,900_1000,0,3,7.4655,5.3179,0.0,0.03
ViT-L-14__block4__fov,900_1000,1,3,7.4619,5.3292,0.0,0.015
ViT-L-14__block4__fov,900_1000,2,2,7.4658,5.3084,0.0,0.03
ViT-L-14__block4__fov,900_1000,3,2,7.4504,5.3076,0.0,0.04
ViT-L-14__block4__fov,900_1000,4,2,7.4558,5.3199,0.005,0.02
ViT-L-14__block8,0_100,0,22,6.7372,3.6472,0.18,0.37
ViT-L-14__block8,0_100,1,19,6.7122,3.7,0.14,0.39
ViT-L-14__block8,0_100,2,22,6.7813,3.7158,0.16,0.37
ViT-L-14__block8,0_100,3,25,6.7513,3.6722,0.18,0.375
ViT-L-14__block8,0_100,4,27,6.7228,3.6449,0.175,0.38
ViT-L-14__block8,100_200,0,36,6.2177,2.9612,0.285,0.59
ViT-L-14__block8,100_200,1,31,6.308,2.984,0.28,0.61
ViT-L-14__block8,100_200,2,35,6.2516,2.9857,0.26,0.585
ViT-L-14__block8,100_200,3,33,6.2321,3.0268,0.245,0.59
ViT-L-14__block8,100_200,4,33,6.1884,3.0267,0.265,0.57
ViT-L-14__block8,200_300,0,33,6.4448,3.269,0.215,0.51
ViT-L-14__block8,200_300,1,28,6.4668,3.317,0.2,0.465
ViT-L-14__block8,200_300,2,31,6.4758,3.2782,0.19,0.495
ViT-L-14__block8,200_300,3,40,6.4465,3.2718,0.195,0.515
ViT-L-14__block8,200_300,4,27,6.4954,3.2877,0.195,0.505
ViT-L-14__block8,300_400,0,14,7.0934,4.2444,0.075,0.245
ViT-L-14__block8,300_400,1,12,7.0857,4.2735,0.085,0.25
ViT-L-14__block8,300_400,2,13,7.0778,4.2485,0.07,0.265
ViT-L-14__block8,300_400,3,14,7.0814,4.2204,0.095,0.265
ViT-L-14__block8,300_400,4,12,7.1109,4.2875,0.1,0.265
ViT-L-14__block8,400_500,0,6,7.3893,5.0451,0.025,0.105
ViT-L-14__block8,400_500,1,6,7.4,5.0418,0.02,0.09
ViT-L-14__block8,400_500,2,9,7.4036,4.9996,0.025,0.08
ViT-L-14__block8,400_500,3,5,7.4241,5.0787,0.015,0.08
ViT-L-14__block8,400_500,4,8,7.4039,5.0258,0.015,0.08
ViT-L-14__block8,500_600,0,3,7.4627,5.2441,0.005,0.03
ViT-L-14__block8,500_600,1,3,7.4653,5.2757,0.005,0.045
ViT-L-14__block8,500_600,2,3,7.4584,5.2395,0.015,0.04
ViT-L-14__block8,500_600,3,3,7.4618,5.255,0.01,0.035
ViT-L-14__block8,500_600,4,3,7.4657,5.2815,0.01,0.04
ViT-L-14__block8,600_700,0,2,7.4685,5.3157,0.0,0.005
ViT-L-14__block8,600_700,1,2,7.4711,5.3196,0.0,0.045
ViT-L-14__block8,600_700,2,3,7.4601,5.2953,0.005,0.03
ViT-L-14__block8,600_700,3,2,7.4671,5.307,0.005,0.025
ViT-L-14__block8,600_700,4,2,7.4618,5.3043,0.0,0.02
ViT-L-14__block8,700_800,0,2,7.4774,5.3125,0.01,0.02
ViT-L-14__block8,700_800,1,2,7.4859,5.3244,0.01,0.02
ViT-L-14__block8,700_800,2,3,7.4786,5.309,0.005,0.04
ViT-L-14__block8,700_800,3,2,7.4879,5.3184,0.005,0.03
ViT-L-14__block8,700_800,4,2,7.4834,5.3205,0.01,0.04
ViT-L-14__block8,800_900,0,2,7.4805,5.315,0.0,0.02
ViT-L-14__block8,800_900,1,2,7.4752,5.3124,0.005,0.035
ViT-L-14__block8,800_900,2,2,7.4753,5.2904,0.02,0.05
ViT-L-14__block8,800_900,3,2,7.4777,5.3126,0.005,0.035
ViT-L-14__block8,800_900,4,2,7.4795,5.3259,0.005,0.02
ViT-L-14__block8,900_1000,0,2,7.4799,5.3502,0.005,0.01
ViT-L-14__block8,900_1000,1,2,7.4735,5.3579,0.0,0.025
ViT-L-14__block8,900_1000,2,3,7.4894,5.3184,0.015,0.045
ViT-L-14__block8,900_1000,3,2,7.4754,5.2977,0.015,0.035
ViT-L-14__block8,900_1000,4,2,7.4874,5.3224,0.005,0.035
ViT-L-14__block8__fov,0_100,0,26,6.7425,3.5861,0.18,0.41
ViT-L-14__block8__fov,0_100,1,21,6.6982,3.6255,0.165,0.395
ViT-L-14__block8__fov,0_100,2,19,6.7565,3.6955,0.135,0.36
ViT-L-14__block8__fov,0_100,3,27,6.748,3.5813,0.175,0.4
ViT-L-14__block8__fov,0_100,4,25,6.7303,3.638,0.16,0.375
ViT-L-14__block8__fov,100_200,0,38,6.2027,2.8961,0.29,0.635
ViT-L-14__block8__fov,100_200,1,37,6.2593,2.8974,0.275,0.63
ViT-L-14__block8__fov,100_200,2,35,6.216,2.9415,0.25,0.59
ViT-L-14__block8__fov,100_200,3,43,6.19,2.9584,0.245,0.57
ViT-L-14__block8__fov,100_200,4,37,6.1682,2.9194,0.285,0.615
ViT-L-14__block8__fov,200_300,0,33,6.4223,3.221,0.21,0.55
ViT-L-14__block8__fov,200_300,1,35,6.4348,3.2299,0.215,0.56
ViT-L-14__block8__fov,200_300,2,31,6.4545,3.239,0.205,0.495
ViT-L-14__block8__fov,200_300,3,34,6.439,3.2409,0.215,0.515
ViT-L-14__block8__fov,200_300,4,27,6.4735,3.2306,0.23,0.56
ViT-L-14__block8__fov,300_400,0,14,7.0751,4.2224,0.09,0.28
ViT-L-14__block8__fov,300_400,1,12,7.0942,4.2978,0.095,0.265
ViT-L-14__block8__fov,300_400,2,17,7.0717,4.2383,0.07,0.265
ViT-L-14__block8__fov,300_400,3,14,7.0925,4.2366,0.115,0.27
ViT-L-14__block8__fov,300_400,4,12,7.1126,4.2528,0.12,0.27
ViT-L-14__block8__fov,400_500,0,6,7.3968,5.0217,0.02,0.065
ViT-L-14__block8__fov,400_500,1,6,7.3877,5.0062,0.02,0.09
ViT-L-14__block8__fov,400_500,2,7,7.3953,5.0226,0.02,0.09
ViT-L-14__block8__fov,400_500,3,5,7.4225,5.0324,0.01,0.105
ViT-L-14__block8__fov,400_500,4,6,7.407,5.0504,0.015,0.075
ViT-L-14__block8__fov,500_600,0,3,7.4712,5.2231,0.005,0.045
ViT-L-14__block8__fov,500_600,1,3,7.4588,5.2448,0.01,0.04
ViT-L-14__block8__fov,500_600,2,3,7.4608,5.2552,0.015,0.035
ViT-L-14__block8__fov,500_600,3,2,7.4706,5.2692,0.025,0.045
ViT-L-14__block8__fov,500_600,4,3,7.4709,5.2621,0.0,0.035
ViT-L-14__block8__fov,600_700,0,2,7.4572,5.2996,0.0,0.035
ViT-L-14__block8__fov,600_700,1,2,7.4634,5.2827,0.01,0.035
ViT-L-14__block8__fov,600_700,2,2,7.4783,5.3006,0.005,0.035
ViT-L-14__block8__fov,600_700,3,2,7.4723,5.2979,0.0,0.025
ViT-L-14__block8__fov,600_700,4,2,7.4732,5.3016,0.0,0.02
ViT-L-14__block8__fov,700_800,0,2,7.4637,5.3078,0.015,0.03
ViT-L-14__block8__fov,700_800,1,2,7.4906,5.3051,0.015,0.02
ViT-L-14__block8__fov,700_800,2,3,7.4894,5.2972,0.015,0.03
ViT-L-14__block8__fov,700_800,3,2,7.4765,5.3065,0.015,0.04
ViT-L-14__block8__fov,700_800,4,2,7.4782,5.3078,0.005,0.03
ViT-L-14__block8__fov,800_900,0,2,7.4831,5.3005,0.005,0.025
ViT-L-14__block8__fov,800_900,1,2,7.4809,5.306,0.0,0.04
ViT-L-14__block8__fov,800_900,2,2,7.4862,5.2929,0.005,0.02
ViT-L-14__block8__fov,800_900,3,2,7.4711,5.3098,0.015,0.02
ViT-L-14__block8__fov,800_900,4,2,7.484,5.3258,0.0,0.015
ViT-L-14__block8__fov,900_1000,0,3,7.4826,5.3223,0.005,0.025
ViT-L-14__block8__fov,900_1000,1,2,7.4776,5.3223,0.005,0.05
ViT-L-14__block8__fov,900_1000,2,3,7.4929,5.3174,0.01,0.03
ViT-L-14__block8__fov,900_1000,3,2,7.4733,5.3182,0.01,0.05
ViT-L-14__block8__fov,900_1000,4,2,7.4904,5.3187,0.005,0.025
