target,window,seed,best_epoch,val_loss,test_loss,top1,top5
RN50__attnpool,0_100,0,11,7.3606,4.8983,0.02,0.115
RN50__attnpool,0_100,1,11,7.4045,4.8738,0.03,0.145
RN50__attnpool,0_100,2,10,7.3954,4.9103,0.025,0.115
RN50__attnpool,0_100,3,10,7.3706,4.9365,0.03,0.13
RN50__attnpool,0_100,4,10,7.3818,4.8907,0.02,0.11
RN50__attnpool,100_200,0,14,6.8869,4.0601,0.075,0.305
RN50__attnpool,100_200,1,13,6.9045,4.0402,0.1,0.325
RN50__attnpool,100_200,2,12,6.8908,4.1023,0.09,0.295
RN50__attnpool,100_200,3,14,6.8971,4.0653,0.085,0.315
RN50__attnpool,100_200,4,15,6.8571,4.0029,0.085,0.31
RN50__attnpool,200_300,0,17,6.851,3.8344,0.12,0.395
RN50__attnpool,200_300,1,16,6.8799,3.8602,0.125,0.405
RN50__attnpool,200_300,2,15,6.8481,3.8771,0.14,0.4
RN50__attnpool,200_300,3,14,6.8961,3.912,0.105,0.41
RN50__attnpool,200_300,4,16,6.8493,3.8529,0.13,0.395
RN50__attnpool,300_400,0,12,7.226,4.2627,0.105,0.25
RN50__attnpool,300_400,1,11,7.2152,4.2954,0.095,0.255
RN50__attnpool,300_400,2,12,7.2084,4.2428,0.085,0.26
RN50__attnpool,300_400,3,10,7.2738,4.341,0.1,0.235
RN50__attnpool,300_400,4,11,7.2346,4.3112,0.075,0.265
RN50__attnpool,400_500,0,5,7.4273,4.9876,0.03,0.105
RN50__attnpool,400_500,1,7,7.4111,4.9018,0.025,0.095
RN50__attnpool,400_500,2,7,7.4147,4.9412,0.02,0.09
RN50__attnpool,400_500,3,4,7.435,5.0406,0.02,0.07
RN50__attnpool,400_500,4,7,7.4147,4.9127,0.035,0.1
RN50__attnpool,500_600,0,3,7.4688,5.2703,0.01,0.04
RN50__attnpool,500_600,1,4,7.4894,5.2246,0.01,0.06
RN50__attnpool,500_600,2,4,7.5016,5.2732,0.005,0.055
RN50__attnpool,500_600,3,3,7.4867,5.2312,0.02,0.04
RN50__attnpool,500_600,4,3,7.49,5.3042,0.005,0.035
RN50__attnpool,600_700,0,3,7.5096,5.3161,0.025,0.05
RN50__attnpool,600_700,1,3,7.5064,5.3359,0.01,0.03
RN50__attnpool,600_700,2,3,7.516,5.3211,0.005,0.03
RN50__attnpool,600_700,3,2,7.4983,5.3127,0.005,0.045
RN50__attnpool,600_700,4,2,7.5173,5.3133,0.005,0.02
RN50__attnpool,700_800,0,3,7.5028,5.3261,0.005,0.035
RN50__attnpool,700_800,1,3,7.5333,5.3732,0.005,0.02
RN50__attnpool,700_800,2,3,7.5342,5.3472,0.015,0.035
RN50__attnpool,700_800,3,2,7.5029,5.3478,0.01,0.035
RN50__attnpool,700_800,4,2,7.5058,5.3509,0.0,0.01
RN50__attnpool,800_900,0,2,7.5088,5.3319,0.005,0.045
RN50__attnpool,800_900,1,2,7.5258,5.3399,0.0,0.02
RN50__attnpool,800_900,2,3,7.5157,5.3468,0.0,0.02
RN50__attnpool,800_900,3,2,7.5085,5.3335,0.005,0.025
RN50__attnpool,800_900,4,2,7.5153,5.358,0.0,0.01
RN50__attnpool,900_1000,0,2,7.51,5.3363,0.01,0.05
RN50__attnpool,900_1000,1,2,7.5355,5.3642,0.005,0.015
RN50__attnpool,900_1000,2,3,7.5343,5.3486,0.005,0.04
RN50__attnpool,900_1000,3,2,7.5116,5.3437,0.0,0.02
RN50__attnpool,900_1000,4,2,7.5154,5.3553,0.01,0.03
RN50__attnpool__fov,0_100,0,11,7.3645,4.9071,0.015,0.11
RN50__attnpool__fov,0_100,1,10,7.399,4.8979,0.03,0.105
RN50__attnpool__fov,0_100,2,10,7.3902,4.9297,0.03,0.125
RN50__attnpool__fov,0_100,3,11,7.3695,4.8952,0.025,0.105
RN50__attnpool__fov,0_100,4,10,7.3689,4.8978,0.015,0.115
RN50__attnpool__fov,100_200,0,14,6.8899,3.9806,0.11,0.335
RN50__attnpool__fov,100_200,1,13,6.8854,4.0368,0.09,0.325
RN50__attnpool__fov,100_200,2,15,6.8959,3.9849,0.105,0.315
RN50__attnpool__fov,100_200,3,15,6.8778,3.9747,0.11,0.36
RN50__attnpool__fov,100_200,4,15,6.8554,3.9805,0.13,0.345
RN50__attnpool__fov,200_300,0,17,6.8259,3.8701,0.105,0.385
RN50__attnpool__fov,200_300,1,17,6.8544,3.8259,0.115,0.4
RN50__attnpool__fov,200_300,2,15,6.8665,3.8859,0.11,0.41
RN50__attnpool__fov,200_300,3,16,6.8684,3.8362,0.13,0.39
RN50__attnpool__fov,200_300,4,16,6.8537,3.8464,0.125,0.4
RN50__attnpool__fov,300_400,0,11,7.2065,4.2607,0.085,0.295
RN50__attnpool__fov,300_400,1,11,7.2136,4.2411,0.11,0.295
RN50__attnpool__fov,300_400,2,14,7.2016,4.1394,0.13,0.3
RN50__attnpool__fov,300_400,3,11,7.2827,4.2535,0.085,0.265
RN50__attnpool__fov,300_400,4,11,7.2378,4.2866,0.105,0.27
RN50__attnpool__fov,400_500,0,6,7.4306,4.9565,0.02,0.11
RN50__attnpool__fov,400_500,1,7,7.4154,4.9,0.025,0.115
RN50__attnpool__fov,400_500,2,7,7.4103,4.9383,0.015,0.095
RN50__attnpool__fov,400_500,3,4,7.4392,5.0202,0.02,0.085
RN50__attnpool__fov,400_500,4,6,7.4223,4.938,0.04,0.11
RN50__attnpool__fov,500_600,0,3,7.4906,5.2664,0.015,0.03
RN50__attnpool__fov,500_600,1,4,7.4816,5.228,0.015,0.075
RN50__attnpool__fov,500_600,2,3,7.4958,5.2624,0.005,0.035
RN50__attnpool__fov,500_600,3,3,7.4926,5.2556,0.01,0.025
RN50__attnpool__fov,500_600,4,3,7.4874,5.3051,0.0,0.025
RN50__attnpool__fov,600_700,0,3,7.5015,5.2971,0.005,0.01
RN50__attnpool__fov,600_700,1,3,7.5017,5.3127,0.0,0.01
RN50__attnpool__fov,600_700,2,3,7.5047,5.3099,0.0,0.01
RN50__attnpool__fov,600_700,3,2,7.5314,5.2854,0.005,0.045
RN50__attnpool__fov,600_700,4,2,7.5274,5.32,0.005,0.03
RN50__attnpool__fov,700_800,0,3,7.5113,5.3643,0.0,0.02
RN50__attnpool__fov,700_800,1,3,7.5068,5.3183,0.005,0.04
RN50__attnpool__fov,700_800,2,3,7.5196,5.3292,0.0,0.02
RN50__attnpool__fov,700_800,3,3,7.5195,5.279,0.005,0.04
RN50__attnpool__fov,700_800,4,2,7.5248,5.3332,0.015,0.025
RN50__attnpool__fov,800_900,0,2,7.5072,5.3429,0.0,0.03
RN50__attnpool__fov,800_900,1,2,7.5098,5.3205,0.0,0.015
RN50__attnpool__fov,800_900,2,2,7.5169,5.3148,0.01,0.03
RN50__attnpool__fov,800_900,3,2,7.5198,5.3177,0.0,0.02
RN50__attnpool__fov,800_900,4,2,7.5159,5.3354,0.005,0.02
RN50__attnpool__fov,900_1000,0,2,7.5172,5.3459,0.005,0.02
RN50__attnpool__fov,900_1000,1,2,7.5298,5.3329,0.005,0.015
RN50__attnpool__fov,900_1000,2,2,7.5249,5.3315,0.005,0.02
RN50__attnpool__fov,900_1000,3,3,7.5124,5.3172,0.005,0.045
RN50__attnpool__fov,900_1000,4,2,7.5002,5.3446,0.005,0.02
RN50__layer1,0_100,0,16,7.1123,4.2412,0.08,0.28
RN50__layer1,0_100,1,16,7.0893,4.1734,0.085,0.25
RN50__layer1,0_100,2,17,7.11,4.2072,0.06,0.25
RN50__layer1,0_100,3,15,7.1169,4.2408,0.065,0.26
RN50__layer1,0_100,4,13,7.1065,4.2815,0.075,0.22
RN50__layer1,100_200,0,22,6.6173,3.4281,0.19,0.45
RN50__layer1,100_200,1,18,6.6604,3.5096,0.13,0.455
RN50__layer1,100_200,2,21,6.6504,3.4259,0.16,0.425
RN50__layer1,100_200,3,21,6.7055,3.4485,0.16,0.435
RN50__layer1,100_200,4,21,6.6355,3.4113,0.145,0.48
RN50__layer1,200_300,0,18,6.8447,3.8491,0.105,0.325
RN50__layer1,200_300,1,15,6.821,3.8617,0.075,0.34
RN50__layer1,200_300,2,16,6.7513,3.8799,0.11,0.315
RN50__layer1,200_300,3,18,6.8294,3.8535,0.11,0.35
RN50__layer1,200_300,4,14,6.8435,3.8974,0.105,0.33
RN50__layer1,300_400,0,7,7.322,4.7041,0.045,0.175
RN50__layer1,300_400,1,8,7.3125,4.621,0.06,0.15
RN50__layer1,300_400,2,10,7.2988,4.589,0.03,0.15
RN50__layer1,300_400,3,8,7.3289,4.6158,0.035,0.18
RN50__layer1,300_400,4,8,7.3401,4.6499,0.065,0.15
RN50__layer1,400_500,0,4,7.4376,5.1542,0.01,0.05
RN50__layer1,400_500,1,5,7.4351,5.0939,0.025,0.095
RN50__layer1,400_500,2,4,7.419,5.153,0.015,0.055
RN50__layer1,400_500,3,4,7.4489,5.1576,0.02,0.045
RN50__layer1,400_500,4,4,7.4297,5.1372,0.01,0.06
RN50__layer1,500_600,0,5,7.4789,5.236,0.015,0.045
RN50__layer1,500_600,1,4,7.4581,5.2201,0.01,0.035
RN50__layer1,500_600,2,4,7.4714,5.2665,0.005,0.035
RN50__layer1,500_600,3,4,7.4908,5.2695,0.005,0.065
RN50__layer1,500_600,4,5,7.4756,5.2418,0.01,0.045
RN50__layer1,600_700,0,3,7.4901,5.2998,0.01,0.04
RN50__layer1,600_700,1,4,7.4562,5.3127,0.005,0.02
RN50__layer1,600_700,2,4,7.4641,5.3198,0.01,0.04
RN50__layer1,600_700,3,4,7.4887,5.3039,0.01,0.045
RN50__layer1,600_700,4,4,7.4854,5.295,0.005,0.025
RN50__layer1,700_800,0,4,7.4979,5.2958,0.0,0.025
RN50__layer1,700_800,1,4,7.5013,5.2845,0.01,0.03
RN50__layer1,700_800,2,4,7.4976,5.3332,0.0,0.015
RN50__layer1,700_800,3,4,7.511,5.3249,0.02,0.045
RN50__layer1,700_800,4,4,7.4893,5.3292,0.0,0.025
RN50__layer1,800_900,0,3,7.4828,5.3131,0.0,0.035
RN50__layer1,800_900,1,3,7.4977,5.3101,0.0,0.025
RN50__layer1,800_900,2,3,7.4753,5.3151,0.0,0.03
RN50__layer1,800_900,3,4,7.5056,5.3225,0.0,0.02
RN50__layer1,800_900,4,3,7.4946,5.3155,0.015,0.015
RN50__layer1,900_1000,0,3,7.5028,5.3174,0.0,0.03
RN50__layer1,900_1000,1,3,7.5003,5.3294,0.0,0.01
RN50__layer1,900_1000,2,4,7.5078,5.3356,0.01,0.04
RN50__layer1,900_1000,3,4,7.51,5.3279,0.005,0.025
RN50__layer1,900_1000,4,4,7.5043,5.3131,0.0,0.01
RN50__layer1__fov,0_100,0,16,7.0725,4.1706,0.095,0.275
RN50__layer1__fov,0_100,1,15,7.0985,4.1539,0.09,0.275
RN50__layer1__fov,0_100,2,17,7.0845,4.1842,0.055,0.22
RN50__layer1__fov,0_100,3,15,7.1098,4.2382,0.085,0.245
RN50__layer1__fov,0_100,4,13,7.0943,4.2488,0.05,0.225
RN50__layer1__fov,100_200,0,18,6.6054,3.4149,0.17,0.43
RN50__layer1__fov,100_200,1,18,6.6422,3.4107,0.17,0.455
RN50__layer1__fov,100_200,2,19,6.6245,3.4068,0.12,0.45
RN50__layer1__fov,100_200,3,21,6.6703,3.4068,0.19,0.46
RN50__layer1__fov,100_200,4,21,6.6234,3.3435,0.16,0.485
RN50__layer1__fov,200_300,0,16,6.8122,3.8183,0.1,0.35
RN50__layer1__fov,200_300,1,15,6.8105,3.8351,0.085,0.365
RN50__layer1__fov,200_300,2,16,6.7346,3.8229,0.11,0.31
RN50__layer1__fov,200_300,3,18,6.7941,3.834,0.095,0.35
RN50__layer1__fov,200_300,4,14,6.8351,3.9119,0.1,0.33
RN50__layer1__fov,300_400,0,7,7.3222,4.6821,0.04,0.165
RN50__layer1__fov,300_400,1,7,7.3101,4.6797,0.065,0.175
RN50__layer1__fov,300_400,2,10,7.3018,4.5699,0.015,0.175
RN50__layer1__fov,300_400,3,8,7.325,4.5846,0.06,0.21
RN50__layer1__fov,300_400,4,8,7.3171,4.665,0.05,0.175
RN50__layer1__fov,400_500,0,4,7.4306,5.153,0.01,0.065
RN50__layer1__fov,400_500,1,5,7.4107,5.1058,0.01,0.05
RN50__layer1__fov,400_500,2,4,7.4223,5.1483,0.015,0.055
RN50__layer1__fov,400_500,3,4,7.4444,5.1558,0.02,0.04
RN50__layer1__fov,400_500,4,5,7.4246,5.1047,0.01,0.06
RN50__layer1__fov,500_600,0,5,7.4902,5.2379,0.005,0.025
RN50__layer1__fov,500_600,1,4,7.4491,5.2275,0.01,0.045
RN50__layer1__fov,500_600,2,4,7.4741,5.2667,0.015,0.035
RN50__layer1__fov,500_600,3,4,7.489,5.2387,0.01,0.04
RN50__layer1__fov,500_600,4,5,7.4755,5.2398,0.01,0.05
RN50__layer1__fov,600_700,0,3,7.4725,5.3082,0.005,0.03
RN50__layer1__fov,600_700,1,4,7.4546,5.3005,0.005,0.025
RN50__layer1__fov,600_700,2,4,7.4709,5.3095,0.005,0.02
RN50__layer1__fov,600_700,3,4,7.4991,5.2945,0.01,0.035
RN50__layer1__fov,600_700,4,4,7.4786,5.2976,0.005,0.035
RN50__layer1__fov,700_800,0,3,7.4945,5.3173,0.005,0.025
RN50__layer1__fov,700_800,1,4,7.5126,5.2985,0.005,0.045
RN50__layer1__fov,700_800,2,4,7.5019,5.3147,0.01,0.015
RN50__layer1__fov,700_800,3,4,7.5113,5.32,0.005,0.045
RN50__layer1__fov,700_800,4,4,7.4851,5.3339,0.015,0.035
RN50__layer1__fov,800_900,0,3,7.4733,5.3268,0.005,0.015
RN50__layer1__fov,800_900,1,3,7.489,5.3058,0.005,0.04
RN50__layer1__fov,800_900,2,3,7.4742,5.3117,0.0,0.04
RN50__layer1__fov,800_900,3,4,7.4972,5.317,0.0,0.02
RN50__layer1__fov,800_900,4,3,7.4914,5.3105,0.005,0.04
RN50__layer1__fov,900_1000,0,3,7.4951,5.304,0.0,0.035
RN50__layer1__fov,900_1000,1,3,7.49,5.3253,0.0,0.025
RN50__layer1__fov,900_1000,2,4,7.5097,5.3329,0.005,0.025
RN50__layer1__fov,900_1000,3,4,7.5109,5.3276,0.005,0.025
RN50__layer1__fov,900_1000,4,4,7.5031,5.3165,0.0,0.015
RN50__layer2,0_100,0,15,7.097,4.2005,0.08,0.265
RN50__layer2,0_100,1,15,7.0577,4.1716,0.085,0.24
RN50__layer2,0_100,2,14,7.0612,4.238,0.075,0.24
RN50__layer2,0_100,3,15,7.0539,4.1548,0.08,0.27
RN50__layer2,0_100,4,14,7.0829,4.1871,0.06,0.24
RN50__layer2,100_200,0,21,6.4847,3.1043,0.255,0.56
RN50__layer2,100_200,1,19,6.4844,3.1957,0.23,0.545
RN50__layer2,100_200,2,19,6.4771,3.2087,0.205,0.505
RN50__layer2,100_200,3,18,6.5358,3.1635,0.245,0.53
RN50__layer2,100_200,4,19,6.4875,3.1863,0.2,0.56
RN50__layer2,200_300,0,16,6.6699,3.5544,0.135,0.47
RN50__layer2,200_300,1,17,6.6745,3.5238,0.15,0.425
RN50__layer2,200_300,2,17,6.6291,3.5447,0.185,0.445
RN50__layer2,200_300,3,16,6.6579,3.5588,0.15,0.455
RN50__layer2,200_300,4,18,6.6705,3.5312,0.17,0.44
RN50__layer2,300_400,0,8,7.2509,4.465,0.065,0.24
RN50__layer2,300_400,1,9,7.2306,4.3796,0.095,0.24
RN50__layer2,300_400,2,10,7.214,4.3514,0.085,0.26
RN50__layer2,300_400,3,9,7.2581,4.3935,0.085,0.22
RN50__layer2,300_400,4,8,7.2383,4.4138,0.09,0.225
RN50__layer2,400_500,0,4,7.4086,5.0803,0.04,0.065
RN50__layer2,400_500,1,6,7.3991,4.9593,0.03,0.125
RN50__layer2,400_500,2,4,7.4171,5.0388,0.015,0.075
RN50__layer2,400_500,3,4,7.4334,4.9898,0.03,0.08
RN50__layer2,400_500,4,4,7.4049,5.0117,0.045,0.105
RN50__layer2,500_600,0,3,7.4736,5.244,0.0,0.045
RN50__layer2,500_600,1,4,7.4594,5.1738,0.01,0.065
RN50__layer2,500_600,2,3,7.4567,5.2627,0.015,0.045
RN50__layer2,500_600,3,3,7.4846,5.2274,0.02,0.07
RN50__layer2,500_600,4,3,7.4549,5.2632,0.0,0.05
RN50__layer2,600_700,0,2,7.4683,5.3152,0.0,0.015
RN50__layer2,600_700,1,3,7.4789,5.3104,0.005,0.03
RN50__layer2,600_700,2,3,7.4519,5.2721,0.015,0.03
RN50__layer2,600_700,3,2,7.4848,5.2978,0.01,0.05
RN50__layer2,600_700,4,2,7.4709,5.3022,0.01,0.05
RN50__layer2,700_800,0,3,7.4788,5.3172,0.0,0.02
RN50__layer2,700_800,1,3,7.4931,5.3205,0.005,0.05
RN50__layer2,700_800,2,3,7.4834,5.3076,0.01,0.045
RN50__layer2,700_800,3,2,7.4826,5.3281,0.01,0.025
RN50__layer2,700_800,4,2,7.4844,5.3283,0.0,0.015
RN50__layer2,800_900,0,2,7.4832,5.3216,0.005,0.03
RN50__layer2,800_900,1,3,7.5056,5.3096,0.0,0.015
RN50__layer2,800_900,2,2,7.4758,5.3302,0.0,0.02
RN50__layer2,800_900,3,2,7.4862,5.3227,0.005,0.03
RN50__layer2,800_900,4,2,7.4925,5.3434,0.0,0.015
RN50__layer2,900_1000,0,2,7.4981,5.3384,0.0,0.015
RN50__layer2,900_1000,1,3,7.5083,5.3156,0.0,0.025
RN50__layer2,900_1000,2,2,7.4914,5.3608,0.005,0.02
RN50__layer2,900_1000,3,2,7.507,5.3033,0.005,0.035
RN50__layer2,900_1000,4,2,7.4952,5.3404,0.0,0.025
RN50__layer2__fov,0_100,0,15,7.0823,4.1822,0.08,0.255
RN50__layer2__fov,0_100,1,15,7.059,4.1428,0.1,0.27
RN50__layer2__fov,0_100,2,14,7.0539,4.2118,0.08,0.23
RN50__layer2__fov,0_100,3,15,7.0349,4.1042,0.11,0.29
RN50__layer2__fov,0_100,4,14,7.078,4.143,0.075,0.24
RN50__layer2__fov,100_200,0,21,6.4741,3.0439,0.26,0.55
RN50__layer2__fov,100_200,1,19,6.4696,3.1208,0.25,0.535
RN50__layer2__fov,100_200,2,22,6.4611,3.078,0.255,0.565
RN50__layer2__fov,100_200,3,18,6.5123,3.1182,0.255,0.53
RN50__layer2__fov,100_200,4,19,6.4525,3.1321,0.255,0.555
RN50__layer2__fov,200_300,0,16,6.6574,3.5517,0.14,0.44
RN50__layer2__fov,200_300,1,18,6.652,3.4828,0.165,0.45
RN50__layer2__fov,200_300,2,16,6.605,3.4996,0.165,0.46
RN50__layer2__fov,200_300,3,16,6.6438,3.5243,0.135,0.48
RN50__layer2__fov,200_300,4,18,6.6575,3.5016,0.165,0.465
RN50__layer2__fov,300_400,0,8,7.2504,4.4511,0.085,0.225
RN50__layer2__fov,300_400,1,9,7.2246,4.3452,0.125,0.255
RN50__layer2__fov,300_400,2,9,7.2229,4.384,0.075,0.25
RN50__layer2__fov,300_400,3,9,7.2442,4.3718,0.12,0.255
RN50__layer2__fov,300_400,4,10,7.2483,4.3341,0.095,0.26
RN50__layer2__fov,400_500,0,4,7.442,5.0243,0.015,0.085
RN50__layer2__fov,400_500,1,6,7.4124,4.9569,0.025,0.09
RN50__layer2__fov,400_500,2,4,7.4124,5.052,0.01,0.09
RN50__layer2__fov,400_500,3,4,7.4187,5.0032,0.02,0.105
RN50__layer2__fov,400_500,4,4,7.4029,5.0257,0.03,0.1
RN50__layer2__fov,500_600,0,3,7.4798,5.2133,0.005,0.03
RN50__layer2__fov,500_600,1,4,7.4624,5.2051,0.015,0.075
RN50__layer2__fov,500_600,2,3,7.4552,5.2556,0.01,0.04
RN50__layer2__fov,500_600,3,3,7.4892,5.2213,0.005,0.075
RN50__layer2__fov,500_600,4,4,7.4575,5.2402,0.02,0.085
RN50__layer2__fov,600_700,0,2,7.4845,5.2942,0.02,0.03
RN50__layer2__fov,600_700,1,3,7.4916,5.3243,0.01,0.015
RN50__layer2__fov,600_700,2,3,7.463,5.2882,0.005,0.02
RN50__layer2__fov,600_700,3,2,7.4878,5.2782,0.005,0.035
RN50__layer2__fov,600_700,4,2,7.4797,5.3232,0.0,0.025
RN50__layer2__fov,700_800,0,3,7.4832,5.2969,0.015,0.05
RN50__layer2__fov,700_800,1,3,7.5047,5.3499,0.0,0.03
RN50__layer2__fov,700_800,2,3,7.4794,5.3143,0.0,0.02
RN50__layer2__fov,700_800,3,2,7.5018,5.3077,0.01,0.015
RN50__layer2__fov,700_800,4,2,7.4771,5.3267,0.005,0.05
RN50__layer2__fov,800_900,0,2,7.4881,5.315,0.005,0.04
RN50__layer2__fov,800_900,1,3,7.5024,5.3258,0.005,0.02
RN50__layer2__fov,800_900,2,2,7.4884,5.3267,0.0,0.025
RN50__layer2__fov,800_900,3,2,7.4973,5.3222,0.005,0.025
RN50__layer2__fov,800_900,4,2,7.4853,5.3394,0.005,0.015
RN50__layer2__fov,900_1000,0,2,7.4963,5.3276,0.01,0.02
RN50__layer2__fov,900_1000,1,2,7.5053,5.3434,0.005,0.01
RN50__layer2__fov,900_1000,2,2,7.5005,5.36,0.0,0.005
RN50__layer2__fov,900_1000,3,2,7.5207,5.3075,0.01,0.05
RN50__layer2__fov,900_1000,4,2,7.4901,5.3389,0.0,0.035
RN50__layer3,0_100,0,18,7.1838,4.3853,0.05,0.21
RN50__layer3,0_100,1,15,7.2109,4.3762,0.075,0.205
RN50__layer3,0_100,2,17,7.1674,4.3153,0.075,0.24
RN50__layer3,0_100,3,15,7.146,4.4434,0.055,0.245
RN50__layer3,0_100,4,16,7.1872,4.3456,0.055,0.205
RN50__layer3,100_200,0,24,6.5031,3.0975,0.225,0.56
RN50__layer3,100_200,1,27,6.4745,3.0812,0.275,0.58
RN50__layer3,100_200,2,23,6.4549,3.1443,0.23,0.58
RN50__layer3,100_200,3,22,6.508,3.1754,0.245,0.525
RN50__layer3,100_200,4,22,6.4464,3.1669,0.215,0.58
RN50__layer3,200_300,0,21,6.5306,3.2638,0.265,0.525
RN50__layer3,200_300,1,19,6.5811,3.2289,0.245,0.54
RN50__layer3,200_300,2,19,6.5409,3.2399,0.275,0.53
RN50__layer3,200_300,3,22,6.5359,3.2258,0.245,0.57
RN50__layer3,200_300,4,20,6.5476,3.2166,0.29,0.57
RN50__layer3,300_400,0,15,7.1248,4.0073,0.16,0.35
RN50__layer3,300_400,1,13,7.1099,4.0152,0.11,0.33
RN50__layer3,300_400,2,14,7.1268,3.9971,0.12,0.325
RN50__layer3,300_400,3,14,7.1826,3.9612,0.15,0.355
RN50__layer3,300_400,4,13,7.1872,4.05,0.12,0.365
RN50__layer3,400_500,0,7,7.3998,4.7962,0.04,0.155
RN50__layer3,400_500,1,9,7.3674,4.7349,0.07,0.155
RN50__layer3,400_500,2,6,7.3982,4.8201,0.035,0.155
RN50__layer3,400_500,3,7,7.4057,4.797,0.035,0.14
RN50__layer3,400_500,4,8,7.3952,4.7838,0.02,0.155
RN50__layer3,500_600,0,4,7.4782,5.2438,0.02,0.075
RN50__layer3,500_600,1,5,7.4644,5.1454,0.025,0.09
RN50__layer3,500_600,2,4,7.4543,5.2212,0.01,0.085
RN50__layer3,500_600,3,4,7.4788,5.2406,0.02,0.065
RN50__layer3,500_600,4,4,7.4563,5.2211,0.005,0.07
RN50__layer3,600_700,0,3,7.5027,5.3518,0.0,0.025
RN50__layer3,600_700,1,3,7.5068,5.2781,0.0,0.035
RN50__layer3,600_700,2,3,7.4772,5.2845,0.02,0.03
RN50__layer3,600_700,3,3,7.4991,5.3023,0.02,0.05
RN50__layer3,600_700,4,3,7.5062,5.2923,0.005,0.045
RN50__layer3,700_800,0,3,7.497,5.3433,0.015,0.03
RN50__layer3,700_800,1,3,7.5192,5.3192,0.01,0.04
RN50__layer3,700_800,2,2,7.5114,5.335,0.005,0.025
RN50__layer3,700_800,3,3,7.4957,5.2865,0.02,0.035
RN50__layer3,700_800,4,3,7.5126,5.327,0.005,0.04
RN50__layer3,800_900,0,2,7.5206,5.3264,0.015,0.025
RN50__layer3,800_900,1,2,7.525,5.3379,0.01,0.05
RN50__layer3,800_900,2,2,7.5052,5.3168,0.0,0.03
RN50__layer3,800_900,3,2,7.5212,5.3315,0.0,0.035
RN50__layer3,800_900,4,2,7.5046,5.3461,0.0,0.015
RN50__layer3,900_1000,0,2,7.5239,5.3547,0.005,0.025
RN50__layer3,900_1000,1,3,7.5248,5.3449,0.005,0.045
RN50__layer3,900_1000,2,2,7.5176,5.38,0.005,0.02
RN50__layer3,900_1000,3,2,7.4974,5.3126,0.0,0.025
RN50__layer3,900_1000,4,2,7.4941,5.3302,0.005,0.015
RN50__layer3__fov,0_100,0,18,7.1692,4.326,0.055,0.19
RN50__layer3__fov,0_100,1,19,7.1943,4.3059,0.055,0.27
RN50__layer3__fov,0_100,2,17,7.1459,4.3175,0.07,0.225
RN50__layer3__fov,0_100,3,16,7.1505,4.3554,0.055,0.235
RN50__layer3__fov,0_100,4,16,7.174,4.3195,0.06,0.22
RN50__layer3__fov,100_200,0,21,6.4795,3.1394,0.26,0.585
RN50__layer3__fov,100_200,1,25,6.4752,3.0982,0.26,0.56
RN50__layer3__fov,100_200,2,24,6.4517,3.1062,0.28,0.59
RN50__layer3__fov,100_200,3,22,6.4923,3.1713,0.26,0.54
RN50__layer3__fov,100_200,4,22,6.4198,3.113,0.23,0.565
RN50__layer3__fov,200_300,0,24,6.521,3.2134,0.26,0.545
RN50__layer3__fov,200_300,1,20,6.5598,3.2061,0.24,0.58
RN50__layer3__fov,200_300,2,19,6.5241,3.2388,0.255,0.545
RN50__layer3__fov,200_300,3,22,6.5258,3.1844,0.23,0.565
RN50__layer3__fov,200_300,4,20,6.5581,3.2166,0.265,0.575
RN50__layer3__fov,300_400,0,15,7.1534,4.0352,0.14,0.335
RN50__layer3__fov,300_400,1,13,7.1035,4.0091,0.12,0.325
RN50__layer3__fov,300_400,2,14,7.117,3.9526,0.135,0.365
RN50__layer3__fov,300_400,3,14,7.1587,3.9468,0.135,0.345
RN50__layer3__fov,300_400,4,13,7.1819,4.0192,0.125,0.38
RN50__layer3__fov,400_500,0,8,7.4046,4.7306,0.025,0.15
RN50__layer3__fov,400_500,1,8,7.3729,4.7869,0.035,0.16
RN50__layer3__fov,400_500,2,7,7.4092,4.7959,0.035,0.125
RN50__layer3__fov,400_500,3,7,7.4039,4.7882,0.045,0.165
RN50__layer3__fov,400_500,4,8,7.4023,4.7409,0.04,0.16
RN50__layer3__fov,500_600,0,5,7.504,5.2088,0.01,0.035
RN50__layer3__fov,500_600,1,4,7.4771,5.2091,0.03,0.065
RN50__layer3__fov,500_600,2,4,7.4861,5.2302,0.01,0.035
RN50__layer3__fov,500_600,3,4,7.4786,5.1731,0.015,0.065
RN50__layer3__fov,500_600,4,4,7.5009,5.2079,0.005,0.06
RN50__layer3__fov,600_700,0,3,7.5178,5.3544,0.015,0.025
RN50__layer3__fov,600_700,1,3,7.4987,5.352,0.005,0.025
RN50__layer3__fov,600_700,2,3,7.5029,5.3112,0.015,0.05
RN50__layer3__fov,600_700,3,3,7.5196,5.2865,0.025,0.035
RN50__layer3__fov,600_700,4,3,7.526,5.3046,0.0,0.03
RN50__layer3__fov,700_800,0,3,7.5177,5.3726,0.0,0.025
RN50__layer3__fov,700_800,1,3,7.4944,5.3587,0.005,0.03
RN50__layer3__fov,700_800,2,3,7.518,5.2852,0.0,0.04
RN50__layer3__fov,700_800,3,3,7.5151,5.2913,0.01,0.03
RN50__layer3__fov,700_800,4,3,7.531,5.3273,0.0,0.02
RN50__layer3__fov,800_900,0,3,7.5287,5.3512,0.0,0.015
RN50__layer3__fov,800_900,1,2,7.5124,5.3797,0.0,0.02
RN50__layer3__fov,800_900,2,2,7.5246,5.3152,0.0,0.02
RN50__layer3__fov,800_900,3,2,7.5275,5.3371,0.005,0.025
RN50__layer3__fov,800_900,4,2,7.5337,5.3317,0.005,0.025
RN50__layer3__fov,900_1000,0,3,7.5465,5.3689,0.005,0.015
RN50__layer3__fov,900_1000,1,3,7.5328,5.3714,0.005,0.015
RN50__layer3__fov,900_1000,2,2,7.5309,5.3654,0.005,0.03
RN50__layer3__fov,900_1000,3,3,7.5105,5.287,0.005,0.05
RN50__layer3__fov,900_1000,4,2,7.5161,5.3333,0.005,0.015
RN50__layer4,0_100,0,14,7.2919,4.7318,0.035,0.16
RN50__layer4,0_100,1,15,7.3078,4.6844,0.03,0.155
RN50__layer4,0_100,2,15,7.2876,4.6631,0.03,0.175
RN50__layer4,0_100,3,15,7.2744,4.7375,0.035,0.14
RN50__layer4,0_100,4,14,7.2785,4.6917,0.035,0.11
RN50__layer4,100_200,0,18,6.683,3.591,0.145,0.42
RN50__layer4,100_200,1,17,6.7007,3.6127,0.135,0.43
RN50__layer4,100_200,2,20,6.6725,3.5899,0.135,0.44
RN50__layer4,100_200,3,22,6.6832,3.5715,0.135,0.415
RN50__layer4,100_200,4,23,6.6475,3.5206,0.185,0.445
RN50__layer4,200_300,0,20,6.6623,3.5532,0.185,0.46
RN50__layer4,200_300,1,21,6.6846,3.5167,0.205,0.47
RN50__layer4,200_300,2,19,6.6869,3.5409,0.2,0.465
RN50__layer4,200_300,3,20,6.6772,3.5009,0.195,0.46
RN50__layer4,200_300,4,20,6.6777,3.5222,0.21,0.49
RN50__layer4,300_400,0,15,7.1376,3.9538,0.13,0.39
RN50__layer4,300_400,1,13,7.1193,4.0119,0.155,0.34
RN50__layer4,300_400,2,14,7.1132,3.9809,0.135,0.375
RN50__layer4,300_400,3,14,7.1898,3.9762,0.125,0.375
RN50__layer4,300_400,4,13,7.1549,4.0313,0.125,0.37
RN50__layer4,400_500,0,9,7.4233,4.7917,0.02,0.15
RN50__layer4,400_500,1,8,7.3728,4.8486,0.045,0.145
RN50__layer4,400_500,2,9,7.388,4.7795,0.03,0.125
RN50__layer4,400_500,3,6,7.4039,4.8691,0.03,0.125
RN50__layer4,400_500,4,11,7.3853,4.7092,0.055,0.145
RN50__layer4,500_600,0,5,7.4914,5.1726,0.02,0.08
RN50__layer4,500_600,1,4,7.4858,5.2249,0.015,0.045
RN50__layer4,500_600,2,4,7.5002,5.2385,0.0,0.05
RN50__layer4,500_600,3,4,7.5007,5.1846,0.015,0.055
RN50__layer4,500_600,4,5,7.4867,5.1301,0.005,0.08
RN50__layer4,600_700,0,3,7.523,5.2905,0.015,0.035
RN50__layer4,600_700,1,3,7.5201,5.3428,0.005,0.045
RN50__layer4,600_700,2,3,7.5024,5.3179,0.005,0.04
RN50__layer4,600_700,3,3,7.5196,5.283,0.005,0.035
RN50__layer4,600_700,4,2,7.5329,5.3191,0.005,0.02
RN50__layer4,700_800,0,3,7.5202,5.3263,0.01,0.05
RN50__layer4,700_800,1,3,7.515,5.342,0.005,0.025
RN50__layer4,700_800,2,3,7.5138,5.3461,0.0,0.02
RN50__layer4,700_800,3,3,7.5277,5.2934,0.005,0.04
RN50__layer4,700_800,4,2,7.5308,5.3445,0.005,0.025
RN50__layer4,800_900,0,2,7.5225,5.3414,0.005,0.03
RN50__layer4,800_900,1,2,7.5207,5.3549,0.005,0.03
RN50__layer4,800_900,2,2,7.5103,5.324,0.005,0.025
RN50__layer4,800_900,3,2,7.5353,5.3138,0.015,0.03
RN50__layer4,800_900,4,2,7.5547,5.3417,0.005,0.03
RN50__layer4,900_1000,0,2,7.5322,5.3699,0.005,0.03
RN50__layer4,900_1000,1,2,7.5297,5.3381,0.005,0.02
RN50__layer4,900_1000,2,2,7.5443,5.3477,0.0,0.015
RN50__layer4,900_1000,3,3,7.5192,5.3156,0.005,0.03
RN50__layer4,900_1000,4,2,7.5532,5.3613,0.0,0.02
RN50__layer4__fov,0_100,0,15,7.2909,4.6903,0.04,0.12
RN50__layer4__fov,0_100,1,17,7.2947,4.6646,0.025,0.165
RN50__layer4__fov,0_100,2,15,7.2995,4.6932,0.05,0.165
RN50__layer4__fov,0_100,3,15,7.2663,4.6431,0.03,0.16
RN50__layer4__fov,0_100,4,13,7.28,4.6758,0.02,0.135
RN50__layer4__fov,100_200,0,18,6.6793,3.5468,0.145,0.435
RN50__layer4__fov,100_200,1,20,6.6683,3.5474,0.16,0.43
RN50__layer4__fov,100_200,2,21,6.6913,3.5242,0.16,0.46
RN50__layer4__fov,100_200,3,20,6.6785,3.586,0.15,0.435
RN50__layer4__fov,100_200,4,20,6.6219,3.5156,0.17,0.415
RN50__layer4__fov,200_300,0,20,6.6495,3.5171,0.23,0.455
RN50__layer4__fov,200_300,1,19,6.6708,3.4933,0.19,0.505
RN50__layer4__fov,200_300,2,19,6.6743,3.5323,0.19,0.455
RN50__layer4__fov,200_300,3,18,6.6544,3.5305,0.18,0.465
RN50__layer4__fov,200_300,4,20,6.6615,3.4962,0.19,0.48
RN50__layer4__fov,300_400,0,15,7.1295,3.9252,0.11,0.35
RN50__layer4__fov,300_400,1,13,7.1065,3.9924,0.1,0.355
RN50__layer4__fov,300_400,2,14,7.1261,3.9537,0.135,0.35
RN50__layer4__fov,300_400,3,14,7.1862,4.0116,0.14,0.325
RN50__layer4__fov,300_400,4,13,7.1472,3.989,0.16,0.365
RN50__layer4__fov,400_500,0,9,7.3956,4.7339,0.035,0.145
RN50__layer4__fov,400_500,1,8,7.3862,4.8226,0.055,0.17
RN50__layer4__fov,400_500,2,9,7.3924,4.7857,0.05,0.155
RN50__layer4__fov,400_500,3,6,7.4161,4.8676,0.025,0.155
RN50__layer4__fov,400_500,4,11,7.387,4.7044,0.025,0.15
RN50__layer4__fov,500_600,0,4,7.4908,5.2159,0.015,0.055
RN50__layer4__fov,500_600,1,4,7.483,5.1855,0.01,0.045
RN50__layer4__fov,500_600,2,4,7.4865,5.2792,0.0,0.035
RN50__layer4__fov,500_600,3,3,7.4983,5.2524,0.015,0.06
RN50__layer4__fov,500_600,4,4,7.4902,5.2019,0.01,0.07
RN50__layer4__fov,600_700,0,3,7.5052,5.307,0.0,0.035
RN50__layer4__fov,600_700,1,3,7.5116,5.3087,0.0,0.035
RN50__layer4__fov,600_700,2,3,7.5179,5.3517,0.005,0.02
RN50__layer4__fov,600_700,3,2,7.5323,5.34,0.005,0.04
RN50__layer4__fov,600_700,4,2,7.5335,5.3145,0.01,0.06
RN50__layer4__fov,700_800,0,3,7.5066,5.3378,0.005,0.03
RN50__layer4__fov,700_800,1,3,7.53,5.3206,0.0,0.025
RN50__layer4__fov,700_800,2,3,7.5243,5.3666,0.0,0.015
RN50__layer4__fov,700_800,3,2,7.5181,5.3467,0.01,0.03
RN50__layer4__fov,700_800,4,2,7.5324,5.3546,0.015,0.03
RN50__layer4__fov,800_900,0,2,7.5245,5.3352,0.0,0.005
RN50__layer4__fov,800_900,1,2,7.5449,5.3436,0.0,0.015
RN50__layer4__fov,800_900,2,2,7.5226,5.3548,0.0,0.015
RN50__layer4__fov,800_900,3,2,7.5182,5.3422,0.01,0.02
RN50__layer4__fov,800_900,4,2,7.5326,5.3566,0.005,0.035
RN50__layer4__fov,900_1000,0,2,7.5228,5.3572,0.005,0.02
RN50__layer4__fov,900_1000,1,2,7.5544,5.35,0.005,0.035
RN50__layer4__fov,900_1000,2,2,7.5461,5.3916,0.0,0.01
RN50__layer4__fov,900_1000,3,3,7.5154,5.3503,0.005,0.02
RN50__layer4__fov,900_1000,4,2,7.5194,5.3636,0.015,0.025
RN50__stem,0_100,0,20,7.2043,4.5875,0.03,0.175
RN50__stem,0_100,1,16,7.2496,4.6774,0.04,0.17
RN50__stem,0_100,2,17,7.2446,4.6489,0.05,0.15
RN50__stem,0_100,3,15,7.2502,4.7132,0.03,0.15
RN50__stem,0_100,4,20,7.2336,4.5535,0.045,0.155
RN50__stem,100_200,0,25,6.902,4.0901,0.105,0.28
RN50__stem,100_200,1,29,6.9151,4.0853,0.07,0.285
RN50__stem,100_200,2,23,6.9436,4.1729,0.065,0.27
RN50__stem,100_200,3,21,6.9701,4.2088,0.065,0.255
RN50__stem,100_200,4,24,6.915,4.0873,0.085,0.245
RN50__stem,200_300,0,20,7.055,4.3986,0.055,0.19
RN50__stem,200_300,1,22,7.0895,4.3659,0.05,0.2
RN50__stem,200_300,2,23,7.0045,4.3893,0.035,0.23
RN50__stem,200_300,3,24,7.0417,4.3757,0.045,0.205
RN50__stem,200_300,4,18,7.0439,4.495,0.06,0.19
RN50__stem,300_400,0,10,7.3659,5.0124,0.01,0.08
RN50__stem,300_400,1,10,7.3703,4.9881,0.005,0.09
RN50__stem,300_400,2,11,7.3613,4.9462,0.015,0.1
RN50__stem,300_400,3,11,7.4048,4.9621,0.005,0.095
RN50__stem,300_400,4,13,7.3632,4.9571,0.03,0.075
RN50__stem,400_500,0,9,7.4713,5.2138,0.01,0.04
RN50__stem,400_500,1,10,7.4731,5.2008,0.01,0.035
RN50__stem,400_500,2,9,7.4552,5.2028,0.005,0.025
RN50__stem,400_500,3,11,7.4517,5.2004,0.01,0.035
RN50__stem,400_500,4,10,7.4468,5.2107,0.01,0.05
RN50__stem,500_600,0,10,7.5139,5.2554,0.01,0.035
RN50__stem,500_600,1,11,7.4984,5.2527,0.0,0.015
RN50__stem,500_600,2,11,7.5167,5.2853,0.015,0.03
RN50__stem,500_600,3,11,7.5112,5.291,0.01,0.03
RN50__stem,500_600,4,9,7.5006,5.27,0.0,0.035
RN50__stem,600_700,0,10,7.4934,5.3078,0.005,0.025
RN50__stem,600_700,1,11,7.4873,5.3014,0.01,0.015
RN50__stem,600_700,2,10,7.5087,5.3013,0.0,0.025
RN50__stem,600_700,3,9,7.4779,5.2932,0.0,0.03
RN50__stem,600_700,4,9,7.5002,5.3124,0.005,0.015
RN50__stem,700_800,0,10,7.523,5.3115,0.005,0.04
RN50__stem,700_800,1,10,7.5214,5.2838,0.0,0.025
RN50__stem,700_800,2,10,7.5426,5.2996,0.01,0.015
RN50__stem,700_800,3,11,7.519,5.3099,0.0,0.015
RN50__stem,700_800,4,11,7.5069,5.296,0.01,0.055
RN50__stem,800_900,0,10,7.5062,5.3048,0.005,0.045
RN50__stem,800_900,1,10,7.4933,5.315,0.0,0.02
RN50__stem,800_900,2,10,7.5053,5.3073,0.0,0.02
RN50__stem,800_900,3,9,7.5012,5.3048,0.005,0.02
RN50__stem,800_900,4,9,7.4891,5.323,0.005,0.025
RN50__stem,900_1000,0,10,7.5242,5.3262,0.005,0.03
RN50__stem,900_1000,1,8,7.5228,5.3079,0.01,0.025
RN50__stem,900_1000,2,11,7.5226,5.3105,0.0,0.03
RN50__stem,900_1000,3,10,7.5178,5.3234,0.005,0.01
RN50__stem,900_1000,4,9,7.4992,5.3246,0.005,0.035
RN50__stem__fov,0_100,0,20,7.205,4.546,0.035,0.155
RN50__stem__fov,0_100,1,16,7.2232,4.5881,0.05,0.165
RN50__stem__fov,0_100,2,17,7.2379,4.5912,0.035,0.165
RN50__stem__fov,0_100,3,19,7.2206,4.5203,0.04,0.17
RN50__stem__fov,0_100,4,15,7.2505,4.6342,0.025,0.15
RN50__stem__fov,100_200,0,30,6.8785,4.0415,0.1,0.295
RN50__stem__fov,100_200,1,29,6.8957,4.0066,0.095,0.315
RN50__stem__fov,100_200,2,22,6.91,4.0788,0.09,0.27
RN50__stem__fov,100_200,3,24,6.9453,4.055,0.085,0.275
RN50__stem__fov,100_200,4,24,6.9089,4.0262,0.085,0.29
RN50__stem__fov,200_300,0,20,7.014,4.3444,0.05,0.205
RN50__stem__fov,200_300,1,22,7.0524,4.3245,0.04,0.205
RN50__stem__fov,200_300,2,23,7.0064,4.3161,0.06,0.22
RN50__stem__fov,200_300,3,23,7.035,4.3379,0.055,0.21
RN50__stem__fov,200_300,4,18,7.0476,4.4502,0.045,0.22
RN50__stem__fov,300_400,0,10,7.374,5.0011,0.015,0.085
RN50__stem__fov,300_400,1,10,7.3662,4.955,0.02,0.07
RN50__stem__fov,300_400,2,11,7.3591,4.962,0.005,0.055
RN50__stem__fov,300_400,3,11,7.3987,4.9704,0.02,0.08
RN50__stem__fov,300_400,4,12,7.3614,4.9951,0.01,0.06
RN50__stem__fov,400_500,0,9,7.4704,5.2018,0.025,0.06
RN50__stem__fov,400_500,1,10,7.465,5.2013,0.01,0.045
RN50__stem__fov,400_500,2,9,7.4499,5.203,0.005,0.04
RN50__stem__fov,400_500,3,11,7.4582,5.2052,0.015,0.02
RN50__stem__fov,400_500,4,11,7.4433,5.1997,0.005,0.05
RN50__stem__fov,500_600,0,10,7.501,5.2586,0.01,0.04
RN50__stem__fov,500_600,1,10,7.4979,5.2578,0.005,0.045
RN50__stem__fov,500_600,2,11,7.5117,5.271,0.005,0.035
RN50__stem__fov,500_600,3,11,7.5288,5.2927,0.01,0.035
RN50__stem__fov,500_600,4,9,7.4977,5.2904,0.0,0.045
RN50__stem__fov,600_700,0,8,7.4893,5.3011,0.0,0.02
RN50__stem__fov,600_700,1,11,7.4882,5.296,0.005,0.03
RN50__stem__fov,600_700,2,10,7.5013,5.3035,0.005,0.025
RN50__stem__fov,600_700,3,9,7.4955,5.3002,0.005,0.03
RN50__stem__fov,600_700,4,9,7.5136,5.3136,0.005,0.02
RN50__stem__fov,700_800,0,8,7.5242,5.3071,0.01,0.03
RN50__stem__fov,700_800,1,10,7.5195,5.2915,0.0,0.02
RN50__stem__fov,700_800,2,10,7.5426,5.2982,0.01,0.02
RN50__stem__fov,700_800,3,11,7.5312,5.3066,0.005,0.04
RN50__stem__fov,700_800,4,11,7.5229,5.3069,0.01,0.03
RN50__stem__fov,800_900,0,8,7.4927,5.3085,0.005,0.035
RN50__stem__fov,800_900,1,10,7.4972,5.3091,0.005,0.02
RN50__stem__fov,800_900,2,10,7.5012,5.3025,0.005,0.025
RN50__stem__fov,800_900,3,9,7.513,5.302,0.01,0.02
RN50__stem__fov,800_900,4,9,7.499,5.3222,0.005,0.02
RN50__stem__fov,900_1000,0,10,7.5039,5.3149,0.015,0.04
RN50__stem__fov,900_1000,1,10,7.518,5.3168,0.005,0.02
RN50__stem__fov,900_1000,2,11,7.5189,5.3092,0.01,0.03
RN50__stem__fov,900_1000,3,10,7.5177,5.3238,0.005,0.02
RN50__stem__fov,900_1000,4,10,7.5181,5.3184,0.005,0.025
ViT-B-16__block10,0_100,0,14,7.2983,4.6835,0.045,0.125
ViT-B-16__block10,0_100,1,13,7.3109,4.6906,0.035,0.14
ViT-B-16__block10,0_100,2,12,7.3038,4.7602,0.03,0.16
ViT-B-16__block10,0_100,3,13,7.3182,4.7295,0.04,0.14
ViT-B-16__block10,0_100,4,12,7.3246,4.7123,0.045,0.115
ViT-B-16__block10,100_200,0,16,6.7948,3.8145,0.13,0.35
ViT-B-16__block10,100_200,1,17,6.7862,3.7986,0.115,0.405
ViT-B-16__block10,100_200,2,17,6.7785,3.7549,0.155,0.39
ViT-B-16__block10,100_200,3,16,6.8201,3.8107,0.115,0.375
ViT-B-16__block10,100_200,4,20,6.7652,3.7553,0.12,0.395
ViT-B-16__block10,200_300,0,17,6.7819,3.7548,0.165,0.415
ViT-B-16__block10,200_300,1,17,6.7771,3.7744,0.19,0.445
ViT-B-16__block10,200_300,2,17,6.7755,3.7755,0.2,0.44
ViT-B-16__block10,200_300,3,16,6.7974,3.828,0.17,0.415
ViT-B-16__block10,200_300,4,20,6.7825,3.7626,0.18,0.395
ViT-B-16__block10,300_400,0,13,7.1815,4.0909,0.105,0.385
ViT-B-16__block10,300_400,1,13,7.1544,4.1899,0.1,0.305
ViT-B-16__block10,300_400,2,14,7.1863,4.1479,0.125,0.33
ViT-B-16__block10,300_400,3,12,7.2069,4.1582,0.115,0.28
ViT-B-16__block10,300_400,4,11,7.1989,4.247,0.095,0.315
ViT-B-16__block10,400_500,0,7,7.418,4.903,0.02,0.095
ViT-B-16__block10,400_500,1,8,7.3866,4.8991,0.03,0.1
ViT-B-16__block10,400_500,2,7,7.4185,4.8749,0.04,0.105
ViT-B-16__block10,400_500,3,8,7.4117,4.8775,0.025,0.085
ViT-B-16__block10,400_500,4,9,7.3927,4.8507,0.02,0.11
ViT-B-16__block10,500_600,0,4,7.4882,5.2465,0.015,0.055
ViT-B-16__block10,500_600,1,4,7.4807,5.2119,0.0,0.035
ViT-B-16__block10,500_600,2,4,7.4844,5.2285,0.01,0.07
ViT-B-16__block10,500_600,3,4,7.4982,5.2561,0.0,0.02
ViT-B-16__block10,500_600,4,4,7.4752,5.2489,0.015,0.045
ViT-B-16__block10,600_700,0,3,7.5119,5.3336,0.005,0.015
ViT-B-16__block10,600_700,1,3,7.4937,5.3213,0.005,0.025
ViT-B-16__block10,600_700,2,3,7.5066,5.3418,0.02,0.07
ViT-B-16__block10,600_700,3,3,7.5244,5.3236,0.005,0.03
ViT-B-16__block10,600_700,4,3,7.5066,5.3211,0.0,0.02
ViT-B-16__block10,700_800,0,3,7.5112,5.3347,0.01,0.035
ViT-B-16__block10,700_800,1,3,7.5092,5.3444,0.005,0.035
ViT-B-16__block10,700_800,2,3,7.5206,5.3563,0.01,0.045
ViT-B-16__block10,700_800,3,3,7.5235,5.3176,0.0,0.02
ViT-B-16__block10,700_800,4,3,7.5142,5.3132,0.015,0.04
ViT-B-16__block10,800_900,0,3,7.5028,5.3716,0.01,0.035
ViT-B-16__block10,800_900,1,2,7.5197,5.3442,0.005,0.015
ViT-B-16__block10,800_900,2,2,7.5324,5.3548,0.005,0.02
ViT-B-16__block10,800_900,3,2,7.5292,5.3408,0.005,0.045
ViT-B-16__block10,800_900,4,2,7.5222,5.3452,0.0,0.035
ViT-B-16__block10,900_1000,0,3,7.5087,5.3651,0.0,0.01
ViT-B-16__block10,900_1000,1,3,7.5129,5.3685,0.0,0.02
ViT-B-16__block10,900_1000,2,2,7.5302,5.3608,0.0,0.01
ViT-B-16__block10,900_1000,3,3,7.5189,5.3497,0.01,0.035
ViT-B-16__block10,900_1000,4,2,7.5241,5.3563,0.005,0.015
ViT-B-16__block10__fov,0_100,0,13,7.3022,4.6863,0.03,0.15
ViT-B-16__block10__fov,0_100,1,13,7.2981,4.7299,0.04,0.11
ViT-B-16__block10__fov,0_100,2,13,7.3266,4.6658,0.03,0.14
ViT-B-16__block10__fov,0_100,3,15,7.293,4.6273,0.025,0.14
ViT-B-16__block10__fov,0_100,4,13,7.3093,4.6555,0.03,0.155
ViT-B-16__block10__fov,100_200,0,16,6.7746,3.7702,0.14,0.375
ViT-B-16__block10__fov,100_200,1,17,6.7807,3.7288,0.145,0.38
ViT-B-16__block10__fov,100_200,2,18,6.7792,3.7587,0.14,0.375
ViT-B-16__block10__fov,100_200,3,16,6.7958,3.7414,0.14,0.405
ViT-B-16__block10__fov,100_200,4,20,6.7369,3.6856,0.14,0.38
ViT-B-16__block10__fov,200_300,0,17,6.7684,3.7065,0.15,0.42
ViT-B-16__block10__fov,200_300,1,18,6.775,3.7059,0.185,0.435
ViT-B-16__block10__fov,200_300,2,18,6.7686,3.7221,0.2,0.43
ViT-B-16__block10__fov,200_300,3,18,6.7583,3.6924,0.19,0.435
ViT-B-16__block10__fov,200_300,4,20,6.7618,3.6902,0.185,0.42
ViT-B-16__block10__fov,300_400,0,13,7.1909,4.1193,0.11,0.335
ViT-B-16__block10__fov,300_400,1,13,7.1543,4.1067,0.105,0.345
ViT-B-16__block10__fov,300_400,2,14,7.1835,4.1309,0.12,0.34
ViT-B-16__block10__fov,300_400,3,14,7.1981,4.0834,0.105,0.335
ViT-B-16__block10__fov,300_400,4,12,7.1852,4.1838,0.125,0.32
ViT-B-16__block10__fov,400_500,0,7,7.4458,4.8937,0.005,0.12
ViT-B-16__block10__fov,400_500,1,8,7.3856,4.8322,0.03,0.11
ViT-B-16__block10__fov,400_500,2,7,7.4264,4.8823,0.035,0.11
ViT-B-16__block10__fov,400_500,3,8,7.3946,4.8511,0.03,0.12
ViT-B-16__block10__fov,400_500,4,9,7.4161,4.8598,0.0,0.115
ViT-B-16__block10__fov,500_600,0,4,7.5035,5.2142,0.01,0.035
ViT-B-16__block10__fov,500_600,1,5,7.4935,5.1835,0.01,0.05
ViT-B-16__block10__fov,500_600,2,4,7.4877,5.2102,0.015,0.045
ViT-B-16__block10__fov,500_600,3,4,7.5015,5.2383,0.01,0.055
ViT-B-16__block10__fov,500_600,4,6,7.4873,5.1675,0.005,0.045
ViT-B-16__block10__fov,600_700,0,3,7.5129,5.3296,0.0,0.025
ViT-B-16__block10__fov,600_700,1,3,7.5057,5.2923,0.01,0.035
ViT-B-16__block10__fov,600_700,2,3,7.5239,5.3101,0.01,0.045
ViT-B-16__block10__fov,600_700,3,2,7.5201,5.3147,0.0,0.02
ViT-B-16__block10__fov,600_700,4,3,7.5378,5.3172,0.015,0.035
ViT-B-16__block10__fov,700_800,0,3,7.5174,5.343,0.0,0.035
ViT-B-16__block10__fov,700_800,1,3,7.514,5.2948,0.0,0.025
ViT-B-16__block10__fov,700_800,2,3,7.5419,5.347,0.02,0.035
ViT-B-16__block10__fov,700_800,3,3,7.5137,5.3221,0.015,0.03
ViT-B-16__block10__fov,700_800,4,3,7.5137,5.3739,0.01,0.03
ViT-B-16__block10__fov,800_900,0,3,7.5386,5.3599,0.0,0.005
ViT-B-16__block10__fov,800_900,1,3,7.5186,5.3012,0.01,0.045
ViT-B-16__block10__fov,800_900,2,2,7.5191,5.3263,0.005,0.015
ViT-B-16__block10__fov,800_900,3,2,7.5222,5.3451,0.005,0.01
ViT-B-16__block10__fov,800_900,4,2,7.5375,5.331,0.0,0.02
ViT-B-16__block10__fov,900_1000,0,3,7.5364,5.373,0.0,0.01
ViT-B-16__block10__fov,900_1000,1,3,7.5219,5.3313,0.005,0.02
ViT-B-16__block10__fov,900_1000,2,2,7.5342,5.3375,0.005,0.015
ViT-B-16__block10__fov,900_1000,3,3,7.5246,5.3643,0.0,0.015
ViT-B-16__block10__fov,900_1000,4,2,7.5344,5.3522,0.005,0.015
ViT-B-16__block12,0_100,0,11,7.4169,4.9739,0.01,0.115
ViT-B-16__block12,0_100,1,12,7.4391,4.9442,0.045,0.1
ViT-B-16__block12,0_100,2,11,7.4248,4.9732,0.025,0.09
ViT-B-16__block12,0_100,3,13,7.4162,4.9118,0.015,0.09
ViT-B-16__block12,0_100,4,12,7.4036,4.9074,0.04,0.12
ViT-B-16__block12,100_200,0,16,6.9834,4.1128,0.085,0.34
ViT-B-16__block12,100_200,1,17,7.0094,4.054,0.095,0.315
ViT-B-16__block12,100_200,2,15,7.0111,4.1377,0.1,0.3
ViT-B-16__block12,100_200,3,15,6.9668,4.1232,0.085,0.315
ViT-B-16__block12,100_200,4,16,6.9746,4.0854,0.09,0.31
ViT-B-16__block12,200_300,0,17,6.9333,4.0495,0.11,0.325
ViT-B-16__block12,200_300,1,17,6.9406,4.0022,0.125,0.365
ViT-B-16__block12,200_300,2,17,6.9792,4.0588,0.14,0.32
ViT-B-16__block12,200_300,3,15,6.9872,4.0919,0.125,0.315
ViT-B-16__block12,200_300,4,19,6.9727,4.0111,0.145,0.325
ViT-B-16__block12,300_400,0,15,7.2411,4.296,0.065,0.285
ViT-B-16__block12,300_400,1,13,7.2495,4.3269,0.065,0.26
ViT-B-16__block12,300_400,2,14,7.237,4.332,0.085,0.25
ViT-B-16__block12,300_400,3,13,7.2912,4.3488,0.065,0.265
ViT-B-16__block12,300_400,4,13,7.2552,4.3687,0.075,0.22
ViT-B-16__block12,400_500,0,7,7.4613,4.9836,0.01,0.09
ViT-B-16__block12,400_500,1,10,7.43,4.9759,0.02,0.095
ViT-B-16__block12,400_500,2,9,7.4441,4.9328,0.025,0.105
ViT-B-16__block12,400_500,3,6,7.4811,4.9729,0.01,0.1
ViT-B-16__block12,400_500,4,9,7.455,4.9193,0.035,0.085
ViT-B-16__block12,500_600,0,3,7.5045,5.3145,0.005,0.035
ViT-B-16__block12,500_600,1,4,7.4787,5.3216,0.01,0.025
ViT-B-16__block12,500_600,2,4,7.5147,5.2325,0.02,0.055
ViT-B-16__block12,500_600,3,4,7.5477,5.2768,0.01,0.04
ViT-B-16__block12,500_600,4,4,7.508,5.2688,0.005,0.05
ViT-B-16__block12,600_700,0,3,7.534,5.3711,0.01,0.045
ViT-B-16__block12,600_700,1,3,7.5366,5.3912,0.0,0.01
ViT-B-16__block12,600_700,2,3,7.5327,5.3021,0.015,0.055
ViT-B-16__block12,600_700,3,3,7.5463,5.3541,0.01,0.02
ViT-B-16__block12,600_700,4,3,7.5485,5.3557,0.02,0.05
ViT-B-16__block12,700_800,0,3,7.5534,5.3712,0.0,0.035
ViT-B-16__block12,700_800,1,3,7.5644,5.3694,0.0,0.01
ViT-B-16__block12,700_800,2,3,7.5435,5.2958,0.01,0.05
ViT-B-16__block12,700_800,3,3,7.5393,5.3445,0.005,0.025
ViT-B-16__block12,700_800,4,3,7.5438,5.3707,0.005,0.045
ViT-B-16__block12,800_900,0,3,7.5439,5.3886,0.0,0.02
ViT-B-16__block12,800_900,1,2,7.5444,5.3847,0.005,0.005
ViT-B-16__block12,800_900,2,2,7.5382,5.3511,0.0,0.03
ViT-B-16__block12,800_900,3,2,7.5675,5.3201,0.015,0.035
ViT-B-16__block12,800_900,4,2,7.5585,5.3889,0.005,0.025
ViT-B-16__block12,900_1000,0,3,7.5529,5.4019,0.0,0.025
ViT-B-16__block12,900_1000,1,2,7.5428,5.3771,0.0,0.015
ViT-B-16__block12,900_1000,2,2,7.5454,5.3453,0.005,0.025
ViT-B-16__block12,900_1000,3,3,7.5699,5.3634,0.005,0.03
ViT-B-16__block12,900_1000,4,2,7.5538,5.3789,0.01,0.02
ViT-B-16__block12__fov,0_100,0,11,7.4035,4.9731,0.02,0.1
ViT-B-16__block12__fov,0_100,1,12,7.4266,4.9493,0.02,0.11
ViT-B-16__block12__fov,0_100,2,12,7.4201,5.0306,0.035,0.075
ViT-B-16__block12__fov,0_100,3,13,7.4165,5.0065,0.02,0.115
ViT-B-16__block12__fov,0_100,4,13,7.4328,4.9369,0.03,0.1
ViT-B-16__block12__fov,100_200,0,14,6.9732,4.1454,0.09,0.305
ViT-B-16__block12__fov,100_200,1,17,7.0054,4.1165,0.11,0.325
ViT-B-16__block12__fov,100_200,2,15,7.0158,4.1373,0.095,0.295
ViT-B-16__block12__fov,100_200,3,16,6.9876,4.1003,0.115,0.305
ViT-B-16__block12__fov,100_200,4,19,6.9452,4.0627,0.1,0.33
ViT-B-16__block12__fov,200_300,0,18,6.9252,3.9487,0.155,0.36
ViT-B-16__block12__fov,200_300,1,17,6.9444,3.9693,0.165,0.35
ViT-B-16__block12__fov,200_300,2,17,6.9601,4.0119,0.145,0.35
ViT-B-16__block12__fov,200_300,3,15,6.9772,4.0241,0.14,0.335
ViT-B-16__block12__fov,200_300,4,19,6.9676,4.0101,0.16,0.345
ViT-B-16__block12__fov,300_400,0,14,7.267,4.3359,0.07,0.25
ViT-B-16__block12__fov,300_400,1,13,7.2353,4.299,0.08,0.235
ViT-B-16__block12__fov,300_400,2,14,7.2718,4.3079,0.105,0.25
ViT-B-16__block12__fov,300_400,3,12,7.3075,4.3243,0.085,0.25
ViT-B-16__block12__fov,300_400,4,13,7.2656,4.3419,0.065,0.225
ViT-B-16__block12__fov,400_500,0,7,7.4663,4.9455,0.02,0.085
ViT-B-16__block12__fov,400_500,1,11,7.4216,4.8951,0.03,0.115
ViT-B-16__block12__fov,400_500,2,10,7.4654,4.878,0.025,0.12
ViT-B-16__block12__fov,400_500,3,9,7.4676,4.8853,0.035,0.115
ViT-B-16__block12__fov,400_500,4,9,7.4566,4.9269,0.025,0.095
ViT-B-16__block12__fov,500_600,0,3,7.523,5.2916,0.015,0.06
ViT-B-16__block12__fov,500_600,1,4,7.4791,5.2788,0.015,0.035
ViT-B-16__block12__fov,500_600,2,4,7.5355,5.2259,0.01,0.055
ViT-B-16__block12__fov,500_600,3,4,7.5332,5.2657,0.005,0.045
ViT-B-16__block12__fov,500_600,4,4,7.5017,5.3155,0.015,0.035
ViT-B-16__block12__fov,600_700,0,3,7.5392,5.3487,0.005,0.035
ViT-B-16__block12__fov,600_700,1,3,7.528,5.3695,0.01,0.04
ViT-B-16__block12__fov,600_700,2,2,7.5516,5.3389,0.005,0.03
ViT-B-16__block12__fov,600_700,3,3,7.5438,5.3779,0.0,0.015
ViT-B-16__block12__fov,600_700,4,2,7.5246,5.3609,0.01,0.04
ViT-B-16__block12__fov,700_800,0,3,7.5417,5.3663,0.01,0.04
ViT-B-16__block12__fov,700_800,1,3,7.5382,5.4064,0.005,0.025
ViT-B-16__block12__fov,700_800,2,2,7.5723,5.3575,0.0,0.04
ViT-B-16__block12__fov,700_800,3,3,7.5565,5.3267,0.015,0.045
ViT-B-16__block12__fov,700_800,4,2,7.5422,5.3871,0.005,0.015
ViT-B-16__block12__fov,800_900,0,2,7.5459,5.3523,0.01,0.05
ViT-B-16__block12__fov,800_900,1,2,7.5394,5.3854,0.005,0.025
ViT-B-16__block12__fov,800_900,2,2,7.5568,5.3668,0.0,0.04
ViT-B-16__block12__fov,800_900,3,2,7.55,5.3265,0.005,0.04
ViT-B-16__block12__fov,800_900,4,2,7.5169,5.3745,0.005,0.02
ViT-B-16__block12__fov,900_1000,0,2,7.5546,5.3945,0.01,0.025
ViT-B-16__block12__fov,900_1000,1,2,7.5457,5.396,0.0,0.025
ViT-B-16__block12__fov,900_1000,2,2,7.5786,5.3597,0.02,0.055
ViT-B-16__block12__fov,900_1000,3,3,7.559,5.3417,0.005,0.03
ViT-B-16__block12__fov,900_1000,4,2,7.5358,5.3827,0.01,0.025
ViT-B-16__block2,0_100,0,17,6.9767,4.0154,0.115,0.3
ViT-B-16__block2,0_100,1,14,7.0099,4.064,0.08,0.28
ViT-B-16__block2,0_100,2,14,6.9898,4.0574,0.1,0.295
ViT-B-16__block2,0_100,3,13,6.9946,4.1074,0.1,0.29
ViT-B-16__block2,0_100,4,17,7.0412,3.9897,0.07,0.31
ViT-B-16__block2,100_200,0,17,6.5491,3.4611,0.17,0.435
ViT-B-16__block2,100_200,1,19,6.5487,3.4434,0.16,0.425
ViT-B-16__block2,100_200,2,20,6.5658,3.4352,0.19,0.42
ViT-B-16__block2,100_200,3,15,6.6343,3.5411,0.155,0.435
ViT-B-16__block2,100_200,4,17,6.6125,3.4899,0.18,0.415
ViT-B-16__block2,200_300,0,15,6.7161,3.8113,0.12,0.38
ViT-B-16__block2,200_300,1,17,6.7243,3.73,0.14,0.4
ViT-B-16__block2,200_300,2,16,6.6589,3.7447,0.13,0.42
ViT-B-16__block2,200_300,3,14,6.7317,3.8471,0.125,0.385
ViT-B-16__block2,200_300,4,13,6.7496,3.8493,0.115,0.375
ViT-B-16__block2,300_400,0,7,7.2884,4.6925,0.035,0.15
ViT-B-16__block2,300_400,1,8,7.2883,4.6823,0.06,0.16
ViT-B-16__block2,300_400,2,8,7.2845,4.6771,0.055,0.14
ViT-B-16__block2,300_400,3,7,7.3185,4.6931,0.045,0.185
ViT-B-16__block2,300_400,4,9,7.2957,4.6743,0.05,0.165
ViT-B-16__block2,400_500,0,3,7.4263,5.1506,0.005,0.03
ViT-B-16__block2,400_500,1,5,7.4003,5.0974,0.015,0.06
ViT-B-16__block2,400_500,2,3,7.4206,5.1615,0.02,0.085
ViT-B-16__block2,400_500,3,4,7.4136,5.122,0.015,0.06
ViT-B-16__block2,400_500,4,4,7.4187,5.135,0.02,0.075
ViT-B-16__block2,500_600,0,3,7.454,5.2532,0.0,0.035
ViT-B-16__block2,500_600,1,4,7.4478,5.2622,0.01,0.045
ViT-B-16__block2,500_600,2,3,7.4498,5.2256,0.0,0.055
ViT-B-16__block2,500_600,3,3,7.4664,5.2597,0.015,0.03
ViT-B-16__block2,500_600,4,4,7.4742,5.251,0.005,0.02
ViT-B-16__block2,600_700,0,2,7.477,5.3121,0.01,0.025
ViT-B-16__block2,600_700,1,3,7.4612,5.2942,0.005,0.02
ViT-B-16__block2,600_700,2,3,7.4842,5.2895,0.0,0.035
ViT-B-16__block2,600_700,3,3,7.4632,5.2995,0.01,0.025
ViT-B-16__block2,600_700,4,3,7.5009,5.2914,0.0,0.025
ViT-B-16__block2,700_800,0,3,7.4721,5.2954,0.005,0.025
ViT-B-16__block2,700_800,1,3,7.4739,5.2915,0.005,0.03
ViT-B-16__block2,700_800,2,3,7.4728,5.279,0.005,0.04
ViT-B-16__block2,700_800,3,2,7.4696,5.3064,0.01,0.035
ViT-B-16__block2,700_800,4,3,7.4817,5.3041,0.01,0.04
ViT-B-16__block2,800_900,0,2,7.4755,5.3138,0.01,0.02
ViT-B-16__block2,800_900,1,3,7.4691,5.298,0.0,0.03
ViT-B-16__block2,800_900,2,3,7.4728,5.299,0.005,0.03
ViT-B-16__block2,800_900,3,2,7.4739,5.3134,0.005,0.03
ViT-B-16__block2,800_900,4,2,7.4795,5.31,0.0,0.025
ViT-B-16__block2,900_1000,0,3,7.4821,5.334,0.005,0.035
ViT-B-16__block2,900_1000,1,3,7.4781,5.3089,0.005,0.02
ViT-B-16__block2,900_1000,2,3,7.4821,5.2939,0.01,0.035
ViT-B-16__block2,900_1000,3,2,7.4713,5.3233,0.005,0.03
ViT-B-16__block2,900_1000,4,3,7.484,5.3317,0.01,0.025
ViT-B-16__block2__fov,0_100,0,17,6.9605,3.9611,0.09,0.34
ViT-B-16__block2__fov,0_100,1,13,7.0023,4.0571,0.08,0.295
ViT-B-16__block2__fov,0_100,2,18,6.9898,3.9672,0.105,0.31
ViT-B-16__block2__fov,0_100,3,13,6.9688,4.0654,0.09,0.31
ViT-B-16__block2__fov,0_100,4,12,7.0358,4.0918,0.09,0.28
ViT-B-16__block2__fov,100_200,0,21,6.5399,3.3149,0.18,0.455
ViT-B-16__block2__fov,100_200,1,19,6.5243,3.3802,0.16,0.46
ViT-B-16__block2__fov,100_200,2,18,6.549,3.4037,0.185,0.415
ViT-B-16__block2__fov,100_200,3,18,6.6078,3.4016,0.165,0.45
ViT-B-16__block2__fov,100_200,4,17,6.6001,3.4043,0.155,0.425
ViT-B-16__block2__fov,200_300,0,15,6.714,3.7818,0.11,0.38
ViT-B-16__block2__fov,200_300,1,17,6.6954,3.6824,0.14,0.395
ViT-B-16__block2__fov,200_300,2,16,6.646,3.7212,0.12,0.37
ViT-B-16__block2__fov,200_300,3,14,6.7144,3.8038,0.1,0.36
ViT-B-16__block2__fov,200_300,4,13,6.7273,3.7912,0.115,0.39
ViT-B-16__block2__fov,300_400,0,7,7.2896,4.6803,0.06,0.175
ViT-B-16__block2__fov,300_400,1,8,7.2821,4.6621,0.04,0.155
ViT-B-16__block2__fov,300_400,2,8,7.2806,4.649,0.035,0.15
ViT-B-16__block2__fov,300_400,3,7,7.3086,4.6378,0.04,0.19
ViT-B-16__block2__fov,300_400,4,8,7.2774,4.6626,0.03,0.17
ViT-B-16__block2__fov,400_500,0,3,7.4256,5.1501,0.015,0.06
ViT-B-16__block2__fov,400_500,1,5,7.4063,5.0868,0.01,0.07
ViT-B-16__block2__fov,400_500,2,3,7.4096,5.1666,0.025,0.08
ViT-B-16__block2__fov,400_500,3,4,7.4136,5.1315,0.025,0.08
ViT-B-16__block2__fov,400_500,4,4,7.408,5.1259,0.005,0.075
ViT-B-16__block2__fov,500_600,0,3,7.4574,5.2572,0.0,0.055
ViT-B-16__block2__fov,500_600,1,4,7.4514,5.246,0.0,0.035
ViT-B-16__block2__fov,500_600,2,3,7.4435,5.2498,0.0,0.045
ViT-B-16__block2__fov,500_600,3,3,7.4637,5.2331,0.01,0.055
ViT-B-16__block2__fov,500_600,4,3,7.4711,5.2608,0.01,0.02
ViT-B-16__block2__fov,600_700,0,2,7.4727,5.3156,0.005,0.025
ViT-B-16__block2__fov,600_700,1,3,7.466,5.3017,0.0,0.03
ViT-B-16__block2__fov,600_700,2,3,7.4745,5.2936,0.015,0.045
ViT-B-16__block2__fov,600_700,3,3,7.4681,5.2842,0.005,0.045
ViT-B-16__block2__fov,600_700,4,3,7.4849,5.2917,0.0,0.015
ViT-B-16__block2__fov,700_800,0,2,7.4615,5.295,0.005,0.025
ViT-B-16__block2__fov,700_800,1,3,7.4771,5.3103,0.01,0.03
ViT-B-16__block2__fov,700_800,2,3,7.4675,5.3039,0.0,0.035
ViT-B-16__block2__fov,700_800,3,2,7.4656,5.2915,0.005,0.035
ViT-B-16__block2__fov,700_800,4,3,7.4818,5.2968,0.0,0.025
ViT-B-16__block2__fov,800_900,0,2,7.4701,5.3221,0.005,0.035
ViT-B-16__block2__fov,800_900,1,3,7.4698,5.3116,0.005,0.015
ViT-B-16__block2__fov,800_900,2,3,7.4646,5.3136,0.01,0.02
ViT-B-16__block2__fov,800_900,3,2,7.4753,5.3029,0.0,0.025
ViT-B-16__block2__fov,800_900,4,2,7.4716,5.2959,0.0,0.015
ViT-B-16__block2__fov,900_1000,0,3,7.4719,5.3459,0.0,0.02
ViT-B-16__block2__fov,900_1000,1,3,7.4794,5.3148,0.02,0.045
ViT-B-16__block2__fov,900_1000,2,3,7.4763,5.3144,0.005,0.04
ViT-B-16__block2__fov,900_1000,3,2,7.478,5.3052,0.01,0.03
ViT-B-16__block2__fov,900_1000,4,2,7.4755,5.3273,0.0,0.01
ViT-B-16__block4,0_100,0,15,7.0132,4.0579,0.085,0.295
ViT-B-16__block4,0_100,1,14,7.0218,4.0717,0.09,0.23
ViT-B-16__block4,0_100,2,14,7.0424,4.086,0.1,0.245
ViT-B-16__block4,0_100,3,13,7.023,4.127,0.08,0.28
ViT-B-16__block4,0_100,4,13,7.0387,4.1796,0.07,0.255
ViT-B-16__block4,100_200,0,21,6.4404,3.1238,0.23,0.505
ViT-B-16__block4,100_200,1,19,6.437,3.1881,0.215,0.495
ViT-B-16__block4,100_200,2,18,6.4177,3.2087,0.19,0.51
ViT-B-16__block4,100_200,3,20,6.5125,3.1537,0.215,0.5
ViT-B-16__block4,100_200,4,19,6.4683,3.1927,0.175,0.49
ViT-B-16__block4,200_300,0,15,6.6205,3.533,0.155,0.455
ViT-B-16__block4,200_300,1,17,6.635,3.4888,0.17,0.47
ViT-B-16__block4,200_300,2,16,6.5497,3.4871,0.17,0.45
ViT-B-16__block4,200_300,3,16,6.6414,3.4977,0.18,0.41
ViT-B-16__block4,200_300,4,15,6.652,3.5252,0.175,0.47
ViT-B-16__block4,300_400,0,8,7.232,4.4535,0.09,0.205
ViT-B-16__block4,300_400,1,9,7.2006,4.3952,0.06,0.25
ViT-B-16__block4,300_400,2,8,7.2294,4.4243,0.08,0.24
ViT-B-16__block4,300_400,3,9,7.2571,4.3468,0.105,0.28
ViT-B-16__block4,300_400,4,8,7.2421,4.3649,0.06,0.255
ViT-B-16__block4,400_500,0,4,7.4281,5.0476,0.03,0.115
ViT-B-16__block4,400_500,1,6,7.3682,4.9415,0.035,0.145
ViT-B-16__block4,400_500,2,4,7.4155,5.0469,0.015,0.09
ViT-B-16__block4,400_500,3,4,7.4141,5.028,0.025,0.1
ViT-B-16__block4,400_500,4,6,7.4111,4.9565,0.03,0.135
ViT-B-16__block4,500_600,0,3,7.4619,5.2424,0.01,0.045
ViT-B-16__block4,500_600,1,4,7.4289,5.2098,0.015,0.055
ViT-B-16__block4,500_600,2,3,7.444,5.21,0.015,0.065
ViT-B-16__block4,500_600,3,3,7.4795,5.2292,0.01,0.025
ViT-B-16__block4,500_600,4,4,7.4694,5.1892,0.01,0.075
ViT-B-16__block4,600_700,0,2,7.4701,5.3056,0.0,0.015
ViT-B-16__block4,600_700,1,3,7.4657,5.3202,0.0,0.04
ViT-B-16__block4,600_700,2,3,7.4811,5.2785,0.015,0.045
ViT-B-16__block4,600_700,3,3,7.4825,5.2944,0.01,0.035
ViT-B-16__block4,600_700,4,3,7.4855,5.2872,0.0,0.05
ViT-B-16__block4,700_800,0,3,7.4828,5.3002,0.015,0.04
ViT-B-16__block4,700_800,1,3,7.4785,5.3111,0.005,0.025
ViT-B-16__block4,700_800,2,2,7.4916,5.2743,0.0,0.03
ViT-B-16__block4,700_800,3,2,7.4743,5.3531,0.005,0.03
ViT-B-16__block4,700_800,4,3,7.4985,5.307,0.01,0.03
ViT-B-16__block4,800_900,0,2,7.4772,5.3247,0.0,0.015
ViT-B-16__block4,800_900,1,3,7.4806,5.3155,0.015,0.055
ViT-B-16__block4,800_900,2,2,7.4784,5.3039,0.005,0.02
ViT-B-16__block4,800_900,3,2,7.4934,5.3124,0.005,0.045
ViT-B-16__block4,800_900,4,2,7.4942,5.3119,0.005,0.04
ViT-B-16__block4,900_1000,0,3,7.4852,5.3102,0.005,0.05
ViT-B-16__block4,900_1000,1,2,7.4868,5.3279,0.005,0.025
ViT-B-16__block4,900_1000,2,2,7.4915,5.3056,0.0,0.03
ViT-B-16__block4,900_1000,3,2,7.4925,5.3173,0.0,0.025
ViT-B-16__block4,900_1000,4,3,7.4951,5.2998,0.0,0.015
ViT-B-16__block4__fov,0_100,0,15,7.0012,4.0483,0.105,0.275
ViT-B-16__block4__fov,0_100,1,14,7.0133,4.0406,0.1,0.275
ViT-B-16__block4__fov,0_100,2,14,7.0251,4.0563,0.09,0.24
ViT-B-16__block4__fov,0_100,3,16,7.0057,3.9898,0.095,0.305
ViT-B-16__block4__fov,0_100,4,13,7.0291,4.1027,0.095,0.265
ViT-B-16__block4__fov,100_200,0,21,6.4128,3.0668,0.22,0.55
ViT-B-16__block4__fov,100_200,1,20,6.417,3.1123,0.225,0.54
ViT-B-16__block4__fov,100_200,2,20,6.3887,3.118,0.215,0.56
ViT-B-16__block4__fov,100_200,3,20,6.467,3.1025,0.195,0.52
ViT-B-16__block4__fov,100_200,4,19,6.4471,3.1274,0.21,0.53
ViT-B-16__block4__fov,200_300,0,15,6.5995,3.4959,0.16,0.455
ViT-B-16__block4__fov,200_300,1,17,6.6263,3.4708,0.18,0.43
ViT-B-16__block4__fov,200_300,2,16,6.5256,3.457,0.16,0.46
ViT-B-16__block4__fov,200_300,3,18,6.6303,3.4592,0.205,0.41
ViT-B-16__block4__fov,200_300,4,15,6.6359,3.5305,0.165,0.44
ViT-B-16__block4__fov,300_400,0,8,7.2339,4.4182,0.095,0.245
ViT-B-16__block4__fov,300_400,1,9,7.2158,4.396,0.055,0.245
ViT-B-16__block4__fov,300_400,2,10,7.2335,4.348,0.09,0.27
ViT-B-16__block4__fov,300_400,3,9,7.2565,4.3226,0.085,0.255
ViT-B-16__block4__fov,300_400,4,8,7.2451,4.3569,0.085,0.245
ViT-B-16__block4__fov,400_500,0,4,7.4111,5.0371,0.025,0.095
ViT-B-16__block4__fov,400_500,1,6,7.3852,4.9309,0.025,0.135
ViT-B-16__block4__fov,400_500,2,4,7.4081,5.0624,0.01,0.095
ViT-B-16__block4__fov,400_500,3,4,7.4151,5.0008,0.045,0.13
ViT-B-16__block4__fov,400_500,4,4,7.4056,5.0674,0.03,0.09
ViT-B-16__block4__fov,500_600,0,3,7.4554,5.222,0.005,0.025
ViT-B-16__block4__fov,500_600,1,4,7.4336,5.2016,0.015,0.045
ViT-B-16__block4__fov,500_600,2,3,7.4538,5.2156,0.005,0.04
ViT-B-16__block4__fov,500_600,3,3,7.4782,5.2136,0.02,0.045
ViT-B-16__block4__fov,500_600,4,4,7.4643,5.2069,0.02,0.06
ViT-B-16__block4__fov,600_700,0,2,7.4722,5.293,0.01,0.04
ViT-B-16__block4__fov,600_700,1,3,7.4735,5.3071,0.01,0.03
ViT-B-16__block4__fov,600_700,2,3,7.4858,5.282,0.015,0.03
ViT-B-16__block4__fov,600_700,3,3,7.4703,5.2614,0.005,0.03
ViT-B-16__block4__fov,600_700,4,3,7.4783,5.3065,0.015,0.04
ViT-B-16__block4__fov,700_800,0,3,7.4788,5.2948,0.01,0.025
ViT-B-16__block4__fov,700_800,1,3,7.4697,5.2978,0.01,0.02
ViT-B-16__block4__fov,700_800,2,3,7.4994,5.2821,0.015,0.04
ViT-B-16__block4__fov,700_800,3,3,7.4897,5.3076,0.0,0.015
ViT-B-16__block4__fov,700_800,4,3,7.488,5.3265,0.005,0.02
ViT-B-16__block4__fov,800_900,0,2,7.4775,5.3127,0.0,0.015
ViT-B-16__block4__fov,800_900,1,2,7.4744,5.3268,0.01,0.025
ViT-B-16__block4__fov,800_900,2,2,7.4798,5.3321,0.005,0.015
ViT-B-16__block4__fov,800_900,3,2,7.4903,5.3046,0.0,0.02
ViT-B-16__block4__fov,800_900,4,2,7.4844,5.3168,0.0,0.0
ViT-B-16__block4__fov,900_1000,0,3,7.4831,5.3117,0.005,0.025
ViT-B-16__block4__fov,900_1000,1,2,7.4898,5.3183,0.01,0.025
ViT-B-16__block4__fov,900_1000,2,2,7.5005,5.3258,0.01,0.035
ViT-B-16__block4__fov,900_1000,3,2,7.4912,5.3092,0.0,0.015
ViT-B-16__block4__fov,900_1000,4,2,7.4891,5.3223,0.0,0.025
ViT-B-16__block6,0_100,0,14,7.1546,4.3514,0.07,0.21
ViT-B-16__block6,0_100,1,15,7.1661,4.3518,0.06,0.2
ViT-B-16__block6,0_100,2,14,7.1844,4.3076,0.045,0.195
ViT-B-16__block6,0_100,3,16,7.1543,4.2979,0.06,0.235
ViT-B-16__block6,0_100,4,14,7.1407,4.3681,0.045,0.175
ViT-B-16__block6,100_200,0,21,6.589,3.3696,0.17,0.47
ViT-B-16__block6,100_200,1,21,6.576,3.4092,0.185,0.435
ViT-B-16__block6,100_200,2,19,6.5081,3.3987,0.185,0.45
ViT-B-16__block6,100_200,3,20,6.6006,3.3693,0.2,0.45
ViT-B-16__block6,100_200,4,20,6.5254,3.4104,0.19,0.45
ViT-B-16__block6,200_300,0,19,6.6805,3.5898,0.185,0.42
ViT-B-16__block6,200_300,1,19,6.6897,3.5461,0.16,0.475
ViT-B-16__block6,200_300,2,19,6.5921,3.5252,0.155,0.455
ViT-B-16__block6,200_300,3,18,6.6528,3.567,0.185,0.48
ViT-B-16__block6,200_300,4,16,6.684,3.6181,0.185,0.405
ViT-B-16__block6,300_400,0,12,7.2509,4.2624,0.1,0.29
ViT-B-16__block6,300_400,1,11,7.2166,4.3613,0.1,0.24
ViT-B-16__block6,300_400,2,11,7.2303,4.3091,0.105,0.255
ViT-B-16__block6,300_400,3,11,7.2541,4.3441,0.115,0.235
ViT-B-16__block6,300_400,4,11,7.2423,4.381,0.08,0.24
ViT-B-16__block6,400_500,0,4,7.4533,5.0607,0.025,0.065
ViT-B-16__block6,400_500,1,6,7.4232,5.0179,0.02,0.09
ViT-B-16__block6,400_500,2,4,7.4477,5.0422,0.02,0.135
ViT-B-16__block6,400_500,3,6,7.4218,4.9805,0.01,0.095
ViT-B-16__block6,400_500,4,5,7.4109,5.0744,0.015,0.06
ViT-B-16__block6,500_600,0,3,7.4963,5.2598,0.02,0.06
ViT-B-16__block6,500_600,1,3,7.4643,5.2661,0.01,0.06
ViT-B-16__block6,500_600,2,4,7.4917,5.2286,0.015,0.05
ViT-B-16__block6,500_600,3,3,7.5017,5.2428,0.005,0.045
ViT-B-16__block6,500_600,4,4,7.4678,5.2727,0.02,0.04
ViT-B-16__block6,600_700,0,3,7.4937,5.3215,0.01,0.02
ViT-B-16__block6,600_700,1,3,7.4961,5.3334,0.0,0.03
ViT-B-16__block6,600_700,2,3,7.4918,5.2904,0.005,0.035
ViT-B-16__block6,600_700,3,3,7.5151,5.274,0.01,0.045
ViT-B-16__block6,600_700,4,3,7.4943,5.3077,0.005,0.015
ViT-B-16__block6,700_800,0,3,7.5129,5.2991,0.015,0.03
ViT-B-16__block6,700_800,1,2,7.525,5.3617,0.0,0.01
ViT-B-16__block6,700_800,2,3,7.5109,5.3162,0.0,0.035
ViT-B-16__block6,700_800,3,3,7.519,5.3043,0.005,0.035
ViT-B-16__block6,700_800,4,3,7.5176,5.3321,0.015,0.035
ViT-B-16__block6,800_900,0,3,7.5001,5.3222,0.0,0.025
ViT-B-16__block6,800_900,1,2,7.5066,5.3119,0.01,0.04
ViT-B-16__block6,800_900,2,2,7.5069,5.3283,0.005,0.015
ViT-B-16__block6,800_900,3,2,7.5167,5.3027,0.005,0.035
ViT-B-16__block6,800_900,4,2,7.5157,5.3508,0.0,0.015
ViT-B-16__block6,900_1000,0,3,7.5092,5.3618,0.0,0.03
ViT-B-16__block6,900_1000,1,2,7.5178,5.3549,0.0,0.015
ViT-B-16__block6,900_1000,2,3,7.5215,5.3305,0.005,0.01
ViT-B-16__block6,900_1000,3,3,7.5102,5.3318,0.0,0.04
ViT-B-16__block6,900_1000,4,2,7.5081,5.3144,0.0,0.015
ViT-B-16__block6__fov,0_100,0,16,7.1285,4.3071,0.075,0.215
ViT-B-16__block6__fov,0_100,1,14,7.1563,4.3027,0.08,0.26
ViT-B-16__block6__fov,0_100,2,14,7.158,4.2444,0.06,0.22
ViT-B-16__block6__fov,0_100,3,16,7.1167,4.2304,0.07,0.235
ViT-B-16__block6__fov,0_100,4,14,7.135,4.2891,0.05,0.2
ViT-B-16__block6__fov,100_200,0,21,6.5455,3.3095,0.185,0.475
ViT-B-16__block6__fov,100_200,1,22,6.5554,3.3105,0.165,0.47
ViT-B-16__block6__fov,100_200,2,24,6.5227,3.2752,0.185,0.47
ViT-B-16__block6__fov,100_200,3,20,6.5744,3.3406,0.185,0.455
ViT-B-16__block6__fov,100_200,4,20,6.5064,3.3759,0.16,0.455
ViT-B-16__block6__fov,200_300,0,17,6.6657,3.5411,0.19,0.455
ViT-B-16__block6__fov,200_300,1,19,6.6578,3.5171,0.165,0.445
ViT-B-16__block6__fov,200_300,2,19,6.5931,3.5018,0.175,0.465
ViT-B-16__block6__fov,200_300,3,18,6.6359,3.546,0.155,0.44
ViT-B-16__block6__fov,200_300,4,18,6.6662,3.5725,0.185,0.485
ViT-B-16__block6__fov,300_400,0,11,7.2512,4.3168,0.08,0.27
ViT-B-16__block6__fov,300_400,1,10,7.2201,4.3127,0.075,0.23
ViT-B-16__block6__fov,300_400,2,11,7.2739,4.3003,0.11,0.3
ViT-B-16__block6__fov,300_400,3,9,7.2709,4.3765,0.09,0.24
ViT-B-16__block6__fov,300_400,4,11,7.2638,4.2825,0.105,0.255
ViT-B-16__block6__fov,400_500,0,4,7.4489,5.094,0.025,0.07
ViT-B-16__block6__fov,400_500,1,6,7.3972,4.9795,0.04,0.13
ViT-B-16__block6__fov,400_500,2,5,7.438,5.0275,0.01,0.105
ViT-B-16__block6__fov,400_500,3,6,7.4329,5.006,0.035,0.115
ViT-B-16__block6__fov,400_500,4,7,7.436,4.9753,0.035,0.1
ViT-B-16__block6__fov,500_600,0,3,7.4906,5.2877,0.01,0.04
ViT-B-16__block6__fov,500_600,1,4,7.4784,5.2125,0.01,0.035
ViT-B-16__block6__fov,500_600,2,4,7.4834,5.2347,0.0,0.05
ViT-B-16__block6__fov,500_600,3,3,7.5094,5.2798,0.0,0.04
ViT-B-16__block6__fov,500_600,4,4,7.4822,5.2177,0.005,0.035
ViT-B-16__block6__fov,600_700,0,2,7.4885,5.3565,0.0,0.02
ViT-B-16__block6__fov,600_700,1,3,7.5012,5.3045,0.005,0.03
ViT-B-16__block6__fov,600_700,2,3,7.5064,5.2998,0.0,0.02
ViT-B-16__block6__fov,600_700,3,2,7.5134,5.328,0.0,0.03
ViT-B-16__block6__fov,600_700,4,3,7.5272,5.2818,0.02,0.045
ViT-B-16__block6__fov,700_800,0,3,7.5132,5.3771,0.01,0.025
ViT-B-16__block6__fov,700_800,1,2,7.5102,5.3058,0.005,0.05
ViT-B-16__block6__fov,700_800,2,3,7.518,5.3288,0.0,0.035
ViT-B-16__block6__fov,700_800,3,2,7.5048,5.3506,0.005,0.035
ViT-B-16__block6__fov,700_800,4,3,7.525,5.2699,0.005,0.04
ViT-B-16__block6__fov,800_900,0,2,7.5019,5.3658,0.0,0.015
ViT-B-16__block6__fov,800_900,1,2,7.5059,5.3139,0.0,0.035
ViT-B-16__block6__fov,800_900,2,2,7.5071,5.3527,0.01,0.015
ViT-B-16__block6__fov,800_900,3,2,7.5076,5.3405,0.0,0.02
ViT-B-16__block6__fov,800_900,4,2,7.5257,5.298,0.0,0.02
ViT-B-16__block6__fov,900_1000,0,2,7.5105,5.346,0.005,0.04
ViT-B-16__block6__fov,900_1000,1,2,7.5061,5.3323,0.015,0.04
ViT-B-16__block6__fov,900_1000,2,3,7.5218,5.3479,0.01,0.025
ViT-B-16__block6__fov,900_1000,3,2,7.5179,5.3446,0.005,0.02
ViT-B-16__block6__fov,900_1000,4,3,7.531,5.3095,0.005,0.035
ViT-B-16__block8,0_100,0,12,7.226,4.6498,0.03,0.13
ViT-B-16__block8,0_100,1,13,7.2388,4.5936,0.065,0.145
ViT-B-16__block8,0_100,2,14,7.2669,4.6568,0.035,0.125
ViT-B-16__block8,0_100,3,13,7.2475,4.5565,0.045,0.145
ViT-B-16__block8,0_100,4,12,7.266,4.6706,0.03,0.165
ViT-B-16__block8,100_200,0,17,6.7421,3.7661,0.105,0.345
ViT-B-16__block8,100_200,1,19,6.6847,3.7235,0.11,0.375
ViT-B-16__block8,100_200,2,20,6.6888,3.7188,0.14,0.4
ViT-B-16__block8,100_200,3,17,6.7297,3.7105,0.12,0.395
ViT-B-16__block8,100_200,4,19,6.6911,3.7511,0.09,0.36
ViT-B-16__block8,200_300,0,16,6.8148,3.8527,0.14,0.405
ViT-B-16__block8,200_300,1,17,6.7786,3.8165,0.145,0.435
ViT-B-16__block8,200_300,2,18,6.7676,3.8144,0.16,0.445
ViT-B-16__block8,200_300,3,17,6.7627,3.8254,0.12,0.43
ViT-B-16__block8,200_300,4,17,6.7986,3.8324,0.12,0.4
ViT-B-16__block8,300_400,0,12,7.2383,4.3061,0.1,0.27
ViT-B-16__block8,300_400,1,11,7.2168,4.3821,0.065,0.235
ViT-B-16__block8,300_400,2,14,7.234,4.3031,0.095,0.29
ViT-B-16__block8,300_400,3,11,7.2463,4.3225,0.095,0.26
ViT-B-16__block8,300_400,4,11,7.2375,4.3746,0.095,0.265
ViT-B-16__block8,400_500,0,4,7.4376,5.1158,0.03,0.1
ViT-B-16__block8,400_500,1,6,7.4058,5.0107,0.025,0.1
ViT-B-16__block8,400_500,2,6,7.4316,4.9843,0.04,0.1
ViT-B-16__block8,400_500,3,6,7.4213,4.9415,0.035,0.135
ViT-B-16__block8,400_500,4,7,7.4073,4.9895,0.035,0.115
ViT-B-16__block8,500_600,0,3,7.4805,5.2649,0.0,0.02
ViT-B-16__block8,500_600,1,4,7.4572,5.2668,0.005,0.035
ViT-B-16__block8,500_600,2,4,7.4768,5.2597,0.005,0.02
ViT-B-16__block8,500_600,3,3,7.5064,5.2936,0.02,0.03
ViT-B-16__block8,500_600,4,4,7.4746,5.2796,0.01,0.04
ViT-B-16__block8,600_700,0,3,7.4895,5.3431,0.005,0.015
ViT-B-16__block8,600_700,1,3,7.4926,5.3134,0.005,0.03
ViT-B-16__block8,600_700,2,3,7.4897,5.3352,0.0,0.015
ViT-B-16__block8,600_700,3,3,7.503,5.2732,0.0,0.015
ViT-B-16__block8,600_700,4,3,7.5101,5.3259,0.0,0.025
ViT-B-16__block8,700_800,0,3,7.492,5.3066,0.0,0.015
ViT-B-16__block8,700_800,1,3,7.4936,5.3242,0.0,0.01
ViT-B-16__block8,700_800,2,3,7.4991,5.338,0.005,0.035
ViT-B-16__block8,700_800,3,3,7.5236,5.2973,0.0,0.025
ViT-B-16__block8,700_800,4,3,7.5052,5.3159,0.005,0.035
ViT-B-16__block8,800_900,0,3,7.4874,5.3439,0.0,0.02
ViT-B-16__block8,800_900,1,2,7.4922,5.313,0.0,0.05
ViT-B-16__block8,800_900,2,2,7.5096,5.3071,0.01,0.02
ViT-B-16__block8,800_900,3,2,7.5259,5.3026,0.01,0.01
ViT-B-16__block8,800_900,4,2,7.5118,5.3441,0.01,0.01
ViT-B-16__block8,900_1000,0,3,7.503,5.366,0.005,0.035
ViT-B-16__block8,900_1000,1,3,7.4959,5.3418,0.0,0.02
ViT-B-16__block8,900_1000,2,2,7.5291,5.3343,0.0,0.015
ViT-B-16__block8,900_1000,3,3,7.5248,5.2742,0.0,0.035
ViT-B-16__block8,900_1000,4,2,7.517,5.3365,0.0,0.015
ViT-B-16__block8__fov,0_100,0,13,7.2335,4.5874,0.035,0.16
ViT-B-16__block8__fov,0_100,1,15,7.2329,4.5147,0.04,0.17
ViT-B-16__block8__fov,0_100,2,14,7.2467,4.5455,0.035,0.135
ViT-B-16__block8__fov,0_100,3,16,7.2247,4.514,0.055,0.165
ViT-B-16__block8__fov,0_100,4,12,7.2306,4.6047,0.04,0.175
ViT-B-16__block8__fov,100_200,0,17,6.7075,3.665,0.155,0.36
ViT-B-16__block8__fov,100_200,1,19,6.6646,3.6497,0.15,0.395
ViT-B-16__block8__fov,100_200,2,19,6.6564,3.6557,0.12,0.37
ViT-B-16__block8__fov,100_200,3,17,6.7264,3.6863,0.125,0.365
ViT-B-16__block8__fov,100_200,4,19,6.6717,3.6706,0.135,0.355
ViT-B-16__block8__fov,200_300,0,17,6.7691,3.7515,0.145,0.425
ViT-B-16__block8__fov,200_300,1,17,6.7683,3.749,0.135,0.425
ViT-B-16__block8__fov,200_300,2,17,6.7202,3.7286,0.155,0.45
ViT-B-16__block8__fov,200_300,3,17,6.7233,3.7225,0.18,0.45
ViT-B-16__block8__fov,200_300,4,17,6.7661,3.7523,0.15,0.43
ViT-B-16__block8__fov,300_400,0,11,7.2263,4.3088,0.095,0.275
ViT-B-16__block8__fov,300_400,1,12,7.2068,4.2983,0.085,0.265
ViT-B-16__block8__fov,300_400,2,14,7.1977,4.2557,0.1,0.27
ViT-B-16__block8__fov,300_400,3,10,7.2362,4.3672,0.075,0.25
ViT-B-16__block8__fov,300_400,4,12,7.2417,4.3324,0.07,0.23
ViT-B-16__block8__fov,400_500,0,4,7.4444,5.0938,0.01,0.085
ViT-B-16__block8__fov,400_500,1,6,7.3982,4.9933,0.03,0.105
ViT-B-16__block8__fov,400_500,2,6,7.4078,4.9629,0.025,0.07
ViT-B-16__block8__fov,400_500,3,5,7.4099,5.0324,0.01,0.08
ViT-B-16__block8__fov,400_500,4,7,7.3985,4.9864,0.015,0.09
ViT-B-16__block8__fov,500_600,0,3,7.4829,5.2405,0.0,0.07
ViT-B-16__block8__fov,500_600,1,4,7.4378,5.2286,0.01,0.035
ViT-B-16__block8__fov,500_600,2,4,7.4731,5.186,0.005,0.07
ViT-B-16__block8__fov,500_600,3,3,7.494,5.3018,0.0,0.035
ViT-B-16__block8__fov,500_600,4,4,7.4735,5.2698,0.0,0.055
ViT-B-16__block8__fov,600_700,0,3,7.5045,5.2928,0.02,0.045
ViT-B-16__block8__fov,600_700,1,3,7.491,5.3401,0.005,0.03
ViT-B-16__block8__fov,600_700,2,2,7.4876,5.2925,0.01,0.035
ViT-B-16__block8__fov,600_700,3,3,7.4936,5.3169,0.0,0.02
ViT-B-16__block8__fov,600_700,4,3,7.5011,5.3339,0.015,0.05
ViT-B-16__block8__fov,700_800,0,3,7.5112,5.3205,0.005,0.04
ViT-B-16__block8__fov,700_800,1,3,7.502,5.3403,0.005,0.015
ViT-B-16__block8__fov,700_800,2,3,7.5159,5.2697,0.01,0.05
ViT-B-16__block8__fov,700_800,3,2,7.504,5.3362,0.01,0.02
ViT-B-16__block8__fov,700_800,4,3,7.4981,5.2885,0.01,0.035
ViT-B-16__block8__fov,800_900,0,2,7.5171,5.3248,0.01,0.035
ViT-B-16__block8__fov,800_900,1,2,7.519,5.3485,0.01,0.03
ViT-B-16__block8__fov,800_900,2,2,7.5046,5.3015,0.01,0.04
ViT-B-16__block8__fov,800_900,3,2,7.5117,5.3472,0.005,0.025
ViT-B-16__block8__fov,800_900,4,2,7.5117,5.3193,0.0,0.03
ViT-B-16__block8__fov,900_1000,0,3,7.529,5.326,0.005,0.035
ViT-B-16__block8__fov,900_1000,1,2,7.4975,5.3607,0.005,0.04
ViT-B-16__block8__fov,900_1000,2,2,7.5168,5.3421,0.01,0.035
ViT-B-16__block8__fov,900_1000,3,3,7.5074,5.3606,0.005,0.03
ViT-B-16__block8__fov,900_1000,4,2,7.499,5.3083,0.0,0.02
ViT-L-14__block12,0_100,0,18,7.2431,4.4526,0.05,0.2
ViT-L-14__block12,0_100,1,15,7.2089,4.505,0.055,0.17
ViT-L-14__block12,0_100,2,14,7.2416,4.5431,0.05,0.145
ViT-L-14__block12,0_100,3,19,7.2057,4.4153,0.05,0.2
ViT-L-14__block12,0_100,4,16,7.2276,4.5545,0.055,0.17
ViT-L-14__block12,100_200,0,21,6.741,3.734,0.135,0.405
ViT-L-14__block12,100_200,1,21,6.7383,3.7406,0.16,0.38
ViT-L-14__block12,100_200,2,18,6.7347,3.7808,0.12,0.415
ViT-L-14__block12,100_200,3,19,6.7876,3.8162,0.125,0.345
ViT-L-14__block12,100_200,4,19,6.7093,3.82,0.115,0.345
ViT-L-14__block12,200_300,0,17,6.8267,3.8963,0.12,0.365
ViT-L-14__block12,200_300,1,17,6.824,3.9133,0.13,0.335
ViT-L-14__block12,200_300,2,18,6.7872,3.8546,0.125,0.365
ViT-L-14__block12,200_300,3,17,6.8019,3.8523,0.15,0.4
ViT-L-14__block12,200_300,4,16,6.8186,3.8875,0.115,0.365
ViT-L-14__block12,300_400,0,11,7.3179,4.5716,0.06,0.195
ViT-L-14__block12,300_400,1,11,7.2681,4.505,0.07,0.23
ViT-L-14__block12,300_400,2,12,7.2912,4.4312,0.08,0.215
ViT-L-14__block12,300_400,3,11,7.3036,4.5289,0.065,0.21
ViT-L-14__block12,300_400,4,11,7.2926,4.5605,0.06,0.18
ViT-L-14__block12,400_500,0,6,7.4716,5.0474,0.03,0.085
ViT-L-14__block12,400_500,1,6,7.4544,5.0968,0.015,0.07
ViT-L-14__block12,400_500,2,5,7.4744,5.143,0.0,0.065
ViT-L-14__block12,400_500,3,5,7.4667,5.1019,0.005,0.07
ViT-L-14__block12,400_500,4,6,7.4318,5.1016,0.0,0.055
ViT-L-14__block12,500_600,0,3,7.52,5.3183,0.0,0.065
ViT-L-14__block12,500_600,1,4,7.4936,5.3294,0.005,0.035
ViT-L-14__block12,500_600,2,4,7.5016,5.3396,0.015,0.05
ViT-L-14__block12,500_600,3,3,7.5127,5.2692,0.0,0.03
ViT-L-14__block12,500_600,4,4,7.5074,5.3429,0.005,0.045
ViT-L-14__block12,600_700,0,3,7.5032,5.3536,0.0,0.02
ViT-L-14__block12,600_700,1,3,7.5121,5.3533,0.0,0.04
ViT-L-14__block12,600_700,2,3,7.5307,5.3189,0.005,0.005
ViT-L-14__block12,600_700,3,2,7.5154,5.3148,0.01,0.015
ViT-L-14__block12,600_700,4,3,7.5159,5.3666,0.0,0.005
ViT-L-14__block12,700_800,0,3,7.5242,5.3668,0.0,0.025
ViT-L-14__block12,700_800,1,3,7.5385,5.3769,0.0,0.02
ViT-L-14__block12,700_800,2,3,7.5379,5.3499,0.01,0.045
ViT-L-14__block12,700_800,3,3,7.5325,5.3364,0.01,0.035
ViT-L-14__block12,700_800,4,3,7.5121,5.3821,0.005,0.025
ViT-L-14__block12,800_900,0,2,7.5349,5.3462,0.005,0.04
ViT-L-14__block12,800_900,1,2,7.5245,5.3445,0.015,0.02
ViT-L-14__block12,800_900,2,2,7.5134,5.3246,0.0,0.02
ViT-L-14__block12,800_900,3,2,7.5367,5.332,0.005,0.02
ViT-L-14__block12,800_900,4,2,7.5065,5.3587,0.01,0.025
ViT-L-14__block12,900_1000,0,2,7.5392,5.363,0.005,0.025
ViT-L-14__block12,900_1000,1,2,7.5379,5.3379,0.005,0.03
ViT-L-14__block12,900_1000,2,2,7.5331,5.3353,0.0,0.02
ViT-L-14__block12,900_1000,3,3,7.5225,5.3476,0.005,0.055
ViT-L-14__block12,900_1000,4,2,7.515,5.3699,0.0,0.025
ViT-L-14__block12__fov,0_100,0,20,7.188,4.3808,0.07,0.2
ViT-L-14__block12__fov,0_100,1,17,7.2017,4.452,0.05,0.215
ViT-L-14__block12__fov,0_100,2,15,7.2546,4.4798,0.05,0.155
ViT-L-14__block12__fov,0_100,3,19,7.1724,4.3538,0.065,0.175
ViT-L-14__block12__fov,0_100,4,17,7.2303,4.4088,0.065,0.2
ViT-L-14__block12__fov,100_200,0,20,6.6864,3.6751,0.15,0.415
ViT-L-14__block12__fov,100_200,1,21,6.679,3.6777,0.17,0.395
ViT-L-14__block12__fov,100_200,2,22,6.6899,3.6583,0.13,0.42
ViT-L-14__block12__fov,100_200,3,20,6.7211,3.6651,0.13,0.41
ViT-L-14__block12__fov,100_200,4,19,6.6853,3.6895,0.115,0.39
ViT-L-14__block12__fov,200_300,0,17,6.7665,3.8202,0.11,0.385
ViT-L-14__block12__fov,200_300,1,17,6.777,3.8352,0.145,0.405
ViT-L-14__block12__fov,200_300,2,20,6.7392,3.7774,0.125,0.415
ViT-L-14__block12__fov,200_300,3,20,6.7522,3.7444,0.14,0.44
ViT-L-14__block12__fov,200_300,4,18,6.7957,3.8068,0.125,0.38
ViT-L-14__block12__fov,300_400,0,10,7.3005,4.4479,0.09,0.25
ViT-L-14__block12__fov,300_400,1,11,7.2803,4.4796,0.055,0.225
ViT-L-14__block12__fov,300_400,2,14,7.2775,4.4279,0.08,0.215
ViT-L-14__block12__fov,300_400,3,11,7.3055,4.46,0.07,0.24
ViT-L-14__block12__fov,300_400,4,11,7.2656,4.4857,0.075,0.23
ViT-L-14__block12__fov,400_500,0,5,7.4583,5.0974,0.02,0.105
ViT-L-14__block12__fov,400_500,1,6,7.4525,5.0781,0.02,0.085
ViT-L-14__block12__fov,400_500,2,5,7.4706,5.1162,0.02,0.085
ViT-L-14__block12__fov,400_500,3,5,7.4325,5.0929,0.02,0.095
ViT-L-14__block12__fov,400_500,4,6,7.4108,5.0823,0.015,0.065
ViT-L-14__block12__fov,500_600,0,3,7.5138,5.3067,0.015,0.035
ViT-L-14__block12__fov,500_600,1,4,7.4906,5.2756,0.02,0.05
ViT-L-14__block12__fov,500_600,2,4,7.5014,5.2835,0.01,0.045
ViT-L-14__block12__fov,500_600,3,3,7.5165,5.3342,0.005,0.015
ViT-L-14__block12__fov,500_600,4,4,7.4901,5.3201,0.0,0.03
ViT-L-14__block12__fov,600_700,0,2,7.5203,5.3192,0.005,0.015
ViT-L-14__block12__fov,600_700,1,2,7.5204,5.3562,0.0,0.025
ViT-L-14__block12__fov,600_700,2,3,7.5301,5.3626,0.005,0.025
ViT-L-14__block12__fov,600_700,3,2,7.5271,5.343,0.0,0.02
ViT-L-14__block12__fov,600_700,4,3,7.5068,5.3425,0.0,0.035
ViT-L-14__block12__fov,700_800,0,3,7.5173,5.2984,0.02,0.055
ViT-L-14__block12__fov,700_800,1,2,7.5202,5.3725,0.0,0.01
ViT-L-14__block12__fov,700_800,2,3,7.5219,5.3612,0.005,0.035
ViT-L-14__block12__fov,700_800,3,3,7.5256,5.3711,0.0,0.015
ViT-L-14__block12__fov,700_800,4,3,7.5008,5.3301,0.005,0.035
ViT-L-14__block12__fov,800_900,0,2,7.4972,5.3296,0.0,0.03
ViT-L-14__block12__fov,800_900,1,2,7.5311,5.3526,0.005,0.025
ViT-L-14__block12__fov,800_900,2,2,7.5283,5.3619,0.0,0.02
ViT-L-14__block12__fov,800_900,3,2,7.5226,5.383,0.0,0.025
ViT-L-14__block12__fov,800_900,4,2,7.5102,5.3654,0.01,0.025
ViT-L-14__block12__fov,900_1000,0,2,7.5328,5.3587,0.0,0.02
ViT-L-14__block12__fov,900_1000,1,2,7.5351,5.3722,0.005,0.015
ViT-L-14__block12__fov,900_1000,2,2,7.5363,5.4105,0.005,0.035
ViT-L-14__block12__fov,900_1000,3,2,7.5242,5.373,0.015,0.025
ViT-L-14__block12__fov,900_1000,4,2,7.5127,5.3539,0.01,0.035
ViT-L-14__block16,0_100,0,14,7.2807,4.6253,0.045,0.195
ViT-L-14__block16,0_100,1,14,7.2716,4.6632,0.04,0.145
ViT-L-14__block16,0_100,2,12,7.303,4.6499,0.04,0.17
ViT-L-14__block16,0_100,3,14,7.2483,4.6552,0.015,0.16
ViT-L-14__block16,0_100,4,16,7.3001,4.6082,0.05,0.155
ViT-L-14__block16,100_200,0,18,6.7814,3.8123,0.12,0.38
ViT-L-14__block16,100_200,1,19,6.751,3.8176,0.125,0.385
ViT-L-14__block16,100_200,2,20,6.7612,3.7522,0.125,0.39
ViT-L-14__block16,100_200,3,18,6.807,3.7994,0.11,0.365
ViT-L-14__block16,100_200,4,19,6.7657,3.8191,0.125,0.36
ViT-L-14__block16,200_300,0,17,6.8149,3.8437,0.15,0.375
ViT-L-14__block16,200_300,1,18,6.8162,3.8545,0.16,0.375
ViT-L-14__block16,200_300,2,19,6.7841,3.8176,0.165,0.41
ViT-L-14__block16,200_300,3,16,6.792,3.9088,0.12,0.365
ViT-L-14__block16,200_300,4,16,6.8258,3.8591,0.17,0.4
ViT-L-14__block16,300_400,0,13,7.2563,4.3174,0.085,0.245
ViT-L-14__block16,300_400,1,13,7.2262,4.3272,0.1,0.21
ViT-L-14__block16,300_400,2,11,7.2267,4.443,0.105,0.24
ViT-L-14__block16,300_400,3,14,7.2504,4.3381,0.1,0.245
ViT-L-14__block16,300_400,4,11,7.2589,4.4041,0.085,0.25
ViT-L-14__block16,400_500,0,7,7.4719,4.9759,0.02,0.125
ViT-L-14__block16,400_500,1,6,7.4127,5.0153,0.01,0.09
ViT-L-14__block16,400_500,2,5,7.4584,5.0375,0.03,0.09
ViT-L-14__block16,400_500,3,6,7.4453,5.0764,0.01,0.06
ViT-L-14__block16,400_500,4,7,7.4632,5.0416,0.02,0.085
ViT-L-14__block16,500_600,0,4,7.5297,5.301,0.005,0.03
ViT-L-14__block16,500_600,1,4,7.4751,5.2732,0.01,0.05
ViT-L-14__block16,500_600,2,3,7.4827,5.3352,0.005,0.02
ViT-L-14__block16,500_600,3,3,7.5046,5.3195,0.01,0.03
ViT-L-14__block16,500_600,4,4,7.4854,5.3637,0.01,0.025
ViT-L-14__block16,600_700,0,3,7.5284,5.3626,0.0,0.015
ViT-L-14__block16,600_700,1,3,7.4978,5.3437,0.005,0.02
ViT-L-14__block16,600_700,2,3,7.4949,5.3541,0.01,0.03
ViT-L-14__block16,600_700,3,3,7.5249,5.3307,0.005,0.055
ViT-L-14__block16,600_700,4,3,7.5036,5.339,0.0,0.01
ViT-L-14__block16,700_800,0,3,7.5288,5.3825,0.01,0.025
ViT-L-14__block16,700_800,1,3,7.5138,5.3737,0.0,0.01
ViT-L-14__block16,700_800,2,3,7.5168,5.3366,0.0,0.005
ViT-L-14__block16,700_800,3,3,7.5236,5.3513,0.0,0.025
ViT-L-14__block16,700_800,4,3,7.5081,5.3611,0.005,0.015
ViT-L-14__block16,800_900,0,2,7.5369,5.3649,0.01,0.025
ViT-L-14__block16,800_900,1,3,7.5167,5.333,0.005,0.015
ViT-L-14__block16,800_900,2,2,7.5192,5.3272,0.01,0.03
ViT-L-14__block16,800_900,3,2,7.5058,5.3298,0.015,0.05
ViT-L-14__block16,800_900,4,2,7.5212,5.3654,0.0,0.02
ViT-L-14__block16,900_1000,0,2,7.5412,5.3891,0.005,0.025
ViT-L-14__block16,900_1000,1,3,7.5229,5.3347,0.005,0.02
ViT-L-14__block16,900_1000,2,2,7.5299,5.3622,0.005,0.01
ViT-L-14__block16,900_1000,3,3,7.5199,5.3553,0.005,0.025
ViT-L-14__block16,900_1000,4,2,7.5292,5.3423,0.01,0.02
ViT-L-14__block16__fov,0_100,0,14,7.2655,4.6198,0.045,0.15
ViT-L-14__block16__fov,0_100,1,14,7.2881,4.6701,0.04,0.15
ViT-L-14__block16__fov,0_100,2,13,7.2904,4.6479,0.04,0.155
ViT-L-14__block16__fov,0_100,3,16,7.25,4.6576,0.075,0.16
ViT-L-14__block16__fov,0_100,4,14,7.2649,4.6243,0.065,0.165
ViT-L-14__block16__fov,100_200,0,18,6.7543,3.815,0.115,0.355
ViT-L-14__block16__fov,100_200,1,19,6.7415,3.783,0.125,0.375
ViT-L-14__block16__fov,100_200,2,18,6.7545,3.7636,0.135,0.38
ViT-L-14__block16__fov,100_200,3,20,6.7657,3.7921,0.145,0.355
ViT-L-14__block16__fov,100_200,4,19,6.719,3.7824,0.1,0.35
ViT-L-14__block16__fov,200_300,0,17,6.7961,3.8176,0.15,0.4
ViT-L-14__block16__fov,200_300,1,17,6.8138,3.804,0.185,0.41
ViT-L-14__block16__fov,200_300,2,19,6.7959,3.7536,0.18,0.405
ViT-L-14__block16__fov,200_300,3,19,6.7588,3.7681,0.13,0.395
ViT-L-14__block16__fov,200_300,4,17,6.7991,3.7495,0.165,0.385
ViT-L-14__block16__fov,300_400,0,13,7.2373,4.2737,0.085,0.285
ViT-L-14__block16__fov,300_400,1,13,7.2118,4.3119,0.08,0.265
ViT-L-14__block16__fov,300_400,2,14,7.2335,4.3069,0.11,0.285
ViT-L-14__block16__fov,300_400,3,14,7.2611,4.2932,0.075,0.245
ViT-L-14__block16__fov,300_400,4,12,7.2456,4.3123,0.095,0.255
ViT-L-14__block16__fov,400_500,0,7,7.4698,5.0147,0.03,0.09
ViT-L-14__block16__fov,400_500,1,8,7.4111,4.9958,0.03,0.095
ViT-L-14__block16__fov,400_500,2,5,7.4527,5.0412,0.04,0.095
ViT-L-14__block16__fov,400_500,3,8,7.4452,5.0217,0.02,0.075
ViT-L-14__block16__fov,400_500,4,8,7.4539,4.9591,0.05,0.11
ViT-L-14__block16__fov,500_600,0,3,7.5043,5.3226,0.005,0.03
ViT-L-14__block16__fov,500_600,1,4,7.4835,5.2558,0.01,0.03
ViT-L-14__block16__fov,500_600,2,4,7.4897,5.2569,0.01,0.015
ViT-L-14__block16__fov,500_600,3,4,7.512,5.2959,0.005,0.04
ViT-L-14__block16__fov,500_600,4,4,7.5028,5.3143,0.005,0.055
ViT-L-14__block16__fov,600_700,0,3,7.516,5.3649,0.0,0.02
ViT-L-14__block16__fov,600_700,1,3,7.5153,5.3364,0.0,0.035
ViT-L-14__block16__fov,600_700,2,3,7.5217,5.329,0.01,0.03
ViT-L-14__block16__fov,600_700,3,3,7.5274,5.3506,0.005,0.035
ViT-L-14__block16__fov,600_700,4,3,7.5486,5.3553,0.005,0.02
ViT-L-14__block16__fov,700_800,0,3,7.5307,5.3726,0.005,0.02
ViT-L-14__block16__fov,700_800,1,3,7.5373,5.3621,0.005,0.025
ViT-L-14__block16__fov,700_800,2,3,7.531,5.3123,0.01,0.05
ViT-L-14__block16__fov,700_800,3,3,7.5338,5.3035,0.015,0.035
ViT-L-14__block16__fov,700_800,4,3,7.5347,5.3116,0.01,0.035
ViT-L-14__block16__fov,800_900,0,2,7.5218,5.4,0.0,0.015
ViT-L-14__block16__fov,800_900,1,2,7.5401,5.3489,0.0,0.025
ViT-L-14__block16__fov,800_900,2,2,7.5352,5.3338,0.0,0.04
ViT-L-14__block16__fov,800_900,3,3,7.5293,5.3699,0.005,0.02
ViT-L-14__block16__fov,800_900,4,2,7.5288,5.3403,0.005,0.04
ViT-L-14__block16__fov,900_1000,0,2,7.5392,5.3805,0.015,0.04
ViT-L-14__block16__fov,900_1000,1,3,7.5401,5.3706,0.0,0.02
ViT-L-14__block16__fov,900_1000,2,2,7.5335,5.3729,0.0,0.025
ViT-L-14__block16__fov,900_1000,3,3,7.5298,5.3679,0.01,0.02
ViT-L-14__block16__fov,900_1000,4,3,7.5332,5.3615,0.005,0.05
ViT-L-14__block20,0_100,0,16,7.3747,4.7781,0.04,0.18
ViT-L-14__block20,0_100,1,14,7.359,4.7547,0.055,0.165
ViT-L-14__block20,0_100,2,14,7.3617,4.8322,0.045,0.13
ViT-L-14__block20,0_100,3,15,7.3135,4.7911,0.045,0.145
ViT-L-14__block20,0_100,4,18,7.3302,4.851,0.05,0.155
ViT-L-14__block20,100_200,0,16,6.9039,4.0296,0.095,0.29
ViT-L-14__block20,100_200,1,19,6.8668,3.9213,0.11,0.315
ViT-L-14__block20,100_200,2,19,6.8889,3.9876,0.1,0.295
ViT-L-14__block20,100_200,3,16,6.8875,3.9871,0.095,0.32
ViT-L-14__block20,100_200,4,20,6.8562,3.9858,0.1,0.33
ViT-L-14__block20,200_300,0,18,6.8307,3.8713,0.14,0.365
ViT-L-14__block20,200_300,1,21,6.8496,3.8007,0.165,0.41
ViT-L-14__block20,200_300,2,19,6.8435,3.8919,0.12,0.375
ViT-L-14__block20,200_300,3,19,6.8894,3.8448,0.105,0.405
ViT-L-14__block20,200_300,4,19,6.8685,3.8774,0.13,0.395
ViT-L-14__block20,300_400,0,13,7.2079,4.1942,0.075,0.285
ViT-L-14__block20,300_400,1,15,7.2048,4.219,0.08,0.315
ViT-L-14__block20,300_400,2,14,7.2176,4.2383,0.075,0.27
ViT-L-14__block20,300_400,3,14,7.2471,4.1646,0.075,0.3
ViT-L-14__block20,300_400,4,13,7.2332,4.2348,0.08,0.285
ViT-L-14__block20,400_500,0,11,7.4262,4.8163,0.05,0.13
ViT-L-14__block20,400_500,1,9,7.4072,4.8237,0.035,0.13
ViT-L-14__block20,400_500,2,10,7.4313,4.8628,0.03,0.095
ViT-L-14__block20,400_500,3,9,7.4374,4.85,0.02,0.14
ViT-L-14__block20,400_500,4,9,7.4056,4.8769,0.03,0.12
ViT-L-14__block20,500_600,0,4,7.4854,5.2292,0.005,0.035
ViT-L-14__block20,500_600,1,4,7.521,5.225,0.015,0.055
ViT-L-14__block20,500_600,2,4,7.523,5.2105,0.0,0.045
ViT-L-14__block20,500_600,3,4,7.5227,5.2204,0.005,0.045
ViT-L-14__block20,500_600,4,4,7.5038,5.2457,0.01,0.045
ViT-L-14__block20,600_700,0,3,7.5126,5.344,0.01,0.04
ViT-L-14__block20,600_700,1,3,7.5145,5.2988,0.0,0.02
ViT-L-14__block20,600_700,2,3,7.5495,5.3241,0.0,0.02
ViT-L-14__block20,600_700,3,3,7.5217,5.2869,0.01,0.04
ViT-L-14__block20,600_700,4,3,7.5324,5.3421,0.0,0.02
ViT-L-14__block20,700_800,0,3,7.5149,5.3903,0.01,0.025
ViT-L-14__block20,700_800,1,4,7.5383,5.3298,0.01,0.04
ViT-L-14__block20,700_800,2,3,7.5496,5.3196,0.005,0.035
ViT-L-14__block20,700_800,3,3,7.551,5.3434,0.005,0.04
ViT-L-14__block20,700_800,4,3,7.5572,5.3052,0.0,0.01
ViT-L-14__block20,800_900,0,2,7.5252,5.3505,0.005,0.035
ViT-L-14__block20,800_900,1,2,7.5595,5.3143,0.01,0.04
ViT-L-14__block20,800_900,2,2,7.569,5.3572,0.0,0.035
ViT-L-14__block20,800_900,3,2,7.5373,5.3301,0.005,0.03
ViT-L-14__block20,800_900,4,2,7.5531,5.3329,0.01,0.02
ViT-L-14__block20,900_1000,0,2,7.5313,5.3912,0.0,0.035
ViT-L-14__block20,900_1000,1,3,7.5534,5.3316,0.005,0.025
ViT-L-14__block20,900_1000,2,2,7.5532,5.3548,0.01,0.02
ViT-L-14__block20,900_1000,3,3,7.5468,5.3554,0.01,0.025
ViT-L-14__block20,900_1000,4,2,7.5701,5.3779,0.01,0.03
ViT-L-14__block20__fov,0_100,0,15,7.3617,4.794,0.02,0.14
ViT-L-14__block20__fov,0_100,1,15,7.3665,4.7696,0.045,0.165
ViT-L-14__block20__fov,0_100,2,13,7.3709,4.7606,0.035,0.175
ViT-L-14__block20__fov,0_100,3,16,7.3093,4.7739,0.05,0.165
ViT-L-14__block20__fov,0_100,4,14,7.3599,4.8224,0.03,0.135
ViT-L-14__block20__fov,100_200,0,18,6.8556,3.9877,0.09,0.335
ViT-L-14__block20__fov,100_200,1,19,6.877,3.9234,0.095,0.355
ViT-L-14__block20__fov,100_200,2,17,6.8847,3.9372,0.08,0.365
ViT-L-14__block20__fov,100_200,3,19,6.8798,3.9738,0.1,0.295
ViT-L-14__block20__fov,100_200,4,19,6.8778,3.9654,0.105,0.335
ViT-L-14__block20__fov,200_300,0,20,6.8265,3.7906,0.155,0.4
ViT-L-14__block20__fov,200_300,1,18,6.8381,3.7749,0.18,0.41
ViT-L-14__block20__fov,200_300,2,19,6.8137,3.816,0.165,0.42
ViT-L-14__block20__fov,200_300,3,20,6.8507,3.7863,0.18,0.4
ViT-L-14__block20__fov,200_300,4,20,6.8314,3.8231,0.15,0.375
ViT-L-14__block20__fov,300_400,0,13,7.2027,4.1682,0.09,0.315
ViT-L-14__block20__fov,300_400,1,15,7.1962,4.1663,0.095,0.29
ViT-L-14__block20__fov,300_400,2,15,7.2193,4.2171,0.07,0.3
ViT-L-14__block20__fov,300_400,3,16,7.2314,4.1782,0.075,0.295
ViT-L-14__block20__fov,300_400,4,16,7.2279,4.095,0.11,0.34
ViT-L-14__block20__fov,400_500,0,7,7.4413,4.9683,0.035,0.09
ViT-L-14__block20__fov,400_500,1,8,7.4305,4.8835,0.035,0.125
ViT-L-14__block20__fov,400_500,2,10,7.4284,4.7985,0.015,0.125
ViT-L-14__block20__fov,400_500,3,10,7.4347,4.9137,0.03,0.115
ViT-L-14__block20__fov,400_500,4,11,7.4025,4.8435,0.035,0.09
ViT-L-14__block20__fov,500_600,0,3,7.5135,5.3181,0.005,0.045
ViT-L-14__block20__fov,500_600,1,4,7.5048,5.2322,0.01,0.035
ViT-L-14__block20__fov,500_600,2,4,7.5318,5.2316,0.015,0.055
ViT-L-14__block20__fov,500_600,3,3,7.5415,5.2037,0.025,0.055
ViT-L-14__block20__fov,500_600,4,4,7.5042,5.265,0.015,0.04
ViT-L-14__block20__fov,600_700,0,3,7.5262,5.3838,0.01,0.025
ViT-L-14__block20__fov,600_700,1,3,7.5184,5.327,0.005,0.05
ViT-L-14__block20__fov,600_700,2,3,7.5495,5.3453,0.0,0.025
ViT-L-14__block20__fov,600_700,3,2,7.5635,5.3266,0.01,0.04
ViT-L-14__block20__fov,600_700,4,3,7.5266,5.3999,0.0,0.01
ViT-L-14__block20__fov,700_800,0,3,7.54,5.3763,0.005,0.03
ViT-L-14__block20__fov,700_800,1,3,7.5402,5.3062,0.01,0.05
ViT-L-14__block20__fov,700_800,2,3,7.549,5.3213,0.01,0.04
ViT-L-14__block20__fov,700_800,3,3,7.5671,5.337,0.0,0.05
ViT-L-14__block20__fov,700_800,4,3,7.5463,5.3392,0.005,0.02
ViT-L-14__block20__fov,800_900,0,3,7.5056,5.3906,0.0,0.03
ViT-L-14__block20__fov,800_900,1,2,7.5307,5.3364,0.005,0.03
ViT-L-14__block20__fov,800_900,2,2,7.538,5.3502,0.0,0.025
ViT-L-14__block20__fov,800_900,3,2,7.5394,5.3628,0.0,0.04
ViT-L-14__block20__fov,800_900,4,2,7.5494,5.3588,0.0,0.015
ViT-L-14__block20__fov,900_1000,0,2,7.5459,5.3665,0.005,0.025
ViT-L-14__block20__fov,900_1000,1,2,7.5302,5.327,0.005,0.035
ViT-L-14__block20__fov,900_1000,2,2,7.5443,5.3432,0.01,0.03
ViT-L-14__block20__fov,900_1000,3,3,7.5578,5.3455,0.005,0.025
ViT-L-14__block20__fov,900_1000,4,2,7.561,5.3842,0.005,0.015
ViT-L-14__block24,0_100,0,12,7.4361,5.0456,0.025,0.085
ViT-L-14__block24,0_100,1,13,7.4544,4.9468,0.025,0.125
ViT-L-14__block24,0_100,2,14,7.44,5.0844,0.025,0.1
ViT-L-14__block24,0_100,3,14,7.4441,5.045,0.025,0.105
ViT-L-14__block24,0_100,4,12,7.432,5.0784,0.02,0.095
ViT-L-14__block24,100_200,0,14,7.0688,4.3423,0.085,0.26
ViT-L-14__block24,100_200,1,17,7.0767,4.3026,0.07,0.23
ViT-L-14__block24,100_200,2,14,7.0613,4.3714,0.085,0.225
ViT-L-14__block24,100_200,3,14,7.0564,4.3479,0.07,0.235
ViT-L-14__block24,100_200,4,18,7.033,4.2545,0.075,0.235
ViT-L-14__block24,200_300,0,19,6.9986,4.1692,0.09,0.3
ViT-L-14__block24,200_300,1,16,7.0208,4.1501,0.105,0.34
ViT-L-14__block24,200_300,2,17,7.0186,4.1386,0.14,0.34
ViT-L-14__block24,200_300,3,18,7.0389,4.1349,0.115,0.31
ViT-L-14__block24,200_300,4,19,7.0088,4.1414,0.11,0.32
ViT-L-14__block24,300_400,0,13,7.2946,4.4374,0.045,0.18
ViT-L-14__block24,300_400,1,13,7.2614,4.3863,0.085,0.24
ViT-L-14__block24,300_400,2,15,7.268,4.3843,0.06,0.215
ViT-L-14__block24,300_400,3,13,7.3068,4.417,0.08,0.205
ViT-L-14__block24,300_400,4,13,7.2757,4.4248,0.08,0.22
ViT-L-14__block24,400_500,0,11,7.4573,4.9548,0.015,0.08
ViT-L-14__block24,400_500,1,9,7.4622,5.011,0.035,0.09
ViT-L-14__block24,400_500,2,10,7.4655,4.9665,0.005,0.08
ViT-L-14__block24,400_500,3,7,7.4759,4.9957,0.015,0.105
ViT-L-14__block24,400_500,4,7,7.4671,5.0244,0.02,0.12
ViT-L-14__block24,500_600,0,3,7.5261,5.3498,0.0,0.04
ViT-L-14__block24,500_600,1,5,7.5309,5.2688,0.01,0.035
ViT-L-14__block24,500_600,2,4,7.5378,5.2541,0.01,0.04
ViT-L-14__block24,500_600,3,3,7.5656,5.3108,0.01,0.035
ViT-L-14__block24,500_600,4,4,7.5321,5.32,0.015,0.04
ViT-L-14__block24,600_700,0,3,7.5483,5.4258,0.0,0.01
ViT-L-14__block24,600_700,1,3,7.546,5.344,0.005,0.015
ViT-L-14__block24,600_700,2,3,7.5524,5.3461,0.015,0.045
ViT-L-14__block24,600_700,3,2,7.5563,5.3577,0.0,0.02
ViT-L-14__block24,600_700,4,3,7.5633,5.3488,0.0,0.03
ViT-L-14__block24,700_800,0,3,7.5485,5.451,0.005,0.015
ViT-L-14__block24,700_800,1,3,7.5591,5.3905,0.0,0.03
ViT-L-14__block24,700_800,2,3,7.5673,5.3624,0.01,0.03
ViT-L-14__block24,700_800,3,2,7.5573,5.3397,0.0,0.04
ViT-L-14__block24,700_800,4,3,7.5647,5.3667,0.005,0.025
ViT-L-14__block24,800_900,0,2,7.5506,5.401,0.01,0.035
ViT-L-14__block24,800_900,1,2,7.5541,5.3537,0.005,0.025
ViT-L-14__block24,800_900,2,2,7.571,5.375,0.015,0.045
ViT-L-14__block24,800_900,3,2,7.5618,5.3678,0.0,0.035
ViT-L-14__block24,800_900,4,2,7.5651,5.3641,0.01,0.025
ViT-L-14__block24,900_1000,0,2,7.5555,5.4337,0.0,0.02
ViT-L-14__block24,900_1000,1,2,7.5661,5.3791,0.01,0.035
ViT-L-14__block24,900_1000,2,2,7.585,5.3794,0.01,0.02
ViT-L-14__block24,900_1000,3,2,7.553,5.3689,0.005,0.04
ViT-L-14__block24,900_1000,4,3,7.5728,5.4222,0.005,0.015
ViT-L-14__block24__fov,0_100,0,12,7.4386,5.0373,0.015,0.06
ViT-L-14__block24__fov,0_100,1,11,7.4368,5.0194,0.01,0.105
ViT-L-14__block24__fov,0_100,2,14,7.428,5.0408,0.03,0.095
ViT-L-14__block24__fov,0_100,3,14,7.428,5.0772,0.01,0.07
ViT-L-14__block24__fov,0_100,4,14,7.437,5.0045,0.015,0.105
ViT-L-14__block24__fov,100_200,0,14,7.0507,4.3834,0.05,0.22
ViT-L-14__block24__fov,100_200,1,14,7.0868,4.3466,0.09,0.27
ViT-L-14__block24__fov,100_200,2,15,7.0475,4.331,0.085,0.26
ViT-L-14__block24__fov,100_200,3,14,7.0496,4.3515,0.06,0.245
ViT-L-14__block24__fov,100_200,4,17,7.0264,4.3396,0.065,0.235
ViT-L-14__block24__fov,200_300,0,16,6.9903,4.1537,0.095,0.335
ViT-L-14__block24__fov,200_300,1,17,7.0211,4.1501,0.1,0.325
ViT-L-14__block24__fov,200_300,2,17,7.0283,4.1546,0.105,0.35
ViT-L-14__block24__fov,200_300,3,19,7.0575,4.1144,0.13,0.3
ViT-L-14__block24__fov,200_300,4,20,6.9925,4.0961,0.105,0.32
ViT-L-14__block24__fov,300_400,0,13,7.2727,4.4366,0.05,0.22
ViT-L-14__block24__fov,300_400,1,13,7.2798,4.4216,0.05,0.19
ViT-L-14__block24__fov,300_400,2,15,7.2686,4.3831,0.08,0.235
ViT-L-14__block24__fov,300_400,3,13,7.3198,4.4157,0.05,0.2
ViT-L-14__block24__fov,300_400,4,13,7.296,4.4135,0.085,0.23
ViT-L-14__block24__fov,400_500,0,7,7.441,5.0786,0.015,0.105
ViT-L-14__block24__fov,400_500,1,9,7.4424,4.9292,0.01,0.09
ViT-L-14__block24__fov,400_500,2,11,7.4655,4.9733,0.005,0.09
ViT-L-14__block24__fov,400_500,3,9,7.478,5.0335,0.01,0.09
ViT-L-14__block24__fov,400_500,4,11,7.448,4.9606,0.015,0.12
ViT-L-14__block24__fov,500_600,0,3,7.5133,5.3807,0.0,0.025
ViT-L-14__block24__fov,500_600,1,4,7.5365,5.3026,0.01,0.055
ViT-L-14__block24__fov,500_600,2,4,7.5462,5.262,0.015,0.06
ViT-L-14__block24__fov,500_600,3,3,7.538,5.3206,0.015,0.035
ViT-L-14__block24__fov,500_600,4,4,7.5202,5.3027,0.0,0.05
ViT-L-14__block24__fov,600_700,0,2,7.5281,5.3939,0.005,0.015
ViT-L-14__block24__fov,600_700,1,3,7.5437,5.3618,0.005,0.035
ViT-L-14__block24__fov,600_700,2,3,7.5489,5.3841,0.005,0.005
ViT-L-14__block24__fov,600_700,3,2,7.5273,5.3766,0.0,0.01
ViT-L-14__block24__fov,600_700,4,3,7.5453,5.4078,0.005,0.035
ViT-L-14__block24__fov,700_800,0,3,7.5464,5.4066,0.005,0.035
ViT-L-14__block24__fov,700_800,1,3,7.5601,5.3799,0.0,0.045
ViT-L-14__block24__fov,700_800,2,3,7.5686,5.3754,0.01,0.04
ViT-L-14__block24__fov,700_800,3,2,7.5597,5.398,0.0,0.02
ViT-L-14__block24__fov,700_800,4,3,7.5488,5.33,0.01,0.035
ViT-L-14__block24__fov,800_900,0,2,7.5501,5.3767,0.0,0.01
ViT-L-14__block24__fov,800_900,1,2,7.557,5.4087,0.0,0.025
ViT-L-14__block24__fov,800_900,2,2,7.5658,5.3627,0.005,0.05
ViT-L-14__block24__fov,800_900,3,2,7.5688,5.3727,0.01,0.025
ViT-L-14__block24__fov,800_900,4,2,7.5655,5.3898,0.005,0.025
ViT-L-14__block24__fov,900_1000,0,2,7.5662,5.3988,0.0,0.03
ViT-L-14__block24__fov,900_1000,1,2,7.5711,5.3963,0.005,0.035
ViT-L-14__block24__fov,900_1000,2,2,7.5661,5.3828,0.0,0.03
ViT-L-14__block24__fov,900_1000,3,2,7.5675,5.3914,0.0,0.03
ViT-L-14__block24__fov,900_1000,4,2,7.5586,5.4155,0.005,0.005
ViT-L-14__block4,0_100,0,21,6.9569,3.9181,0.105,0.3
ViT-L-14__block4,0_100,1,17,6.9977,3.9731,0.1,0.285
ViT-L-14__block4,0_100,2,19,6.9636,3.9426,0.11,0.305
ViT-L-14__block4,0_100,3,17,6.9761,3.9698,0.1,0.31
ViT-L-14__block4,0_100,4,17,6.9948,3.9815,0.08,0.255
ViT-L-14__block4,100_200,0,21,6.5243,3.4115,0.175,0.435
ViT-L-14__block4,100_200,1,23,6.4944,3.3856,0.175,0.435
ViT-L-14__block4,100_200,2,20,6.5108,3.4364,0.16,0.41
ViT-L-14__block4,100_200,3,21,6.5741,3.4144,0.145,0.42
ViT-L-14__block4,100_200,4,20,6.525,3.4291,0.17,0.41
ViT-L-14__block4,200_300,0,19,6.6669,3.7058,0.145,0.4
ViT-L-14__block4,200_300,1,18,6.6744,3.6649,0.16,0.385
ViT-L-14__block4,200_300,2,16,6.5918,3.6864,0.145,0.395
ViT-L-14__block4,200_300,3,18,6.6722,3.6685,0.155,0.38
ViT-L-14__block4,200_300,4,19,6.6808,3.6568,0.145,0.405
ViT-L-14__block4,300_400,0,7,7.2863,4.6708,0.05,0.145
ViT-L-14__block4,300_400,1,11,7.2637,4.5265,0.05,0.215
ViT-L-14__block4,300_400,2,11,7.2526,4.5248,0.055,0.22
ViT-L-14__block4,300_400,3,8,7.2646,4.5824,0.07,0.165
ViT-L-14__block4,300_400,4,9,7.2685,4.5547,0.055,0.18
ViT-L-14__block4,400_500,0,4,7.4303,5.1226,0.0,0.05
ViT-L-14__block4,400_500,1,6,7.4134,5.0322,0.025,0.1
ViT-L-14__block4,400_500,2,4,7.4,5.0925,0.025,0.065
ViT-L-14__block4,400_500,3,4,7.4026,5.1262,0.02,0.065
ViT-L-14__block4,400_500,4,6,7.4073,5.0412,0.02,0.065
ViT-L-14__block4,500_600,0,3,7.4613,5.2523,0.01,0.03
ViT-L-14__block4,500_600,1,4,7.4445,5.2182,0.0,0.025
ViT-L-14__block4,500_600,2,4,7.448,5.2628,0.005,0.05
ViT-L-14__block4,500_600,3,3,7.4386,5.2758,0.01,0.045
ViT-L-14__block4,500_600,4,4,7.4595,5.2633,0.01,0.06
ViT-L-14__block4,600_700,0,2,7.4713,5.315,0.01,0.025
ViT-L-14__block4,600_700,1,3,7.4716,5.2995,0.005,0.02
ViT-L-14__block4,600_700,2,3,7.4661,5.2825,0.01,0.025
ViT-L-14__block4,600_700,3,3,7.4599,5.298,0.01,0.05
ViT-L-14__block4,600_700,4,2,7.4822,5.2952,0.005,0.03
ViT-L-14__block4,700_800,0,3,7.4793,5.2866,0.01,0.05
ViT-L-14__block4,700_800,1,3,7.4843,5.3116,0.0,0.03
ViT-L-14__block4,700_800,2,3,7.4791,5.316,0.005,0.03
ViT-L-14__block4,700_800,3,2,7.4581,5.3096,0.015,0.045
ViT-L-14__block4,700_800,4,3,7.4856,5.3097,0.005,0.03
ViT-L-14__block4,800_900,0,2,7.4628,5.3089,0.005,0.025
ViT-L-14__block4,800_900,1,3,7.4698,5.3233,0.0,0.025
ViT-L-14__block4,800_900,2,3,7.4905,5.3151,0.005,0.025
ViT-L-14__block4,800_900,3,2,7.4664,5.3063,0.01,0.055
ViT-L-14__block4,800_900,4,2,7.4935,5.31,0.0,0.035
ViT-L-14__block4,900_1000,0,3,7.4745,5.3356,0.005,0.03
ViT-L-14__block4,900_1000,1,3,7.4935,5.3361,0.015,0.02
ViT-L-14__block4,900_1000,2,2,7.4867,5.3119,0.005,0.015
ViT-L-14__block4,900_1000,3,2,7.4694,5.3328,0.0,0.02
ViT-L-14__block4,900_1000,4,2,7.4858,5.3057,0.005,0.045
ViT-L-14__block4__fov,0_100,0,21,6.9416,3.8637,0.13,0.32
ViT-L-14__block4__fov,0_100,1,17,6.9823,3.9356,0.09,0.3
ViT-L-14__block4__fov,0_100,2,19,6.9395,3.8744,0.12,0.33
ViT-L-14__block4__fov,0_100,3,17,6.9583,3.9425,0.1,0.315
ViT-L-14__block4__fov,0_100,4,17,6.9845,3.9388,0.085,0.285
ViT-L-14__block4__fov,100_200,0,21,6.4988,3.3414,0.175,0.405
ViT-L-14__block4__fov,100_200,1,23,6.4799,3.3383,0.205,0.425
ViT-L-14__block4__fov,100_200,2,20,6.4832,3.3649,0.18,0.415
ViT-L-14__block4__fov,100_200,3,22,6.5557,3.3536,0.18,0.42
ViT-L-14__block4__fov,100_200,4,20,6.5171,3.3738,0.175,0.405
ViT-L-14__block4__fov,200_300,0,19,6.6575,3.635,0.16,0.42
ViT-L-14__block4__fov,200_300,1,18,6.6655,3.6242,0.165,0.4
ViT-L-14__block4__fov,200_300,2,16,6.5629,3.6324,0.19,0.405
ViT-L-14__block4__fov,200_300,3,18,6.6534,3.6447,0.18,0.395
ViT-L-14__block4__fov,200_300,4,17,6.6581,3.636,0.17,0.385
ViT-L-14__block4__fov,300_400,0,7,7.2814,4.6389,0.06,0.17
ViT-L-14__block4__fov,300_400,1,11,7.2498,4.5292,0.025,0.19
ViT-L-14__block4__fov,300_400,2,11,7.2458,4.5138,0.05,0.2
ViT-L-14__block4__fov,300_400,3,8,7.2754,4.5596,0.055,0.19
ViT-L-14__block4__fov,300_400,4,9,7.2587,4.5405,0.055,0.225
ViT-L-14__block4__fov,400_500,0,4,7.4381,5.0731,0.025,0.08
ViT-L-14__block4__fov,400_500,1,6,7.4161,5.028,0.035,0.115
ViT-L-14__block4__fov,400_500,2,4,7.3991,5.0804,0.01,0.085
ViT-L-14__block4__fov,400_500,3,4,7.4094,5.108,0.025,0.07
ViT-L-14__block4__fov,400_500,4,6,7.4075,5.0192,0.025,0.095
ViT-L-14__block4__fov,500_600,0,4,7.4582,5.2158,0.0,0.04
ViT-L-14__block4__fov,500_600,1,4,7.4411,5.2311,0.0,0.03
ViT-L-14__block4__fov,500_600,2,3,7.4459,5.2321,0.01,0.045
ViT-L-14__block4__fov,500_600,3,3,7.4576,5.2644,0.0,0.05
ViT-L-14__block4__fov,500_600,4,4,7.4674,5.267,0.0,0.025
ViT-L-14__block4__fov,600_700,0,2,7.4681,5.3008,0.005,0.035
ViT-L-14__block4__fov,600_700,1,3,7.4699,5.3058,0.01,0.025
ViT-L-14__block4__fov,600_700,2,3,7.4643,5.2832,0.015,0.055
ViT-L-14__block4__fov,600_700,3,3,7.4705,5.2852,0.0,0.015
ViT-L-14__block4__fov,600_700,4,2,7.473,5.307,0.01,0.025
ViT-L-14__block4__fov,700_800,0,3,7.4773,5.2903,0.005,0.035
ViT-L-14__block4__fov,700_800,1,3,7.4778,5.3329,0.005,0.02
ViT-L-14__block4__fov,700_800,2,3,7.4782,5.3226,0.015,0.02
ViT-L-14__block4__fov,700_800,3,2,7.4699,5.3177,0.0,0.03
ViT-L-14__block4__fov,700_800,4,3,7.4724,5.3251,0.005,0.01
ViT-L-14__block4__fov,800_900,0,2,7.4678,5.2985,0.005,0.025
ViT-L-14__block4__fov,800_900,1,3,7.4684,5.3157,0.005,0.04
ViT-L-14__block4__fov,800_900,2,3,7.4698,5.3089,0.01,0.045
ViT-L-14__block4__fov,800_900,3,2,7.4732,5.3047,0.005,0.025
ViT-L-14__block4__fov,800_900,4,2,7.4797,5.3213,0.005,0.02
ViT-L-14__block4__fov,900_1000,0,2,7.4802,5.3221,0.005,0.035
ViT-L-14__block4__fov,900_1000,1,3,7.4917,5.3465,0.005,0.015
ViT-L-14__block4__fov,900_1000,2,2,7.4777,5.3265,0.015,0.035
ViT-L-14__block4__fov,900_1000,3,2,7.469,5.334,0.0,0.03
ViT-L-14__block4__fov,900_1000,4,2,7.4783,5.3069,0.01,0.04
ViT-L-14__block8,0_100,0,18,7.0446,4.0899,0.12,0.27
ViT-L-14__block8,0_100,1,17,7.0827,4.062,0.1,0.3
ViT-L-14__block8,0_100,2,19,7.0772,4.0301,0.095,0.28
ViT-L-14__block8,0_100,3,16,7.0376,4.1088,0.11,0.255
ViT-L-14__block8,0_100,4,14,7.0701,4.1438,0.105,0.28
ViT-L-14__block8,100_200,0,21,6.4514,3.1798,0.205,0.485
ViT-L-14__block8,100_200,1,23,6.4697,3.1172,0.195,0.52
ViT-L-14__block8,100_200,2,25,6.4489,3.1397,0.205,0.52
ViT-L-14__block8,100_200,3,20,6.5202,3.1821,0.21,0.49
ViT-L-14__block8,100_200,4,20,6.4554,3.2081,0.19,0.515
ViT-L-14__block8,200_300,0,18,6.6122,3.5187,0.17,0.45
ViT-L-14__block8,200_300,1,18,6.6417,3.4758,0.17,0.48
ViT-L-14__block8,200_300,2,16,6.5661,3.5243,0.16,0.44
ViT-L-14__block8,200_300,3,18,6.6292,3.49,0.155,0.445
ViT-L-14__block8,200_300,4,16,6.6312,3.5404,0.15,0.46
ViT-L-14__block8,300_400,0,9,7.2352,4.4418,0.085,0.26
ViT-L-14__block8,300_400,1,11,7.2435,4.3493,0.085,0.245
ViT-L-14__block8,300_400,2,10,7.2254,4.364,0.075,0.22
ViT-L-14__block8,300_400,3,9,7.2666,4.3876,0.095,0.24
ViT-L-14__block8,300_400,4,11,7.2517,4.3653,0.095,0.25
ViT-L-14__block8,400_500,0,4,7.4257,5.0365,0.025,0.105
ViT-L-14__block8,400_500,1,6,7.4116,4.9592,0.065,0.13
ViT-L-14__block8,400_500,2,5,7.4365,5.0227,0.04,0.105
ViT-L-14__block8,400_500,3,4,7.4234,5.0555,0.045,0.095
ViT-L-14__block8,400_500,4,6,7.4105,4.9761,0.025,0.135
ViT-L-14__block8,500_600,0,3,7.4594,5.2453,0.005,0.055
ViT-L-14__block8,500_600,1,4,7.4614,5.235,0.01,0.045
ViT-L-14__block8,500_600,2,3,7.4662,5.3263,0.01,0.03
ViT-L-14__block8,500_600,3,3,7.4763,5.2891,0.015,0.04
ViT-L-14__block8,500_600,4,4,7.4671,5.251,0.005,0.08
ViT-L-14__block8,600_700,0,2,7.4892,5.3075,0.005,0.04
ViT-L-14__block8,600_700,1,2,7.5066,5.3285,0.015,0.035
ViT-L-14__block8,600_700,2,3,7.4813,5.3017,0.01,0.03
ViT-L-14__block8,600_700,3,2,7.4867,5.2912,0.01,0.05
ViT-L-14__block8,600_700,4,2,7.4861,5.319,0.015,0.04
ViT-L-14__block8,700_800,0,3,7.4863,5.3293,0.005,0.02
ViT-L-14__block8,700_800,1,3,7.5125,5.335,0.0,0.02
ViT-L-14__block8,700_800,2,3,7.5004,5.3524,0.0,0.025
ViT-L-14__block8,700_800,3,2,7.497,5.2999,0.005,0.015
ViT-L-14__block8,700_800,4,3,7.4918,5.3509,0.01,0.035
ViT-L-14__block8,800_900,0,2,7.4777,5.3426,0.0,0.035
ViT-L-14__block8,800_900,1,2,7.4941,5.3477,0.01,0.025
ViT-L-14__block8,800_900,2,2,7.4875,5.3293,0.0,0.015
ViT-L-14__block8,800_900,3,2,7.4864,5.318,0.0,0.02
ViT-L-14__block8,800_900,4,2,7.497,5.3506,0.005,0.015
ViT-L-14__block8,900_1000,0,2,7.498,5.3442,0.01,0.04
ViT-L-14__block8,900_1000,1,2,7.5141,5.381,0.0,0.03
ViT-L-14__block8,900_1000,2,2,7.507,5.3626,0.005,0.01
ViT-L-14__block8,900_1000,3,2,7.4847,5.3289,0.0,0.015
ViT-L-14__block8,900_1000,4,2,7.5023,5.3516,0.005,0.02
ViT-L-14__block8__fov,0_100,0,18,7.0381,4.055,0.115,0.305
ViT-L-14__block8__fov,0_100,1,17,7.0315,4.041,0.095,0.29
ViT-L-14__block8__fov,0_100,2,19,7.067,3.9729,0.09,0.315
ViT-L-14__block8__fov,0_100,3,18,7.0234,4.0024,0.095,0.28
ViT-L-14__block8__fov,0_100,4,16,7.0645,4.0487,0.13,0.28
ViT-L-14__block8__fov,100_200,0,23,6.4468,3.0954,0.25,0.53
ViT-L-14__block8__fov,100_200,1,23,6.4538,3.0495,0.205,0.53
ViT-L-14__block8__fov,100_200,2,25,6.44,3.0221,0.255,0.565
ViT-L-14__block8__fov,100_200,3,20,6.4754,3.128,0.26,0.505
ViT-L-14__block8__fov,100_200,4,21,6.4563,3.1246,0.205,0.51
ViT-L-14__block8__fov,200_300,0,19,6.6219,3.4658,0.17,0.445
ViT-L-14__block8__fov,200_300,1,18,6.6278,3.4446,0.18,0.45
ViT-L-14__block8__fov,200_300,2,19,6.5632,3.4439,0.185,0.455
ViT-L-14__block8__fov,200_300,3,18,6.5877,3.4407,0.17,0.445
ViT-L-14__block8__fov,200_300,4,16,6.6296,3.5098,0.17,0.42
ViT-L-14__block8__fov,300_400,0,9,7.2528,4.4181,0.08,0.26
ViT-L-14__block8__fov,300_400,1,11,7.2466,4.2847,0.085,0.24
ViT-L-14__block8__fov,300_400,2,11,7.2418,4.3396,0.08,0.26
ViT-L-14__block8__fov,300_400,3,9,7.2473,4.378,0.07,0.25
ViT-L-14__block8__fov,300_400,4,11,7.2484,4.2904,0.1,0.25
ViT-L-14__block8__fov,400_500,0,5,7.4386,4.9649,0.055,0.15
ViT-L-14__block8__fov,400_500,1,6,7.4147,4.956,0.03,0.09
ViT-L-14__block8__fov,400_500,2,4,7.4333,5.055,0.02,0.08
ViT-L-14__block8__fov,400_500,3,4,7.4252,5.0514,0.035,0.1
ViT-L-14__block8__fov,400_500,4,5,7.4102,5.0128,0.03,0.08
ViT-L-14__block8__fov,500_600,0,3,7.4943,5.2463,0.0,0.03
ViT-L-14__block8__fov,500_600,1,4,7.4492,5.163,0.01,0.055
ViT-L-14__block8__fov,500_600,2,3,7.4675,5.3073,0.0,0.025
ViT-L-14__block8__fov,500_600,3,3,7.4855,5.2789,0.01,0.045
ViT-L-14__block8__fov,500_600,4,4,7.4681,5.2558,0.015,0.035
ViT-L-14__block8__fov,600_700,0,2,7.4998,5.3162,0.005,0.03
ViT-L-14__block8__fov,600_700,1,3,7.4877,5.2814,0.015,0.035
ViT-L-14__block8__fov,600_700,2,3,7.4875,5.2985,0.01,0.02
ViT-L-14__block8__fov,600_700,3,2,7.4961,5.284,0.005,0.03
ViT-L-14__block8__fov,600_700,4,3,7.4926,5.3268,0.01,0.035
ViT-L-14__block8__fov,700_800,0,3,7.5084,5.319,0.0,0.035
ViT-L-14__block8__fov,700_800,1,3,7.5025,5.3234,0.015,0.025
ViT-L-14__block8__fov,700_800,2,3,7.5045,5.3076,0.005,0.02
ViT-L-14__block8__fov,700_800,3,2,7.4868,5.3182,0.015,0.045
ViT-L-14__block8__fov,700_800,4,3,7.4804,5.3359,0.005,0.025
ViT-L-14__block8__fov,800_900,0,2,7.5013,5.3194,0.015,0.045
ViT-L-14__block8__fov,800_900,1,2,7.489,5.3407,0.0,0.025
ViT-L-14__block8__fov,800_900,2,2,7.4905,5.3378,0.0,0.025
ViT-L-14__block8__fov,800_900,3,2,7.5092,5.3441,0.0,0.01
ViT-L-14__block8__fov,800_900,4,2,7.4899,5.337,0.01,0.035
ViT-L-14__block8__fov,900_1000,0,2,7.5237,5.3285,0.0,0.03
ViT-L-14__block8__fov,900_1000,1,2,7.5034,5.3452,0.01,0.025
ViT-L-14__block8__fov,900_1000,2,2,7.5226,5.3687,0.0,0.025
ViT-L-14__block8__fov,900_1000,3,2,7.4784,5.328,0.015,0.05
ViT-L-14__block8__fov,900_1000,4,2,7.4903,5.3487,0.005,0.02
