target,window,seed,epoch,learning_rate_condition,current_lr,train_loss,val_loss,gap,train_top1,train_top5,val_top1,val_top5,is_best_epoch
RN50__stem,100_200,0,1,0.001,0.0009972609476841367,6.8745880126953125,7.031874656677246,0.1572866439819336,0.004836759530007839,0.021160822361707687,0.0036275696475058794,0.013301088474690914,True
RN50__stem,100_200,0,2,0.001,0.0009890738003669028,6.588770389556885,6.914024353027344,0.325253963470459,0.011487304233014584,0.05018138140439987,0.006045949645340443,0.01874244399368763,True
RN50__stem,100_200,0,3,0.001,0.0009755282581475768,6.369986534118652,6.843318939208984,0.47333240509033203,0.016324063763022423,0.06529625505208969,0.007255139295011759,0.024788392707705498,True
RN50__stem,100_200,0,4,0.001,0.0009567727288213003,6.234885215759277,6.81644868850708,0.5815634727478027,0.0259975828230381,0.077992744743824,0.008464328944683075,0.023579202592372894,True
RN50__stem,100_200,0,5,0.001,0.0009330127018922195,6.099408149719238,6.781635284423828,0.6822271347045898,0.029625151306390762,0.09068924188613892,0.009673519060015678,0.030834341421723366,True
RN50__stem,100_200,0,6,0.001,0.0009045084971874739,6.005936622619629,6.783055782318115,0.7771191596984863,0.0338573157787323,0.09733978658914566,0.009673519060015678,0.027206772938370705,False
RN50__stem,100_200,0,7,0.001,0.0008715724127386972,5.922461986541748,6.765731334686279,0.8432693481445312,0.03688029199838638,0.11305925250053406,0.007859733887016773,0.03022974729537964,True
RN50__stem,100_200,0,8,0.001,0.0008345653031794292,5.843231201171875,6.762402534484863,0.9191713333129883,0.04111245647072792,0.12877872586250305,0.007859733887016773,0.03627569600939751,True
RN50__stem,100_200,0,9,0.001,0.0007938926261462366,5.768500328063965,6.768999099731445,1.0004987716674805,0.05259976163506508,0.1354292631149292,0.01027811411768198,0.03929867222905159,False
RN50__stem,100_200,0,10,0.001,0.00075,5.70528507232666,6.777490615844727,1.0722055435180664,0.04292624071240425,0.13966143131256104,0.006650544237345457,0.034461911767721176,False
RN50__stem,100_200,0,11,0.001,0.0007033683215379003,5.664031028747559,6.785102367401123,1.1210713386535645,0.05078597366809845,0.15417170524597168,0.009068924002349377,0.0338573157787323,False
RN50__stem,100_200,0,12,0.001,0.0006545084971874739,5.603231430053711,6.79335880279541,1.1901273727416992,0.051390569657087326,0.16082225739955902,0.01027811411768198,0.034461911767721176,False
RN50__stem,100_200,0,13,0.001,0.0006039558454088797,5.547274112701416,6.820898532867432,1.2736244201660156,0.05441354587674141,0.16505442559719086,0.008464328944683075,0.0417170524597168,False
RN50__stem,100_200,0,14,0.001,0.0005522642316338269,5.479687690734863,6.8347930908203125,1.3551054000854492,0.061064090579748154,0.17593713104724884,0.009673519060015678,0.03567110002040863,False
RN50__stem,100_200,0,15,0.001,0.0005000000000000002,5.446871757507324,6.847187042236328,1.400315284729004,0.06469165533781052,0.18016929924488068,0.008464328944683075,0.03506650775671005,False
RN50__stem,100_200,0,16,0.001,0.0004477357683661734,5.387239456176758,6.852692604064941,1.4654531478881836,0.0701330155134201,0.19407497346401215,0.010882709175348282,0.034461911767721176,False
RN50__stem,100_200,0,1,0.0001,9.972609476841367e-05,7.374259948730469,7.413987159729004,0.039727210998535156,0.0006045949412509799,0.0030229748226702213,0.0024183797650039196,0.006650544237345457,True
RN50__stem,100_200,0,2,0.0001,9.890738003669029e-05,7.1652679443359375,7.251251220703125,0.0859832763671875,0.0012091898825019598,0.007255139295011759,0.0024183797650039196,0.009068924002349377,True
RN50__stem,100_200,0,3,0.0001,9.755282581475769e-05,7.056264877319336,7.171690464019775,0.11542558670043945,0.0024183797650039196,0.01511487364768982,0.0024183797650039196,0.01027811411768198,True
RN50__stem,100_200,0,4,0.0001,9.567727288213003e-05,6.973172664642334,7.114874839782715,0.14170217514038086,0.004836759530007839,0.01692865788936615,0.0024183797650039196,0.010882709175348282,True
RN50__stem,100_200,0,5,0.0001,9.330127018922194e-05,6.900269985198975,7.073878288269043,0.17360830307006836,0.006650544237345457,0.02237001247704029,0.0024183797650039196,0.013301088474690914,True
RN50__stem,100_200,0,6,0.0001,9.045084971874738e-05,6.83389949798584,7.036705017089844,0.2028055191040039,0.007255139295011759,0.025392986834049225,0.0024183797650039196,0.013905683532357216,True
RN50__stem,100_200,0,7,0.0001,8.715724127386972e-05,6.775632381439209,7.005679130554199,0.23004674911499023,0.009068924002349377,0.027811367064714432,0.0024183797650039196,0.01511487364768982,True
RN50__stem,100_200,0,8,0.0001,8.345653031794292e-05,6.722673416137695,6.978889465332031,0.25621604919433594,0.009068924002349377,0.03325272351503372,0.0030229748226702213,0.01511487364768982,True
RN50__stem,100_200,0,9,0.0001,7.938926261462366e-05,6.672198295593262,6.958187103271484,0.28598880767822266,0.010882709175348282,0.03990326449275017,0.0036275696475058794,0.01511487364768982,True
RN50__stem,100_200,0,10,0.0001,7.500000000000001e-05,6.625079154968262,6.9352922439575195,0.3102130889892578,0.010882709175348282,0.0417170524597168,0.0042321644723415375,0.016324063763022423,True
RN50__stem,100_200,0,11,0.0001,7.033683215379003e-05,6.5852203369140625,6.919488430023193,0.33426809310913086,0.012091899290680885,0.04474002495408058,0.004836759530007839,0.018137848004698753,True
RN50__stem,100_200,0,12,0.0001,6.545084971874738e-05,6.548990249633789,6.9054999351501465,0.3565096855163574,0.010882709175348282,0.047763001173734665,0.005441354587674141,0.01874244399368763,True
RN50__stem,100_200,0,13,0.0001,6.039558454088797e-05,6.510467529296875,6.892102241516113,0.3816347122192383,0.013301088474690914,0.0519951656460762,0.005441354587674141,0.021160822361707687,True
RN50__stem,100_200,0,14,0.0001,5.522642316338269e-05,6.481494903564453,6.880430221557617,0.39893531799316406,0.013905683532357216,0.055622734129428864,0.005441354587674141,0.023579202592372894,True
RN50__stem,100_200,0,15,0.0001,5.000000000000002e-05,6.453073501586914,6.870043754577637,0.41697025299072266,0.013905683532357216,0.0598548986017704,0.007255139295011759,0.022974608466029167,True
RN50__stem,100_200,0,16,0.0001,4.4773576836617344e-05,6.430330753326416,6.860409736633301,0.43007898330688477,0.012696493417024612,0.0598548986017704,0.006045949645340443,0.02418379858136177,True
RN50__stem,100_200,0,17,0.0001,3.9604415459112035e-05,6.409584999084473,6.853316783905029,0.44373178482055664,0.013301088474690914,0.06166868284344673,0.006045949645340443,0.023579202592372894,True
RN50__stem,100_200,0,18,0.0001,3.4549150281252636e-05,6.3938727378845215,6.849743843078613,0.4558711051940918,0.014510278590023518,0.06166868284344673,0.005441354587674141,0.0259975828230381,True
RN50__stem,100_200,0,19,0.0001,2.966316784621e-05,6.37734317779541,6.844967842102051,0.4676246643066406,0.016324063763022423,0.06469165533781052,0.005441354587674141,0.0259975828230381,True
RN50__stem,100_200,0,20,0.0001,2.5000000000000015e-05,6.364300727844238,6.841665267944336,0.47736454010009766,0.015719467774033546,0.06469165533781052,0.006045949645340443,0.02660217694938183,True
RN50__stem,100_200,0,21,0.0001,2.0610737385376352e-05,6.355370044708252,6.837736129760742,0.48236608505249023,0.016324063763022423,0.06650544703006744,0.005441354587674141,0.02660217694938183,True
RN50__stem,100_200,0,22,0.0001,1.654346968205711e-05,6.3467488288879395,6.834054470062256,0.4873056411743164,0.01692865788936615,0.06711003929376602,0.006045949645340443,0.02660217694938183,True
RN50__stem,100_200,0,23,0.0001,1.2842758726130304e-05,6.339693546295166,6.833096504211426,0.49340295791625977,0.01692865788936615,0.06650544703006744,0.006650544237345457,0.02660217694938183,True
RN50__stem,100_200,0,24,0.0001,9.549150281252636e-06,6.334568977355957,6.832036972045898,0.4974679946899414,0.017533253878355026,0.0677146315574646,0.006045949645340443,0.0259975828230381,True
RN50__stem,100_200,0,25,0.0001,6.698729810778068e-06,6.330510139465332,6.830432891845703,0.4999227523803711,0.018137848004698753,0.06711003929376602,0.006045949645340443,0.025392986834049225,True
RN50__stem,100_200,0,26,0.0001,4.322727117869953e-06,6.32810640335083,6.82988166809082,0.5017752647399902,0.018137848004698753,0.06831923127174377,0.006045949645340443,0.025392986834049225,True
RN50__stem,100_200,0,27,0.0001,2.447174185242324e-06,6.326313018798828,6.829657077789307,0.5033440589904785,0.018137848004698753,0.06650544703006744,0.006045949645340443,0.0259975828230381,True
RN50__stem,100_200,0,28,0.0001,1.092619963309716e-06,6.325320243835449,6.829292297363281,0.503972053527832,0.017533253878355026,0.0677146315574646,0.006045949645340443,0.0259975828230381,True
RN50__stem,100_200,0,29,0.0001,2.7390523158633003e-07,6.324865341186523,6.8291473388671875,0.5042819976806641,0.017533253878355026,0.0677146315574646,0.006045949645340443,0.0259975828230381,True
RN50__stem,100_200,0,30,0.0001,0.0,6.324760437011719,6.829113960266113,0.5043535232543945,0.017533253878355026,0.0677146315574646,0.006045949645340443,0.0259975828230381,True
RN50__stem,100_200,1,1,0.001,0.0009972609476841367,6.892160415649414,7.05458927154541,0.1624288558959961,0.009068924002349377,0.024788392707705498,0.0030229748226702213,0.011487304233014584,True
RN50__stem,100_200,1,2,0.001,0.0009890738003669028,6.588120460510254,6.957742691040039,0.36962223052978516,0.013905683532357216,0.042321644723415375,0.005441354587674141,0.01692865788936615,True
RN50__stem,100_200,1,3,0.001,0.0009755282581475768,6.352710247039795,6.898299694061279,0.5455894470214844,0.02055622823536396,0.06590084731578827,0.0030229748226702213,0.019347038120031357,True
RN50__stem,100_200,1,4,0.001,0.0009567727288213003,6.173492431640625,6.886377334594727,0.7128849029541016,0.027206772938370705,0.08524788916110992,0.0030229748226702213,0.019347038120031357,True
RN50__stem,100_200,1,5,0.001,0.0009330127018922195,6.042228698730469,6.894676685333252,0.8524479866027832,0.03143893554806709,0.10640870779752731,0.0024183797650039196,0.022974608466029167,False
RN50__stem,100_200,1,6,0.001,0.0009045084971874739,5.9473419189453125,6.872014045715332,0.9246721267700195,0.03567110002040863,0.11789601296186447,0.004836759530007839,0.02237001247704029,True
RN50__stem,100_200,1,7,0.001,0.0008715724127386972,5.85006046295166,6.87277889251709,1.0227184295654297,0.040507860481739044,0.13059251010417938,0.004836759530007839,0.02660217694938183,False
RN50__stem,100_200,1,8,0.001,0.0008345653031794292,5.7931952476501465,6.8774919509887695,1.084296703338623,0.045949216932058334,0.13059251010417938,0.0042321644723415375,0.0259975828230381,False
RN50__stem,100_200,1,9,0.001,0.0007938926261462366,5.712227821350098,6.869773864746094,1.157546043395996,0.051390569657087326,0.14207981526851654,0.005441354587674141,0.02660217694938183,True
RN50__stem,100_200,1,10,0.001,0.00075,5.651998996734619,6.891545295715332,1.239546298980713,0.05441354587674141,0.15779927372932434,0.005441354587674141,0.024788392707705498,False
RN50__stem,100_200,1,11,0.001,0.0007033683215379003,5.575067520141602,6.907208442687988,1.3321409225463867,0.057436518371105194,0.166263610124588,0.006045949645340443,0.02418379858136177,False
RN50__stem,100_200,1,12,0.001,0.0006545084971874739,5.520481109619141,6.925488471984863,1.4050073623657227,0.06348247081041336,0.1741233468055725,0.0042321644723415375,0.028415963053703308,False
RN50__stem,100_200,1,13,0.001,0.0006039558454088797,5.449416637420654,6.961536407470703,1.5121197700500488,0.06650544703006744,0.18077388405799866,0.007255139295011759,0.02237001247704029,False
RN50__stem,100_200,1,14,0.001,0.0005522642316338269,5.412418365478516,6.974983215332031,1.5625648498535156,0.07134220004081726,0.19347038865089417,0.005441354587674141,0.027206772938370705,False
RN50__stem,100_200,1,15,0.001,0.0005000000000000002,5.355863571166992,6.987634658813477,1.6317710876464844,0.0701330155134201,0.19951632618904114,0.006045949645340443,0.02237001247704029,False
RN50__stem,100_200,1,16,0.001,0.0004477357683661734,5.320673942565918,7.000209331512451,1.6795353889465332,0.07617896050214767,0.20677146315574646,0.006045949645340443,0.02660217694938183,False
RN50__stem,100_200,1,17,0.001,0.00039604415459112036,5.270474910736084,7.039540767669678,1.7690658569335938,0.07617896050214767,0.2158403992652893,0.006045949645340443,0.027811367064714432,False
RN50__stem,100_200,1,1,0.0001,9.972609476841367e-05,7.433403968811035,7.46776008605957,0.034356117248535156,0.0,0.0018137848237529397,0.0018137848237529397,0.005441354587674141,True
RN50__stem,100_200,1,2,0.0001,9.890738003669029e-05,7.205112457275391,7.2826361656188965,0.07752370834350586,0.0012091898825019598,0.005441354587674141,0.0030229748226702213,0.008464328944683075,True
RN50__stem,100_200,1,3,0.0001,9.755282581475769e-05,7.088035583496094,7.200329303741455,0.11229372024536133,0.0012091898825019598,0.012091899290680885,0.0012091898825019598,0.012091899290680885,True
RN50__stem,100_200,1,4,0.0001,9.567727288213003e-05,6.999855041503906,7.148487091064453,0.14863204956054688,0.0036275696475058794,0.016324063763022423,0.0024183797650039196,0.013301088474690914,True
RN50__stem,100_200,1,5,0.0001,9.330127018922194e-05,6.927518844604492,7.110757827758789,0.18323898315429688,0.004836759530007839,0.019347038120031357,0.0036275696475058794,0.015719467774033546,True
RN50__stem,100_200,1,6,0.0001,9.045084971874738e-05,6.861625671386719,7.083250999450684,0.22162532806396484,0.007255139295011759,0.021160822361707687,0.0042321644723415375,0.015719467774033546,True
RN50__stem,100_200,1,7,0.0001,8.715724127386972e-05,6.8002519607543945,7.059482574462891,0.2592306137084961,0.007255139295011759,0.028415963053703308,0.0042321644723415375,0.01511487364768982,True
RN50__stem,100_200,1,8,0.0001,8.345653031794292e-05,6.744290351867676,7.038180351257324,0.29388999938964844,0.011487304233014584,0.028415963053703308,0.004836759530007839,0.015719467774033546,True
RN50__stem,100_200,1,9,0.0001,7.938926261462366e-05,6.692909240722656,7.020480155944824,0.32757091522216797,0.012091899290680885,0.03204353153705597,0.0030229748226702213,0.014510278590023518,True
RN50__stem,100_200,1,10,0.0001,7.500000000000001e-05,6.6424174308776855,7.005827903747559,0.36341047286987305,0.013905683532357216,0.03506650775671005,0.0036275696475058794,0.01511487364768982,True
RN50__stem,100_200,1,11,0.0001,7.033683215379003e-05,6.597153663635254,6.991430282592773,0.39427661895751953,0.014510278590023518,0.03688029199838638,0.0042321644723415375,0.01692865788936615,True
RN50__stem,100_200,1,12,0.0001,6.545084971874738e-05,6.555511474609375,6.980568885803223,0.42505741119384766,0.01511487364768982,0.042321644723415375,0.0042321644723415375,0.016324063763022423,True
RN50__stem,100_200,1,13,0.0001,6.039558454088797e-05,6.517481327056885,6.967161178588867,0.4496798515319824,0.015719467774033546,0.04353083670139313,0.0042321644723415375,0.01874244399368763,True
RN50__stem,100_200,1,14,0.0001,5.522642316338269e-05,6.484738826751709,6.95768928527832,0.47295045852661133,0.01692865788936615,0.045949216932058334,0.0030229748226702213,0.02055622823536396,True
RN50__stem,100_200,1,15,0.0001,5.000000000000002e-05,6.456092834472656,6.950777053833008,0.49468421936035156,0.01692865788936615,0.05259976163506508,0.0030229748226702213,0.019347038120031357,True
RN50__stem,100_200,1,16,0.0001,4.4773576836617344e-05,6.429743766784668,6.946176528930664,0.5164327621459961,0.017533253878355026,0.05320435389876366,0.0036275696475058794,0.019347038120031357,True
RN50__stem,100_200,1,17,0.0001,3.9604415459112035e-05,6.4067230224609375,6.941227436065674,0.5345044136047363,0.018137848004698753,0.05804111436009407,0.0036275696475058794,0.021765418350696564,True
RN50__stem,100_200,1,18,0.0001,3.4549150281252636e-05,6.386907577514648,6.934948921203613,0.5480413436889648,0.01874244399368763,0.05804111436009407,0.0036275696475058794,0.02055622823536396,True
RN50__stem,100_200,1,19,0.0001,2.966316784621e-05,6.3711628913879395,6.9319000244140625,0.560737133026123,0.019347038120031357,0.059250302612781525,0.0036275696475058794,0.019951632246375084,True
RN50__stem,100_200,1,20,0.0001,2.5000000000000015e-05,6.355069160461426,6.928963661193848,0.5738945007324219,0.02055622823536396,0.059250302612781525,0.0036275696475058794,0.02055622823536396,True
RN50__stem,100_200,1,21,0.0001,2.0610737385376352e-05,6.345205307006836,6.925696849822998,0.5804915428161621,0.021160822361707687,0.05864571034908295,0.0042321644723415375,0.019347038120031357,True
RN50__stem,100_200,1,22,0.0001,1.654346968205711e-05,6.336101531982422,6.923979759216309,0.5878782272338867,0.02055622823536396,0.05864571034908295,0.0042321644723415375,0.018137848004698753,True
RN50__stem,100_200,1,23,0.0001,1.2842758726130304e-05,6.328515529632568,6.923724174499512,0.5952086448669434,0.02055622823536396,0.06045949459075928,0.0042321644723415375,0.01874244399368763,True
RN50__stem,100_200,1,24,0.0001,9.549150281252636e-06,6.322178840637207,6.922358989715576,0.6001801490783691,0.019951632246375084,0.06227327883243561,0.0036275696475058794,0.018137848004698753,True
RN50__stem,100_200,1,25,0.0001,6.698729810778068e-06,6.317812919616699,6.921910762786865,0.604097843170166,0.019951632246375084,0.06166868284344673,0.0036275696475058794,0.01874244399368763,True
RN50__stem,100_200,1,26,0.0001,4.322727117869953e-06,6.31498908996582,6.921220779418945,0.606231689453125,0.019951632246375084,0.06469165533781052,0.0036275696475058794,0.01874244399368763,True
RN50__stem,100_200,1,27,0.0001,2.447174185242324e-06,6.313017845153809,6.920692443847656,0.6076745986938477,0.019951632246375084,0.06590084731578827,0.0036275696475058794,0.01874244399368763,True
RN50__stem,100_200,1,28,0.0001,1.092619963309716e-06,6.312087535858154,6.920444011688232,0.6083564758300781,0.019951632246375084,0.06590084731578827,0.0036275696475058794,0.01874244399368763,True
RN50__stem,100_200,1,29,0.0001,2.7390523158633003e-07,6.311566352844238,6.920363426208496,0.6087970733642578,0.019951632246375084,0.06650544703006744,0.0036275696475058794,0.01874244399368763,True
RN50__stem,100_200,1,30,0.0001,0.0,6.311460018157959,6.920346260070801,0.6088862419128418,0.02055622823536396,0.06650544703006744,0.0036275696475058794,0.01874244399368763,True
RN50__stem,300_400,0,1,0.001,0.0009972609476841367,7.205723762512207,7.307580947875977,0.10185718536376953,0.0012091898825019598,0.008464328944683075,0.0006045949412509799,0.0030229748226702213,True
RN50__stem,300_400,0,2,0.001,0.0009890738003669028,7.0709686279296875,7.281839370727539,0.21087074279785156,0.006045949645340443,0.022974608466029167,0.0006045949412509799,0.0036275696475058794,True
RN50__stem,300_400,0,3,0.001,0.0009755282581475768,6.951966285705566,7.282587051391602,0.33062076568603516,0.006045949645340443,0.03143893554806709,0.0006045949412509799,0.009673519060015678,False
RN50__stem,300_400,0,4,0.001,0.0009567727288213003,6.876943588256836,7.309012413024902,0.4320688247680664,0.009673519060015678,0.03688029199838638,0.0006045949412509799,0.004836759530007839,False
RN50__stem,300_400,0,5,0.001,0.0009330127018922195,6.776705741882324,7.320938587188721,0.5442328453063965,0.01511487364768982,0.042321644723415375,0.0018137848237529397,0.006045949645340443,False
RN50__stem,300_400,0,6,0.001,0.0009045084971874739,6.674176216125488,7.340593338012695,0.666417121887207,0.01874244399368763,0.061064090579748154,0.0012091898825019598,0.007255139295011759,False
RN50__stem,300_400,0,7,0.001,0.0008715724127386972,6.612158298492432,7.338254928588867,0.7260966300964355,0.019951632246375084,0.06711003929376602,0.0024183797650039196,0.012696493417024612,False
RN50__stem,300_400,0,8,0.001,0.0008345653031794292,6.546815872192383,7.382562637329102,0.8357467651367188,0.023579202592372894,0.07617896050214767,0.0006045949412509799,0.008464328944683075,False
RN50__stem,300_400,0,9,0.001,0.0007938926261462366,6.481655120849609,7.396244049072266,0.9145889282226562,0.02660217694938183,0.08464328944683075,0.0012091898825019598,0.011487304233014584,False
RN50__stem,300_400,0,10,0.001,0.00075,6.426433563232422,7.414117813110352,0.9876842498779297,0.029625151306390762,0.08282950520515442,0.0006045949412509799,0.007859733887016773,False
RN50__stem,300_400,0,1,0.0001,9.972609476841367e-05,7.538869857788086,7.568686485290527,0.029816627502441406,0.0006045949412509799,0.0042321644723415375,0.0006045949412509799,0.0030229748226702213,True
RN50__stem,300_400,0,2,0.0001,9.890738003669029e-05,7.378971099853516,7.4451398849487305,0.06616878509521484,0.0006045949412509799,0.0042321644723415375,0.0,0.0030229748226702213,True
RN50__stem,300_400,0,3,0.0001,9.755282581475769e-05,7.298398971557617,7.390542984008789,0.09214401245117188,0.0006045949412509799,0.005441354587674141,0.0,0.0030229748226702213,True
RN50__stem,300_400,0,4,0.0001,9.567727288213003e-05,7.2484211921691895,7.360657215118408,0.11223602294921875,0.0006045949412509799,0.008464328944683075,0.0,0.0024183797650039196,True
RN50__stem,300_400,0,5,0.0001,9.330127018922194e-05,7.210240840911865,7.340808868408203,0.1305680274963379,0.0012091898825019598,0.007859733887016773,0.0,0.0024183797650039196,True
RN50__stem,300_400,0,6,0.0001,9.045084971874738e-05,7.174530982971191,7.329859733581543,0.15532875061035156,0.0018137848237529397,0.011487304233014584,0.0,0.0024183797650039196,True
RN50__stem,300_400,0,7,0.0001,8.715724127386972e-05,7.14522123336792,7.319770812988281,0.17454957962036133,0.0036275696475058794,0.011487304233014584,0.0,0.0018137848237529397,True
RN50__stem,300_400,0,8,0.0001,8.345653031794292e-05,7.116828918457031,7.31321382522583,0.19638490676879883,0.004836759530007839,0.015719467774033546,0.0,0.0024183797650039196,True
RN50__stem,300_400,0,9,0.0001,7.938926261462366e-05,7.092282295227051,7.308742523193359,0.2164602279663086,0.0042321644723415375,0.01874244399368763,0.0,0.0024183797650039196,True
RN50__stem,300_400,0,10,0.0001,7.500000000000001e-05,7.0663743019104,7.304311752319336,0.23793745040893555,0.005441354587674141,0.02055622823536396,0.0,0.0036275696475058794,True
RN50__stem,300_400,0,11,0.0001,7.033683215379003e-05,7.045306205749512,7.307188034057617,0.26188182830810547,0.004836759530007839,0.023579202592372894,0.0,0.0036275696475058794,False
RN50__stem,300_400,0,12,0.0001,6.545084971874738e-05,7.025090217590332,7.3075337409973145,0.2824435234069824,0.004836759530007839,0.02237001247704029,0.0,0.0042321644723415375,False
RN50__stem,300_400,0,13,0.0001,6.039558454088797e-05,7.002748966217041,7.307850360870361,0.3051013946533203,0.005441354587674141,0.024788392707705498,0.0,0.004836759530007839,False
RN50__stem,300_400,0,14,0.0001,5.522642316338269e-05,6.9853739738464355,7.3096699714660645,0.3242959976196289,0.005441354587674141,0.025392986834049225,0.0,0.0036275696475058794,False
RN50__stem,300_400,0,15,0.0001,5.000000000000002e-05,6.970664024353027,7.310949802398682,0.3402857780456543,0.008464328944683075,0.02418379858136177,0.0,0.0042321644723415375,False
RN50__stem,300_400,0,16,0.0001,4.4773576836617344e-05,6.953507423400879,7.314703941345215,0.36119651794433594,0.007859733887016773,0.02660217694938183,0.0,0.0042321644723415375,False
RN50__stem,300_400,0,17,0.0001,3.9604415459112035e-05,6.942395210266113,7.316732406616211,0.37433719635009766,0.007859733887016773,0.027206772938370705,0.0,0.0036275696475058794,False
RN50__stem,300_400,0,18,0.0001,3.4549150281252636e-05,6.928892135620117,7.316832065582275,0.3879399299621582,0.007859733887016773,0.029625151306390762,0.0,0.0036275696475058794,False
RN50__stem,300_400,1,1,0.001,0.0009972609476841367,7.216086387634277,7.322418212890625,0.10633182525634766,0.0024183797650039196,0.013301088474690914,0.0012091898825019598,0.007859733887016773,True
RN50__stem,300_400,1,2,0.001,0.0009890738003669028,7.080802917480469,7.301009178161621,0.22020626068115234,0.0036275696475058794,0.021765418350696564,0.0018137848237529397,0.01027811411768198,True
RN50__stem,300_400,1,3,0.001,0.0009755282581475768,6.953521728515625,7.287213325500488,0.3336915969848633,0.01027811411768198,0.0259975828230381,0.0,0.007859733887016773,True
RN50__stem,300_400,1,4,0.001,0.0009567727288213003,6.853171348571777,7.310429573059082,0.4572582244873047,0.011487304233014584,0.032648127526044846,0.0,0.006045949645340443,False
RN50__stem,300_400,1,5,0.001,0.0009330127018922195,6.761463165283203,7.319736480712891,0.5582733154296875,0.012696493417024612,0.04897218942642212,0.0012091898825019598,0.007255139295011759,False
RN50__stem,300_400,1,6,0.001,0.0009045084971874739,6.68297004699707,7.327869415283203,0.6448993682861328,0.017533253878355026,0.05501813814043999,0.0,0.005441354587674141,False
RN50__stem,300_400,1,7,0.001,0.0008715724127386972,6.604038238525391,7.3364057540893555,0.7323675155639648,0.025392986834049225,0.06469165533781052,0.0006045949412509799,0.009673519060015678,False
RN50__stem,300_400,1,8,0.001,0.0008345653031794292,6.545377731323242,7.340719223022461,0.7953414916992188,0.027811367064714432,0.06892382353544235,0.0018137848237529397,0.009068924002349377,False
RN50__stem,300_400,1,9,0.001,0.0007938926261462366,6.473252296447754,7.380675792694092,0.9074234962463379,0.03143893554806709,0.07738815248012543,0.0024183797650039196,0.007255139295011759,False
RN50__stem,300_400,1,10,0.001,0.00075,6.401305198669434,7.404638290405273,1.0033330917358398,0.03143893554806709,0.08887545764446259,0.0012091898825019598,0.009673519060015678,False
RN50__stem,300_400,1,11,0.001,0.0007033683215379003,6.347380638122559,7.433132171630859,1.0857515335083008,0.03627569600939751,0.09431681036949158,0.0024183797650039196,0.008464328944683075,False
RN50__stem,300_400,1,1,0.0001,9.972609476841367e-05,7.584792613983154,7.600477695465088,0.015685081481933594,0.0012091898825019598,0.006045949645340443,0.0,0.005441354587674141,True
RN50__stem,300_400,1,2,0.0001,9.890738003669029e-05,7.410592079162598,7.465506076812744,0.054913997650146484,0.0012091898825019598,0.007859733887016773,0.0018137848237529397,0.005441354587674141,True
RN50__stem,300_400,1,3,0.0001,9.755282581475769e-05,7.32943868637085,7.41007137298584,0.08063268661499023,0.0012091898825019598,0.01027811411768198,0.0018137848237529397,0.0036275696475058794,True
RN50__stem,300_400,1,4,0.0001,9.567727288213003e-05,7.274232387542725,7.379546642303467,0.10531425476074219,0.0006045949412509799,0.011487304233014584,0.0012091898825019598,0.0036275696475058794,True
RN50__stem,300_400,1,5,0.0001,9.330127018922194e-05,7.231147766113281,7.357885837554932,0.1267380714416504,0.0006045949412509799,0.012091899290680885,0.0012091898825019598,0.006045949645340443,True
RN50__stem,300_400,1,6,0.0001,9.045084971874738e-05,7.195444107055664,7.34512186050415,0.14967775344848633,0.0012091898825019598,0.013905683532357216,0.0012091898825019598,0.006650544237345457,True
RN50__stem,300_400,1,7,0.0001,8.715724127386972e-05,7.16457986831665,7.3344035148620605,0.16982364654541016,0.0036275696475058794,0.01511487364768982,0.0018137848237529397,0.007859733887016773,True
RN50__stem,300_400,1,8,0.0001,8.345653031794292e-05,7.13515567779541,7.323885440826416,0.18872976303100586,0.004836759530007839,0.01692865788936615,0.0018137848237529397,0.008464328944683075,True
RN50__stem,300_400,1,9,0.0001,7.938926261462366e-05,7.106278419494629,7.320544242858887,0.2142658233642578,0.0042321644723415375,0.019951632246375084,0.0018137848237529397,0.009673519060015678,True
RN50__stem,300_400,1,10,0.0001,7.500000000000001e-05,7.081485748291016,7.317121505737305,0.23563575744628906,0.004836759530007839,0.021765418350696564,0.0018137848237529397,0.009673519060015678,True
RN50__stem,300_400,1,11,0.0001,7.033683215379003e-05,7.057453632354736,7.316876411437988,0.25942277908325195,0.006045949645340443,0.02237001247704029,0.0024183797650039196,0.009673519060015678,True
RN50__stem,300_400,1,12,0.0001,6.545084971874738e-05,7.035029411315918,7.313507080078125,0.27847766876220703,0.006650544237345457,0.02418379858136177,0.0030229748226702213,0.009068924002349377,True
RN50__stem,300_400,1,13,0.0001,6.039558454088797e-05,7.015256881713867,7.313529968261719,0.29827308654785156,0.007255139295011759,0.022974608466029167,0.0018137848237529397,0.008464328944683075,False
RN50__stem,300_400,1,14,0.0001,5.522642316338269e-05,6.995828151702881,7.315568447113037,0.31974029541015625,0.009673519060015678,0.025392986834049225,0.0024183797650039196,0.008464328944683075,False
RN50__stem,300_400,1,15,0.0001,5.000000000000002e-05,6.979972839355469,7.314899444580078,0.3349266052246094,0.007859733887016773,0.025392986834049225,0.0018137848237529397,0.007859733887016773,False
RN50__stem,300_400,1,16,0.0001,4.4773576836617344e-05,6.964994430541992,7.317111015319824,0.35211658477783203,0.008464328944683075,0.02660217694938183,0.0018137848237529397,0.008464328944683075,False
RN50__stem,300_400,1,17,0.0001,3.9604415459112035e-05,6.9511027336120605,7.31796932220459,0.3668665885925293,0.01027811411768198,0.028415963053703308,0.0012091898825019598,0.009068924002349377,False
RN50__stem,300_400,1,18,0.0001,3.4549150281252636e-05,6.940587997436523,7.3191375732421875,0.37854957580566406,0.01027811411768198,0.029020557180047035,0.0018137848237529397,0.008464328944683075,False
RN50__stem,300_400,1,19,0.0001,2.966316784621e-05,6.930907726287842,7.320835113525391,0.38992738723754883,0.010882709175348282,0.029625151306390762,0.0018137848237529397,0.008464328944683075,False
RN50__stem,300_400,1,20,0.0001,2.5000000000000015e-05,6.921449184417725,7.32267427444458,0.40122509002685547,0.01027811411768198,0.030834341421723366,0.0018137848237529397,0.008464328944683075,False
RN50__stem,500_600,0,1,0.001,0.0009972609476841367,7.3563408851623535,7.452970504760742,0.09662961959838867,0.0030229748226702213,0.008464328944683075,0.0,0.0024183797650039196,True
RN50__stem,500_600,0,2,0.001,0.0009890738003669028,7.297251224517822,7.449343681335449,0.15209245681762695,0.0030229748226702213,0.01027811411768198,0.0,0.0018137848237529397,True
RN50__stem,500_600,0,3,0.001,0.0009755282581475768,7.243627548217773,7.457775115966797,0.21414756774902344,0.0036275696475058794,0.01511487364768982,0.0006045949412509799,0.0036275696475058794,False
RN50__stem,500_600,0,4,0.001,0.0009567727288213003,7.189573287963867,7.486428260803223,0.29685497283935547,0.005441354587674141,0.025392986834049225,0.0,0.0012091898825019598,False
RN50__stem,500_600,0,5,0.001,0.0009330127018922195,7.121532440185547,7.510425567626953,0.38889312744140625,0.009068924002349377,0.03506650775671005,0.0,0.0030229748226702213,False
RN50__stem,500_600,0,6,0.001,0.0009045084971874739,7.054296493530273,7.548871994018555,0.49457550048828125,0.009068924002349377,0.03929867222905159,0.0006045949412509799,0.0018137848237529397,False
RN50__stem,500_600,0,7,0.001,0.0008715724127386972,7.001106262207031,7.567508697509766,0.5664024353027344,0.013905683532357216,0.042321644723415375,0.0,0.0030229748226702213,False
RN50__stem,500_600,0,8,0.001,0.0008345653031794292,6.92624044418335,7.614819526672363,0.6885790824890137,0.015719467774033546,0.05018138140439987,0.0,0.0024183797650039196,False
RN50__stem,500_600,0,9,0.001,0.0007938926261462366,6.87221622467041,7.644726276397705,0.7725100517272949,0.02055622823536396,0.06227327883243561,0.0012091898825019598,0.0024183797650039196,False
RN50__stem,500_600,0,10,0.001,0.00075,6.816205978393555,7.690624237060547,0.8744182586669922,0.01874244399368763,0.06287787109613419,0.0006045949412509799,0.0012091898825019598,False
RN50__stem,500_600,0,1,0.0001,9.972609476841367e-05,7.596759796142578,7.65457010269165,0.057810306549072266,0.0012091898825019598,0.0024183797650039196,0.0,0.0024183797650039196,True
RN50__stem,500_600,0,2,0.0001,9.890738003669029e-05,7.476921081542969,7.557929992675781,0.0810089111328125,0.0012091898825019598,0.0024183797650039196,0.0,0.0018137848237529397,True
RN50__stem,500_600,0,3,0.0001,9.755282581475769e-05,7.420793533325195,7.522076606750488,0.10128307342529297,0.0012091898825019598,0.0036275696475058794,0.0,0.0024183797650039196,True
RN50__stem,500_600,0,4,0.0001,9.567727288213003e-05,7.385604381561279,7.501916885375977,0.11631250381469727,0.0012091898825019598,0.0042321644723415375,0.0,0.0024183797650039196,True
RN50__stem,500_600,0,5,0.0001,9.330127018922194e-05,7.361598491668701,7.492597579956055,0.13099908828735352,0.0006045949412509799,0.0042321644723415375,0.0,0.0030229748226702213,True
RN50__stem,500_600,0,6,0.0001,9.045084971874738e-05,7.338802337646484,7.4834184646606445,0.14461612701416016,0.0006045949412509799,0.0042321644723415375,0.0,0.0030229748226702213,True
RN50__stem,500_600,0,7,0.0001,8.715724127386972e-05,7.323277473449707,7.479503631591797,0.15622615814208984,0.0006045949412509799,0.006045949645340443,0.0,0.0024183797650039196,True
RN50__stem,500_600,0,8,0.0001,8.345653031794292e-05,7.306701183319092,7.478043079376221,0.1713418960571289,0.0012091898825019598,0.006650544237345457,0.0,0.0018137848237529397,True
RN50__stem,500_600,0,9,0.0001,7.938926261462366e-05,7.295525550842285,7.477667808532715,0.1821422576904297,0.0006045949412509799,0.009673519060015678,0.0006045949412509799,0.0018137848237529397,True
RN50__stem,500_600,0,10,0.0001,7.500000000000001e-05,7.281630516052246,7.47799015045166,0.19635963439941406,0.0018137848237529397,0.009068924002349377,0.0006045949412509799,0.0030229748226702213,False
RN50__stem,500_600,0,11,0.0001,7.033683215379003e-05,7.271636009216309,7.47941780090332,0.20778179168701172,0.0018137848237529397,0.012696493417024612,0.0006045949412509799,0.0024183797650039196,False
RN50__stem,500_600,0,12,0.0001,6.545084971874738e-05,7.2602081298828125,7.480991363525391,0.22078323364257812,0.0024183797650039196,0.01511487364768982,0.0006045949412509799,0.0024183797650039196,False
RN50__stem,500_600,0,13,0.0001,6.039558454088797e-05,7.248991966247559,7.485035419464111,0.23604345321655273,0.0030229748226702213,0.01511487364768982,0.0,0.0030229748226702213,False
RN50__stem,500_600,0,14,0.0001,5.522642316338269e-05,7.2383809089660645,7.488706588745117,0.25032567977905273,0.004836759530007839,0.015719467774033546,0.0006045949412509799,0.0018137848237529397,False
RN50__stem,500_600,0,15,0.0001,5.000000000000002e-05,7.229750633239746,7.491843223571777,0.26209259033203125,0.0036275696475058794,0.017533253878355026,0.0,0.0024183797650039196,False
RN50__stem,500_600,0,16,0.0001,4.4773576836617344e-05,7.220307350158691,7.496903896331787,0.2765965461730957,0.0030229748226702213,0.016324063763022423,0.0,0.0036275696475058794,False
RN50__stem,500_600,0,17,0.0001,3.9604415459112035e-05,7.212795734405518,7.49995231628418,0.2871565818786621,0.0036275696475058794,0.017533253878355026,0.0,0.0036275696475058794,False
RN50__stem,500_600,1,1,0.001,0.0009972609476841367,7.360628128051758,7.447788238525391,0.08716011047363281,0.0006045949412509799,0.008464328944683075,0.0006045949412509799,0.0024183797650039196,True
RN50__stem,500_600,1,2,0.001,0.0009890738003669028,7.307636260986328,7.448699951171875,0.14106369018554688,0.0024183797650039196,0.013301088474690914,0.0012091898825019598,0.0036275696475058794,False
RN50__stem,500_600,1,3,0.001,0.0009755282581475768,7.253760814666748,7.463005065917969,0.2092442512512207,0.0036275696475058794,0.022974608466029167,0.0012091898825019598,0.0042321644723415375,False
RN50__stem,500_600,1,4,0.001,0.0009567727288213003,7.1989665031433105,7.486442565917969,0.2874760627746582,0.0042321644723415375,0.023579202592372894,0.0012091898825019598,0.0030229748226702213,False
RN50__stem,500_600,1,5,0.001,0.0009330127018922195,7.126169204711914,7.520730495452881,0.3945612907409668,0.01027811411768198,0.03325272351503372,0.0012091898825019598,0.0030229748226702213,False
RN50__stem,500_600,1,6,0.001,0.0009045084971874739,7.068609714508057,7.541421890258789,0.4728121757507324,0.014510278590023518,0.04353083670139313,0.0006045949412509799,0.0024183797650039196,False
RN50__stem,500_600,1,7,0.001,0.0008715724127386972,6.994851112365723,7.574228286743164,0.5793771743774414,0.017533253878355026,0.045949216932058334,0.0006045949412509799,0.0024183797650039196,False
RN50__stem,500_600,1,8,0.001,0.0008345653031794292,6.940922260284424,7.574977874755859,0.6340556144714355,0.016324063763022423,0.05441354587674141,0.0006045949412509799,0.0018137848237529397,False
RN50__stem,500_600,1,9,0.001,0.0007938926261462366,6.8648176193237305,7.6213884353637695,0.7565708160400391,0.021160822361707687,0.055622734129428864,0.0006045949412509799,0.0018137848237529397,False
RN50__stem,500_600,1,1,0.0001,9.972609476841367e-05,7.632062911987305,7.658596992492676,0.026534080505371094,0.0,0.0036275696475058794,0.0012091898825019598,0.0018137848237529397,True
RN50__stem,500_600,1,2,0.0001,9.890738003669029e-05,7.496726989746094,7.555673122406006,0.05894613265991211,0.0,0.004836759530007839,0.0012091898825019598,0.0018137848237529397,True
RN50__stem,500_600,1,3,0.0001,9.755282581475769e-05,7.4388041496276855,7.518543243408203,0.07973909378051758,0.0,0.004836759530007839,0.0006045949412509799,0.0024183797650039196,True
RN50__stem,500_600,1,4,0.0001,9.567727288213003e-05,7.402390480041504,7.498054504394531,0.09566402435302734,0.0006045949412509799,0.006650544237345457,0.0006045949412509799,0.0018137848237529397,True
RN50__stem,500_600,1,5,0.0001,9.330127018922194e-05,7.376160621643066,7.489126205444336,0.11296558380126953,0.0006045949412509799,0.007859733887016773,0.0006045949412509799,0.0018137848237529397,True
RN50__stem,500_600,1,6,0.0001,9.045084971874738e-05,7.356017589569092,7.483572483062744,0.12755489349365234,0.0006045949412509799,0.008464328944683075,0.0012091898825019598,0.0018137848237529397,True
RN50__stem,500_600,1,7,0.0001,8.715724127386972e-05,7.339445114135742,7.477278232574463,0.1378331184387207,0.0006045949412509799,0.009673519060015678,0.0012091898825019598,0.0018137848237529397,True
RN50__stem,500_600,1,8,0.0001,8.345653031794292e-05,7.324261665344238,7.476100444793701,0.1518387794494629,0.0006045949412509799,0.010882709175348282,0.0012091898825019598,0.0024183797650039196,True
RN50__stem,500_600,1,9,0.0001,7.938926261462366e-05,7.310169219970703,7.475795269012451,0.16562604904174805,0.0006045949412509799,0.012091899290680885,0.0012091898825019598,0.0018137848237529397,True
RN50__stem,500_600,1,10,0.0001,7.500000000000001e-05,7.298306465148926,7.475699424743652,0.17739295959472656,0.0024183797650039196,0.012696493417024612,0.0012091898825019598,0.0018137848237529397,True
RN50__stem,500_600,1,11,0.0001,7.033683215379003e-05,7.286029815673828,7.476658821105957,0.1906290054321289,0.0024183797650039196,0.013301088474690914,0.0012091898825019598,0.0018137848237529397,False
RN50__stem,500_600,1,12,0.0001,6.545084971874738e-05,7.274169445037842,7.4785003662109375,0.2043309211730957,0.0030229748226702213,0.015719467774033546,0.0012091898825019598,0.0012091898825019598,False
RN50__stem,500_600,1,13,0.0001,6.039558454088797e-05,7.264708518981934,7.4819135665893555,0.21720504760742188,0.0042321644723415375,0.01874244399368763,0.0012091898825019598,0.0030229748226702213,False
RN50__stem,500_600,1,14,0.0001,5.522642316338269e-05,7.2548980712890625,7.484283447265625,0.2293853759765625,0.0042321644723415375,0.01874244399368763,0.0012091898825019598,0.0024183797650039196,False
RN50__stem,500_600,1,15,0.0001,5.000000000000002e-05,7.246109962463379,7.486649513244629,0.24053955078125,0.0042321644723415375,0.018137848004698753,0.0012091898825019598,0.0018137848237529397,False
RN50__stem,500_600,1,16,0.0001,4.4773576836617344e-05,7.237966537475586,7.4900102615356445,0.2520437240600586,0.004836759530007839,0.01874244399368763,0.0012091898825019598,0.0018137848237529397,False
RN50__stem,500_600,1,17,0.0001,3.9604415459112035e-05,7.229342937469482,7.492577075958252,0.26323413848876953,0.0042321644723415375,0.02055622823536396,0.0012091898825019598,0.0018137848237529397,False
RN50__stem,500_600,1,18,0.0001,3.4549150281252636e-05,7.222260475158691,7.49560546875,0.2733449935913086,0.004836759530007839,0.021160822361707687,0.0012091898825019598,0.0018137848237529397,False
RN50__attnpool,100_200,0,1,0.001,0.0009972609476841367,6.186493873596191,6.840102672576904,0.6536087989807129,0.06529625505208969,0.1590084731578827,0.007255139295011759,0.03204353153705597,True
RN50__attnpool,100_200,0,2,0.001,0.0009890738003669028,5.632604598999023,6.736385822296143,1.1037812232971191,0.13724304735660553,0.2944377362728119,0.011487304233014584,0.042321644723415375,True
RN50__attnpool,100_200,0,3,0.001,0.0009755282581475768,5.259714126586914,6.702704429626465,1.4429903030395508,0.22551392018795013,0.4111245572566986,0.013301088474690914,0.04836759716272354,True
RN50__attnpool,100_200,0,4,0.001,0.0009567727288213003,4.97210693359375,6.688112258911133,1.7160053253173828,0.2974607050418854,0.5181378722190857,0.015719467774033546,0.05380894988775253,True
RN50__attnpool,100_200,0,5,0.001,0.0009330127018922195,4.7374067306518555,6.676438331604004,1.9390316009521484,0.37545347213745117,0.5967351794242859,0.012696493417024612,0.04715840518474579,True
RN50__attnpool,100_200,0,6,0.001,0.0009045084971874739,4.5447998046875,6.689375400543213,2.144575595855713,0.4135429263114929,0.6499395370483398,0.010882709175348282,0.04836759716272354,False
RN50__attnpool,100_200,0,7,0.001,0.0008715724127386972,4.382040977478027,6.692868232727051,2.3108272552490234,0.47702541947364807,0.718258798122406,0.012696493417024612,0.051390569657087326,False
RN50__attnpool,100_200,0,8,0.001,0.0008345653031794292,4.210775375366211,6.701771259307861,2.4909958839416504,0.5296251773834229,0.7648125886917114,0.015719467774033546,0.04836759716272354,False
RN50__attnpool,100_200,0,9,0.001,0.0007938926261462366,4.069033145904541,6.700722694396973,2.6316895484924316,0.5804111361503601,0.8022974729537964,0.013301088474690914,0.05018138140439987,False
RN50__attnpool,100_200,0,10,0.001,0.00075,3.9237592220306396,6.725815773010254,2.8020565509796143,0.6293833255767822,0.8397823572158813,0.013905683532357216,0.04655380919575691,False
RN50__attnpool,100_200,0,11,0.001,0.0007033683215379003,3.747788906097412,6.740741729736328,2.992952823638916,0.6850060820579529,0.8742442727088928,0.013905683532357216,0.04353083670139313,False
RN50__attnpool,100_200,0,12,0.001,0.0006545084971874739,3.594510793685913,6.749256134033203,3.15474534034729,0.7218863368034363,0.9056832194328308,0.010882709175348282,0.04897218942642212,False
RN50__attnpool,100_200,0,13,0.001,0.0006039558454088797,3.418459415435791,6.795371055603027,3.3769116401672363,0.7696493864059448,0.9298670291900635,0.010882709175348282,0.040507860481739044,False
RN50__attnpool,100_200,0,1,0.0001,9.972609476841367e-05,7.109499454498291,7.287074089050293,0.17757463455200195,0.0036275696475058794,0.019347038120031357,0.0012091898825019598,0.010882709175348282,True
RN50__attnpool,100_200,0,2,0.0001,9.890738003669029e-05,6.819039344787598,7.135072708129883,0.31603336334228516,0.011487304233014584,0.03990326449275017,0.0036275696475058794,0.019951632246375084,True
RN50__attnpool,100_200,0,3,0.0001,9.755282581475769e-05,6.586888313293457,7.036498069763184,0.44960975646972656,0.02418379858136177,0.07436517626047134,0.007255139295011759,0.024788392707705498,True
RN50__attnpool,100_200,0,4,0.0001,9.567727288213003e-05,6.401823043823242,6.96824836730957,0.5664253234863281,0.034461911767721176,0.10519952327013016,0.007859733887016773,0.02660217694938183,True
RN50__attnpool,100_200,0,5,0.0001,9.330127018922194e-05,6.244646072387695,6.916828632354736,0.672182559967041,0.0417170524597168,0.13482467830181122,0.010882709175348282,0.029625151306390762,True
RN50__attnpool,100_200,0,6,0.0001,9.045084971874738e-05,6.108944892883301,6.8794097900390625,0.7704648971557617,0.05441354587674141,0.16505442559719086,0.01027811411768198,0.0338573157787323,True
RN50__attnpool,100_200,0,7,0.0001,8.715724127386972e-05,5.992831230163574,6.849491119384766,0.8566598892211914,0.06831923127174377,0.19105200469493866,0.011487304233014584,0.0338573157787323,True
RN50__attnpool,100_200,0,8,0.0001,8.345653031794292e-05,5.893241882324219,6.828347682952881,0.9351058006286621,0.08162032067775726,0.22249093651771545,0.011487304233014584,0.03506650775671005,True
RN50__attnpool,100_200,0,9,0.0001,7.938926261462366e-05,5.806099891662598,6.810697555541992,1.0045976638793945,0.09794437885284424,0.2448609471321106,0.011487304233014584,0.03688029199838638,True
RN50__attnpool,100_200,0,10,0.0001,7.500000000000001e-05,5.723735809326172,6.795587539672852,1.0718517303466797,0.10459492355585098,0.2714631259441376,0.011487304233014584,0.040507860481739044,True
RN50__attnpool,100_200,0,11,0.0001,7.033683215379003e-05,5.653316020965576,6.785472393035889,1.1321563720703125,0.12273277342319489,0.2968561053276062,0.008464328944683075,0.03990326449275017,True
RN50__attnpool,100_200,0,12,0.0001,6.545084971874738e-05,5.588644981384277,6.7776899337768555,1.1890449523925781,0.13603386282920837,0.32466748356819153,0.009068924002349377,0.0417170524597168,True
RN50__attnpool,100_200,0,13,0.0001,6.039558454088797e-05,5.531332015991211,6.768210411071777,1.2368783950805664,0.14691656827926636,0.34280532598495483,0.01027811411768198,0.04292624071240425,True
RN50__attnpool,100_200,0,14,0.0001,5.522642316338269e-05,5.481533050537109,6.7627105712890625,1.2811775207519531,0.16505442559719086,0.36033859848976135,0.009673519060015678,0.04715840518474579,True
RN50__attnpool,100_200,0,15,0.0001,5.000000000000002e-05,5.433980941772461,6.758959770202637,1.3249788284301758,0.17533253133296967,0.37666264176368713,0.009673519060015678,0.04655380919575691,True
RN50__attnpool,100_200,0,16,0.0001,4.4773576836617344e-05,5.397531509399414,6.754926681518555,1.3573951721191406,0.18681983649730682,0.3881499469280243,0.008464328944683075,0.04655380919575691,True
RN50__attnpool,100_200,0,17,0.0001,3.9604415459112035e-05,5.358647346496582,6.748601913452148,1.3899545669555664,0.19830714166164398,0.4002418518066406,0.009673519060015678,0.04534462094306946,True
RN50__attnpool,100_200,0,18,0.0001,3.4549150281252636e-05,5.331274509429932,6.749881744384766,1.418607234954834,0.20495767891407013,0.4189842939376831,0.01027811411768198,0.04474002495408058,False
RN50__attnpool,100_200,0,19,0.0001,2.966316784621e-05,5.304272651672363,6.747992515563965,1.4437198638916016,0.2079806625843048,0.4238210618495941,0.009673519060015678,0.04474002495408058,True
RN50__attnpool,100_200,0,20,0.0001,2.5000000000000015e-05,5.281242370605469,6.745988845825195,1.4647464752197266,0.2188633680343628,0.43349456787109375,0.010882709175348282,0.045949216932058334,True
RN50__attnpool,100_200,0,21,0.0001,2.0610737385376352e-05,5.26228141784668,6.7440900802612305,1.4818086624145508,0.22188633680343628,0.4419589042663574,0.009068924002349377,0.045949216932058334,True
RN50__attnpool,100_200,0,22,0.0001,1.654346968205711e-05,5.247163772583008,6.743516445159912,1.4963526725769043,0.22188633680343628,0.44377267360687256,0.009673519060015678,0.04474002495408058,True
RN50__attnpool,100_200,0,23,0.0001,1.2842758726130304e-05,5.234827995300293,6.742449760437012,1.5076217651367188,0.22611850500106812,0.44921404123306274,0.009673519060015678,0.04655380919575691,True
RN50__attnpool,100_200,0,24,0.0001,9.549150281252636e-06,5.226299285888672,6.742203712463379,1.515904426574707,0.2267231047153473,0.4528416097164154,0.01027811411768198,0.04534462094306946,True
RN50__attnpool,100_200,0,25,0.0001,6.698729810778068e-06,5.218774795532227,6.7419281005859375,1.523153305053711,0.2291414886713028,0.4528416097164154,0.009673519060015678,0.044135428965091705,True
RN50__attnpool,100_200,0,26,0.0001,4.322727117869953e-06,5.213869094848633,6.741565704345703,1.5276966094970703,0.23216445744037628,0.45405080914497375,0.01027811411768198,0.045949216932058334,True
RN50__attnpool,100_200,0,27,0.0001,2.447174185242324e-06,5.210975646972656,6.741598129272461,1.5306224822998047,0.2339782416820526,0.4552599787712097,0.009673519060015678,0.04534462094306946,False
RN50__attnpool,100_200,0,28,0.0001,1.092619963309716e-06,5.209115982055664,6.741490364074707,1.532374382019043,0.23579202592372894,0.4558645784854889,0.01027811411768198,0.045949216932058334,True
RN50__attnpool,100_200,0,29,0.0001,2.7390523158633003e-07,5.208399772644043,6.741456985473633,1.5330572128295898,0.23518742620944977,0.45646917819976807,0.009673519060015678,0.045949216932058334,True
RN50__attnpool,100_200,0,30,0.0001,0.0,5.208200931549072,6.741447448730469,1.5332465171813965,0.23579202592372894,0.45707377791404724,0.009673519060015678,0.045949216932058334,True
RN50__attnpool,100_200,1,1,0.001,0.0009972609476841367,6.17494010925293,6.843808650970459,0.6688685417175293,0.06952841579914093,0.17110036313533783,0.004836759530007839,0.02660217694938183,True
RN50__attnpool,100_200,1,2,0.001,0.0009890738003669028,5.610889434814453,6.744716644287109,1.1338272094726562,0.14147521555423737,0.3174123466014862,0.008464328944683075,0.042321644723415375,True
RN50__attnpool,100_200,1,3,0.001,0.0009755282581475768,5.238824844360352,6.7080535888671875,1.469228744506836,0.21160823106765747,0.42079809308052063,0.013301088474690914,0.04715840518474579,True
RN50__attnpool,100_200,1,4,0.001,0.0009567727288213003,4.961308479309082,6.703729629516602,1.7424211502075195,0.30350667238235474,0.5362756848335266,0.011487304233014584,0.047763001173734665,True
RN50__attnpool,100_200,1,5,0.001,0.0009330127018922195,4.732512474060059,6.702690124511719,1.9701776504516602,0.3742442727088928,0.588270902633667,0.009673519060015678,0.049576785415410995,True
RN50__attnpool,100_200,1,6,0.001,0.0009045084971874739,4.528309345245361,6.7114667892456055,2.183157444000244,0.4449818730354309,0.6783555150032043,0.011487304233014584,0.04474002495408058,False
RN50__attnpool,100_200,1,7,0.001,0.0008715724127386972,4.367789268493652,6.725066661834717,2.3572773933410645,0.49576786160469055,0.718258798122406,0.013301088474690914,0.05078597366809845,False
RN50__attnpool,100_200,1,8,0.001,0.0008345653031794292,4.204854965209961,6.745841979980469,2.540987014770508,0.5296251773834229,0.7599758505821228,0.009068924002349377,0.045949216932058334,False
RN50__attnpool,100_200,1,9,0.001,0.0007938926261462366,4.053468704223633,6.749302864074707,2.695834159851074,0.5918984413146973,0.8065296411514282,0.008464328944683075,0.04292624071240425,False
RN50__attnpool,100_200,1,10,0.001,0.00075,3.9008169174194336,6.7740631103515625,2.873246192932129,0.6420798301696777,0.8415961861610413,0.010882709175348282,0.045949216932058334,False
RN50__attnpool,100_200,1,11,0.001,0.0007033683215379003,3.739227056503296,6.829346656799316,3.0901196002960205,0.6819831132888794,0.873639702796936,0.01027811411768198,0.040507860481739044,False
RN50__attnpool,100_200,1,12,0.001,0.0006545084971874739,3.5773706436157227,6.838234901428223,3.2608642578125,0.7363966107368469,0.9008464813232422,0.009673519060015678,0.03627569600939751,False
RN50__attnpool,100_200,1,13,0.001,0.0006039558454088797,3.4163460731506348,6.862651348114014,3.446305274963379,0.7684401869773865,0.9226118922233582,0.009068924002349377,0.040507860481739044,False
RN50__attnpool,100_200,1,1,0.0001,9.972609476841367e-05,7.127537727355957,7.308074474334717,0.18053674697875977,0.0042321644723415375,0.019347038120031357,0.0018137848237529397,0.008464328944683075,True
RN50__attnpool,100_200,1,2,0.0001,9.890738003669029e-05,6.823330402374268,7.148194789886475,0.32486438751220703,0.014510278590023518,0.04655380919575691,0.0030229748226702213,0.012696493417024612,True
RN50__attnpool,100_200,1,3,0.0001,9.755282581475769e-05,6.584814071655273,7.044162750244141,0.4593486785888672,0.022974608466029167,0.077992744743824,0.0036275696475058794,0.015719467774033546,True
RN50__attnpool,100_200,1,4,0.0001,9.567727288213003e-05,6.394235610961914,6.968964576721191,0.5747289657592773,0.03688029199838638,0.1118500605225563,0.0042321644723415375,0.022974608466029167,True
RN50__attnpool,100_200,1,5,0.0001,9.330127018922194e-05,6.234680652618408,6.91959810256958,0.6849174499511719,0.04897218942642212,0.1457073837518692,0.006045949645340443,0.02660217694938183,True
RN50__attnpool,100_200,1,6,0.0001,9.045084971874738e-05,6.097848892211914,6.876685619354248,0.778836727142334,0.06408706307411194,0.18379686772823334,0.006045949645340443,0.027206772938370705,True
RN50__attnpool,100_200,1,7,0.0001,8.715724127386972e-05,5.980183124542236,6.8463544845581055,0.8661713600158691,0.07134220004081726,0.2031438946723938,0.007859733887016773,0.03325272351503372,True
RN50__attnpool,100_200,1,8,0.0001,8.345653031794292e-05,5.880305290222168,6.824419021606445,0.9441137313842773,0.08766626566648483,0.22309553623199463,0.009673519060015678,0.034461911767721176,True
RN50__attnpool,100_200,1,9,0.0001,7.938926261462366e-05,5.790057182312012,6.807045936584473,1.016988754272461,0.10761789977550507,0.2472793310880661,0.010882709175348282,0.0338573157787323,True
RN50__attnpool,100_200,1,10,0.0001,7.500000000000001e-05,5.710549831390381,6.793802261352539,1.0832524299621582,0.11850060522556305,0.27932286262512207,0.010882709175348282,0.03627569600939751,True
RN50__attnpool,100_200,1,11,0.0001,7.033683215379003e-05,5.637880325317383,6.784686088562012,1.146805763244629,0.1354292631149292,0.2962515354156494,0.009673519060015678,0.03748488798737526,True
RN50__attnpool,100_200,1,12,0.0001,6.545084971874738e-05,5.57661247253418,6.776339530944824,1.1997270584106445,0.14389359951019287,0.3198307156562805,0.01027811411768198,0.03688029199838638,True
RN50__attnpool,100_200,1,13,0.0001,6.039558454088797e-05,5.51961612701416,6.767169952392578,1.247553825378418,0.15538090467453003,0.3403869569301605,0.009068924002349377,0.03748488798737526,True
RN50__attnpool,100_200,1,14,0.0001,5.522642316338269e-05,5.467807769775391,6.765316009521484,1.2975082397460938,0.16868199408054352,0.3567110300064087,0.009068924002349377,0.03808948025107384,True
RN50__attnpool,100_200,1,15,0.0001,5.000000000000002e-05,5.420564651489258,6.760562896728516,1.3399982452392578,0.17654171586036682,0.3694075047969818,0.01027811411768198,0.040507860481739044,True
RN50__attnpool,100_200,1,16,0.0001,4.4773576836617344e-05,5.381512641906738,6.756781578063965,1.3752689361572266,0.18561065196990967,0.38452237844467163,0.01027811411768198,0.0417170524597168,True
RN50__attnpool,100_200,1,17,0.0001,3.9604415459112035e-05,5.346091270446777,6.7563042640686035,1.4102129936218262,0.19226118922233582,0.4038694202899933,0.009068924002349377,0.03990326449275017,True
RN50__attnpool,100_200,1,18,0.0001,3.4549150281252636e-05,5.315834999084473,6.754268646240234,1.4384336471557617,0.20374849438667297,0.4159613251686096,0.009068924002349377,0.042321644723415375,True
RN50__attnpool,100_200,1,19,0.0001,2.966316784621e-05,5.289868354797363,6.753067970275879,1.4631996154785156,0.2158403992652893,0.42865779995918274,0.01027811411768198,0.03990326449275017,True
RN50__attnpool,100_200,1,20,0.0001,2.5000000000000015e-05,5.268896102905273,6.752477645874023,1.48358154296875,0.21946796774864197,0.4347037672996521,0.009068924002349377,0.0417170524597168,True
RN50__attnpool,100_200,1,21,0.0001,2.0610737385376352e-05,5.250479698181152,6.751094818115234,1.500615119934082,0.22853688895702362,0.44619107246398926,0.01027811411768198,0.03990326449275017,True
RN50__attnpool,100_200,1,22,0.0001,1.654346968205711e-05,5.234128952026367,6.751859664916992,1.517730712890625,0.23276905715465546,0.45102784037590027,0.009673519060015678,0.042321644723415375,False
RN50__attnpool,100_200,1,23,0.0001,1.2842758726130304e-05,5.222032070159912,6.751236915588379,1.5292048454284668,0.23337364196777344,0.4600967466831207,0.010882709175348282,0.0417170524597168,False
RN50__attnpool,100_200,1,24,0.0001,9.549150281252636e-06,5.213138580322266,6.750767707824707,1.5376291275024414,0.2339782416820526,0.4607013463973999,0.01027811411768198,0.040507860481739044,True
RN50__attnpool,100_200,1,25,0.0001,6.698729810778068e-06,5.205941200256348,6.751011371612549,1.5450701713562012,0.2370012104511261,0.4667472839355469,0.010882709175348282,0.0417170524597168,False
RN50__attnpool,100_200,1,26,0.0001,4.322727117869953e-06,5.2008256912231445,6.750996112823486,1.5501704216003418,0.23821040987968445,0.46735188364982605,0.010882709175348282,0.042321644723415375,False
RN50__attnpool,100_200,1,27,0.0001,2.447174185242324e-06,5.1978607177734375,6.750922203063965,1.5530614852905273,0.2418379783630371,0.4679564833641052,0.011487304233014584,0.0417170524597168,False
RN50__attnpool,100_200,1,28,0.0001,1.092619963309716e-06,5.1962666511535645,6.750865936279297,1.5545992851257324,0.24002419412136078,0.4691656827926636,0.011487304233014584,0.04111245647072792,False
RN50__attnpool,100_200,1,29,0.0001,2.7390523158633003e-07,5.195499420166016,6.750870704650879,1.5553712844848633,0.24002419412136078,0.47037485241889954,0.010882709175348282,0.04111245647072792,False
RN50__attnpool,100_200,1,30,0.0001,0.0,5.1953125,6.7508745193481445,1.5555620193481445,0.24002419412136078,0.47037485241889954,0.010882709175348282,0.04111245647072792,False
RN50__attnpool,300_400,0,1,0.001,0.0009972609476841367,6.643936634063721,7.180854797363281,0.5369181632995605,0.05622733011841774,0.11064087599515915,0.0036275696475058794,0.013905683532357216,True
RN50__attnpool,300_400,0,2,0.001,0.0009890738003669028,6.070461273193359,7.0836381912231445,1.0131769180297852,0.1039903312921524,0.21221283078193665,0.0030229748226702213,0.015719467774033546,True
RN50__attnpool,300_400,0,3,0.001,0.0009755282581475768,5.721543312072754,7.064648628234863,1.3431053161621094,0.16807739436626434,0.33675938844680786,0.0030229748226702213,0.018137848004698753,True
RN50__attnpool,300_400,0,4,0.001,0.0009567727288213003,5.4529924392700195,7.055021286010742,1.6020288467407227,0.22611850500106812,0.41837969422340393,0.006045949645340443,0.021765418350696564,True
RN50__attnpool,300_400,0,5,0.001,0.0009330127018922195,5.218427658081055,7.054399013519287,1.8359713554382324,0.30108827352523804,0.4927448630332947,0.004836759530007839,0.017533253878355026,True
RN50__attnpool,300_400,0,6,0.001,0.0009045084971874739,5.020455837249756,7.071564674377441,2.0511088371276855,0.35006046295166016,0.5525997877120972,0.005441354587674141,0.024788392707705498,False
RN50__attnpool,300_400,0,7,0.001,0.0008715724127386972,4.828203201293945,7.08803653717041,2.259833335876465,0.40447402000427246,0.6172914505004883,0.005441354587674141,0.02237001247704029,False
RN50__attnpool,300_400,0,8,0.001,0.0008345653031794292,4.63779354095459,7.109409809112549,2.471616268157959,0.46432891488075256,0.6698911786079407,0.004836759530007839,0.023579202592372894,False
RN50__attnpool,300_400,0,9,0.001,0.0007938926261462366,4.450423240661621,7.128667831420898,2.6782445907592773,0.5133011341094971,0.7345828413963318,0.0030229748226702213,0.023579202592372894,False
RN50__attnpool,300_400,0,10,0.001,0.00075,4.261406421661377,7.174276351928711,2.912869930267334,0.5779927372932434,0.7708585262298584,0.0036275696475058794,0.021765418350696564,False
RN50__attnpool,300_400,0,11,0.001,0.0007033683215379003,4.0758585929870605,7.193333148956299,3.1174745559692383,0.6372430920600891,0.8125755786895752,0.0042321644723415375,0.022974608466029167,False
RN50__attnpool,300_400,0,12,0.001,0.0006545084971874739,3.893930673599243,7.2339067459106445,3.3399760723114014,0.6723095774650574,0.8488513231277466,0.0036275696475058794,0.019951632246375084,False
RN50__attnpool,300_400,0,13,0.001,0.0006039558454088797,3.707524061203003,7.256256580352783,3.5487325191497803,0.7140266299247742,0.8869407773017883,0.0036275696475058794,0.024788392707705498,False
RN50__attnpool,300_400,0,1,0.0001,9.972609476841367e-05,7.250463008880615,7.40878963470459,0.1583266258239746,0.0024183797650039196,0.01027811411768198,0.0012091898825019598,0.008464328944683075,True
RN50__attnpool,300_400,0,2,0.0001,9.890738003669029e-05,7.034641742706299,7.322994709014893,0.28835296630859375,0.004836759530007839,0.02055622823536396,0.0,0.007859733887016773,True
RN50__attnpool,300_400,0,3,0.0001,9.755282581475769e-05,6.842758655548096,7.266092300415039,0.42333364486694336,0.008464328944683075,0.04474002495408058,0.0012091898825019598,0.007859733887016773,True
RN50__attnpool,300_400,0,4,0.0001,9.567727288213003e-05,6.6810503005981445,7.223597526550293,0.5425472259521484,0.01511487364768982,0.0755743682384491,0.0012091898825019598,0.01027811411768198,True
RN50__attnpool,300_400,0,5,0.0001,9.330127018922194e-05,6.542579174041748,7.193457126617432,0.6508779525756836,0.0259975828230381,0.09673519432544708,0.0012091898825019598,0.011487304233014584,True
RN50__attnpool,300_400,0,6,0.0001,9.045084971874738e-05,6.419609546661377,7.166319847106934,0.7467103004455566,0.028415963053703308,0.11366385221481323,0.0012091898825019598,0.013301088474690914,True
RN50__attnpool,300_400,0,7,0.0001,8.715724127386972e-05,6.312566757202148,7.146523475646973,0.8339567184448242,0.045949216932058334,0.14510278403759003,0.0012091898825019598,0.015719467774033546,True
RN50__attnpool,300_400,0,8,0.0001,8.345653031794292e-05,6.22208309173584,7.1303019523620605,0.9082188606262207,0.055622734129428864,0.16444982588291168,0.0018137848237529397,0.014510278590023518,True
RN50__attnpool,300_400,0,9,0.0001,7.938926261462366e-05,6.142045497894287,7.119711875915527,0.9776663780212402,0.06469165533781052,0.182587668299675,0.0018137848237529397,0.015719467774033546,True
RN50__attnpool,300_400,0,10,0.0001,7.500000000000001e-05,6.06580924987793,7.10539436340332,1.0395851135253906,0.08041112869977951,0.2085852473974228,0.0018137848237529397,0.017533253878355026,True
RN50__attnpool,300_400,0,11,0.0001,7.033683215379003e-05,5.997890472412109,7.098639488220215,1.1007490158081055,0.09068924188613892,0.2237001210451126,0.0030229748226702213,0.016324063763022423,True
RN50__attnpool,300_400,0,12,0.0001,6.545084971874738e-05,5.940993309020996,7.0921125411987305,1.1511192321777344,0.10036276280879974,0.24244257807731628,0.0030229748226702213,0.017533253878355026,True
RN50__attnpool,300_400,0,13,0.0001,6.039558454088797e-05,5.889252662658691,7.088403224945068,1.199150562286377,0.11245466023683548,0.2654171884059906,0.0030229748226702213,0.013905683532357216,True
RN50__attnpool,300_400,0,14,0.0001,5.522642316338269e-05,5.841856479644775,7.082942962646484,1.241086483001709,0.12091898918151855,0.2805320620536804,0.004836759530007839,0.016324063763022423,True
RN50__attnpool,300_400,0,15,0.0001,5.000000000000002e-05,5.7976226806640625,7.081862449645996,1.2842397689819336,0.13119709491729736,0.2968561053276062,0.004836759530007839,0.015719467774033546,True
RN50__attnpool,300_400,0,16,0.0001,4.4773576836617344e-05,5.763930320739746,7.0785393714904785,1.3146090507507324,0.14510278403759003,0.30350667238235474,0.0036275696475058794,0.015719467774033546,True
RN50__attnpool,300_400,0,17,0.0001,3.9604415459112035e-05,5.729904651641846,7.073996543884277,1.3440918922424316,0.1487303525209427,0.30834341049194336,0.005441354587674141,0.014510278590023518,True
RN50__attnpool,300_400,0,18,0.0001,3.4549150281252636e-05,5.703424453735352,7.07666015625,1.3732357025146484,0.15538090467453003,0.32103991508483887,0.005441354587674141,0.015719467774033546,False
RN50__attnpool,300_400,0,19,0.0001,2.966316784621e-05,5.67844295501709,7.075085639953613,1.3966426849365234,0.15779927372932434,0.3234582841396332,0.005441354587674141,0.015719467774033546,False
RN50__attnpool,300_400,0,20,0.0001,2.5000000000000015e-05,5.657005310058594,7.0740509033203125,1.4170455932617188,0.1638452261686325,0.3307134211063385,0.004836759530007839,0.015719467774033546,False
RN50__attnpool,300_400,0,21,0.0001,2.0610737385376352e-05,5.639723777770996,7.0735273361206055,1.4338035583496094,0.17110036313533783,0.33736398816108704,0.005441354587674141,0.014510278590023518,True
RN50__attnpool,300_400,0,22,0.0001,1.654346968205711e-05,5.626349449157715,7.072938919067383,1.446589469909668,0.1747279316186905,0.34461912512779236,0.005441354587674141,0.01511487364768982,True
RN50__attnpool,300_400,0,23,0.0001,1.2842758726130304e-05,5.615056991577148,7.072836875915527,1.457779884338379,0.17896009981632233,0.348246693611145,0.005441354587674141,0.016324063763022423,True
RN50__attnpool,300_400,0,24,0.0001,9.549150281252636e-06,5.606801509857178,7.073472023010254,1.4666705131530762,0.17896009981632233,0.35247886180877686,0.005441354587674141,0.015719467774033546,False
RN50__attnpool,300_400,0,25,0.0001,6.698729810778068e-06,5.600121021270752,7.072809219360352,1.4726881980895996,0.18077388405799866,0.354292631149292,0.004836759530007839,0.014510278590023518,True
RN50__attnpool,300_400,0,26,0.0001,4.322727117869953e-06,5.595747947692871,7.072559833526611,1.4768118858337402,0.18137848377227783,0.3561064302921295,0.004836759530007839,0.01511487364768982,True
RN50__attnpool,300_400,0,27,0.0001,2.447174185242324e-06,5.592862129211426,7.072610855102539,1.4797487258911133,0.18016929924488068,0.3561064302921295,0.004836759530007839,0.01511487364768982,False
RN50__attnpool,300_400,0,28,0.0001,1.092619963309716e-06,5.591224670410156,7.072623252868652,1.481398582458496,0.18077388405799866,0.3573155999183655,0.004836759530007839,0.015719467774033546,False
RN50__attnpool,300_400,0,29,0.0001,2.7390523158633003e-07,5.590590953826904,7.0725932121276855,1.4820022583007812,0.18077388405799866,0.3561064302921295,0.004836759530007839,0.01511487364768982,False
RN50__attnpool,300_400,0,30,0.0001,0.0,5.5904130935668945,7.072587013244629,1.4821739196777344,0.18077388405799866,0.3561064302921295,0.004836759530007839,0.01511487364768982,False
RN50__attnpool,300_400,1,1,0.001,0.0009972609476841367,6.645508766174316,7.157845973968506,0.5123372077941895,0.05804111436009407,0.1197097972035408,0.0036275696475058794,0.019951632246375084,True
RN50__attnpool,300_400,1,2,0.001,0.0009890738003669028,6.073935031890869,7.072866439819336,0.9989314079284668,0.10822249203920364,0.23579202592372894,0.005441354587674141,0.01874244399368763,True
RN50__attnpool,300_400,1,3,0.001,0.0009755282581475768,5.7459611892700195,7.053680896759033,1.3077197074890137,0.161426842212677,0.32708585262298584,0.006650544237345457,0.019951632246375084,True
RN50__attnpool,300_400,1,4,0.001,0.0009567727288213003,5.47720193862915,7.051372528076172,1.5741705894470215,0.21765418350696564,0.3960096836090088,0.0042321644723415375,0.02237001247704029,True
RN50__attnpool,300_400,1,5,0.001,0.0009330127018922195,5.247826099395752,7.057532787322998,1.809706687927246,0.2781136631965637,0.48488515615463257,0.0042321644723415375,0.021160822361707687,False
RN50__attnpool,300_400,1,6,0.001,0.0009045084971874739,5.041749000549316,7.068586826324463,2.0268378257751465,0.34280532598495483,0.5483676195144653,0.006650544237345457,0.021160822361707687,False
RN50__attnpool,300_400,1,7,0.001,0.0008715724127386972,4.853277683258057,7.097447395324707,2.2441697120666504,0.3960096836090088,0.6112455129623413,0.0036275696475058794,0.018137848004698753,False
RN50__attnpool,300_400,1,8,0.001,0.0008345653031794292,4.643599987030029,7.114413738250732,2.470813751220703,0.4582829773426056,0.6704958081245422,0.0030229748226702213,0.01692865788936615,False
RN50__attnpool,300_400,1,9,0.001,0.0007938926261462366,4.4587225914001465,7.126148223876953,2.6674256324768066,0.5187424421310425,0.7291414737701416,0.005441354587674141,0.019951632246375084,False
RN50__attnpool,300_400,1,10,0.001,0.00075,4.27888298034668,7.159237384796143,2.880354404449463,0.5513905882835388,0.7666263580322266,0.0042321644723415375,0.018137848004698753,False
RN50__attnpool,300_400,1,11,0.001,0.0007033683215379003,4.068341255187988,7.194253444671631,3.1259121894836426,0.6251511573791504,0.8186215758323669,0.0036275696475058794,0.013301088474690914,False
RN50__attnpool,300_400,1,12,0.001,0.0006545084971874739,3.873962879180908,7.220128536224365,3.346165657043457,0.680773913860321,0.8609431982040405,0.0036275696475058794,0.01692865788936615,False
RN50__attnpool,300_400,1,1,0.0001,9.972609476841367e-05,7.243528366088867,7.381393909454346,0.13786554336547852,0.0024183797650039196,0.011487304233014584,0.0024183797650039196,0.009673519060015678,True
RN50__attnpool,300_400,1,2,0.0001,9.890738003669029e-05,7.026773452758789,7.2938690185546875,0.26709556579589844,0.006045949645340443,0.02660217694938183,0.004836759530007839,0.009673519060015678,True
RN50__attnpool,300_400,1,3,0.0001,9.755282581475769e-05,6.840804100036621,7.238446235656738,0.3976421356201172,0.015719467774033546,0.05320435389876366,0.0018137848237529397,0.009673519060015678,True
RN50__attnpool,300_400,1,4,0.0001,9.567727288213003e-05,6.683382511138916,7.197912216186523,0.5145297050476074,0.02660217694938183,0.07496977597475052,0.0018137848237529397,0.016324063763022423,True
RN50__attnpool,300_400,1,5,0.0001,9.330127018922194e-05,6.544737815856934,7.169530868530273,0.6247930526733398,0.03567110002040863,0.1039903312921524,0.0036275696475058794,0.018137848004698753,True
RN50__attnpool,300_400,1,6,0.0001,9.045084971874738e-05,6.425522804260254,7.146258354187012,0.7207355499267578,0.04353083670139313,0.1330108940601349,0.0042321644723415375,0.019951632246375084,True
RN50__attnpool,300_400,1,7,0.0001,8.715724127386972e-05,6.323051452636719,7.128992080688477,0.8059406280517578,0.05864571034908295,0.16082225739955902,0.006650544237345457,0.01874244399368763,True
RN50__attnpool,300_400,1,8,0.0001,8.345653031794292e-05,6.233241081237793,7.117148399353027,0.8839073181152344,0.07073760777711868,0.17896009981632233,0.006045949645340443,0.019951632246375084,True
RN50__attnpool,300_400,1,9,0.0001,7.938926261462366e-05,6.151683807373047,7.105860710144043,0.9541769027709961,0.08041112869977951,0.19951632618904114,0.006045949645340443,0.021765418350696564,True
RN50__attnpool,300_400,1,10,0.0001,7.500000000000001e-05,6.0792341232299805,7.097370147705078,1.0181360244750977,0.09310761839151382,0.2212817519903183,0.004836759530007839,0.021160822361707687,True
RN50__attnpool,300_400,1,11,0.0001,7.033683215379003e-05,6.01554012298584,7.089871406555176,1.074331283569336,0.1015719473361969,0.23639662563800812,0.005441354587674141,0.021765418350696564,True
RN50__attnpool,300_400,1,12,0.0001,6.545084971874738e-05,5.958460330963135,7.082639694213867,1.1241793632507324,0.11245466023683548,0.24909311532974243,0.004836759530007839,0.021160822361707687,True
RN50__attnpool,300_400,1,13,0.0001,6.039558454088797e-05,5.90609073638916,7.079992771148682,1.1739020347595215,0.11789601296186447,0.2623941898345947,0.004836759530007839,0.021765418350696564,True
RN50__attnpool,300_400,1,14,0.0001,5.522642316338269e-05,5.859582901000977,7.077868461608887,1.2182855606079102,0.13119709491729736,0.2726723253726959,0.005441354587674141,0.021765418350696564,True
RN50__attnpool,300_400,1,15,0.0001,5.000000000000002e-05,5.814788341522217,7.073406219482422,1.258617877960205,0.13845224678516388,0.2859733998775482,0.0042321644723415375,0.021765418350696564,True
RN50__attnpool,300_400,1,16,0.0001,4.4773576836617344e-05,5.778843879699707,7.071794509887695,1.2929506301879883,0.14631196856498718,0.2974607050418854,0.0042321644723415375,0.021160822361707687,True
RN50__attnpool,300_400,1,17,0.0001,3.9604415459112035e-05,5.745168685913086,7.070487976074219,1.3253192901611328,0.1481257677078247,0.3125755786895752,0.005441354587674141,0.02055622823536396,True
RN50__attnpool,300_400,1,18,0.0001,3.4549150281252636e-05,5.718092441558838,7.068499565124512,1.3504071235656738,0.1535671204328537,0.32406288385391235,0.004836759530007839,0.021160822361707687,True
RN50__attnpool,300_400,1,19,0.0001,2.966316784621e-05,5.6934332847595215,7.069000720977783,1.3755674362182617,0.16021765768527985,0.3301088511943817,0.0042321644723415375,0.019347038120031357,False
RN50__attnpool,300_400,1,20,0.0001,2.5000000000000015e-05,5.674309253692627,7.0700907707214355,1.3957815170288086,0.16565901041030884,0.33494558930397034,0.0042321644723415375,0.02055622823536396,False
RN50__attnpool,300_400,1,21,0.0001,2.0610737385376352e-05,5.656040191650391,7.067529201507568,1.4114890098571777,0.1668682098388672,0.3403869569301605,0.0036275696475058794,0.02055622823536396,True
RN50__attnpool,300_400,1,22,0.0001,1.654346968205711e-05,5.6413116455078125,7.067738056182861,1.4264264106750488,0.16747279465198517,0.34461912512779236,0.0042321644723415375,0.019951632246375084,False
RN50__attnpool,300_400,1,23,0.0001,1.2842758726130304e-05,5.630485534667969,7.067599296569824,1.4371137619018555,0.17291414737701416,0.35006046295166016,0.0042321644723415375,0.019951632246375084,False
RN50__attnpool,300_400,1,24,0.0001,9.549150281252636e-06,5.622248649597168,7.066799163818359,1.4445505142211914,0.17049577832221985,0.34764209389686584,0.0036275696475058794,0.02055622823536396,True
RN50__attnpool,300_400,1,25,0.0001,6.698729810778068e-06,5.615439414978027,7.067056655883789,1.4516172409057617,0.17291414737701416,0.35006046295166016,0.0036275696475058794,0.021160822361707687,False
RN50__attnpool,300_400,1,26,0.0001,4.322727117869953e-06,5.610860824584961,7.0671491622924805,1.4562883377075195,0.17593713104724884,0.349455863237381,0.0036275696475058794,0.02055622823536396,False
RN50__attnpool,300_400,1,27,0.0001,2.447174185242324e-06,5.6083784103393555,7.067022323608398,1.458643913269043,0.17533253133296967,0.349455863237381,0.0030229748226702213,0.02055622823536396,False
RN50__attnpool,300_400,1,28,0.0001,1.092619963309716e-06,5.60688591003418,7.067134380340576,1.4602484703063965,0.17593713104724884,0.35066506266593933,0.0030229748226702213,0.02055622823536396,False
RN50__attnpool,300_400,1,29,0.0001,2.7390523158633003e-07,5.606091022491455,7.06716251373291,1.461071491241455,0.17593713104724884,0.3512696623802185,0.0030229748226702213,0.02055622823536396,False
RN50__attnpool,300_400,1,30,0.0001,0.0,5.6059112548828125,7.067165851593018,1.461254596710205,0.17593713104724884,0.35066506266593933,0.0030229748226702213,0.02055622823536396,False
RN50__attnpool,500_600,0,1,0.001,0.0009972609476841367,7.145322799682617,7.426443099975586,0.28112030029296875,0.02660217694938183,0.06408706307411194,0.0006045949412509799,0.0030229748226702213,True
RN50__attnpool,500_600,0,2,0.001,0.0009890738003669028,6.651033401489258,7.494431495666504,0.8433980941772461,0.06590084731578827,0.14933495223522186,0.0018137848237529397,0.0042321644723415375,False
RN50__attnpool,500_600,0,3,0.001,0.0009755282581475768,6.340979099273682,7.51704216003418,1.176063060760498,0.1197097972035408,0.24848851561546326,0.0006045949412509799,0.0030229748226702213,False
RN50__attnpool,500_600,0,4,0.001,0.0009567727288213003,6.088947296142578,7.538433074951172,1.4494857788085938,0.16989117860794067,0.32164451479911804,0.0006045949412509799,0.0036275696475058794,False
RN50__attnpool,500_600,0,5,0.001,0.0009330127018922195,5.842254638671875,7.561823844909668,1.719569206237793,0.22551392018795013,0.40205562114715576,0.0012091898825019598,0.0024183797650039196,False
RN50__attnpool,500_600,0,6,0.001,0.0009045084971874739,5.595848083496094,7.583183288574219,1.987335205078125,0.29262393712997437,0.4915356934070587,0.0006045949412509799,0.0018137848237529397,False
RN50__attnpool,500_600,0,7,0.001,0.0008715724127386972,5.364253044128418,7.621817588806152,2.2575645446777344,0.37847644090652466,0.5659008622169495,0.0006045949412509799,0.0018137848237529397,False
RN50__attnpool,500_600,0,8,0.001,0.0008345653031794292,5.127311706542969,7.663792133331299,2.53648042678833,0.43107619881629944,0.6342200636863708,0.0018137848237529397,0.005441354587674141,False
RN50__attnpool,500_600,0,9,0.001,0.0007938926261462366,4.902764320373535,7.696467399597168,2.793703079223633,0.5054413676261902,0.6916565895080566,0.0006045949412509799,0.0012091898825019598,False
RN50__attnpool,500_600,0,1,0.0001,9.972609476841367e-05,7.360230445861816,7.513101577758789,0.15287113189697266,0.0024183797650039196,0.007859733887016773,0.0006045949412509799,0.005441354587674141,True
RN50__attnpool,500_600,0,2,0.0001,9.890738003669029e-05,7.222027778625488,7.491311073303223,0.2692832946777344,0.006045949645340443,0.016324063763022423,0.0006045949412509799,0.004836759530007839,True
RN50__attnpool,500_600,0,3,0.0001,9.755282581475769e-05,7.102998733520508,7.487196445465088,0.3841977119445801,0.010882709175348282,0.0338573157787323,0.0006045949412509799,0.006650544237345457,True
RN50__attnpool,500_600,0,4,0.0001,9.567727288213003e-05,6.994573593139648,7.492581367492676,0.49800777435302734,0.01692865788936615,0.051390569657087326,0.0006045949412509799,0.006045949645340443,False
RN50__attnpool,500_600,0,5,0.0001,9.330127018922194e-05,6.895567893981934,7.49815559387207,0.6025876998901367,0.02418379858136177,0.06711003929376602,0.0006045949412509799,0.005441354587674141,False
RN50__attnpool,500_600,0,6,0.0001,9.045084971874738e-05,6.806577205657959,7.504544258117676,0.6979670524597168,0.027206772938370705,0.08282950520515442,0.0012091898825019598,0.004836759530007839,False
RN50__attnpool,500_600,0,7,0.0001,8.715724127386972e-05,6.7259416580200195,7.510783672332764,0.7848420143127441,0.03688029199838638,0.09975816309452057,0.0018137848237529397,0.0042321644723415375,False
RN50__attnpool,500_600,0,8,0.0001,8.345653031794292e-05,6.657770156860352,7.517641544342041,0.8598713874816895,0.04534462094306946,0.10761789977550507,0.0012091898825019598,0.0036275696475058794,False
RN50__attnpool,500_600,0,9,0.0001,7.938926261462366e-05,6.594885349273682,7.525362968444824,0.9304776191711426,0.04836759716272354,0.12091898918151855,0.0012091898825019598,0.0030229748226702213,False
RN50__attnpool,500_600,0,10,0.0001,7.500000000000001e-05,6.533360004425049,7.530613899230957,0.9972538948059082,0.05622733011841774,0.13361547887325287,0.0018137848237529397,0.0030229748226702213,False
RN50__attnpool,500_600,0,11,0.0001,7.033683215379003e-05,6.478663444519043,7.53297758102417,1.054314136505127,0.06529625505208969,0.15054413676261902,0.0018137848237529397,0.0024183797650039196,False
RN50__attnpool,500_600,1,1,0.001,0.0009972609476841367,7.142711639404297,7.422776699066162,0.28006505966186523,0.02418379858136177,0.06469165533781052,0.0024183797650039196,0.006045949645340443,True
RN50__attnpool,500_600,1,2,0.001,0.0009890738003669028,6.622344017028809,7.50203800201416,0.8796939849853516,0.0701330155134201,0.15477630496025085,0.0012091898825019598,0.0030229748226702213,False
RN50__attnpool,500_600,1,3,0.001,0.0009755282581475768,6.3388519287109375,7.523979187011719,1.1851272583007812,0.11003627628087997,0.22853688895702362,0.0006045949412509799,0.004836759530007839,False
RN50__attnpool,500_600,1,4,0.001,0.0009567727288213003,6.0755720138549805,7.530348777770996,1.4547767639160156,0.16868199408054352,0.3155985474586487,0.0006045949412509799,0.005441354587674141,False
RN50__attnpool,500_600,1,5,0.001,0.0009330127018922195,5.835815906524658,7.550936698913574,1.715120792388916,0.2315598577260971,0.40447402000427246,0.0012091898825019598,0.0024183797650039196,False
RN50__attnpool,500_600,1,6,0.001,0.0009045084971874739,5.603037357330322,7.5750861167907715,1.9720487594604492,0.29806530475616455,0.49032649397850037,0.0,0.0036275696475058794,False
RN50__attnpool,500_600,1,7,0.001,0.0008715724127386972,5.3661346435546875,7.6021270751953125,2.235992431640625,0.35792019963264465,0.5604594945907593,0.0,0.0036275696475058794,False
RN50__attnpool,500_600,1,8,0.001,0.0008345653031794292,5.133997917175293,7.6447553634643555,2.5107574462890625,0.41233375668525696,0.6251511573791504,0.0006045949412509799,0.0036275696475058794,False
RN50__attnpool,500_600,1,9,0.001,0.0007938926261462366,4.8890581130981445,7.664784908294678,2.775726795196533,0.4945586621761322,0.6952841877937317,0.0,0.0036275696475058794,False
RN50__attnpool,500_600,1,1,0.0001,9.972609476841367e-05,7.338836669921875,7.520347595214844,0.18151092529296875,0.0018137848237529397,0.007859733887016773,0.0018137848237529397,0.007859733887016773,True
RN50__attnpool,500_600,1,2,0.0001,9.890738003669029e-05,7.195254325866699,7.495089530944824,0.299835205078125,0.004836759530007839,0.01692865788936615,0.0018137848237529397,0.005441354587674141,True
RN50__attnpool,500_600,1,3,0.0001,9.755282581475769e-05,7.077542304992676,7.495038986206055,0.4174966812133789,0.006045949645340443,0.027206772938370705,0.0018137848237529397,0.004836759530007839,True
RN50__attnpool,500_600,1,4,0.0001,9.567727288213003e-05,6.9697113037109375,7.499027252197266,0.5293159484863281,0.013905683532357216,0.04897218942642212,0.0012091898825019598,0.0030229748226702213,False
RN50__attnpool,500_600,1,5,0.0001,9.330127018922194e-05,6.86884880065918,7.504697799682617,0.6358489990234375,0.021160822361707687,0.06831923127174377,0.0012091898825019598,0.0030229748226702213,False
RN50__attnpool,500_600,1,6,0.0001,9.045084971874738e-05,6.781383037567139,7.509227752685547,0.7278447151184082,0.032648127526044846,0.08887545764446259,0.0006045949412509799,0.0030229748226702213,False
RN50__attnpool,500_600,1,7,0.0001,8.715724127386972e-05,6.702713966369629,7.513763427734375,0.8110494613647461,0.03627569600939751,0.10519952327013016,0.0006045949412509799,0.0024183797650039196,False
RN50__attnpool,500_600,1,8,0.0001,8.345653031794292e-05,6.633305549621582,7.5194091796875,0.886103630065918,0.042321644723415375,0.12031439691781998,0.0006045949412509799,0.0024183797650039196,False
RN50__attnpool,500_600,1,9,0.0001,7.938926261462366e-05,6.569713115692139,7.523443222045898,0.9537301063537598,0.051390569657087326,0.1324062943458557,0.0006045949412509799,0.0024183797650039196,False
RN50__attnpool,500_600,1,10,0.0001,7.500000000000001e-05,6.511480331420898,7.52743673324585,1.0159564018249512,0.05864571034908295,0.15477630496025085,0.0006045949412509799,0.0024183797650039196,False
RN50__attnpool,500_600,1,11,0.0001,7.033683215379003e-05,6.455877304077148,7.532397747039795,1.0765204429626465,0.07134220004081726,0.1668682098388672,0.0006045949412509799,0.0024183797650039196,False
ViT-B-16__block2,100_200,0,1,0.001,0.0009972609476841367,6.339574813842773,6.742069244384766,0.4024944305419922,0.038694076240062714,0.10822249203920364,0.008464328944683075,0.03929867222905159,True
ViT-B-16__block2,100_200,0,2,0.001,0.0009890738003669028,5.828294277191162,6.566462516784668,0.7381682395935059,0.08464328944683075,0.19165658950805664,0.010882709175348282,0.0417170524597168,True
ViT-B-16__block2,100_200,0,3,0.001,0.0009755282581475768,5.506853103637695,6.505241394042969,0.9983882904052734,0.11850060522556305,0.2581620514392853,0.017533253878355026,0.0519951656460762,True
ViT-B-16__block2,100_200,0,4,0.001,0.0009567727288213003,5.279597282409668,6.459702491760254,1.180105209350586,0.14510278403759003,0.31680774688720703,0.012696493417024612,0.057436518371105194,True
ViT-B-16__block2,100_200,0,5,0.001,0.0009330127018922195,5.039150238037109,6.431436061859131,1.3922858238220215,0.19226118922233582,0.3742442727088928,0.014510278590023518,0.06408706307411194,True
ViT-B-16__block2,100_200,0,6,0.001,0.0009045084971874739,4.822110176086426,6.447673797607422,1.625563621520996,0.21946796774864197,0.4195888936519623,0.01874244399368763,0.057436518371105194,False
ViT-B-16__block2,100_200,0,7,0.001,0.0008715724127386972,4.615246772766113,6.42889404296875,1.8136472702026367,0.2557436525821686,0.48065298795700073,0.02055622823536396,0.06711003929376602,True
ViT-B-16__block2,100_200,0,8,0.001,0.0008345653031794292,4.383692741394043,6.466278553009033,2.0825858116149902,0.29020556807518005,0.5453446507453918,0.019347038120031357,0.06711003929376602,False
ViT-B-16__block2,100_200,0,9,0.001,0.0007938926261462366,4.141114234924316,6.493753433227539,2.3526391983032227,0.349455863237381,0.6027811765670776,0.017533253878355026,0.0677146315574646,False
ViT-B-16__block2,100_200,0,10,0.001,0.00075,3.8632402420043945,6.56620979309082,2.702969551086426,0.41535672545433044,0.6886336207389832,0.01874244399368763,0.06529625505208969,False
ViT-B-16__block2,100_200,0,11,0.001,0.0007033683215379003,3.582919120788574,6.639062881469727,3.0561437606811523,0.4794437885284424,0.743651807308197,0.019347038120031357,0.06045949459075928,False
ViT-B-16__block2,100_200,0,12,0.001,0.0006545084971874739,3.331998586654663,6.716823577880859,3.3848249912261963,0.5386940836906433,0.7968561053276062,0.015719467774033546,0.05622733011841774,False
ViT-B-16__block2,100_200,0,13,0.001,0.0006039558454088797,3.0762534141540527,6.79838752746582,3.7221341133117676,0.6058041453361511,0.854292631149292,0.018137848004698753,0.055622734129428864,False
ViT-B-16__block2,100_200,0,14,0.001,0.0005522642316338269,2.8612446784973145,6.846774101257324,3.9855294227600098,0.65538090467453,0.8960096836090088,0.01511487364768982,0.059250302612781525,False
ViT-B-16__block2,100_200,0,15,0.001,0.0005000000000000002,2.6558661460876465,6.943756103515625,4.2878899574279785,0.7176541686058044,0.9244256615638733,0.013905683532357216,0.04836759716272354,False
ViT-B-16__block2,100_200,0,1,0.0001,9.972609476841367e-05,7.050541400909424,7.139264106750488,0.08872270584106445,0.006045949645340443,0.015719467774033546,0.0024183797650039196,0.01027811411768198,True
ViT-B-16__block2,100_200,0,2,0.0001,9.890738003669029e-05,6.802738666534424,6.982644557952881,0.17990589141845703,0.012091899290680885,0.034461911767721176,0.0024183797650039196,0.017533253878355026,True
ViT-B-16__block2,100_200,0,3,0.0001,9.755282581475769e-05,6.616726875305176,6.883497714996338,0.2667708396911621,0.01692865788936615,0.059250302612781525,0.0024183797650039196,0.021765418350696564,True
ViT-B-16__block2,100_200,0,4,0.0001,9.567727288213003e-05,6.458451271057129,6.804560661315918,0.34610939025878906,0.025392986834049225,0.08222491294145584,0.005441354587674141,0.0259975828230381,True
ViT-B-16__block2,100_200,0,5,0.0001,9.330127018922194e-05,6.321523666381836,6.7428202629089355,0.4212965965270996,0.029625151306390762,0.10217654705047607,0.006045949645340443,0.029020557180047035,True
ViT-B-16__block2,100_200,0,6,0.0001,9.045084971874738e-05,6.201268196105957,6.696676731109619,0.4954085350036621,0.03990326449275017,0.12575574219226837,0.009068924002349377,0.032648127526044846,True
ViT-B-16__block2,100_200,0,7,0.0001,8.715724127386972e-05,6.101088523864746,6.658517837524414,0.557429313659668,0.05259976163506508,0.1378476470708847,0.008464328944683075,0.03567110002040863,True
ViT-B-16__block2,100_200,0,8,0.0001,8.345653031794292e-05,6.00490665435791,6.618868827819824,0.6139621734619141,0.06045949459075928,0.15477630496025085,0.008464328944683075,0.040507860481739044,True
ViT-B-16__block2,100_200,0,9,0.0001,7.938926261462366e-05,5.920365810394287,6.586277961730957,0.6659121513366699,0.06952841579914093,0.16807739436626434,0.007859733887016773,0.04292624071240425,True
ViT-B-16__block2,100_200,0,10,0.0001,7.500000000000001e-05,5.844081878662109,6.5643510818481445,0.7202692031860352,0.07920193672180176,0.18561065196990967,0.009673519060015678,0.04292624071240425,True
ViT-B-16__block2,100_200,0,11,0.0001,7.033683215379003e-05,5.779114246368408,6.546460151672363,0.7673459053039551,0.08464328944683075,0.19891174137592316,0.009068924002349377,0.047763001173734665,True
ViT-B-16__block2,100_200,0,12,0.0001,6.545084971874738e-05,5.719667434692383,6.531484127044678,0.8118166923522949,0.09189843386411667,0.21463119983673096,0.01027811411768198,0.051390569657087326,True
ViT-B-16__block2,100_200,0,13,0.0001,6.039558454088797e-05,5.66824197769165,6.514364719390869,0.8461227416992188,0.093712218105793,0.22490932047367096,0.011487304233014584,0.049576785415410995,True
ViT-B-16__block2,100_200,0,14,0.0001,5.522642316338269e-05,5.623516082763672,6.498505115509033,0.8749890327453613,0.09915357083082199,0.2394195944070816,0.012696493417024612,0.05441354587674141,True
ViT-B-16__block2,100_200,0,15,0.0001,5.000000000000002e-05,5.583235740661621,6.4918060302734375,0.9085702896118164,0.09915357083082199,0.2472793310880661,0.011487304233014584,0.0519951656460762,True
ViT-B-16__block2,100_200,0,16,0.0001,4.4773576836617344e-05,5.5463714599609375,6.47993278503418,0.9335613250732422,0.10640870779752731,0.2527206838130951,0.012091899290680885,0.05380894988775253,True
ViT-B-16__block2,100_200,0,17,0.0001,3.9604415459112035e-05,5.5165252685546875,6.476670265197754,0.9601449966430664,0.1118500605225563,0.25937122106552124,0.012091899290680885,0.05441354587674141,True
ViT-B-16__block2,100_200,0,18,0.0001,3.4549150281252636e-05,5.493374824523926,6.467952251434326,0.9745774269104004,0.11305925250053406,0.2654171884059906,0.012696493417024612,0.05441354587674141,True
ViT-B-16__block2,100_200,0,19,0.0001,2.966316784621e-05,5.466132164001465,6.46640682220459,1.000274658203125,0.11608222872018814,0.27206772565841675,0.01511487364768982,0.05441354587674141,True
ViT-B-16__block2,100_200,0,20,0.0001,2.5000000000000015e-05,5.449274063110352,6.462896347045898,1.0136222839355469,0.11789601296186447,0.2805320620536804,0.014510278590023518,0.057436518371105194,True
ViT-B-16__block2,100_200,0,21,0.0001,2.0610737385376352e-05,5.433835029602051,6.4574079513549805,1.0235729217529297,0.12091898918151855,0.27992746233940125,0.013301088474690914,0.059250302612781525,True
ViT-B-16__block2,100_200,0,22,0.0001,1.654346968205711e-05,5.422242641448975,6.456242561340332,1.0339999198913574,0.11850060522556305,0.2835550308227539,0.014510278590023518,0.055622734129428864,True
ViT-B-16__block2,100_200,0,23,0.0001,1.2842758726130304e-05,5.411820411682129,6.454487323760986,1.0426669120788574,0.12152358144521713,0.2817412316799164,0.013905683532357216,0.06045949459075928,True
ViT-B-16__block2,100_200,0,24,0.0001,9.549150281252636e-06,5.404528617858887,6.453287124633789,1.0487585067749023,0.12333736568689346,0.28476423025131226,0.013905683532357216,0.057436518371105194,True
ViT-B-16__block2,100_200,0,25,0.0001,6.698729810778068e-06,5.39922571182251,6.451620101928711,1.0523943901062012,0.1251511573791504,0.28234583139419556,0.013301088474690914,0.055622734129428864,True
ViT-B-16__block2,100_200,0,26,0.0001,4.322727117869953e-06,5.394857406616211,6.450206279754639,1.0553488731384277,0.12454655766487122,0.2841596305370331,0.014510278590023518,0.05804111436009407,True
ViT-B-16__block2,100_200,0,27,0.0001,2.447174185242324e-06,5.391813278198242,6.449589729309082,1.0577764511108398,0.12696494162082672,0.28718259930610657,0.014510278590023518,0.056831926107406616,True
ViT-B-16__block2,100_200,0,28,0.0001,1.092619963309716e-06,5.390451431274414,6.449344635009766,1.0588932037353516,0.12877872586250305,0.2859733998775482,0.01511487364768982,0.056831926107406616,True
ViT-B-16__block2,100_200,0,29,0.0001,2.7390523158633003e-07,5.38979434967041,6.449339866638184,1.0595455169677734,0.1275695264339447,0.2859733998775482,0.01511487364768982,0.056831926107406616,True
ViT-B-16__block2,100_200,0,30,0.0001,0.0,5.389623641967773,6.4492950439453125,1.059671401977539,0.1275695264339447,0.2859733998775482,0.01511487364768982,0.056831926107406616,True
ViT-B-16__block2,100_200,1,1,0.001,0.0009972609476841367,6.3328938484191895,6.754532337188721,0.42163848876953125,0.038694076240062714,0.10701330751180649,0.007859733887016773,0.03143893554806709,True
ViT-B-16__block2,100_200,1,2,0.001,0.0009890738003669028,5.833666801452637,6.605600357055664,0.7719335556030273,0.0755743682384491,0.18379686772823334,0.012091899290680885,0.04655380919575691,True
ViT-B-16__block2,100_200,1,3,0.001,0.0009755282581475768,5.497167587280273,6.538210868835449,1.0410432815551758,0.11003627628087997,0.24546554684638977,0.010882709175348282,0.06529625505208969,True
ViT-B-16__block2,100_200,1,4,0.001,0.0009567727288213003,5.246792793273926,6.5040435791015625,1.2572507858276367,0.13724304735660553,0.3222491145133972,0.011487304233014584,0.06287787109613419,True
ViT-B-16__block2,100_200,1,5,0.001,0.0009330127018922195,5.021570205688477,6.491941928863525,1.4703717231750488,0.1795646995306015,0.37363967299461365,0.016324063763022423,0.06590084731578827,True
ViT-B-16__block2,100_200,1,6,0.001,0.0009045084971874739,4.821320533752441,6.4999165534973145,1.678596019744873,0.21160823106765747,0.4292623996734619,0.01692865788936615,0.06469165533781052,False
ViT-B-16__block2,100_200,1,7,0.001,0.0008715724127386972,4.600528717041016,6.506070613861084,1.9055418968200684,0.2545344829559326,0.48246675729751587,0.01511487364768982,0.06952841579914093,False
ViT-B-16__block2,100_200,1,8,0.001,0.0008345653031794292,4.359385967254639,6.559266090393066,2.1998801231384277,0.3095526099205017,0.5489721894264221,0.01874244399368763,0.06529625505208969,False
ViT-B-16__block2,100_200,1,9,0.001,0.0007938926261462366,4.107399940490723,6.575584411621094,2.468184471130371,0.36094316840171814,0.623941957950592,0.018137848004698753,0.06408706307411194,False
ViT-B-16__block2,100_200,1,10,0.001,0.00075,3.850740909576416,6.62217903137207,2.7714381217956543,0.42261186242103577,0.6825876832008362,0.011487304233014584,0.06469165533781052,False
ViT-B-16__block2,100_200,1,11,0.001,0.0007033683215379003,3.5989861488342285,6.723724365234375,3.1247382164001465,0.4927448630332947,0.7376058101654053,0.015719467774033546,0.057436518371105194,False
ViT-B-16__block2,100_200,1,12,0.001,0.0006545084971874739,3.316429853439331,6.787966728210449,3.471536874771118,0.5604594945907593,0.801088273525238,0.012696493417024612,0.05864571034908295,False
ViT-B-16__block2,100_200,1,13,0.001,0.0006039558454088797,3.0663161277770996,6.866832733154297,3.8005166053771973,0.6142684817314148,0.8440145254135132,0.014510278590023518,0.059250302612781525,False
ViT-B-16__block2,100_200,1,1,0.0001,9.972609476841367e-05,7.023510932922363,7.124157905578613,0.10064697265625,0.0036275696475058794,0.02418379858136177,0.006045949645340443,0.02237001247704029,True
ViT-B-16__block2,100_200,1,2,0.0001,9.890738003669029e-05,6.785192489624023,6.977927207946777,0.1927347183227539,0.011487304233014584,0.04111245647072792,0.009673519060015678,0.025392986834049225,True
ViT-B-16__block2,100_200,1,3,0.0001,9.755282581475769e-05,6.603940486907959,6.884481430053711,0.28054094314575195,0.016324063763022423,0.06469165533781052,0.008464328944683075,0.027811367064714432,True
ViT-B-16__block2,100_200,1,4,0.0001,9.567727288213003e-05,6.4516496658325195,6.815751552581787,0.3641018867492676,0.02418379858136177,0.08403869718313217,0.007859733887016773,0.03022974729537964,True
ViT-B-16__block2,100_200,1,5,0.0001,9.330127018922194e-05,6.315436363220215,6.758111000061035,0.4426746368408203,0.03325272351503372,0.09854897856712341,0.007859733887016773,0.03506650775671005,True
ViT-B-16__block2,100_200,1,6,0.0001,9.045084971874738e-05,6.200821876525879,6.712345123291016,0.5115232467651367,0.04111245647072792,0.12273277342319489,0.009068924002349377,0.03748488798737526,True
ViT-B-16__block2,100_200,1,7,0.0001,8.715724127386972e-05,6.09316349029541,6.677818298339844,0.5846548080444336,0.047763001173734665,0.1354292631149292,0.009673519060015678,0.044135428965091705,True
ViT-B-16__block2,100_200,1,8,0.0001,8.345653031794292e-05,6.00002384185791,6.646038055419922,0.6460142135620117,0.059250302612781525,0.15235792100429535,0.012091899290680885,0.04836759716272354,True
ViT-B-16__block2,100_200,1,9,0.0001,7.938926261462366e-05,5.918520927429199,6.618955612182617,0.700434684753418,0.06650544703006744,0.16324064135551453,0.012091899290680885,0.04715840518474579,True
ViT-B-16__block2,100_200,1,10,0.0001,7.500000000000001e-05,5.844642639160156,6.599328517913818,0.7546858787536621,0.0755743682384491,0.177146315574646,0.012696493417024612,0.04655380919575691,True
ViT-B-16__block2,100_200,1,11,0.0001,7.033683215379003e-05,5.77916955947876,6.583356857299805,0.8041872978210449,0.0755743682384491,0.19044740498065948,0.013301088474690914,0.04474002495408058,True
ViT-B-16__block2,100_200,1,12,0.0001,6.545084971874738e-05,5.720317840576172,6.562613487243652,0.8422956466674805,0.0834341049194336,0.20435309410095215,0.011487304233014584,0.045949216932058334,True
ViT-B-16__block2,100_200,1,13,0.0001,6.039558454088797e-05,5.667497158050537,6.552361011505127,0.8848638534545898,0.08766626566648483,0.2164449840784073,0.01027811411768198,0.05259976163506508,True
ViT-B-16__block2,100_200,1,14,0.0001,5.522642316338269e-05,5.621744155883789,6.548553466796875,0.9268093109130859,0.09189843386411667,0.23337364196777344,0.012696493417024612,0.05259976163506508,True
ViT-B-16__block2,100_200,1,15,0.0001,5.000000000000002e-05,5.576848983764648,6.534341812133789,0.9574928283691406,0.09310761839151382,0.2339782416820526,0.014510278590023518,0.05501813814043999,True
ViT-B-16__block2,100_200,1,16,0.0001,4.4773576836617344e-05,5.542546272277832,6.527491569519043,0.9849452972412109,0.09431681036949158,0.24546554684638977,0.013301088474690914,0.05441354587674141,True
ViT-B-16__block2,100_200,1,17,0.0001,3.9604415459112035e-05,5.511261940002441,6.5226731300354,1.011411190032959,0.09733978658914566,0.2496977150440216,0.013905683532357216,0.055622734129428864,True
ViT-B-16__block2,100_200,1,18,0.0001,3.4549150281252636e-05,5.485529899597168,6.514914512634277,1.0293846130371094,0.10036276280879974,0.2557436525821686,0.014510278590023518,0.057436518371105194,True
ViT-B-16__block2,100_200,1,19,0.0001,2.966316784621e-05,5.463057994842529,6.512096405029297,1.0490384101867676,0.10338573157787323,0.2654171884059906,0.015719467774033546,0.05804111436009407,True
ViT-B-16__block2,100_200,1,20,0.0001,2.5000000000000015e-05,5.445054054260254,6.510653495788574,1.0655994415283203,0.10640870779752731,0.2684401571750641,0.01511487364768982,0.05804111436009407,True
ViT-B-16__block2,100_200,1,21,0.0001,2.0610737385376352e-05,5.428463935852051,6.506814479827881,1.07835054397583,0.1094316840171814,0.2732769250869751,0.014510278590023518,0.057436518371105194,True
ViT-B-16__block2,100_200,1,22,0.0001,1.654346968205711e-05,5.414896011352539,6.504530906677246,1.089634895324707,0.11245466023683548,0.2738814949989319,0.013301088474690914,0.059250302612781525,True
ViT-B-16__block2,100_200,1,23,0.0001,1.2842758726130304e-05,5.406498908996582,6.502801895141602,1.0963029861450195,0.11305925250053406,0.2781136631965637,0.013905683532357216,0.0598548986017704,True
ViT-B-16__block2,100_200,1,24,0.0001,9.549150281252636e-06,5.396908283233643,6.5011982917785645,1.1042900085449219,0.11305925250053406,0.2859733998775482,0.013905683532357216,0.0598548986017704,True
ViT-B-16__block2,100_200,1,25,0.0001,6.698729810778068e-06,5.391064643859863,6.50100564956665,1.109941005706787,0.1172914206981659,0.2817412316799164,0.013301088474690914,0.0598548986017704,True
ViT-B-16__block2,100_200,1,26,0.0001,4.322727117869953e-06,5.3871049880981445,6.499507427215576,1.1124024391174316,0.11668682098388672,0.2841596305370331,0.013905683532357216,0.0598548986017704,True
ViT-B-16__block2,100_200,1,27,0.0001,2.447174185242324e-06,5.384101390838623,6.499216079711914,1.115114688873291,0.1197097972035408,0.28476423025131226,0.013301088474690914,0.061064090579748154,True
ViT-B-16__block2,100_200,1,28,0.0001,1.092619963309716e-06,5.3828125,6.498913764953613,1.1161012649536133,0.11850060522556305,0.28536880016326904,0.014510278590023518,0.059250302612781525,True
ViT-B-16__block2,100_200,1,29,0.0001,2.7390523158633003e-07,5.382299423217773,6.498892784118652,1.116593360900879,0.1197097972035408,0.2841596305370331,0.013905683532357216,0.059250302612781525,True
ViT-B-16__block2,100_200,1,30,0.0001,0.0,5.382126808166504,6.498845100402832,1.1167182922363281,0.1197097972035408,0.2835550308227539,0.013905683532357216,0.059250302612781525,True
ViT-B-16__block2,300_400,0,1,0.001,0.0009972609476841367,7.001432418823242,7.24034309387207,0.23891067504882812,0.012696493417024612,0.04292624071240425,0.0024183797650039196,0.01027811411768198,True
ViT-B-16__block2,300_400,0,2,0.001,0.0009890738003669028,6.6202263832092285,7.199180603027344,0.5789542198181152,0.03929867222905159,0.09794437885284424,0.0030229748226702213,0.008464328944683075,True
ViT-B-16__block2,300_400,0,3,0.001,0.0009755282581475768,6.372145652770996,7.202807426452637,0.8306617736816406,0.059250302612781525,0.1432889997959137,0.0030229748226702213,0.010882709175348282,False
ViT-B-16__block2,300_400,0,4,0.001,0.0009567727288213003,6.148859024047852,7.232256889343262,1.0833978652954102,0.08706167340278625,0.19347038865089417,0.0024183797650039196,0.015719467774033546,False
ViT-B-16__block2,300_400,0,5,0.001,0.0009330127018922195,5.90401554107666,7.252436637878418,1.3484210968017578,0.12333736568689346,0.25090691447257996,0.0024183797650039196,0.014510278590023518,False
ViT-B-16__block2,300_400,0,6,0.001,0.0009045084971874739,5.643810272216797,7.2969512939453125,1.6531410217285156,0.155985489487648,0.3101572096347809,0.0024183797650039196,0.011487304233014584,False
ViT-B-16__block2,300_400,0,7,0.001,0.0008715724127386972,5.376109600067139,7.37349796295166,1.9973883628845215,0.2007255256175995,0.38573157787323,0.0030229748226702213,0.011487304233014584,False
ViT-B-16__block2,300_400,0,8,0.001,0.0008345653031794292,5.064177513122559,7.449378967285156,2.3852014541625977,0.2623941898345947,0.4552599787712097,0.0024183797650039196,0.006650544237345457,False
ViT-B-16__block2,300_400,0,9,0.001,0.0007938926261462366,4.764556884765625,7.551172733306885,2.7866158485412598,0.2883917987346649,0.5108827352523804,0.0036275696475058794,0.01511487364768982,False
ViT-B-16__block2,300_400,0,10,0.001,0.00075,4.434988021850586,7.663626194000244,3.228638172149658,0.3615477681159973,0.6015719771385193,0.0042321644723415375,0.008464328944683075,False
ViT-B-16__block2,300_400,0,1,0.0001,9.972609476841367e-05,7.2799882888793945,7.362299919128418,0.08231163024902344,0.0018137848237529397,0.009068924002349377,0.0024183797650039196,0.0042321644723415375,True
ViT-B-16__block2,300_400,0,2,0.0001,9.890738003669029e-05,7.146100044250488,7.296353340148926,0.1502532958984375,0.0036275696475058794,0.015719467774033546,0.0024183797650039196,0.007859733887016773,True
ViT-B-16__block2,300_400,0,3,0.0001,9.755282581475769e-05,7.038710117340088,7.260505199432373,0.22179508209228516,0.005441354587674141,0.024788392707705498,0.0024183797650039196,0.007859733887016773,True
ViT-B-16__block2,300_400,0,4,0.0001,9.567727288213003e-05,6.94063663482666,7.242067337036133,0.30143070220947266,0.007255139295011759,0.032648127526044846,0.0018137848237529397,0.009068924002349377,True
ViT-B-16__block2,300_400,0,5,0.0001,9.330127018922194e-05,6.855443000793457,7.226717948913574,0.3712749481201172,0.012091899290680885,0.044135428965091705,0.0024183797650039196,0.007859733887016773,True
ViT-B-16__block2,300_400,0,6,0.0001,9.045084971874738e-05,6.7827253341674805,7.216611385345459,0.4338860511779785,0.01511487364768982,0.05259976163506508,0.0018137848237529397,0.009068924002349377,True
ViT-B-16__block2,300_400,0,7,0.0001,8.715724127386972e-05,6.719788551330566,7.211156845092773,0.49136829376220703,0.01874244399368763,0.06469165533781052,0.0018137848237529397,0.010882709175348282,True
ViT-B-16__block2,300_400,0,8,0.0001,8.345653031794292e-05,6.658489227294922,7.205741882324219,0.5472526550292969,0.022974608466029167,0.07496977597475052,0.0012091898825019598,0.01027811411768198,True
ViT-B-16__block2,300_400,0,9,0.0001,7.938926261462366e-05,6.601822853088379,7.206770896911621,0.6049480438232422,0.025392986834049225,0.07980652898550034,0.0018137848237529397,0.009673519060015678,False
ViT-B-16__block2,300_400,0,10,0.0001,7.500000000000001e-05,6.555306434631348,7.203679084777832,0.6483726501464844,0.027811367064714432,0.09310761839151382,0.0018137848237529397,0.012091899290680885,True
ViT-B-16__block2,300_400,0,11,0.0001,7.033683215379003e-05,6.512287139892578,7.205469608306885,0.6931824684143066,0.030834341421723366,0.10278113931417465,0.0018137848237529397,0.010882709175348282,False
ViT-B-16__block2,300_400,0,12,0.0001,6.545084971874738e-05,6.47157096862793,7.203320503234863,0.7317495346069336,0.03748488798737526,0.11487303674221039,0.0024183797650039196,0.011487304233014584,True
ViT-B-16__block2,300_400,0,13,0.0001,6.039558454088797e-05,6.4399309158325195,7.206050395965576,0.7661194801330566,0.03567110002040863,0.11547763645648956,0.0018137848237529397,0.012696493417024612,False
ViT-B-16__block2,300_400,0,14,0.0001,5.522642316338269e-05,6.405489921569824,7.205551624298096,0.8000617027282715,0.04474002495408058,0.12152358144521713,0.0024183797650039196,0.013301088474690914,False
ViT-B-16__block2,300_400,0,15,0.0001,5.000000000000002e-05,6.374107360839844,7.20742654800415,0.8333191871643066,0.045949216932058334,0.12938331067562103,0.0024183797650039196,0.01511487364768982,False
ViT-B-16__block2,300_400,0,16,0.0001,4.4773576836617344e-05,6.349853515625,7.20488166809082,0.8550281524658203,0.04715840518474579,0.13180169463157654,0.0024183797650039196,0.017533253878355026,False
ViT-B-16__block2,300_400,0,17,0.0001,3.9604415459112035e-05,6.3262128829956055,7.211234092712402,0.8850212097167969,0.049576785415410995,0.13482467830181122,0.0024183797650039196,0.01511487364768982,False
ViT-B-16__block2,300_400,0,18,0.0001,3.4549150281252636e-05,6.309233665466309,7.212725639343262,0.9034919738769531,0.04836759716272354,0.13966143131256104,0.0024183797650039196,0.015719467774033546,False
ViT-B-16__block2,300_400,0,19,0.0001,2.966316784621e-05,6.291534423828125,7.214916706085205,0.9233822822570801,0.05320435389876366,0.14449818432331085,0.0030229748226702213,0.015719467774033546,False
ViT-B-16__block2,300_400,0,20,0.0001,2.5000000000000015e-05,6.275019645690918,7.21774959564209,0.9427299499511719,0.05320435389876366,0.14631196856498718,0.0030229748226702213,0.015719467774033546,False
ViT-B-16__block2,300_400,1,1,0.001,0.0009972609476841367,6.995265483856201,7.2469916343688965,0.2517261505126953,0.013905683532357216,0.04836759716272354,0.0030229748226702213,0.011487304233014584,True
ViT-B-16__block2,300_400,1,2,0.001,0.0009890738003669028,6.610908508300781,7.235105514526367,0.6241970062255859,0.038694076240062714,0.10640870779752731,0.004836759530007839,0.009068924002349377,True
ViT-B-16__block2,300_400,1,3,0.001,0.0009755282581475768,6.373351097106934,7.210803031921387,0.8374519348144531,0.05864571034908295,0.13422007858753204,0.004836759530007839,0.012696493417024612,True
ViT-B-16__block2,300_400,1,4,0.001,0.0009567727288213003,6.145691871643066,7.219391822814941,1.073699951171875,0.08464328944683075,0.18923822045326233,0.0030229748226702213,0.012696493417024612,False
ViT-B-16__block2,300_400,1,5,0.001,0.0009330127018922195,5.899885654449463,7.250465393066406,1.3505797386169434,0.1197097972035408,0.2472793310880661,0.004836759530007839,0.015719467774033546,False
ViT-B-16__block2,300_400,1,6,0.001,0.0009045084971874739,5.6624908447265625,7.291873931884766,1.6293830871582031,0.13724304735660553,0.3016928732395172,0.0018137848237529397,0.013301088474690914,False
ViT-B-16__block2,300_400,1,7,0.001,0.0008715724127386972,5.361311912536621,7.356201648712158,1.994889736175537,0.19407497346401215,0.390568345785141,0.0012091898825019598,0.015719467774033546,False
ViT-B-16__block2,300_400,1,8,0.001,0.0008345653031794292,5.064452171325684,7.461939811706543,2.3974876403808594,0.24667473137378693,0.4534462094306946,0.0006045949412509799,0.013905683532357216,False
ViT-B-16__block2,300_400,1,9,0.001,0.0007938926261462366,4.720370769500732,7.539703369140625,2.8193325996398926,0.2962515354156494,0.5544135570526123,0.0018137848237529397,0.009068924002349377,False
ViT-B-16__block2,300_400,1,10,0.001,0.00075,4.397364139556885,7.654835224151611,3.2574710845947266,0.3796856105327606,0.610036313533783,0.0018137848237529397,0.009673519060015678,False
ViT-B-16__block2,300_400,1,11,0.001,0.0007033683215379003,4.094425201416016,7.781398296356201,3.6869730949401855,0.4340991675853729,0.6783555150032043,0.0018137848237529397,0.004836759530007839,False
ViT-B-16__block2,300_400,1,1,0.0001,9.972609476841367e-05,7.285161972045898,7.378453731536865,0.0932917594909668,0.0024183797650039196,0.013905683532357216,0.0006045949412509799,0.009068924002349377,True
ViT-B-16__block2,300_400,1,2,0.0001,9.890738003669029e-05,7.14937162399292,7.318636417388916,0.1692647933959961,0.006650544237345457,0.027811367064714432,0.0012091898825019598,0.008464328944683075,True
ViT-B-16__block2,300_400,1,3,0.0001,9.755282581475769e-05,7.0395307540893555,7.286307334899902,0.24677658081054688,0.009068924002349377,0.029020557180047035,0.0024183797650039196,0.008464328944683075,True
ViT-B-16__block2,300_400,1,4,0.0001,9.567727288213003e-05,6.9426727294921875,7.262409210205078,0.3197364807128906,0.009068924002349377,0.034461911767721176,0.0024183797650039196,0.009068924002349377,True
ViT-B-16__block2,300_400,1,5,0.0001,9.330127018922194e-05,6.8542280197143555,7.2436203956604,0.3893923759460449,0.013301088474690914,0.042321644723415375,0.0024183797650039196,0.010882709175348282,True
ViT-B-16__block2,300_400,1,6,0.0001,9.045084971874738e-05,6.778876304626465,7.235177040100098,0.4563007354736328,0.01692865788936615,0.051390569657087326,0.0036275696475058794,0.01027811411768198,True
ViT-B-16__block2,300_400,1,7,0.0001,8.715724127386972e-05,6.714593410491943,7.228206634521484,0.513613224029541,0.019347038120031357,0.06227327883243561,0.0030229748226702213,0.01027811411768198,True
ViT-B-16__block2,300_400,1,8,0.0001,8.345653031794292e-05,6.652235984802246,7.223751068115234,0.5715150833129883,0.021160822361707687,0.07436517626047134,0.0036275696475058794,0.01027811411768198,True
ViT-B-16__block2,300_400,1,9,0.0001,7.938926261462366e-05,6.600241661071777,7.220597267150879,0.6203556060791016,0.02418379858136177,0.08041112869977951,0.0030229748226702213,0.012696493417024612,True
ViT-B-16__block2,300_400,1,10,0.0001,7.500000000000001e-05,6.5515642166137695,7.215297698974609,0.6637334823608398,0.02660217694938183,0.0834341049194336,0.0036275696475058794,0.013905683532357216,True
ViT-B-16__block2,300_400,1,11,0.0001,7.033683215379003e-05,6.507360458374023,7.218854904174805,0.7114944458007812,0.029625151306390762,0.09673519432544708,0.0036275696475058794,0.01511487364768982,False
ViT-B-16__block2,300_400,1,12,0.0001,6.545084971874738e-05,6.468103408813477,7.215207576751709,0.7471041679382324,0.0338573157787323,0.09794437885284424,0.0042321644723415375,0.01511487364768982,True
ViT-B-16__block2,300_400,1,13,0.0001,6.039558454088797e-05,6.432826042175293,7.215829849243164,0.7830038070678711,0.038694076240062714,0.10822249203920364,0.004836759530007839,0.01511487364768982,False
ViT-B-16__block2,300_400,1,14,0.0001,5.522642316338269e-05,6.401338577270508,7.215132713317871,0.8137941360473633,0.03808948025107384,0.11608222872018814,0.0030229748226702213,0.015719467774033546,True
ViT-B-16__block2,300_400,1,15,0.0001,5.000000000000002e-05,6.369204521179199,7.2167205810546875,0.8475160598754883,0.044135428965091705,0.12091898918151855,0.0030229748226702213,0.01511487364768982,False
ViT-B-16__block2,300_400,1,16,0.0001,4.4773576836617344e-05,6.346611976623535,7.217663764953613,0.8710517883300781,0.04655380919575691,0.12817412614822388,0.0030229748226702213,0.014510278590023518,False
ViT-B-16__block2,300_400,1,17,0.0001,3.9604415459112035e-05,6.323817253112793,7.2223639488220215,0.8985466957092285,0.04897218942642212,0.13422007858753204,0.0024183797650039196,0.015719467774033546,False
ViT-B-16__block2,300_400,1,18,0.0001,3.4549150281252636e-05,6.303219795227051,7.220602512359619,0.9173827171325684,0.049576785415410995,0.13361547887325287,0.0024183797650039196,0.016324063763022423,False
ViT-B-16__block2,300_400,1,19,0.0001,2.966316784621e-05,6.286433219909668,7.222897529602051,0.9364643096923828,0.051390569657087326,0.14207981526851654,0.0030229748226702213,0.012696493417024612,False
ViT-B-16__block2,300_400,1,20,0.0001,2.5000000000000015e-05,6.271690368652344,7.225099563598633,0.9534091949462891,0.05259976163506508,0.1487303525209427,0.0030229748226702213,0.012091899290680885,False
ViT-B-16__block2,300_400,1,21,0.0001,2.0610737385376352e-05,6.259556770324707,7.222975730895996,0.9634189605712891,0.05441354587674141,0.1511487364768982,0.0024183797650039196,0.013301088474690914,False
ViT-B-16__block2,300_400,1,22,0.0001,1.654346968205711e-05,6.24755334854126,7.225029945373535,0.9774765968322754,0.05380894988775253,0.15054413676261902,0.0024183797650039196,0.014510278590023518,False
ViT-B-16__block2,500_600,0,1,0.001,0.0009972609476841367,7.292424201965332,7.416883945465088,0.12445974349975586,0.009673519060015678,0.030834341421723366,0.0,0.0036275696475058794,True
ViT-B-16__block2,500_600,0,2,0.001,0.0009890738003669028,7.030608654022217,7.461319923400879,0.4307112693786621,0.024788392707705498,0.06227327883243561,0.0012091898825019598,0.0042321644723415375,False
ViT-B-16__block2,500_600,0,3,0.001,0.0009755282581475768,6.829555511474609,7.481467247009277,0.651911735534668,0.04292624071240425,0.11064087599515915,0.0012091898825019598,0.0024183797650039196,False
ViT-B-16__block2,500_600,0,4,0.001,0.0009567727288213003,6.623623847961426,7.507159233093262,0.8835353851318359,0.0519951656460762,0.14207981526851654,0.0018137848237529397,0.0030229748226702213,False
ViT-B-16__block2,500_600,0,5,0.001,0.0009330127018922195,6.387968063354492,7.565051078796387,1.1770830154418945,0.09250302612781525,0.1977025419473648,0.0012091898825019598,0.0024183797650039196,False
ViT-B-16__block2,500_600,0,6,0.001,0.0009045084971874739,6.140656471252441,7.6338300704956055,1.493173599243164,0.12636034190654755,0.2521160840988159,0.0012091898825019598,0.0042321644723415375,False
ViT-B-16__block2,500_600,0,7,0.001,0.0008715724127386972,5.86000919342041,7.722400665283203,1.862391471862793,0.15961305797100067,0.311970978975296,0.0012091898825019598,0.0036275696475058794,False
ViT-B-16__block2,500_600,0,8,0.001,0.0008345653031794292,5.497133255004883,7.818244457244873,2.3211112022399902,0.20374849438667297,0.39480048418045044,0.0012091898825019598,0.004836759530007839,False
ViT-B-16__block2,500_600,0,9,0.001,0.0007938926261462366,5.206362724304199,7.9528632164001465,2.7465004920959473,0.2551390528678894,0.4474002420902252,0.0006045949412509799,0.006045949645340443,False
ViT-B-16__block2,500_600,0,1,0.0001,9.972609476841367e-05,7.384346008300781,7.468683242797852,0.08433723449707031,0.0006045949412509799,0.006650544237345457,0.0,0.0018137848237529397,True
ViT-B-16__block2,500_600,0,2,0.0001,9.890738003669029e-05,7.305416584014893,7.447021484375,0.14160490036010742,0.0036275696475058794,0.012696493417024612,0.0,0.0012091898825019598,True
ViT-B-16__block2,500_600,0,3,0.0001,9.755282581475769e-05,7.24878454208374,7.444037914276123,0.1952533721923828,0.006045949645340443,0.021765418350696564,0.0,0.0012091898825019598,True
ViT-B-16__block2,500_600,0,4,0.0001,9.567727288213003e-05,7.190333843231201,7.450654029846191,0.26032018661499023,0.008464328944683075,0.028415963053703308,0.0,0.0024183797650039196,False
ViT-B-16__block2,500_600,0,5,0.0001,9.330127018922194e-05,7.131440162658691,7.455334186553955,0.32389402389526367,0.011487304233014584,0.03688029199838638,0.0006045949412509799,0.0018137848237529397,False
ViT-B-16__block2,500_600,0,6,0.0001,9.045084971874738e-05,7.0813398361206055,7.464378833770752,0.3830389976501465,0.012091899290680885,0.040507860481739044,0.0,0.0024183797650039196,False
ViT-B-16__block2,500_600,0,7,0.0001,8.715724127386972e-05,7.031368732452393,7.469817638397217,0.4384489059448242,0.01511487364768982,0.04474002495408058,0.0006045949412509799,0.0030229748226702213,False
ViT-B-16__block2,500_600,0,8,0.0001,8.345653031794292e-05,6.98687219619751,7.474367141723633,0.48749494552612305,0.01692865788936615,0.05078597366809845,0.0012091898825019598,0.0024183797650039196,False
ViT-B-16__block2,500_600,0,9,0.0001,7.938926261462366e-05,6.944563865661621,7.482190132141113,0.5376262664794922,0.021160822361707687,0.06408706307411194,0.0006045949412509799,0.0018137848237529397,False
ViT-B-16__block2,500_600,0,10,0.0001,7.500000000000001e-05,6.907546043395996,7.486021041870117,0.5784749984741211,0.022974608466029167,0.06650544703006744,0.0006045949412509799,0.0030229748226702213,False
ViT-B-16__block2,500_600,0,11,0.0001,7.033683215379003e-05,6.872086524963379,7.491794586181641,0.6197080612182617,0.027206772938370705,0.07436517626047134,0.0012091898825019598,0.0018137848237529397,False
ViT-B-16__block2,500_600,1,1,0.001,0.0009972609476841367,7.292699813842773,7.404402732849121,0.11170291900634766,0.01027811411768198,0.03143893554806709,0.0030229748226702213,0.006045949645340443,True
ViT-B-16__block2,500_600,1,2,0.001,0.0009890738003669028,7.0148091316223145,7.469377517700195,0.45456838607788086,0.029625151306390762,0.06711003929376602,0.0006045949412509799,0.005441354587674141,False
ViT-B-16__block2,500_600,1,3,0.001,0.0009755282581475768,6.813385963439941,7.482860565185547,0.6694746017456055,0.04534462094306946,0.1015719473361969,0.0006045949412509799,0.0024183797650039196,False
ViT-B-16__block2,500_600,1,4,0.001,0.0009567727288213003,6.603321075439453,7.520351886749268,0.9170308113098145,0.06650544703006744,0.14631196856498718,0.0006045949412509799,0.0030229748226702213,False
ViT-B-16__block2,500_600,1,5,0.001,0.0009330127018922195,6.380307197570801,7.55551290512085,1.1752057075500488,0.093712218105793,0.19044740498065948,0.0006045949412509799,0.0036275696475058794,False
ViT-B-16__block2,500_600,1,6,0.001,0.0009045084971874739,6.106683731079102,7.640913486480713,1.5342297554016113,0.12454655766487122,0.26723095774650574,0.0006045949412509799,0.0036275696475058794,False
ViT-B-16__block2,500_600,1,7,0.001,0.0008715724127386972,5.802675247192383,7.73138427734375,1.9287090301513672,0.17291414737701416,0.3331318199634552,0.0012091898825019598,0.0024183797650039196,False
ViT-B-16__block2,500_600,1,8,0.001,0.0008345653031794292,5.485342979431152,7.818787097930908,2.333444118499756,0.2079806625843048,0.39238211512565613,0.0018137848237529397,0.006045949645340443,False
ViT-B-16__block2,500_600,1,9,0.001,0.0007938926261462366,5.141819953918457,7.9598236083984375,2.8180036544799805,0.2648125886917114,0.4679564833641052,0.0006045949412509799,0.0024183797650039196,False
ViT-B-16__block2,500_600,1,1,0.0001,9.972609476841367e-05,7.3753533363342285,7.453679084777832,0.07832574844360352,0.0018137848237529397,0.007859733887016773,0.0006045949412509799,0.0030229748226702213,True
ViT-B-16__block2,500_600,1,2,0.0001,9.890738003669029e-05,7.293891906738281,7.4403886795043945,0.14649677276611328,0.0042321644723415375,0.012091899290680885,0.0006045949412509799,0.0030229748226702213,True
ViT-B-16__block2,500_600,1,3,0.0001,9.755282581475769e-05,7.236166000366211,7.441254615783691,0.20508861541748047,0.006650544237345457,0.02237001247704029,0.0012091898825019598,0.0036275696475058794,False
ViT-B-16__block2,500_600,1,4,0.0001,9.567727288213003e-05,7.177883148193359,7.4476518630981445,0.26976871490478516,0.008464328944683075,0.027811367064714432,0.0012091898825019598,0.0030229748226702213,False
ViT-B-16__block2,500_600,1,5,0.0001,9.330127018922194e-05,7.119973182678223,7.451618194580078,0.33164501190185547,0.014510278590023518,0.0338573157787323,0.0006045949412509799,0.0024183797650039196,False
ViT-B-16__block2,500_600,1,6,0.0001,9.045084971874738e-05,7.066130638122559,7.458128452301025,0.3919978141784668,0.01692865788936615,0.045949216932058334,0.0006045949412509799,0.0030229748226702213,False
ViT-B-16__block2,500_600,1,7,0.0001,8.715724127386972e-05,7.018874645233154,7.463956356048584,0.4450817108154297,0.01874244399368763,0.05259976163506508,0.0006045949412509799,0.0030229748226702213,False
ViT-B-16__block2,500_600,1,8,0.0001,8.345653031794292e-05,6.972581386566162,7.473049163818359,0.5004677772521973,0.019347038120031357,0.057436518371105194,0.0006045949412509799,0.0030229748226702213,False
ViT-B-16__block2,500_600,1,9,0.0001,7.938926261462366e-05,6.9312639236450195,7.479816913604736,0.5485529899597168,0.02055622823536396,0.06711003929376602,0.0012091898825019598,0.0030229748226702213,False
ViT-B-16__block2,500_600,1,10,0.0001,7.500000000000001e-05,6.891988277435303,7.484217643737793,0.5922293663024902,0.0259975828230381,0.07436517626047134,0.0012091898825019598,0.0024183797650039196,False
ViT-B-16__block12,100_200,0,1,0.001,0.0009972609476841367,6.160268783569336,6.922893047332764,0.7626242637634277,0.077992744743824,0.1977025419473648,0.01027811411768198,0.029625151306390762,True
ViT-B-16__block12,100_200,0,2,0.001,0.0009890738003669028,5.575279235839844,6.836001396179199,1.2607221603393555,0.18621523678302765,0.36577993631362915,0.008464328944683075,0.04292624071240425,True
ViT-B-16__block12,100_200,0,3,0.001,0.0009755282581475768,5.1748199462890625,6.792135715484619,1.6173157691955566,0.3077388107776642,0.5139057040214539,0.013301088474690914,0.04534462094306946,True
ViT-B-16__block12,100_200,0,4,0.001,0.0009567727288213003,4.860097885131836,6.779091835021973,1.9189939498901367,0.401451051235199,0.6209189891815186,0.011487304233014584,0.04474002495408058,True
ViT-B-16__block12,100_200,0,5,0.001,0.0009330127018922195,4.6170854568481445,6.7690749168396,2.151989459991455,0.5078597664833069,0.7103990316390991,0.011487304233014584,0.0417170524597168,True
ViT-B-16__block12,100_200,0,6,0.001,0.0009045084971874739,4.430262088775635,6.765028953552246,2.3347668647766113,0.5616686940193176,0.7702539563179016,0.012091899290680885,0.042321644723415375,True
ViT-B-16__block12,100_200,0,7,0.001,0.0008715724127386972,4.2813496589660645,6.7854719161987305,2.504122257232666,0.6172914505004883,0.8077388405799866,0.012091899290680885,0.047763001173734665,False
ViT-B-16__block12,100_200,0,8,0.001,0.0008345653031794292,4.121527671813965,6.791784286499023,2.6702566146850586,0.6704958081245422,0.8591294288635254,0.012696493417024612,0.04534462094306946,False
ViT-B-16__block12,100_200,0,9,0.001,0.0007938926261462366,4.0171661376953125,6.790942668914795,2.7737765312194824,0.7103990316390991,0.876058042049408,0.009673519060015678,0.0417170524597168,False
ViT-B-16__block12,100_200,0,10,0.001,0.00075,3.8970372676849365,6.819852828979492,2.9228155612945557,0.749697744846344,0.9032648205757141,0.012091899290680885,0.04353083670139313,False
ViT-B-16__block12,100_200,0,11,0.001,0.0007033683215379003,3.7792344093322754,6.8174238204956055,3.03818941116333,0.7889963984489441,0.9201934933662415,0.013301088474690914,0.0417170524597168,False
ViT-B-16__block12,100_200,0,12,0.001,0.0006545084971874739,3.6775224208831787,6.815511703491211,3.1379892826080322,0.8125755786895752,0.9395405650138855,0.011487304233014584,0.03929867222905159,False
ViT-B-16__block12,100_200,0,13,0.001,0.0006039558454088797,3.581937313079834,6.8362932205200195,3.2543559074401855,0.8367593884468079,0.9504232406616211,0.007859733887016773,0.03990326449275017,False
ViT-B-16__block12,100_200,0,14,0.001,0.0005522642316338269,3.4841880798339844,6.835723876953125,3.3515357971191406,0.8488513231277466,0.9631197452545166,0.009068924002349377,0.034461911767721176,False
ViT-B-16__block12,100_200,0,1,0.0001,9.972609476841367e-05,7.146860122680664,7.315130233764648,0.16827011108398438,0.005441354587674141,0.01692865788936615,0.0018137848237529397,0.013301088474690914,True
ViT-B-16__block12,100_200,0,2,0.0001,9.890738003669029e-05,6.845524787902832,7.182240962982178,0.3367161750793457,0.011487304233014584,0.04534462094306946,0.004836759530007839,0.017533253878355026,True
ViT-B-16__block12,100_200,0,3,0.0001,9.755282581475769e-05,6.598359107971191,7.092801094055176,0.4944419860839844,0.022974608466029167,0.0912938341498375,0.005441354587674141,0.022974608466029167,True
ViT-B-16__block12,100_200,0,4,0.0001,9.567727288213003e-05,6.3966217041015625,7.032339096069336,0.6357173919677734,0.03748488798737526,0.12877872586250305,0.005441354587674141,0.02660217694938183,True
ViT-B-16__block12,100_200,0,5,0.0001,9.330127018922194e-05,6.228575706481934,6.987887382507324,0.7593116760253906,0.05804111436009407,0.16989117860794067,0.006045949645340443,0.029625151306390762,True
ViT-B-16__block12,100_200,0,6,0.0001,9.045084971874738e-05,6.0859055519104,6.9544677734375,0.8685622215270996,0.08101572096347809,0.2134220153093338,0.007859733887016773,0.03204353153705597,True
ViT-B-16__block12,100_200,0,7,0.0001,8.715724127386972e-05,5.962392807006836,6.926319122314453,0.9639263153076172,0.10096735507249832,0.24546554684638977,0.008464328944683075,0.034461911767721176,True
ViT-B-16__block12,100_200,0,8,0.0001,8.345653031794292e-05,5.856538772583008,6.905755519866943,1.0492167472839355,0.11850060522556305,0.2865779995918274,0.008464328944683075,0.03929867222905159,True
ViT-B-16__block12,100_200,0,9,0.0001,7.938926261462366e-05,5.763933181762695,6.8891496658325195,1.1252164840698242,0.1354292631149292,0.31378477811813354,0.009673519060015678,0.03929867222905159,True
ViT-B-16__block12,100_200,0,10,0.0001,7.500000000000001e-05,5.679163932800293,6.875194549560547,1.196030616760254,0.15054413676261902,0.3355501890182495,0.009673519060015678,0.03990326449275017,True
ViT-B-16__block12,100_200,0,11,0.0001,7.033683215379003e-05,5.604676723480225,6.865263938903809,1.260587215423584,0.17533253133296967,0.36819830536842346,0.011487304233014584,0.042321644723415375,True
ViT-B-16__block12,100_200,0,12,0.0001,6.545084971874738e-05,5.536717414855957,6.85640811920166,1.3196907043457031,0.1977025419473648,0.39419591426849365,0.013301088474690914,0.04353083670139313,True
ViT-B-16__block12,100_200,0,13,0.0001,6.039558454088797e-05,5.476216793060303,6.847734451293945,1.3715176582336426,0.21402661502361298,0.4081015884876251,0.013301088474690914,0.044135428965091705,True
ViT-B-16__block12,100_200,0,14,0.0001,5.522642316338269e-05,5.423113822937012,6.842857360839844,1.419743537902832,0.2291414886713028,0.4316807985305786,0.014510278590023518,0.04474002495408058,True
ViT-B-16__block12,100_200,0,15,0.0001,5.000000000000002e-05,5.373979568481445,6.837749481201172,1.4637699127197266,0.24244257807731628,0.4528416097164154,0.01511487364768982,0.04292624071240425,True
ViT-B-16__block12,100_200,0,16,0.0001,4.4773576836617344e-05,5.332573890686035,6.83404541015625,1.5014715194702148,0.2521160840988159,0.4679564833641052,0.014510278590023518,0.044135428965091705,True
ViT-B-16__block12,100_200,0,17,0.0001,3.9604415459112035e-05,5.294194221496582,6.83015251159668,1.5359582901000977,0.2678355574607849,0.48488515615463257,0.012696493417024612,0.044135428965091705,True
ViT-B-16__block12,100_200,0,18,0.0001,3.4549150281252636e-05,5.265082359313965,6.828795433044434,1.5637130737304688,0.2805320620536804,0.5006046295166016,0.012696493417024612,0.04534462094306946,True
ViT-B-16__block12,100_200,0,19,0.0001,2.966316784621e-05,5.236361503601074,6.827115535736084,1.5907540321350098,0.2938331365585327,0.5084643363952637,0.011487304233014584,0.042321644723415375,True
ViT-B-16__block12,100_200,0,20,0.0001,2.5000000000000015e-05,5.212828636169434,6.827178478240967,1.6143498420715332,0.30048367381095886,0.5229746103286743,0.012696493417024612,0.042321644723415375,False
ViT-B-16__block12,100_200,0,21,0.0001,2.0610737385376352e-05,5.193090915679932,6.824619770050049,1.6315288543701172,0.30350667238235474,0.5308343768119812,0.01027811411768198,0.0417170524597168,True
ViT-B-16__block12,100_200,0,22,0.0001,1.654346968205711e-05,5.177178382873535,6.82310676574707,1.6459283828735352,0.3077388107776642,0.5362756848335266,0.010882709175348282,0.04292624071240425,True
ViT-B-16__block12,100_200,0,23,0.0001,1.2842758726130304e-05,5.1642327308654785,6.822988510131836,1.6587557792663574,0.31318017840385437,0.5386940836906433,0.011487304233014584,0.0417170524597168,True
ViT-B-16__block12,100_200,0,24,0.0001,9.549150281252636e-06,5.155337810516357,6.822739601135254,1.6674017906188965,0.3149939775466919,0.5423216819763184,0.012091899290680885,0.04292624071240425,True
ViT-B-16__block12,100_200,0,25,0.0001,6.698729810778068e-06,5.147598743438721,6.8225603103637695,1.6749615669250488,0.31680774688720703,0.5453446507453918,0.011487304233014584,0.04292624071240425,True
ViT-B-16__block12,100_200,0,26,0.0001,4.322727117869953e-06,5.142512798309326,6.822174072265625,1.6796612739562988,0.3204353153705597,0.5483676195144653,0.011487304233014584,0.04292624071240425,True
ViT-B-16__block12,100_200,0,27,0.0001,2.447174185242324e-06,5.139451026916504,6.822238922119141,1.6827878952026367,0.32164451479911804,0.5513905882835388,0.011487304233014584,0.04292624071240425,False
ViT-B-16__block12,100_200,0,28,0.0001,1.092619963309716e-06,5.137507438659668,6.822166442871094,1.6846590042114258,0.3222491145133972,0.5525997877120972,0.011487304233014584,0.04292624071240425,True
ViT-B-16__block12,100_200,0,29,0.0001,2.7390523158633003e-07,5.1367692947387695,6.822153091430664,1.6853837966918945,0.3222491145133972,0.5525997877120972,0.011487304233014584,0.04292624071240425,True
ViT-B-16__block12,100_200,0,30,0.0001,0.0,5.13654899597168,6.822146415710449,1.6855974197387695,0.3222491145133972,0.5525997877120972,0.011487304233014584,0.04292624071240425,True
ViT-B-16__block12,100_200,1,1,0.001,0.0009972609476841367,6.162403106689453,6.909331321716309,0.7469282150268555,0.08948004990816116,0.2085852473974228,0.005441354587674141,0.03325272351503372,True
ViT-B-16__block12,100_200,1,2,0.001,0.0009890738003669028,5.560290336608887,6.822629928588867,1.2623395919799805,0.19891174137592316,0.37666264176368713,0.010882709175348282,0.03808948025107384,True
ViT-B-16__block12,100_200,1,3,0.001,0.0009755282581475768,5.156425476074219,6.785750389099121,1.6293249130249023,0.3065296411514282,0.5181378722190857,0.009673519060015678,0.04474002495408058,True
ViT-B-16__block12,100_200,1,4,0.001,0.0009567727288213003,4.867499351501465,6.774261474609375,1.9067621231079102,0.39963725209236145,0.6245465874671936,0.012091899290680885,0.04655380919575691,True
ViT-B-16__block12,100_200,1,5,0.001,0.0009330127018922195,4.616480827331543,6.782846450805664,2.166365623474121,0.47702541947364807,0.6940749883651733,0.009068924002349377,0.04353083670139313,False
ViT-B-16__block12,100_200,1,6,0.001,0.0009045084971874739,4.416600227355957,6.787271499633789,2.370671272277832,0.5519951581954956,0.7690447568893433,0.011487304233014584,0.04353083670139313,False
ViT-B-16__block12,100_200,1,7,0.001,0.0008715724127386972,4.263099670410156,6.802046775817871,2.538947105407715,0.603990375995636,0.8095526099205017,0.012091899290680885,0.05018138140439987,False
ViT-B-16__block12,100_200,1,8,0.001,0.0008345653031794292,4.121196746826172,6.813447952270508,2.692251205444336,0.6559855341911316,0.842200756072998,0.009673519060015678,0.045949216932058334,False
ViT-B-16__block12,100_200,1,9,0.001,0.0007938926261462366,3.9992849826812744,6.828047752380371,2.8287627696990967,0.7176541686058044,0.8657799363136292,0.010882709175348282,0.044135428965091705,False
ViT-B-16__block12,100_200,1,10,0.001,0.00075,3.883523464202881,6.837017059326172,2.953493595123291,0.7442563772201538,0.8935913443565369,0.013905683532357216,0.042321644723415375,False
ViT-B-16__block12,100_200,1,11,0.001,0.0007033683215379003,3.7726285457611084,6.867010116577148,3.09438157081604,0.7720677256584167,0.9105199575424194,0.009673519060015678,0.03748488798737526,False
ViT-B-16__block12,100_200,1,12,0.001,0.0006545084971874739,3.667914867401123,6.8690595626831055,3.2011446952819824,0.8125755786895752,0.9353083968162537,0.012696493417024612,0.03808948025107384,False
ViT-B-16__block12,100_200,1,1,0.0001,9.972609476841367e-05,7.143530368804932,7.321926116943359,0.17839574813842773,0.004836759530007839,0.019951632246375084,0.0018137848237529397,0.007255139295011759,True
ViT-B-16__block12,100_200,1,2,0.0001,9.890738003669029e-05,6.837496757507324,7.183534145355225,0.3460373878479004,0.011487304233014584,0.05380894988775253,0.0030229748226702213,0.013905683532357216,True
ViT-B-16__block12,100_200,1,3,0.0001,9.755282581475769e-05,6.587413311004639,7.0915679931640625,0.5041546821594238,0.029625151306390762,0.09552600234746933,0.004836759530007839,0.018137848004698753,True
ViT-B-16__block12,100_200,1,4,0.0001,9.567727288213003e-05,6.389692306518555,7.0246262550354,0.6349339485168457,0.04474002495408058,0.13663846254348755,0.007859733887016773,0.025392986834049225,True
ViT-B-16__block12,100_200,1,5,0.0001,9.330127018922194e-05,6.22081184387207,6.978794574737549,0.7579827308654785,0.06650544703006744,0.17593713104724884,0.010882709175348282,0.027206772938370705,True
ViT-B-16__block12,100_200,1,6,0.0001,9.045084971874738e-05,6.078392028808594,6.944554328918457,0.8661623001098633,0.08282950520515442,0.22067715227603912,0.01027811411768198,0.029625151306390762,True
ViT-B-16__block12,100_200,1,7,0.0001,8.715724127386972e-05,5.954520225524902,6.918233871459961,0.9637136459350586,0.11366385221481323,0.26118502020835876,0.011487304233014584,0.0338573157787323,True
ViT-B-16__block12,100_200,1,8,0.0001,8.345653031794292e-05,5.84855842590332,6.899751663208008,1.0511932373046875,0.13180169463157654,0.30108827352523804,0.013905683532357216,0.03627569600939751,True
ViT-B-16__block12,100_200,1,9,0.0001,7.938926261462366e-05,5.754445552825928,6.884243965148926,1.129798412322998,0.15175333619117737,0.32648128271102905,0.013301088474690914,0.03929867222905159,True
ViT-B-16__block12,100_200,1,10,0.0001,7.500000000000001e-05,5.670562744140625,6.871283531188965,1.2007207870483398,0.16807739436626434,0.3597339987754822,0.013905683532357216,0.038694076240062714,True
ViT-B-16__block12,100_200,1,11,0.0001,7.033683215379003e-05,5.593745231628418,6.860997200012207,1.267251968383789,0.1898428052663803,0.3851269781589508,0.012696493417024612,0.040507860481739044,True
ViT-B-16__block12,100_200,1,12,0.0001,6.545084971874738e-05,5.528714179992676,6.855142116546631,1.326427936553955,0.21221283078193665,0.41233375668525696,0.011487304233014584,0.040507860481739044,True
ViT-B-16__block12,100_200,1,13,0.0001,6.039558454088797e-05,5.467677116394043,6.848442077636719,1.3807649612426758,0.22490932047367096,0.4371221363544464,0.012091899290680885,0.03929867222905159,True
ViT-B-16__block12,100_200,1,14,0.0001,5.522642316338269e-05,5.4123311042785645,6.845937728881836,1.4336066246032715,0.24123337864875793,0.45405080914497375,0.011487304233014584,0.04353083670139313,True
ViT-B-16__block12,100_200,1,15,0.0001,5.000000000000002e-05,5.362929344177246,6.8421430587768555,1.4792137145996094,0.24848851561546326,0.4764208197593689,0.011487304233014584,0.0417170524597168,True
ViT-B-16__block12,100_200,1,16,0.0001,4.4773576836617344e-05,5.3220672607421875,6.8380022048950195,1.515934944152832,0.26118502020835876,0.49032649397850037,0.011487304233014584,0.04474002495408058,True
ViT-B-16__block12,100_200,1,17,0.0001,3.9604415459112035e-05,5.283880233764648,6.835060119628906,1.5511798858642578,0.2732769250869751,0.5,0.012696493417024612,0.04292624071240425,True
ViT-B-16__block12,100_200,1,18,0.0001,3.4549150281252636e-05,5.252260208129883,6.8335137367248535,1.5812535285949707,0.2859733998775482,0.5120919346809387,0.012696493417024612,0.04474002495408058,True
ViT-B-16__block12,100_200,1,19,0.0001,2.966316784621e-05,5.224941253662109,6.832576751708984,1.607635498046875,0.29564693570137024,0.5247883796691895,0.012696493417024612,0.04353083670139313,True
ViT-B-16__block12,100_200,1,20,0.0001,2.5000000000000015e-05,5.2028937339782715,6.83195686340332,1.6290631294250488,0.2992745041847229,0.5308343768119812,0.012696493417024612,0.04111245647072792,True
ViT-B-16__block12,100_200,1,21,0.0001,2.0610737385376352e-05,5.183221340179443,6.830730438232422,1.6475090980529785,0.311970978975296,0.5368803143501282,0.012696493417024612,0.044135428965091705,True
ViT-B-16__block12,100_200,1,22,0.0001,1.654346968205711e-05,5.167242050170898,6.8304595947265625,1.663217544555664,0.31318017840385437,0.5380895137786865,0.012696493417024612,0.04353083670139313,True
ViT-B-16__block12,100_200,1,23,0.0001,1.2842758726130304e-05,5.154537200927734,6.829776287078857,1.675239086151123,0.3198307156562805,0.5477629899978638,0.012696493417024612,0.03990326449275017,True
ViT-B-16__block12,100_200,1,24,0.0001,9.549150281252636e-06,5.1449456214904785,6.829249382019043,1.6843037605285645,0.32708585262298584,0.550786018371582,0.012696493417024612,0.04111245647072792,True
ViT-B-16__block12,100_200,1,25,0.0001,6.698729810778068e-06,5.137763977050781,6.829282283782959,1.6915183067321777,0.327690452337265,0.5519951581954956,0.012696493417024612,0.04292624071240425,False
ViT-B-16__block12,100_200,1,26,0.0001,4.322727117869953e-06,5.13249397277832,6.828980445861816,1.696486473083496,0.3282950520515442,0.5544135570526123,0.012091899290680885,0.04353083670139313,True
ViT-B-16__block12,100_200,1,27,0.0001,2.447174185242324e-06,5.1294755935668945,6.829049110412598,1.6995735168457031,0.3301088511943817,0.5562273263931274,0.012696493417024612,0.04353083670139313,False
ViT-B-16__block12,100_200,1,28,0.0001,1.092619963309716e-06,5.127771377563477,6.829067230224609,1.7012958526611328,0.3307134211063385,0.5562273263931274,0.012091899290680885,0.04353083670139313,False
ViT-B-16__block12,100_200,1,29,0.0001,2.7390523158633003e-07,5.126967430114746,6.829044818878174,1.7020773887634277,0.3307134211063385,0.5562273263931274,0.012091899290680885,0.04353083670139313,False
ViT-B-16__block12,100_200,1,30,0.0001,0.0,5.126768589019775,6.829042434692383,1.7022738456726074,0.3313180208206177,0.5562273263931274,0.012091899290680885,0.04353083670139313,False
ViT-B-16__block12,300_400,0,1,0.001,0.0009972609476841367,6.575193405151367,7.235699653625488,0.6605062484741211,0.07134220004081726,0.155985489487648,0.0030229748226702213,0.013905683532357216,True
ViT-B-16__block12,300_400,0,2,0.001,0.0009890738003669028,5.965023994445801,7.141073703765869,1.1760497093200684,0.14268440008163452,0.2914147675037384,0.0036275696475058794,0.016324063763022423,True
ViT-B-16__block12,300_400,0,3,0.001,0.0009755282581475768,5.593894004821777,7.107067108154297,1.5131731033325195,0.23095527291297913,0.4298669993877411,0.0036275696475058794,0.01692865788936615,True
ViT-B-16__block12,300_400,0,4,0.001,0.0009567727288213003,5.309430122375488,7.100663185119629,1.7912330627441406,0.3149939775466919,0.5266022086143494,0.006045949645340443,0.015719467774033546,True
ViT-B-16__block12,300_400,0,5,0.001,0.0009330127018922195,5.073193550109863,7.088879108428955,2.015685558319092,0.39661428332328796,0.5931076407432556,0.004836759530007839,0.01692865788936615,True
ViT-B-16__block12,300_400,0,6,0.001,0.0009045084971874739,4.8758625984191895,7.095391273498535,2.2195286750793457,0.4667472839355469,0.6692866086959839,0.006650544237345457,0.021160822361707687,False
ViT-B-16__block12,300_400,0,7,0.001,0.0008715724127386972,4.70122766494751,7.100458145141602,2.399230480194092,0.5296251773834229,0.7261185050010681,0.004836759530007839,0.017533253878355026,False
ViT-B-16__block12,300_400,0,8,0.001,0.0008345653031794292,4.5389323234558105,7.123315811157227,2.584383487701416,0.5816203355789185,0.7750906944274902,0.0042321644723415375,0.016324063763022423,False
ViT-B-16__block12,300_400,0,9,0.001,0.0007938926261462366,4.399439811706543,7.122448444366455,2.723008632659912,0.6420798301696777,0.7992745041847229,0.006045949645340443,0.019951632246375084,False
ViT-B-16__block12,300_400,0,10,0.001,0.00075,4.263310432434082,7.1432085037231445,2.8798980712890625,0.6753325462341309,0.8355501890182495,0.006650544237345457,0.021765418350696564,False
ViT-B-16__block12,300_400,0,11,0.001,0.0007033683215379003,4.129912376403809,7.155220985412598,3.025308609008789,0.712212860584259,0.8621523976325989,0.004836759530007839,0.014510278590023518,False
ViT-B-16__block12,300_400,0,12,0.001,0.0006545084971874739,3.995911121368408,7.155705451965332,3.159794330596924,0.740024209022522,0.8935913443565369,0.006045949645340443,0.015719467774033546,False
ViT-B-16__block12,300_400,0,13,0.001,0.0006039558454088797,3.8689794540405273,7.171849250793457,3.3028697967529297,0.7817412614822388,0.905078649520874,0.004836759530007839,0.019347038120031357,False
ViT-B-16__block12,300_400,0,1,0.0001,9.972609476841367e-05,7.2674150466918945,7.447879791259766,0.1804647445678711,0.0036275696475058794,0.014510278590023518,0.0006045949412509799,0.007255139295011759,True
ViT-B-16__block12,300_400,0,2,0.0001,9.890738003669029e-05,7.026965618133545,7.373467922210693,0.34650230407714844,0.009673519060015678,0.029625151306390762,0.0018137848237529397,0.008464328944683075,True
ViT-B-16__block12,300_400,0,3,0.0001,9.755282581475769e-05,6.81675910949707,7.320943832397461,0.5041847229003906,0.01511487364768982,0.05259976163506508,0.0024183797650039196,0.008464328944683075,True
ViT-B-16__block12,300_400,0,4,0.0001,9.567727288213003e-05,6.637269973754883,7.279675483703613,0.6424055099487305,0.027206772938370705,0.0834341049194336,0.0024183797650039196,0.010882709175348282,True
ViT-B-16__block12,300_400,0,5,0.0001,9.330127018922194e-05,6.487211227416992,7.249321937561035,0.762110710144043,0.042321644723415375,0.13059251010417938,0.0024183797650039196,0.012696493417024612,True
ViT-B-16__block12,300_400,0,6,0.0001,9.045084971874738e-05,6.357845306396484,7.221944808959961,0.8640995025634766,0.061064090579748154,0.15659008920192719,0.0018137848237529397,0.012696493417024612,True
ViT-B-16__block12,300_400,0,7,0.0001,8.715724127386972e-05,6.242597579956055,7.20234489440918,0.959747314453125,0.08403869718313217,0.187424436211586,0.0024183797650039196,0.012696493417024612,True
ViT-B-16__block12,300_400,0,8,0.0001,8.345653031794292e-05,6.145482063293457,7.185234546661377,1.03975248336792,0.09915357083082199,0.21402661502361298,0.0024183797650039196,0.012696493417024612,True
ViT-B-16__block12,300_400,0,9,0.0001,7.938926261462366e-05,6.060636520385742,7.172270774841309,1.1116342544555664,0.11547763645648956,0.23760581016540527,0.0030229748226702213,0.013905683532357216,True
ViT-B-16__block12,300_400,0,10,0.0001,7.500000000000001e-05,5.981144905090332,7.1592864990234375,1.1781415939331055,0.12152358144521713,0.2738814949989319,0.0018137848237529397,0.018137848004698753,True
ViT-B-16__block12,300_400,0,11,0.0001,7.033683215379003e-05,5.911351203918457,7.15086555480957,1.2395143508911133,0.1354292631149292,0.3016928732395172,0.0036275696475058794,0.01692865788936615,True
ViT-B-16__block12,300_400,0,12,0.0001,6.545084971874738e-05,5.850239276885986,7.141236305236816,1.29099702835083,0.15417170524597168,0.32889965176582336,0.0030229748226702213,0.017533253878355026,True
ViT-B-16__block12,300_400,0,13,0.0001,6.039558454088797e-05,5.795391082763672,7.136862277984619,1.3414711952209473,0.16807739436626434,0.3488512933254242,0.0036275696475058794,0.01692865788936615,True
ViT-B-16__block12,300_400,0,14,0.0001,5.522642316338269e-05,5.747228622436523,7.132322311401367,1.3850936889648438,0.17775091528892517,0.3694075047969818,0.0042321644723415375,0.01692865788936615,True
ViT-B-16__block12,300_400,0,15,0.0001,5.000000000000002e-05,5.701573848724365,7.12886905670166,1.427295207977295,0.18923822045326233,0.38452237844467163,0.0036275696475058794,0.019347038120031357,True
ViT-B-16__block12,300_400,0,16,0.0001,4.4773576836617344e-05,5.663547039031982,7.125543117523193,1.461996078491211,0.20495767891407013,0.3978234827518463,0.004836759530007839,0.01874244399368763,True
ViT-B-16__block12,300_400,0,17,0.0001,3.9604415459112035e-05,5.628286361694336,7.122187614440918,1.493901252746582,0.20979444682598114,0.41475212574005127,0.004836759530007839,0.018137848004698753,True
ViT-B-16__block12,300_400,0,18,0.0001,3.4549150281252636e-05,5.600151062011719,7.121817111968994,1.5216660499572754,0.2237001210451126,0.4195888936519623,0.0042321644723415375,0.018137848004698753,True
ViT-B-16__block12,300_400,0,19,0.0001,2.966316784621e-05,5.573915481567383,7.1201276779174805,1.5462121963500977,0.22490932047367096,0.4316807985305786,0.0042321644723415375,0.017533253878355026,True
ViT-B-16__block12,300_400,0,20,0.0001,2.5000000000000015e-05,5.551015853881836,7.118936538696289,1.5679206848144531,0.2394195944070816,0.43833133578300476,0.0042321644723415375,0.017533253878355026,True
ViT-B-16__block12,300_400,0,21,0.0001,2.0610737385376352e-05,5.532959938049316,7.117669582366943,1.584709644317627,0.2448609471321106,0.44679567217826843,0.0036275696475058794,0.017533253878355026,True
ViT-B-16__block12,300_400,0,22,0.0001,1.654346968205711e-05,5.51869010925293,7.116987228393555,1.598297119140625,0.24788393080234528,0.45405080914497375,0.0036275696475058794,0.017533253878355026,True
ViT-B-16__block12,300_400,0,23,0.0001,1.2842758726130304e-05,5.50663423538208,7.117278099060059,1.6106438636779785,0.2521160840988159,0.4576783776283264,0.0036275696475058794,0.018137848004698753,False
ViT-B-16__block12,300_400,0,24,0.0001,9.549150281252636e-06,5.497854709625244,7.11714506149292,1.6192903518676758,0.25392988324165344,0.46493351459503174,0.0036275696475058794,0.019347038120031357,False
ViT-B-16__block12,300_400,0,25,0.0001,6.698729810778068e-06,5.490506172180176,7.116768836975098,1.6262626647949219,0.2581620514392853,0.4661427140235901,0.0036275696475058794,0.01874244399368763,True
ViT-B-16__block12,300_400,0,26,0.0001,4.322727117869953e-06,5.485701560974121,7.116354465484619,1.630652904510498,0.2581620514392853,0.46735188364982605,0.0030229748226702213,0.019347038120031357,True
ViT-B-16__block12,300_400,0,27,0.0001,2.447174185242324e-06,5.482716083526611,7.116235733032227,1.6335196495056152,0.2599758207798004,0.4685610830783844,0.0030229748226702213,0.01874244399368763,True
ViT-B-16__block12,300_400,0,28,0.0001,1.092619963309716e-06,5.480954170227051,7.116206169128418,1.6352519989013672,0.2605804204940796,0.4691656827926636,0.0030229748226702213,0.01874244399368763,True
ViT-B-16__block12,300_400,0,29,0.0001,2.7390523158633003e-07,5.480219841003418,7.116163730621338,1.63594388961792,0.26118502020835876,0.46735188364982605,0.0030229748226702213,0.019347038120031357,True
ViT-B-16__block12,300_400,0,30,0.0001,0.0,5.480023384094238,7.116154193878174,1.6361308097839355,0.26118502020835876,0.46735188364982605,0.0030229748226702213,0.019347038120031357,True
ViT-B-16__block12,300_400,1,1,0.001,0.0009972609476841367,6.580321311950684,7.216141223907471,0.6358199119567871,0.0755743682384491,0.1487303525209427,0.0012091898825019598,0.009068924002349377,True
ViT-B-16__block12,300_400,1,2,0.001,0.0009890738003669028,5.9921674728393555,7.128588676452637,1.1364212036132812,0.15235792100429535,0.2841596305370331,0.0036275696475058794,0.017533253878355026,True
ViT-B-16__block12,300_400,1,3,0.001,0.0009755282581475768,5.626167297363281,7.097517013549805,1.4713497161865234,0.22732770442962646,0.4056832194328308,0.0030229748226702213,0.023579202592372894,True
ViT-B-16__block12,300_400,1,4,0.001,0.0009567727288213003,5.347964286804199,7.09334135055542,1.7453770637512207,0.2968561053276062,0.4897218942642212,0.006650544237345457,0.02237001247704029,True
ViT-B-16__block12,300_400,1,5,0.001,0.0009330127018922195,5.094778060913086,7.095507621765137,2.000729560852051,0.38149940967559814,0.5834341049194336,0.0042321644723415375,0.019347038120031357,False
ViT-B-16__block12,300_400,1,6,0.001,0.0009045084971874739,4.888940811157227,7.1040191650390625,2.215078353881836,0.45707377791404724,0.6511487364768982,0.004836759530007839,0.02055622823536396,False
ViT-B-16__block12,300_400,1,7,0.001,0.0008715724127386972,4.707817077636719,7.116742134094238,2.4089250564575195,0.5296251773834229,0.7224909663200378,0.0036275696475058794,0.017533253878355026,False
ViT-B-16__block12,300_400,1,8,0.001,0.0008345653031794292,4.546807765960693,7.1269307136535645,2.580122947692871,0.5592502951622009,0.7666263580322266,0.0042321644723415375,0.019347038120031357,False
ViT-B-16__block12,300_400,1,9,0.001,0.0007938926261462366,4.399448394775391,7.147130489349365,2.7476820945739746,0.6305925250053406,0.7992745041847229,0.0042321644723415375,0.01511487364768982,False
ViT-B-16__block12,300_400,1,10,0.001,0.00075,4.25886344909668,7.145979881286621,2.8871164321899414,0.6638452410697937,0.8301088809967041,0.0042321644723415375,0.017533253878355026,False
ViT-B-16__block12,300_400,1,11,0.001,0.0007033683215379003,4.124581813812256,7.171782493591309,3.0472006797790527,0.7237001657485962,0.8645707368850708,0.004836759530007839,0.01692865788936615,False
ViT-B-16__block12,300_400,1,12,0.001,0.0006545084971874739,3.9834442138671875,7.189357280731201,3.2059130668640137,0.7539299130439758,0.8929867148399353,0.0042321644723415375,0.01874244399368763,False
ViT-B-16__block12,300_400,1,1,0.0001,9.972609476841367e-05,7.266974449157715,7.4347405433654785,0.16776609420776367,0.0018137848237529397,0.017533253878355026,0.0012091898825019598,0.006650544237345457,True
ViT-B-16__block12,300_400,1,2,0.0001,9.890738003669029e-05,7.031772613525391,7.354731559753418,0.32295894622802734,0.011487304233014584,0.03627569600939751,0.0036275696475058794,0.006650544237345457,True
ViT-B-16__block12,300_400,1,3,0.0001,9.755282581475769e-05,6.8255109786987305,7.301633358001709,0.4761223793029785,0.02418379858136177,0.06227327883243561,0.004836759530007839,0.008464328944683075,True
ViT-B-16__block12,300_400,1,4,0.0001,9.567727288213003e-05,6.655370712280273,7.259190559387207,0.6038198471069336,0.03990326449275017,0.09189843386411667,0.0042321644723415375,0.01027811411768198,True
ViT-B-16__block12,300_400,1,5,0.0001,9.330127018922194e-05,6.502324104309082,7.230594158172607,0.7282700538635254,0.05018138140439987,0.1172914206981659,0.0036275696475058794,0.012696493417024612,True
ViT-B-16__block12,300_400,1,6,0.0001,9.045084971874738e-05,6.374791145324707,7.20729923248291,0.8325080871582031,0.06166868284344673,0.15235792100429535,0.0024183797650039196,0.012696493417024612,True
ViT-B-16__block12,300_400,1,7,0.0001,8.715724127386972e-05,6.261725425720215,7.186165809631348,0.9244403839111328,0.077992744743824,0.18863362073898315,0.0012091898825019598,0.014510278590023518,True
ViT-B-16__block12,300_400,1,8,0.0001,8.345653031794292e-05,6.165752410888672,7.1705322265625,1.0047798156738281,0.093712218105793,0.21765418350696564,0.0018137848237529397,0.013301088474690914,True
ViT-B-16__block12,300_400,1,9,0.0001,7.938926261462366e-05,6.078129768371582,7.158833980560303,1.0807042121887207,0.10519952327013016,0.2394195944070816,0.0012091898825019598,0.01692865788936615,True
ViT-B-16__block12,300_400,1,10,0.0001,7.500000000000001e-05,5.997426986694336,7.149460315704346,1.1520333290100098,0.11487303674221039,0.2684401571750641,0.0018137848237529397,0.018137848004698753,True
ViT-B-16__block12,300_400,1,11,0.0001,7.033683215379003e-05,5.926589012145996,7.140040397644043,1.2134513854980469,0.13361547887325287,0.2974607050418854,0.0024183797650039196,0.017533253878355026,True
ViT-B-16__block12,300_400,1,12,0.0001,6.545084971874738e-05,5.86842155456543,7.134876728057861,1.2664551734924316,0.15054413676261902,0.31136640906333923,0.0018137848237529397,0.019951632246375084,True
ViT-B-16__block12,300_400,1,13,0.0001,6.039558454088797e-05,5.810420513153076,7.130469799041748,1.3200492858886719,0.1638452261686325,0.3331318199634552,0.0036275696475058794,0.01874244399368763,True
ViT-B-16__block12,300_400,1,14,0.0001,5.522642316338269e-05,5.760842323303223,7.126799583435059,1.365957260131836,0.17896009981632233,0.35308343172073364,0.0024183797650039196,0.019951632246375084,True
ViT-B-16__block12,300_400,1,15,0.0001,5.000000000000002e-05,5.713128566741943,7.123755931854248,1.4106273651123047,0.192865788936615,0.3663845360279083,0.0024183797650039196,0.019951632246375084,True
ViT-B-16__block12,300_400,1,16,0.0001,4.4773576836617344e-05,5.675935745239258,7.120335578918457,1.4443998336791992,0.20133011043071747,0.37908104062080383,0.0024183797650039196,0.02055622823536396,True
ViT-B-16__block12,300_400,1,17,0.0001,3.9604415459112035e-05,5.638586521148682,7.118260383605957,1.4796738624572754,0.20979444682598114,0.3935913145542145,0.0030229748226702213,0.019951632246375084,True
ViT-B-16__block12,300_400,1,18,0.0001,3.4549150281252636e-05,5.609060287475586,7.115940570831299,1.506880283355713,0.2164449840784073,0.4111245572566986,0.0030229748226702213,0.02055622823536396,True
ViT-B-16__block12,300_400,1,19,0.0001,2.966316784621e-05,5.581720352172852,7.11566162109375,1.5339412689208984,0.2212817519903183,0.4220072627067566,0.0030229748226702213,0.021765418350696564,True
ViT-B-16__block12,300_400,1,20,0.0001,2.5000000000000015e-05,5.5614094734191895,7.115706443786621,1.5542969703674316,0.22732770442962646,0.43047159910202026,0.0030229748226702213,0.021765418350696564,False
ViT-B-16__block12,300_400,1,21,0.0001,2.0610737385376352e-05,5.542258262634277,7.11483097076416,1.5725727081298828,0.23518742620944977,0.4371221363544464,0.0030229748226702213,0.021765418350696564,True
ViT-B-16__block12,300_400,1,22,0.0001,1.654346968205711e-05,5.526665687561035,7.114477157592773,1.5878114700317383,0.23881499469280243,0.44619107246398926,0.0030229748226702213,0.021765418350696564,True
ViT-B-16__block12,300_400,1,23,0.0001,1.2842758726130304e-05,5.514640808105469,7.1135430335998535,1.5989022254943848,0.2418379783630371,0.4480048418045044,0.0036275696475058794,0.021765418350696564,True
ViT-B-16__block12,300_400,1,24,0.0001,9.549150281252636e-06,5.50545597076416,7.113428115844727,1.6079721450805664,0.24425636231899261,0.4504232406616211,0.0036275696475058794,0.02237001247704029,True
ViT-B-16__block12,300_400,1,25,0.0001,6.698729810778068e-06,5.498421669006348,7.113521575927734,1.6150999069213867,0.24667473137378693,0.4558645784854889,0.0036275696475058794,0.021765418350696564,False
ViT-B-16__block12,300_400,1,26,0.0001,4.322727117869953e-06,5.4934282302856445,7.113491058349609,1.6200628280639648,0.2472793310880661,0.4552599787712097,0.0036275696475058794,0.021765418350696564,False
ViT-B-16__block12,300_400,1,27,0.0001,2.447174185242324e-06,5.490665435791016,7.113261699676514,1.622596263885498,0.2503023147583008,0.45646917819976807,0.0036275696475058794,0.021765418350696564,True
ViT-B-16__block12,300_400,1,28,0.0001,1.092619963309716e-06,5.489031791687012,7.1132659912109375,1.6242341995239258,0.25090691447257996,0.45707377791404724,0.0036275696475058794,0.021765418350696564,False
ViT-B-16__block12,300_400,1,29,0.0001,2.7390523158633003e-07,5.488264083862305,7.113277435302734,1.6250133514404297,0.25090691447257996,0.4576783776283264,0.0036275696475058794,0.021765418350696564,False
ViT-B-16__block12,300_400,1,30,0.0001,0.0,5.488075256347656,7.113278388977051,1.6252031326293945,0.25090691447257996,0.4576783776283264,0.0036275696475058794,0.021765418350696564,False
ViT-B-16__block12,500_600,0,1,0.001,0.0009972609476841367,7.024923324584961,7.459445476531982,0.4345221519470215,0.034461911767721176,0.08041112869977951,0.0,0.0018137848237529397,True
ViT-B-16__block12,500_600,0,2,0.001,0.0009890738003669028,6.475645065307617,7.5346150398254395,1.0589699745178223,0.09250302612781525,0.20133011043071747,0.0012091898825019598,0.0030229748226702213,False
ViT-B-16__block12,500_600,0,3,0.001,0.0009755282581475768,6.155896186828613,7.541153907775879,1.3852577209472656,0.16444982588291168,0.3101572096347809,0.0,0.0018137848237529397,False
ViT-B-16__block12,500_600,0,4,0.001,0.0009567727288213003,5.878274917602539,7.563243865966797,1.6849689483642578,0.2448609471321106,0.4189842939376831,0.0,0.0030229748226702213,False
ViT-B-16__block12,500_600,0,5,0.001,0.0009330127018922195,5.6286091804504395,7.577563285827637,1.9489541053771973,0.3258766829967499,0.5139057040214539,0.0006045949412509799,0.004836759530007839,False
ViT-B-16__block12,500_600,0,6,0.001,0.0009045084971874739,5.406066417694092,7.5877227783203125,2.1816563606262207,0.39721888303756714,0.6003627777099609,0.0,0.0042321644723415375,False
ViT-B-16__block12,500_600,0,7,0.001,0.0008715724127386972,5.203620910644531,7.601312160491943,2.397691249847412,0.4588875472545624,0.6626360416412354,0.0006045949412509799,0.0030229748226702213,False
ViT-B-16__block12,500_600,0,8,0.001,0.0008345653031794292,5.010771751403809,7.629903793334961,2.6191320419311523,0.5326481461524963,0.724304735660553,0.0006045949412509799,0.0030229748226702213,False
ViT-B-16__block12,500_600,0,9,0.001,0.0007938926261462366,4.840615272521973,7.64675235748291,2.8061370849609375,0.578597366809845,0.7750906944274902,0.0006045949412509799,0.004836759530007839,False
ViT-B-16__block12,500_600,0,1,0.0001,9.972609476841367e-05,7.366742134094238,7.546455383300781,0.17971324920654297,0.0042321644723415375,0.010882709175348282,0.0012091898825019598,0.0012091898825019598,True
ViT-B-16__block12,500_600,0,2,0.0001,9.890738003669029e-05,7.196634292602539,7.5300140380859375,0.33337974548339844,0.007255139295011759,0.018137848004698753,0.0006045949412509799,0.0024183797650039196,True
ViT-B-16__block12,500_600,0,3,0.0001,9.755282581475769e-05,7.049489974975586,7.527707099914551,0.47821712493896484,0.011487304233014584,0.03325272351503372,0.0,0.0036275696475058794,True
ViT-B-16__block12,500_600,0,4,0.0001,9.567727288213003e-05,6.919142723083496,7.532685279846191,0.6135425567626953,0.018137848004698753,0.05078597366809845,0.0,0.0024183797650039196,False
ViT-B-16__block12,500_600,0,5,0.0001,9.330127018922194e-05,6.802642822265625,7.5356903076171875,0.7330474853515625,0.025392986834049225,0.07980652898550034,0.0,0.0024183797650039196,False
ViT-B-16__block12,500_600,0,6,0.0001,9.045084971874738e-05,6.704239845275879,7.541055679321289,0.8368158340454102,0.034461911767721176,0.09492140263319016,0.0,0.0018137848237529397,False
ViT-B-16__block12,500_600,0,7,0.0001,8.715724127386972e-05,6.6139326095581055,7.545584678649902,0.9316520690917969,0.04715840518474579,0.11850060522556305,0.0,0.0018137848237529397,False
ViT-B-16__block12,500_600,0,8,0.0001,8.345653031794292e-05,6.537425994873047,7.5493316650390625,1.0119056701660156,0.05864571034908295,0.1354292631149292,0.0,0.0012091898825019598,False
ViT-B-16__block12,500_600,0,9,0.0001,7.938926261462366e-05,6.4664812088012695,7.555855751037598,1.0893745422363281,0.06590084731578827,0.16807739436626434,0.0,0.0012091898825019598,False
ViT-B-16__block12,500_600,0,10,0.0001,7.500000000000001e-05,6.401091575622559,7.560466766357422,1.1593751907348633,0.07617896050214767,0.18863362073898315,0.0,0.0018137848237529397,False
ViT-B-16__block12,500_600,0,11,0.0001,7.033683215379003e-05,6.341506004333496,7.562565803527832,1.221059799194336,0.08887545764446259,0.21221283078193665,0.0,0.0018137848237529397,False
ViT-B-16__block12,500_600,1,1,0.001,0.0009972609476841367,7.034602165222168,7.45164680480957,0.41704463958740234,0.03808948025107384,0.07738815248012543,0.0012091898825019598,0.004836759530007839,True
ViT-B-16__block12,500_600,1,2,0.001,0.0009890738003669028,6.4790873527526855,7.512759208679199,1.0336718559265137,0.10096735507249832,0.21039904654026031,0.0024183797650039196,0.007255139295011759,False
ViT-B-16__block12,500_600,1,3,0.001,0.0009755282581475768,6.151721954345703,7.531116485595703,1.37939453125,0.1741233468055725,0.3041112422943115,0.0018137848237529397,0.006650544237345457,False
ViT-B-16__block12,500_600,1,4,0.001,0.0009567727288213003,5.876429557800293,7.541500568389893,1.6650710105895996,0.24062879383563995,0.42563483119010925,0.0018137848237529397,0.007859733887016773,False
ViT-B-16__block12,500_600,1,5,0.001,0.0009330127018922195,5.626137733459473,7.551661014556885,1.925523281097412,0.3331318199634552,0.5042321681976318,0.0012091898825019598,0.007859733887016773,False
ViT-B-16__block12,500_600,1,6,0.001,0.0009045084971874739,5.393463611602783,7.564190864562988,2.170727252960205,0.41051995754241943,0.6051995158195496,0.0030229748226702213,0.008464328944683075,False
ViT-B-16__block12,500_600,1,7,0.001,0.0008715724127386972,5.1990790367126465,7.580085754394531,2.3810067176818848,0.4715840518474579,0.6795647144317627,0.0012091898825019598,0.005441354587674141,False
ViT-B-16__block12,500_600,1,8,0.001,0.0008345653031794292,5.010840892791748,7.59132719039917,2.580486297607422,0.5290205478668213,0.7200725674629211,0.0018137848237529397,0.009068924002349377,False
ViT-B-16__block12,500_600,1,9,0.001,0.0007938926261462366,4.828380584716797,7.610866546630859,2.7824859619140625,0.5937122106552124,0.7817412614822388,0.0012091898825019598,0.006650544237345457,False
ViT-B-16__block12,500_600,1,1,0.0001,9.972609476841367e-05,7.351907253265381,7.55388069152832,0.20197343826293945,0.0024183797650039196,0.009068924002349377,0.0006045949412509799,0.0024183797650039196,True
ViT-B-16__block12,500_600,1,2,0.0001,9.890738003669029e-05,7.179642677307129,7.528735160827637,0.3490924835205078,0.005441354587674141,0.01874244399368763,0.0018137848237529397,0.0030229748226702213,True
ViT-B-16__block12,500_600,1,3,0.0001,9.755282581475769e-05,7.032748699188232,7.523749351501465,0.4910006523132324,0.01027811411768198,0.03990326449275017,0.0018137848237529397,0.0042321644723415375,True
ViT-B-16__block12,500_600,1,4,0.0001,9.567727288213003e-05,6.905455589294434,7.5238776206970215,0.6184220314025879,0.02055622823536396,0.0598548986017704,0.0006045949412509799,0.006045949645340443,False
ViT-B-16__block12,500_600,1,5,0.0001,9.330127018922194e-05,6.7880120277404785,7.524416446685791,0.7364044189453125,0.0259975828230381,0.0834341049194336,0.0006045949412509799,0.006045949645340443,False
ViT-B-16__block12,500_600,1,6,0.0001,9.045084971874738e-05,6.688743591308594,7.527322292327881,0.8385787010192871,0.03204353153705597,0.10580411553382874,0.0,0.004836759530007839,False
ViT-B-16__block12,500_600,1,7,0.0001,8.715724127386972e-05,6.599272727966309,7.529990196228027,0.9307174682617188,0.04111245647072792,0.12817412614822388,0.0006045949412509799,0.007255139295011759,False
ViT-B-16__block12,500_600,1,8,0.0001,8.345653031794292e-05,6.520164489746094,7.532854080200195,1.0126895904541016,0.06469165533781052,0.15719468891620636,0.0006045949412509799,0.004836759530007839,False
ViT-B-16__block12,500_600,1,9,0.0001,7.938926261462366e-05,6.44816780090332,7.53648567199707,1.08831787109375,0.07859734445810318,0.17593713104724884,0.0012091898825019598,0.006045949645340443,False
ViT-B-16__block12,500_600,1,10,0.0001,7.500000000000001e-05,6.382802963256836,7.540196895599365,1.1573939323425293,0.09189843386411667,0.19588875770568848,0.0018137848237529397,0.006045949645340443,False
ViT-B-16__block12,500_600,1,11,0.0001,7.033683215379003e-05,6.320004463195801,7.542070388793945,1.2220659255981445,0.10096735507249832,0.22490932047367096,0.0024183797650039196,0.006045949645340443,False
ViT-L-14__block4,100_200,0,1,0.001,0.0009972609476841367,6.289587020874023,6.712198257446289,0.4226112365722656,0.045949216932058334,0.12152358144521713,0.010882709175348282,0.03929867222905159,True
ViT-L-14__block4,100_200,0,2,0.001,0.0009890738003669028,5.774657726287842,6.509875297546387,0.7352175712585449,0.0912938341498375,0.2158403992652893,0.01511487364768982,0.05320435389876366,True
ViT-L-14__block4,100_200,0,3,0.001,0.0009755282581475768,5.464919090270996,6.441770553588867,0.9768514633178711,0.1354292631149292,0.2841596305370331,0.016324063763022423,0.06045949459075928,True
ViT-L-14__block4,100_200,0,4,0.001,0.0009567727288213003,5.25010871887207,6.382050037384033,1.131941318511963,0.1638452261686325,0.32950425148010254,0.02237001247704029,0.06590084731578827,True
ViT-L-14__block4,100_200,0,5,0.001,0.0009330127018922195,5.028511047363281,6.368507385253906,1.339996337890625,0.2031438946723938,0.38452237844467163,0.019347038120031357,0.0701330155134201,True
ViT-L-14__block4,100_200,0,6,0.001,0.0009045084971874739,4.8257951736450195,6.361435413360596,1.5356402397155762,0.22067715227603912,0.42865779995918274,0.02055622823536396,0.06529625505208969,True
ViT-L-14__block4,100_200,0,7,0.001,0.0008715724127386972,4.6413116455078125,6.368325233459473,1.7270135879516602,0.25392988324165344,0.49032649397850037,0.021765418350696564,0.07496977597475052,False
ViT-L-14__block4,100_200,0,8,0.001,0.0008345653031794292,4.4324951171875,6.36934232711792,1.93684720993042,0.2974607050418854,0.5362756848335266,0.01874244399368763,0.06892382353544235,False
ViT-L-14__block4,100_200,0,9,0.001,0.0007938926261462366,4.214198589324951,6.388420581817627,2.174221992492676,0.34159615635871887,0.5822249054908752,0.02055622823536396,0.0755743682384491,False
ViT-L-14__block4,100_200,0,10,0.001,0.00075,3.949673652648926,6.457955360412598,2.508281707763672,0.4032648205757141,0.6535671353340149,0.019347038120031357,0.06469165533781052,False
ViT-L-14__block4,100_200,0,11,0.001,0.0007033683215379003,3.692065715789795,6.522574424743652,2.8305087089538574,0.4679564833641052,0.7091898918151855,0.021160822361707687,0.07073760777711868,False
ViT-L-14__block4,100_200,0,12,0.001,0.0006545084971874739,3.4526267051696777,6.606662273406982,3.1540355682373047,0.5296251773834229,0.7648125886917114,0.01874244399368763,0.06408706307411194,False
ViT-L-14__block4,100_200,0,13,0.001,0.0006039558454088797,3.1955137252807617,6.684996604919434,3.489482879638672,0.5918984413146973,0.8210399150848389,0.023579202592372894,0.06287787109613419,False
ViT-L-14__block4,100_200,0,14,0.001,0.0005522642316338269,2.9843106269836426,6.760793685913086,3.7764830589294434,0.6426844000816345,0.8694075345993042,0.02055622823536396,0.06408706307411194,False
ViT-L-14__block4,100_200,0,1,0.0001,9.972609476841367e-05,7.047324180603027,7.15703010559082,0.10970592498779297,0.0018137848237529397,0.01692865788936615,0.0018137848237529397,0.01027811411768198,True
ViT-L-14__block4,100_200,0,2,0.0001,9.890738003669029e-05,6.790755271911621,6.991084098815918,0.20032882690429688,0.009068924002349377,0.044135428965091705,0.006045949645340443,0.023579202592372894,True
ViT-L-14__block4,100_200,0,3,0.0001,9.755282581475769e-05,6.594475746154785,6.88129997253418,0.28682422637939453,0.019951632246375084,0.07255139201879501,0.009068924002349377,0.030834341421723366,True
ViT-L-14__block4,100_200,0,4,0.0001,9.567727288213003e-05,6.429125785827637,6.795008182525635,0.36588239669799805,0.034461911767721176,0.10096735507249832,0.008464328944683075,0.03567110002040863,True
ViT-L-14__block4,100_200,0,5,0.0001,9.330127018922194e-05,6.285974502563477,6.726901531219482,0.44092702865600586,0.040507860481739044,0.11547763645648956,0.01027811411768198,0.03929867222905159,True
ViT-L-14__block4,100_200,0,6,0.0001,9.045084971874738e-05,6.161877155303955,6.671546936035156,0.5096697807312012,0.04897218942642212,0.13482467830181122,0.01027811411768198,0.045949216932058334,True
ViT-L-14__block4,100_200,0,7,0.0001,8.715724127386972e-05,6.055431365966797,6.629368305206299,0.573936939239502,0.055622734129428864,0.14752116799354553,0.011487304233014584,0.045949216932058334,True
ViT-L-14__block4,100_200,0,8,0.0001,8.345653031794292e-05,5.959914207458496,6.5911688804626465,0.6312546730041504,0.06529625505208969,0.1638452261686325,0.013301088474690914,0.045949216932058334,True
ViT-L-14__block4,100_200,0,9,0.0001,7.938926261462366e-05,5.87453556060791,6.556074142456055,0.6815385818481445,0.0755743682384491,0.19105200469493866,0.012696493417024612,0.04897218942642212,True
ViT-L-14__block4,100_200,0,10,0.0001,7.500000000000001e-05,5.797689437866211,6.5300068855285645,0.7323174476623535,0.08101572096347809,0.20979444682598114,0.013301088474690914,0.05501813814043999,True
ViT-L-14__block4,100_200,0,11,0.0001,7.033683215379003e-05,5.735378265380859,6.508632659912109,0.77325439453125,0.08887545764446259,0.21825876832008362,0.014510278590023518,0.05259976163506508,True
ViT-L-14__block4,100_200,0,12,0.0001,6.545084971874738e-05,5.675736904144287,6.489926815032959,0.8141899108886719,0.09854897856712341,0.2339782416820526,0.017533253878355026,0.05380894988775253,True
ViT-L-14__block4,100_200,0,13,0.0001,6.039558454088797e-05,5.622509002685547,6.476520538330078,0.8540115356445312,0.09854897856712341,0.2448609471321106,0.014510278590023518,0.05501813814043999,True
ViT-L-14__block4,100_200,0,14,0.0001,5.522642316338269e-05,5.579415321350098,6.456933975219727,0.8775186538696289,0.10338573157787323,0.25876662135124207,0.016324063763022423,0.05622733011841774,True
ViT-L-14__block4,100_200,0,15,0.0001,5.000000000000002e-05,5.539791107177734,6.449817180633545,0.9100260734558105,0.11245466023683548,0.2726723253726959,0.017533253878355026,0.05622733011841774,True
ViT-L-14__block4,100_200,0,16,0.0001,4.4773576836617344e-05,5.504732608795166,6.438016891479492,0.9332842826843262,0.11910520493984222,0.28234583139419556,0.018137848004698753,0.057436518371105194,True
ViT-L-14__block4,100_200,0,17,0.0001,3.9604415459112035e-05,5.473457336425781,6.431026458740234,0.9575691223144531,0.1251511573791504,0.29262393712997437,0.01692865788936615,0.057436518371105194,True
ViT-L-14__block4,100_200,0,18,0.0001,3.4549150281252636e-05,5.449408531188965,6.421978950500488,0.9725704193115234,0.1275695264339447,0.2962515354156494,0.015719467774033546,0.05804111436009407,True
ViT-L-14__block4,100_200,0,19,0.0001,2.966316784621e-05,5.424490928649902,6.417488098144531,0.9929971694946289,0.12696494162082672,0.3065296411514282,0.01874244399368763,0.06045949459075928,True
ViT-L-14__block4,100_200,0,20,0.0001,2.5000000000000015e-05,5.40576171875,6.412572860717773,1.0068111419677734,0.1330108940601349,0.30592504143714905,0.017533253878355026,0.06348247081041336,True
ViT-L-14__block4,100_200,0,21,0.0001,2.0610737385376352e-05,5.391122817993164,6.407635688781738,1.0165128707885742,0.1330108940601349,0.3095526099205017,0.019347038120031357,0.06166868284344673,True
ViT-L-14__block4,100_200,0,22,0.0001,1.654346968205711e-05,5.378983497619629,6.404239654541016,1.0252561569213867,0.13905683159828186,0.3155985474586487,0.019347038120031357,0.06227327883243561,True
ViT-L-14__block4,100_200,0,23,0.0001,1.2842758726130304e-05,5.368124008178711,6.402647018432617,1.0345230102539062,0.1408706158399582,0.3155985474586487,0.019347038120031357,0.06227327883243561,True
ViT-L-14__block4,100_200,0,24,0.0001,9.549150281252636e-06,5.361240386962891,6.400653839111328,1.0394134521484375,0.1432889997959137,0.3180169463157654,0.01874244399368763,0.06287787109613419,True
ViT-L-14__block4,100_200,0,25,0.0001,6.698729810778068e-06,5.355443954467773,6.399206638336182,1.0437626838684082,0.14207981526851654,0.3174123466014862,0.019347038120031357,0.06469165533781052,True
ViT-L-14__block4,100_200,0,26,0.0001,4.322727117869953e-06,5.351646423339844,6.397950172424316,1.0463037490844727,0.14389359951019287,0.32103991508483887,0.019347038120031357,0.06408706307411194,True
ViT-L-14__block4,100_200,0,27,0.0001,2.447174185242324e-06,5.348821640014648,6.397475242614746,1.0486536026000977,0.14449818432331085,0.31922611594200134,0.01874244399368763,0.06348247081041336,True
ViT-L-14__block4,100_200,0,28,0.0001,1.092619963309716e-06,5.34732723236084,6.397339820861816,1.0500125885009766,0.1432889997959137,0.3198307156562805,0.019347038120031357,0.06408706307411194,True
ViT-L-14__block4,100_200,0,29,0.0001,2.7390523158633003e-07,5.3467936515808105,6.397243499755859,1.0504498481750488,0.14389359951019287,0.31862154603004456,0.019347038120031357,0.06348247081041336,True
ViT-L-14__block4,100_200,0,30,0.0001,0.0,5.346662521362305,6.397214889526367,1.0505523681640625,0.14389359951019287,0.31862154603004456,0.019347038120031357,0.06348247081041336,True
ViT-L-14__block4,100_200,1,1,0.001,0.0009972609476841367,6.291256904602051,6.710868835449219,0.41961193084716797,0.03990326449275017,0.1172914206981659,0.008464328944683075,0.03688029199838638,True
ViT-L-14__block4,100_200,1,2,0.001,0.0009890738003669028,5.782004356384277,6.534420013427734,0.752415657043457,0.08645707368850708,0.20677146315574646,0.013905683532357216,0.055622734129428864,True
ViT-L-14__block4,100_200,1,3,0.001,0.0009755282581475768,5.44619607925415,6.4629998207092285,1.0168037414550781,0.1275695264339447,0.2811366617679596,0.019347038120031357,0.06227327883243561,True
ViT-L-14__block4,100_200,1,4,0.001,0.0009567727288213003,5.212778091430664,6.4308576583862305,1.2180795669555664,0.1590084731578827,0.3313180208206177,0.01692865788936615,0.05864571034908295,True
ViT-L-14__block4,100_200,1,5,0.001,0.0009330127018922195,4.99587345123291,6.397502899169922,1.4016294479370117,0.20133011043071747,0.38089480996131897,0.023579202592372894,0.07617896050214767,True
ViT-L-14__block4,100_200,1,6,0.001,0.0009045084971874739,4.810672283172607,6.415407180786133,1.6047348976135254,0.22732770442962646,0.4425635039806366,0.018137848004698753,0.07617896050214767,False
ViT-L-14__block4,100_200,1,7,0.001,0.0008715724127386972,4.599733352661133,6.418755054473877,1.8190217018127441,0.26964935660362244,0.489117294549942,0.019951632246375084,0.07980652898550034,False
ViT-L-14__block4,100_200,1,8,0.001,0.0008345653031794292,4.379631996154785,6.4764404296875,2.096808433532715,0.3071342408657074,0.5513905882835388,0.021160822361707687,0.07496977597475052,False
ViT-L-14__block4,100_200,1,9,0.001,0.0007938926261462366,4.144017696380615,6.466750144958496,2.322732448577881,0.35006046295166016,0.6197097897529602,0.017533253878355026,0.07315598428249359,False
ViT-L-14__block4,100_200,1,10,0.001,0.00075,3.896949291229248,6.531998634338379,2.635049343109131,0.40447402000427246,0.6777509450912476,0.018137848004698753,0.07255139201879501,False
ViT-L-14__block4,100_200,1,11,0.001,0.0007033683215379003,3.6383960247039795,6.61961555480957,2.981219530105591,0.47823458909988403,0.7315598726272583,0.02237001247704029,0.06952841579914093,False
ViT-L-14__block4,100_200,1,12,0.001,0.0006545084971874739,3.368302345275879,6.697895526885986,3.3295931816101074,0.5368803143501282,0.8059250712394714,0.018137848004698753,0.06227327883243561,False
ViT-L-14__block4,100_200,1,13,0.001,0.0006039558454088797,3.099325180053711,6.75724983215332,3.6579246520996094,0.6305925250053406,0.8573155999183655,0.018137848004698753,0.059250302612781525,False
ViT-L-14__block4,100_200,1,1,0.0001,9.972609476841367e-05,7.054533958435059,7.159615516662598,0.10508155822753906,0.005441354587674141,0.016324063763022423,0.0024183797650039196,0.009068924002349377,True
ViT-L-14__block4,100_200,1,2,0.0001,9.890738003669029e-05,6.7949090003967285,6.990021705627441,0.1951127052307129,0.011487304233014584,0.03506650775671005,0.0030229748226702213,0.017533253878355026,True
ViT-L-14__block4,100_200,1,3,0.0001,9.755282581475769e-05,6.6023664474487305,6.8770904541015625,0.27472400665283203,0.021160822361707687,0.06287787109613419,0.004836759530007839,0.022974608466029167,True
ViT-L-14__block4,100_200,1,4,0.0001,9.567727288213003e-05,6.43936824798584,6.795088768005371,0.35572052001953125,0.027206772938370705,0.08222491294145584,0.006045949645340443,0.027811367064714432,True
ViT-L-14__block4,100_200,1,5,0.0001,9.330127018922194e-05,6.300281524658203,6.730600357055664,0.43031883239746094,0.040507860481739044,0.10459492355585098,0.0042321644723415375,0.03204353153705597,True
ViT-L-14__block4,100_200,1,6,0.0001,9.045084971874738e-05,6.178493499755859,6.674768924713135,0.4962754249572754,0.04715840518474579,0.1299879103899002,0.009068924002349377,0.03627569600939751,True
ViT-L-14__block4,100_200,1,7,0.0001,8.715724127386972e-05,6.0689473152160645,6.636192321777344,0.5672450065612793,0.055622734129428864,0.14752116799354553,0.009068924002349377,0.04534462094306946,True
ViT-L-14__block4,100_200,1,8,0.0001,8.345653031794292e-05,5.973752975463867,6.602591514587402,0.6288385391235352,0.06287787109613419,0.16505442559719086,0.011487304233014584,0.04534462094306946,True
ViT-L-14__block4,100_200,1,9,0.0001,7.938926261462366e-05,5.889547348022461,6.57236385345459,0.6828165054321289,0.07436517626047134,0.18561065196990967,0.014510278590023518,0.047763001173734665,True
ViT-L-14__block4,100_200,1,10,0.0001,7.500000000000001e-05,5.814670562744141,6.5453877449035645,0.7307171821594238,0.08222491294145584,0.19165658950805664,0.015719467774033546,0.051390569657087326,True
ViT-L-14__block4,100_200,1,11,0.0001,7.033683215379003e-05,5.7460761070251465,6.527906894683838,0.7818307876586914,0.08403869718313217,0.20979444682598114,0.012696493417024612,0.05441354587674141,True
ViT-L-14__block4,100_200,1,12,0.0001,6.545084971874738e-05,5.6877970695495605,6.509241104125977,0.821444034576416,0.09492140263319016,0.22067715227603912,0.01874244399368763,0.057436518371105194,True
ViT-L-14__block4,100_200,1,13,0.0001,6.039558454088797e-05,5.632667064666748,6.4953413009643555,0.8626742362976074,0.10096735507249832,0.24304716289043427,0.015719467774033546,0.056831926107406616,True
ViT-L-14__block4,100_200,1,14,0.0001,5.522642316338269e-05,5.585506439208984,6.488614082336426,0.9031076431274414,0.10580411553382874,0.24788393080234528,0.01874244399368763,0.05804111436009407,True
ViT-L-14__block4,100_200,1,15,0.0001,5.000000000000002e-05,5.543370246887207,6.473819255828857,0.9304490089416504,0.10882709175348282,0.25151148438453674,0.01874244399368763,0.06348247081041336,True
ViT-L-14__block4,100_200,1,16,0.0001,4.4773576836617344e-05,5.507287979125977,6.466526031494141,0.9592380523681641,0.11305925250053406,0.26723095774650574,0.019951632246375084,0.059250302612781525,True
ViT-L-14__block4,100_200,1,17,0.0001,3.9604415459112035e-05,5.477982521057129,6.459718227386475,0.9817357063293457,0.11487303674221039,0.2702539265155792,0.018137848004698753,0.06045949459075928,True
ViT-L-14__block4,100_200,1,18,0.0001,3.4549150281252636e-05,5.448216438293457,6.448742866516113,1.0005264282226562,0.1251511573791504,0.2835550308227539,0.018137848004698753,0.06469165533781052,True
ViT-L-14__block4,100_200,1,19,0.0001,2.966316784621e-05,5.424660682678223,6.4465131759643555,1.0218524932861328,0.12877872586250305,0.2859733998775482,0.019347038120031357,0.06287787109613419,True
ViT-L-14__block4,100_200,1,20,0.0001,2.5000000000000015e-05,5.405706405639648,6.443859577178955,1.0381531715393066,0.12938331067562103,0.2920193672180176,0.021160822361707687,0.06348247081041336,True
ViT-L-14__block4,100_200,1,21,0.0001,2.0610737385376352e-05,5.391666412353516,6.439589500427246,1.0479230880737305,0.12938331067562103,0.2974607050418854,0.02055622823536396,0.06590084731578827,True
ViT-L-14__block4,100_200,1,22,0.0001,1.654346968205711e-05,5.376543045043945,6.437669277191162,1.0611262321472168,0.13059251010417938,0.29262393712997437,0.02055622823536396,0.06529625505208969,True
ViT-L-14__block4,100_200,1,23,0.0001,1.2842758726130304e-05,5.366391181945801,6.435125350952148,1.0687341690063477,0.13663846254348755,0.2986699044704437,0.01874244399368763,0.061064090579748154,True
ViT-L-14__block4,100_200,1,24,0.0001,9.549150281252636e-06,5.3585968017578125,6.433263778686523,1.074666976928711,0.1354292631149292,0.3022974729537964,0.019347038120031357,0.06287787109613419,True
ViT-L-14__block4,100_200,1,25,0.0001,6.698729810778068e-06,5.352207183837891,6.433171272277832,1.0809640884399414,0.13361547887325287,0.3053204417228699,0.019347038120031357,0.06469165533781052,True
ViT-L-14__block4,100_200,1,26,0.0001,4.322727117869953e-06,5.3480072021484375,6.431917190551758,1.0839099884033203,0.13422007858753204,0.3047158420085907,0.01874244399368763,0.06408706307411194,True
ViT-L-14__block4,100_200,1,27,0.0001,2.447174185242324e-06,5.345114707946777,6.431450843811035,1.0863361358642578,0.13482467830181122,0.3053204417228699,0.019951632246375084,0.06348247081041336,True
ViT-L-14__block4,100_200,1,28,0.0001,1.092619963309716e-06,5.343589782714844,6.431103706359863,1.0875139236450195,0.13482467830181122,0.3053204417228699,0.019951632246375084,0.06287787109613419,True
ViT-L-14__block4,100_200,1,29,0.0001,2.7390523158633003e-07,5.343101978302002,6.431118965148926,1.0880169868469238,0.1354292631149292,0.30592504143714905,0.019951632246375084,0.06408706307411194,False
ViT-L-14__block4,100_200,1,30,0.0001,0.0,5.34294319152832,6.431070327758789,1.0881271362304688,0.13603386282920837,0.30592504143714905,0.019951632246375084,0.06408706307411194,True
ViT-L-14__block4,300_400,0,1,0.001,0.0009972609476841367,6.9804182052612305,7.243045330047607,0.26262712478637695,0.019347038120031357,0.05259976163506508,0.0012091898825019598,0.009673519060015678,True
ViT-L-14__block4,300_400,0,2,0.001,0.0009890738003669028,6.594823360443115,7.182249069213867,0.587425708770752,0.038694076240062714,0.1039903312921524,0.0024183797650039196,0.01511487364768982,True
ViT-L-14__block4,300_400,0,3,0.001,0.0009755282581475768,6.3476715087890625,7.176307678222656,0.8286361694335938,0.06045949459075928,0.14510278403759003,0.0030229748226702213,0.013905683532357216,True
ViT-L-14__block4,300_400,0,4,0.001,0.0009567727288213003,6.146712303161621,7.1840500831604,1.0373377799987793,0.08222491294145584,0.19588875770568848,0.006045949645340443,0.013301088474690914,False
ViT-L-14__block4,300_400,0,5,0.001,0.0009330127018922195,5.909183502197266,7.205728530883789,1.2965450286865234,0.12212818115949631,0.2575574517250061,0.0030229748226702213,0.016324063763022423,False
ViT-L-14__block4,300_400,0,6,0.001,0.0009045084971874739,5.678898334503174,7.230024337768555,1.5511260032653809,0.14752116799354553,0.30290207266807556,0.0030229748226702213,0.01511487364768982,False
ViT-L-14__block4,300_400,0,7,0.001,0.0008715724127386972,5.441529273986816,7.27657413482666,1.8350448608398438,0.18802902102470398,0.363966166973114,0.0036275696475058794,0.009673519060015678,False
ViT-L-14__block4,300_400,0,8,0.001,0.0008345653031794292,5.153321266174316,7.352112770080566,2.19879150390625,0.25392988324165344,0.4353083670139313,0.0024183797650039196,0.012091899290680885,False
ViT-L-14__block4,300_400,0,9,0.001,0.0007938926261462366,4.87225341796875,7.410199165344238,2.5379457473754883,0.28234583139419556,0.5145102739334106,0.0042321644723415375,0.014510278590023518,False
ViT-L-14__block4,300_400,0,10,0.001,0.00075,4.534258842468262,7.526423454284668,2.9921646118164062,0.3536880314350128,0.5665054321289062,0.0036275696475058794,0.013905683532357216,False
ViT-L-14__block4,300_400,0,11,0.001,0.0007033683215379003,4.259861946105957,7.600998878479004,3.341136932373047,0.40749698877334595,0.6305925250053406,0.0036275696475058794,0.013905683532357216,False
ViT-L-14__block4,300_400,0,1,0.0001,9.972609476841367e-05,7.284305572509766,7.373149871826172,0.08884429931640625,0.0012091898825019598,0.006045949645340443,0.0,0.006045949645340443,True
ViT-L-14__block4,300_400,0,2,0.0001,9.890738003669029e-05,7.14615535736084,7.307794094085693,0.16163873672485352,0.0042321644723415375,0.015719467774033546,0.0006045949412509799,0.007255139295011759,True
ViT-L-14__block4,300_400,0,3,0.0001,9.755282581475769e-05,7.033801078796387,7.2697858810424805,0.23598480224609375,0.008464328944683075,0.03022974729537964,0.0018137848237529397,0.009068924002349377,True
ViT-L-14__block4,300_400,0,4,0.0001,9.567727288213003e-05,6.934466361999512,7.2472615242004395,0.31279516220092773,0.013905683532357216,0.044135428965091705,0.0024183797650039196,0.009673519060015678,True
ViT-L-14__block4,300_400,0,5,0.0001,9.330127018922194e-05,6.846198081970215,7.229896545410156,0.3836984634399414,0.01874244399368763,0.051390569657087326,0.0018137848237529397,0.009068924002349377,True
ViT-L-14__block4,300_400,0,6,0.0001,9.045084971874738e-05,6.770263671875,7.211366653442383,0.4411029815673828,0.023579202592372894,0.06227327883243561,0.0030229748226702213,0.012696493417024612,True
ViT-L-14__block4,300_400,0,7,0.0001,8.715724127386972e-05,6.702482223510742,7.201977729797363,0.4994955062866211,0.022974608466029167,0.06831923127174377,0.0024183797650039196,0.014510278590023518,True
ViT-L-14__block4,300_400,0,8,0.0001,8.345653031794292e-05,6.642348289489746,7.194477081298828,0.552128791809082,0.029625151306390762,0.08041112869977951,0.0042321644723415375,0.012696493417024612,True
ViT-L-14__block4,300_400,0,9,0.0001,7.938926261462366e-05,6.585204601287842,7.1893157958984375,0.6041111946105957,0.034461911767721176,0.08524788916110992,0.0036275696475058794,0.014510278590023518,True
ViT-L-14__block4,300_400,0,10,0.0001,7.500000000000001e-05,6.535667419433594,7.185354232788086,0.6496868133544922,0.03506650775671005,0.09068924188613892,0.0030229748226702213,0.014510278590023518,True
ViT-L-14__block4,300_400,0,11,0.0001,7.033683215379003e-05,6.493203163146973,7.185208320617676,0.6920051574707031,0.03990326449275017,0.10217654705047607,0.005441354587674141,0.01511487364768982,True
ViT-L-14__block4,300_400,0,12,0.0001,6.545084971874738e-05,6.453059673309326,7.180116653442383,0.7270569801330566,0.04292624071240425,0.11124546825885773,0.004836759530007839,0.014510278590023518,True
ViT-L-14__block4,300_400,0,13,0.0001,6.039558454088797e-05,6.4182586669921875,7.181330680847168,0.7630720138549805,0.044135428965091705,0.11426844447851181,0.0036275696475058794,0.01511487364768982,False
ViT-L-14__block4,300_400,0,14,0.0001,5.522642316338269e-05,6.383718490600586,7.181211948394775,0.7974934577941895,0.04897218942642212,0.12636034190654755,0.0042321644723415375,0.016324063763022423,False
ViT-L-14__block4,300_400,0,15,0.0001,5.000000000000002e-05,6.354281425476074,7.181978225708008,0.8276968002319336,0.04655380919575691,0.13966143131256104,0.004836759530007839,0.017533253878355026,False
ViT-L-14__block4,300_400,0,16,0.0001,4.4773576836617344e-05,6.331119537353516,7.1772871017456055,0.8461675643920898,0.051390569657087326,0.13724304735660553,0.0036275696475058794,0.01692865788936615,True
ViT-L-14__block4,300_400,0,17,0.0001,3.9604415459112035e-05,6.306530952453613,7.180066108703613,0.87353515625,0.056831926107406616,0.13724304735660553,0.0036275696475058794,0.013905683532357216,False
ViT-L-14__block4,300_400,0,18,0.0001,3.4549150281252636e-05,6.289731502532959,7.179741859436035,0.8900103569030762,0.056831926107406616,0.14147521555423737,0.0036275696475058794,0.017533253878355026,False
ViT-L-14__block4,300_400,0,19,0.0001,2.966316784621e-05,6.272664546966553,7.181954383850098,0.9092898368835449,0.055622734129428864,0.14449818432331085,0.004836759530007839,0.017533253878355026,False
ViT-L-14__block4,300_400,0,20,0.0001,2.5000000000000015e-05,6.256596565246582,7.182706356048584,0.926109790802002,0.055622734129428864,0.14993955194950104,0.0030229748226702213,0.01511487364768982,False
ViT-L-14__block4,300_400,0,21,0.0001,2.0610737385376352e-05,6.24509859085083,7.181748867034912,0.936650276184082,0.05864571034908295,0.15235792100429535,0.0042321644723415375,0.017533253878355026,False
ViT-L-14__block4,300_400,0,22,0.0001,1.654346968205711e-05,6.235437870025635,7.181490898132324,0.9460530281066895,0.06166868284344673,0.15659008920192719,0.0030229748226702213,0.01511487364768982,False
ViT-L-14__block4,300_400,0,23,0.0001,1.2842758726130304e-05,6.227865219116211,7.182694435119629,0.954829216003418,0.06166868284344673,0.15840387344360352,0.0036275696475058794,0.015719467774033546,False
ViT-L-14__block4,300_400,0,24,0.0001,9.549150281252636e-06,6.221234321594238,7.183387756347656,0.962153434753418,0.06166868284344673,0.1590084731578827,0.0030229748226702213,0.016324063763022423,False
ViT-L-14__block4,300_400,1,1,0.001,0.0009972609476841367,6.9665656089782715,7.227462291717529,0.2608966827392578,0.017533253878355026,0.05804111436009407,0.0006045949412509799,0.010882709175348282,True
ViT-L-14__block4,300_400,1,2,0.001,0.0009890738003669028,6.577484607696533,7.185458183288574,0.607973575592041,0.04655380919575691,0.11426844447851181,0.0018137848237529397,0.010882709175348282,True
ViT-L-14__block4,300_400,1,3,0.001,0.0009755282581475768,6.341740608215332,7.153986930847168,0.8122463226318359,0.06650544703006744,0.15840387344360352,0.0030229748226702213,0.013905683532357216,True
ViT-L-14__block4,300_400,1,4,0.001,0.0009567727288213003,6.117878437042236,7.170238018035889,1.0523595809936523,0.093712218105793,0.2164449840784073,0.004836759530007839,0.016324063763022423,False
ViT-L-14__block4,300_400,1,5,0.001,0.0009330127018922195,5.895915985107422,7.191152572631836,1.295236587524414,0.1324062943458557,0.2545344829559326,0.0030229748226702213,0.013301088474690914,False
ViT-L-14__block4,300_400,1,6,0.001,0.0009045084971874739,5.672098159790039,7.225637435913086,1.5535392761230469,0.1590084731578827,0.3143893778324127,0.005441354587674141,0.017533253878355026,False
ViT-L-14__block4,300_400,1,7,0.001,0.0008715724127386972,5.408398628234863,7.274065017700195,1.865666389465332,0.20737606287002563,0.39238211512565613,0.0024183797650039196,0.01511487364768982,False
ViT-L-14__block4,300_400,1,8,0.001,0.0008345653031794292,5.13047981262207,7.38664436340332,2.25616455078125,0.2370012104511261,0.4353083670139313,0.0024183797650039196,0.013905683532357216,False
ViT-L-14__block4,300_400,1,9,0.001,0.0007938926261462366,4.834196090698242,7.427085876464844,2.5928897857666016,0.31680774688720703,0.525393009185791,0.0036275696475058794,0.016324063763022423,False
ViT-L-14__block4,300_400,1,10,0.001,0.00075,4.5345540046691895,7.5353617668151855,3.000807762145996,0.36517533659935,0.5991535782814026,0.0018137848237529397,0.012696493417024612,False
ViT-L-14__block4,300_400,1,11,0.001,0.0007033683215379003,4.238385200500488,7.639199256896973,3.4008140563964844,0.43349456787109375,0.6590085029602051,0.0018137848237529397,0.012696493417024612,False
ViT-L-14__block4,300_400,1,1,0.0001,9.972609476841367e-05,7.281603813171387,7.35830545425415,0.07670164108276367,0.0,0.007255139295011759,0.0,0.0042321644723415375,True
ViT-L-14__block4,300_400,1,2,0.0001,9.890738003669029e-05,7.14700984954834,7.300863265991211,0.1538534164428711,0.0018137848237529397,0.017533253878355026,0.0006045949412509799,0.004836759530007839,True
ViT-L-14__block4,300_400,1,3,0.0001,9.755282581475769e-05,7.030354022979736,7.26077938079834,0.23042535781860352,0.009068924002349377,0.029020557180047035,0.0006045949412509799,0.008464328944683075,True
ViT-L-14__block4,300_400,1,4,0.0001,9.567727288213003e-05,6.929624557495117,7.23334264755249,0.30371809005737305,0.012696493417024612,0.03929867222905159,0.0018137848237529397,0.009673519060015678,True
ViT-L-14__block4,300_400,1,5,0.0001,9.330127018922194e-05,6.839339256286621,7.213650703430176,0.3743114471435547,0.019347038120031357,0.05441354587674141,0.0030229748226702213,0.01027811411768198,True
ViT-L-14__block4,300_400,1,6,0.0001,9.045084971874738e-05,6.761562347412109,7.201115608215332,0.43955326080322266,0.024788392707705498,0.06529625505208969,0.0024183797650039196,0.009068924002349377,True
ViT-L-14__block4,300_400,1,7,0.0001,8.715724127386972e-05,6.693872451782227,7.192729473114014,0.4988570213317871,0.027811367064714432,0.07376058399677277,0.0018137848237529397,0.01027811411768198,True
ViT-L-14__block4,300_400,1,8,0.0001,8.345653031794292e-05,6.630219459533691,7.184946060180664,0.5547266006469727,0.03204353153705597,0.07859734445810318,0.0012091898825019598,0.010882709175348282,True
ViT-L-14__block4,300_400,1,9,0.0001,7.938926261462366e-05,6.576266288757324,7.1770830154418945,0.6008167266845703,0.03688029199838638,0.093712218105793,0.0030229748226702213,0.01027811411768198,True
ViT-L-14__block4,300_400,1,10,0.0001,7.500000000000001e-05,6.529940605163574,7.174238204956055,0.6442975997924805,0.042321644723415375,0.09794437885284424,0.0012091898825019598,0.012091899290680885,True
ViT-L-14__block4,300_400,1,11,0.0001,7.033683215379003e-05,6.48345422744751,7.174037933349609,0.6905837059020996,0.04655380919575691,0.10580411553382874,0.0018137848237529397,0.012091899290680885,True
ViT-L-14__block4,300_400,1,12,0.0001,6.545084971874738e-05,6.445136070251465,7.168827056884766,0.7236909866333008,0.049576785415410995,0.11547763645648956,0.0024183797650039196,0.009068924002349377,True
ViT-L-14__block4,300_400,1,13,0.0001,6.039558454088797e-05,6.4087677001953125,7.167285919189453,0.7585182189941406,0.04836759716272354,0.12394196540117264,0.0012091898825019598,0.013301088474690914,True
ViT-L-14__block4,300_400,1,14,0.0001,5.522642316338269e-05,6.373404502868652,7.167275905609131,0.7938714027404785,0.05259976163506508,0.13180169463157654,0.0018137848237529397,0.01027811411768198,True
ViT-L-14__block4,300_400,1,15,0.0001,5.000000000000002e-05,6.34261417388916,7.169160842895508,0.8265466690063477,0.055622734129428864,0.14207981526851654,0.0018137848237529397,0.012091899290680885,False
ViT-L-14__block4,300_400,1,16,0.0001,4.4773576836617344e-05,6.318267822265625,7.168932914733887,0.8506650924682617,0.06045949459075928,0.14510278403759003,0.0012091898825019598,0.012696493417024612,False
ViT-L-14__block4,300_400,1,17,0.0001,3.9604415459112035e-05,6.295928955078125,7.171820640563965,0.8758916854858398,0.06408706307411194,0.14752116799354553,0.0006045949412509799,0.013905683532357216,False
ViT-L-14__block4,300_400,1,18,0.0001,3.4549150281252636e-05,6.2749481201171875,7.1707353591918945,0.895787239074707,0.0677146315574646,0.155985489487648,0.0012091898825019598,0.016324063763022423,False
ViT-L-14__block4,300_400,1,19,0.0001,2.966316784621e-05,6.256553649902344,7.171680450439453,0.9151268005371094,0.06590084731578827,0.15961305797100067,0.0012091898825019598,0.013905683532357216,False
ViT-L-14__block4,300_400,1,20,0.0001,2.5000000000000015e-05,6.242432117462158,7.173887252807617,0.931455135345459,0.06711003929376602,0.16203144192695618,0.0006045949412509799,0.013301088474690914,False
ViT-L-14__block4,300_400,1,21,0.0001,2.0610737385376352e-05,6.230857849121094,7.171246528625488,0.9403886795043945,0.0677146315574646,0.161426842212677,0.0012091898825019598,0.013301088474690914,False
ViT-L-14__block4,300_400,1,22,0.0001,1.654346968205711e-05,6.2191362380981445,7.171631813049316,0.9524955749511719,0.06952841579914093,0.16807739436626434,0.0012091898825019598,0.013301088474690914,False
ViT-L-14__block4,500_600,0,1,0.001,0.0009972609476841367,7.2780303955078125,7.412564754486084,0.13453435897827148,0.009673519060015678,0.027811367064714432,0.0006045949412509799,0.0018137848237529397,True
ViT-L-14__block4,500_600,0,2,0.001,0.0009890738003669028,7.002209663391113,7.46280574798584,0.46059608459472656,0.030834341421723366,0.06952841579914093,0.0018137848237529397,0.0036275696475058794,False
ViT-L-14__block4,500_600,0,3,0.001,0.0009755282581475768,6.811291217803955,7.481368064880371,0.670076847076416,0.045949216932058334,0.10640870779752731,0.0006045949412509799,0.0024183797650039196,False
ViT-L-14__block4,500_600,0,4,0.001,0.0009567727288213003,6.610342979431152,7.512698173522949,0.9023551940917969,0.06348247081041336,0.1432889997959137,0.0006045949412509799,0.0036275696475058794,False
ViT-L-14__block4,500_600,0,5,0.001,0.0009330127018922195,6.399608612060547,7.567729949951172,1.168121337890625,0.09794437885284424,0.20133011043071747,0.0006045949412509799,0.004836759530007839,False
ViT-L-14__block4,500_600,0,6,0.001,0.0009045084971874739,6.161901473999023,7.619072914123535,1.4571714401245117,0.12031439691781998,0.2551390528678894,0.0,0.0042321644723415375,False
ViT-L-14__block4,500_600,0,7,0.001,0.0008715724127386972,5.899137020111084,7.721915245056152,1.8227782249450684,0.16021765768527985,0.30894801020622253,0.0,0.0042321644723415375,False
ViT-L-14__block4,500_600,0,8,0.001,0.0008345653031794292,5.561895370483398,7.802703857421875,2.2408084869384766,0.19951632618904114,0.3935913145542145,0.0,0.0042321644723415375,False
ViT-L-14__block4,500_600,0,9,0.001,0.0007938926261462366,5.255817413330078,7.934673309326172,2.6788558959960938,0.25634825229644775,0.4528416097164154,0.0,0.0036275696475058794,False
ViT-L-14__block4,500_600,0,1,0.0001,9.972609476841367e-05,7.378915786743164,7.465521812438965,0.08660602569580078,0.0006045949412509799,0.008464328944683075,0.0,0.0018137848237529397,True
ViT-L-14__block4,500_600,0,2,0.0001,9.890738003669029e-05,7.294709205627441,7.447247505187988,0.15253829956054688,0.0030229748226702213,0.013905683532357216,0.0,0.0012091898825019598,True
ViT-L-14__block4,500_600,0,3,0.0001,9.755282581475769e-05,7.233297348022461,7.444952011108398,0.2116546630859375,0.006650544237345457,0.019951632246375084,0.0006045949412509799,0.0030229748226702213,True
ViT-L-14__block4,500_600,0,4,0.0001,9.567727288213003e-05,7.171225547790527,7.45188570022583,0.28066015243530273,0.007255139295011759,0.02660217694938183,0.0006045949412509799,0.0018137848237529397,False
ViT-L-14__block4,500_600,0,5,0.0001,9.330127018922194e-05,7.113430976867676,7.458362579345703,0.34493160247802734,0.012696493417024612,0.03808948025107384,0.0018137848237529397,0.0036275696475058794,False
ViT-L-14__block4,500_600,0,6,0.0001,9.045084971874738e-05,7.063284397125244,7.463466167449951,0.40018177032470703,0.016324063763022423,0.04534462094306946,0.0006045949412509799,0.0036275696475058794,False
ViT-L-14__block4,500_600,0,7,0.0001,8.715724127386972e-05,7.013388156890869,7.466955184936523,0.4535670280456543,0.017533253878355026,0.05078597366809845,0.0018137848237529397,0.0042321644723415375,False
ViT-L-14__block4,500_600,0,8,0.0001,8.345653031794292e-05,6.969953536987305,7.473994255065918,0.5040407180786133,0.021765418350696564,0.05320435389876366,0.0024183797650039196,0.0042321644723415375,False
ViT-L-14__block4,500_600,0,9,0.0001,7.938926261462366e-05,6.928861141204834,7.48075532913208,0.5518941879272461,0.023579202592372894,0.06348247081041336,0.0030229748226702213,0.0030229748226702213,False
ViT-L-14__block4,500_600,0,10,0.0001,7.500000000000001e-05,6.889564037322998,7.485990047454834,0.5964260101318359,0.02660217694938183,0.07073760777711868,0.0024183797650039196,0.004836759530007839,False
ViT-L-14__block4,500_600,0,11,0.0001,7.033683215379003e-05,6.855152606964111,7.491992950439453,0.6368403434753418,0.029020557180047035,0.07436517626047134,0.0024183797650039196,0.0036275696475058794,False
ViT-L-14__block4,500_600,1,1,0.001,0.0009972609476841367,7.284295082092285,7.406446933746338,0.12215185165405273,0.01027811411768198,0.028415963053703308,0.0012091898825019598,0.0042321644723415375,True
ViT-L-14__block4,500_600,1,2,0.001,0.0009890738003669028,6.99345588684082,7.470203399658203,0.4767475128173828,0.032648127526044846,0.07194679975509644,0.0006045949412509799,0.0042321644723415375,False
ViT-L-14__block4,500_600,1,3,0.001,0.0009755282581475768,6.793318748474121,7.474032402038574,0.6807136535644531,0.06166868284344673,0.12333736568689346,0.0018137848237529397,0.004836759530007839,False
ViT-L-14__block4,500_600,1,4,0.001,0.0009567727288213003,6.587743282318115,7.508685111999512,0.9209418296813965,0.07980652898550034,0.16565901041030884,0.0,0.0036275696475058794,False
ViT-L-14__block4,500_600,1,5,0.001,0.0009330127018922195,6.3729753494262695,7.5380659103393555,1.165090560913086,0.11487303674221039,0.21281741559505463,0.0,0.006045949645340443,False
ViT-L-14__block4,500_600,1,6,0.001,0.0009045084971874739,6.122429847717285,7.616960525512695,1.4945306777954102,0.15054413676261902,0.2805320620536804,0.0006045949412509799,0.0030229748226702213,False
ViT-L-14__block4,500_600,1,7,0.001,0.0008715724127386972,5.817160606384277,7.672320365905762,1.8551597595214844,0.18621523678302765,0.34280532598495483,0.0018137848237529397,0.005441354587674141,False
ViT-L-14__block4,500_600,1,8,0.001,0.0008345653031794292,5.504268646240234,7.77860689163208,2.2743382453918457,0.23881499469280243,0.40266022086143494,0.0012091898825019598,0.0024183797650039196,False
ViT-L-14__block4,500_600,1,9,0.001,0.0007938926261462366,5.187676429748535,7.904149532318115,2.71647310256958,0.27750906348228455,0.48065298795700073,0.0006045949412509799,0.005441354587674141,False
ViT-L-14__block4,500_600,1,1,0.0001,9.972609476841367e-05,7.37788200378418,7.457924842834473,0.08004283905029297,0.0018137848237529397,0.004836759530007839,0.0,0.0012091898825019598,True
ViT-L-14__block4,500_600,1,2,0.0001,9.890738003669029e-05,7.2958478927612305,7.447939872741699,0.15209197998046875,0.0018137848237529397,0.009068924002349377,0.0006045949412509799,0.0024183797650039196,True
ViT-L-14__block4,500_600,1,3,0.0001,9.755282581475769e-05,7.234269142150879,7.444699764251709,0.21043062210083008,0.0024183797650039196,0.013905683532357216,0.0006045949412509799,0.0030229748226702213,True
ViT-L-14__block4,500_600,1,4,0.0001,9.567727288213003e-05,7.171613693237305,7.451208114624023,0.27959442138671875,0.004836759530007839,0.029020557180047035,0.0006045949412509799,0.006045949645340443,False
ViT-L-14__block4,500_600,1,5,0.0001,9.330127018922194e-05,7.111917972564697,7.453804969787598,0.3418869972229004,0.012091899290680885,0.03688029199838638,0.0006045949412509799,0.004836759530007839,False
ViT-L-14__block4,500_600,1,6,0.0001,9.045084971874738e-05,7.0567121505737305,7.45925235748291,0.4025402069091797,0.016324063763022423,0.047763001173734665,0.0006045949412509799,0.0042321644723415375,False
ViT-L-14__block4,500_600,1,7,0.0001,8.715724127386972e-05,7.00762939453125,7.464417457580566,0.4567880630493164,0.02237001247704029,0.06045949459075928,0.0012091898825019598,0.004836759530007839,False
ViT-L-14__block4,500_600,1,8,0.0001,8.345653031794292e-05,6.960949897766113,7.470958709716797,0.5100088119506836,0.028415963053703308,0.06711003929376602,0.0,0.004836759530007839,False
ViT-L-14__block4,500_600,1,9,0.0001,7.938926261462366e-05,6.918787956237793,7.476884841918945,0.5580968856811523,0.030834341421723366,0.07134220004081726,0.0006045949412509799,0.0042321644723415375,False
ViT-L-14__block4,500_600,1,10,0.0001,7.500000000000001e-05,6.881514549255371,7.482151031494141,0.6006364822387695,0.03143893554806709,0.07738815248012543,0.0006045949412509799,0.0042321644723415375,False
ViT-L-14__block4,500_600,1,11,0.0001,7.033683215379003e-05,6.843823432922363,7.48809814453125,0.6442747116088867,0.03567110002040863,0.08766626566648483,0.0006045949412509799,0.0042321644723415375,False
ViT-L-14__block24,100_200,0,1,0.001,0.0009972609476841367,6.200048446655273,6.984162330627441,0.784113883972168,0.08403869718313217,0.20193471014499664,0.006045949645340443,0.02237001247704029,True
ViT-L-14__block24,100_200,0,2,0.001,0.0009890738003669028,5.6033220291137695,6.8849968910217285,1.281674861907959,0.2085852473974228,0.39480048418045044,0.006650544237345457,0.032648127526044846,True
ViT-L-14__block24,100_200,0,3,0.001,0.0009755282581475768,5.195013046264648,6.850759506225586,1.6557464599609375,0.3391777575016022,0.54111248254776,0.007255139295011759,0.03325272351503372,True
ViT-L-14__block24,100_200,0,4,0.001,0.0009567727288213003,4.878009796142578,6.84039306640625,1.9623832702636719,0.44316810369491577,0.677146315574646,0.006045949645340443,0.034461911767721176,True
ViT-L-14__block24,100_200,0,5,0.001,0.0009330127018922195,4.632235050201416,6.83707332611084,2.204838275909424,0.5544135570526123,0.7660217881202698,0.006045949645340443,0.03567110002040863,True
ViT-L-14__block24,100_200,0,6,0.001,0.0009045084971874739,4.439479827880859,6.853171348571777,2.413691520690918,0.6245465874671936,0.826481282711029,0.005441354587674141,0.03204353153705597,False
ViT-L-14__block24,100_200,0,7,0.001,0.0008715724127386972,4.285406112670898,6.863397598266602,2.577991485595703,0.686819851398468,0.8530834913253784,0.006045949645340443,0.032648127526044846,False
ViT-L-14__block24,100_200,0,8,0.001,0.0008345653031794292,4.135525226593018,6.879924774169922,2.7443995475769043,0.7370012402534485,0.8941959142684937,0.004836759530007839,0.03506650775671005,False
ViT-L-14__block24,100_200,0,9,0.001,0.0007938926261462366,4.027556419372559,6.8730854988098145,2.845529079437256,0.7696493864059448,0.9117291569709778,0.0042321644723415375,0.034461911767721176,False
ViT-L-14__block24,100_200,0,10,0.001,0.00075,3.9280354976654053,6.898009777069092,2.9699742794036865,0.8047158718109131,0.92684406042099,0.006045949645340443,0.034461911767721176,False
ViT-L-14__block24,100_200,0,11,0.001,0.0007033683215379003,3.8224003314971924,6.907713890075684,3.085313558578491,0.832527220249176,0.9395405650138855,0.006045949645340443,0.038694076240062714,False
ViT-L-14__block24,100_200,0,12,0.001,0.0006545084971874739,3.730360746383667,6.899240493774414,3.168879747390747,0.8561064600944519,0.9461910724639893,0.006045949645340443,0.03567110002040863,False
ViT-L-14__block24,100_200,0,13,0.001,0.0006039558454088797,3.6402316093444824,6.917874336242676,3.2776427268981934,0.8730350732803345,0.9570738077163696,0.005441354587674141,0.03022974729537964,False
ViT-L-14__block24,100_200,0,1,0.0001,9.972609476841367e-05,7.183559417724609,7.363436698913574,0.17987728118896484,0.009068924002349377,0.021765418350696564,0.0018137848237529397,0.009673519060015678,True
ViT-L-14__block24,100_200,0,2,0.0001,9.890738003669029e-05,6.8849945068359375,7.235023498535156,0.35002899169921875,0.015719467774033546,0.04474002495408058,0.0030229748226702213,0.014510278590023518,True
ViT-L-14__block24,100_200,0,3,0.0001,9.755282581475769e-05,6.634416103363037,7.150076866149902,0.5156607627868652,0.030834341421723366,0.07738815248012543,0.004836759530007839,0.013905683532357216,True
ViT-L-14__block24,100_200,0,4,0.0001,9.567727288213003e-05,6.432661056518555,7.091128349304199,0.6584672927856445,0.04534462094306946,0.12696494162082672,0.0042321644723415375,0.018137848004698753,True
ViT-L-14__block24,100_200,0,5,0.0001,9.330127018922194e-05,6.263949871063232,7.044618606567383,0.7806687355041504,0.061064090579748154,0.17110036313533783,0.0042321644723415375,0.019347038120031357,True
ViT-L-14__block24,100_200,0,6,0.0001,9.045084971874738e-05,6.122139930725098,7.012590408325195,0.8904504776000977,0.08403869718313217,0.21523579955101013,0.0042321644723415375,0.021765418350696564,True
ViT-L-14__block24,100_200,0,7,0.0001,8.715724127386972e-05,5.997666358947754,6.985558032989502,0.987891674041748,0.1015719473361969,0.25392988324165344,0.004836759530007839,0.02237001247704029,True
ViT-L-14__block24,100_200,0,8,0.0001,8.345653031794292e-05,5.891390323638916,6.96671199798584,1.0753216743469238,0.12091898918151855,0.2865779995918274,0.004836759530007839,0.023579202592372894,True
ViT-L-14__block24,100_200,0,9,0.0001,7.938926261462366e-05,5.797097206115723,6.9518208503723145,1.1547236442565918,0.1511487364768982,0.3252720832824707,0.0030229748226702213,0.027811367064714432,True
ViT-L-14__block24,100_200,0,10,0.0001,7.500000000000001e-05,5.709384918212891,6.938473701477051,1.2290887832641602,0.17593713104724884,0.3621523678302765,0.0030229748226702213,0.029625151306390762,True
ViT-L-14__block24,100_200,0,11,0.0001,7.033683215379003e-05,5.634570121765137,6.930295467376709,1.2957253456115723,0.20133011043071747,0.39721888303756714,0.0042321644723415375,0.03022974729537964,True
ViT-L-14__block24,100_200,0,12,0.0001,6.545084971874738e-05,5.567386627197266,6.922306060791016,1.35491943359375,0.21281741559505463,0.4244256615638733,0.0042321644723415375,0.030834341421723366,True
ViT-L-14__block24,100_200,0,13,0.0001,6.039558454088797e-05,5.506174087524414,6.914931297302246,1.408757209777832,0.23760581016540527,0.4480048418045044,0.004836759530007839,0.03022974729537964,True
ViT-L-14__block24,100_200,0,14,0.0001,5.522642316338269e-05,5.452126502990723,6.910324573516846,1.458198070526123,0.2581620514392853,0.47037485241889954,0.0042321644723415375,0.03204353153705597,True
ViT-L-14__block24,100_200,0,15,0.0001,5.000000000000002e-05,5.401767730712891,6.9076128005981445,1.505845069885254,0.2738814949989319,0.4866989254951477,0.006650544237345457,0.03143893554806709,True
ViT-L-14__block24,100_200,0,16,0.0001,4.4773576836617344e-05,5.361494064331055,6.904538154602051,1.543044090270996,0.2883917987346649,0.506045937538147,0.007859733887016773,0.03022974729537964,True
ViT-L-14__block24,100_200,0,17,0.0001,3.9604415459112035e-05,5.322606563568115,6.901291370391846,1.5786848068237305,0.3077388107776642,0.521765410900116,0.007255139295011759,0.030834341421723366,True
ViT-L-14__block24,100_200,0,18,0.0001,3.4549150281252636e-05,5.2918291091918945,6.900346755981445,1.6085176467895508,0.31680774688720703,0.535066545009613,0.007859733887016773,0.030834341421723366,True
ViT-L-14__block24,100_200,0,19,0.0001,2.966316784621e-05,5.263296604156494,6.898564338684082,1.635267734527588,0.327690452337265,0.550786018371582,0.007255139295011759,0.030834341421723366,True
ViT-L-14__block24,100_200,0,20,0.0001,2.5000000000000015e-05,5.23934268951416,6.898161888122559,1.6588191986083984,0.3337364196777344,0.5604594945907593,0.007859733887016773,0.03204353153705597,True
ViT-L-14__block24,100_200,0,21,0.0001,2.0610737385376352e-05,5.2200422286987305,6.896961212158203,1.6769189834594727,0.3403869569301605,0.5773881673812866,0.008464328944683075,0.03325272351503372,True
ViT-L-14__block24,100_200,0,22,0.0001,1.654346968205711e-05,5.2040910720825195,6.896219253540039,1.6921281814575195,0.35006046295166016,0.5846433043479919,0.008464328944683075,0.03204353153705597,True
ViT-L-14__block24,100_200,0,23,0.0001,1.2842758726130304e-05,5.191200256347656,6.896289825439453,1.7050895690917969,0.35792019963264465,0.5906892418861389,0.008464328944683075,0.03204353153705597,False
ViT-L-14__block24,100_200,0,24,0.0001,9.549150281252636e-06,5.182168483734131,6.896073341369629,1.713904857635498,0.3621523678302765,0.5925030708312988,0.008464328944683075,0.032648127526044846,True
ViT-L-14__block24,100_200,0,25,0.0001,6.698729810778068e-06,5.174557209014893,6.8962721824646,1.721714973449707,0.36577993631362915,0.5955260396003723,0.008464328944683075,0.032648127526044846,False
ViT-L-14__block24,100_200,0,26,0.0001,4.322727117869953e-06,5.1695098876953125,6.895943641662598,1.7264337539672852,0.36577993631362915,0.5985490083694458,0.008464328944683075,0.03325272351503372,True
ViT-L-14__block24,100_200,0,27,0.0001,2.447174185242324e-06,5.166402816772461,6.896059513092041,1.72965669631958,0.3675937354564667,0.5979443788528442,0.008464328944683075,0.0338573157787323,False
ViT-L-14__block24,100_200,0,28,0.0001,1.092619963309716e-06,5.164468765258789,6.8960089683532715,1.7315402030944824,0.36880290508270264,0.6003627777099609,0.008464328944683075,0.0338573157787323,False
ViT-L-14__block24,100_200,0,29,0.0001,2.7390523158633003e-07,5.163722991943359,6.896003723144531,1.7322807312011719,0.36819830536842346,0.6003627777099609,0.008464328944683075,0.0338573157787323,False
ViT-L-14__block24,100_200,0,30,0.0001,0.0,5.163518905639648,6.895991325378418,1.7324724197387695,0.36819830536842346,0.6003627777099609,0.008464328944683075,0.0338573157787323,False
ViT-L-14__block24,100_200,1,1,0.001,0.0009972609476841367,6.195605278015137,7.007033824920654,0.8114285469055176,0.093712218105793,0.2079806625843048,0.007859733887016773,0.024788392707705498,True
ViT-L-14__block24,100_200,1,2,0.001,0.0009890738003669028,5.59865140914917,6.914927005767822,1.3162755966186523,0.2158403992652893,0.4056832194328308,0.008464328944683075,0.029625151306390762,True
ViT-L-14__block24,100_200,1,3,0.001,0.0009755282581475768,5.195239543914795,6.874088764190674,1.678849220275879,0.338573157787323,0.5513905882835388,0.007859733887016773,0.03143893554806709,True
ViT-L-14__block24,100_200,1,4,0.001,0.0009567727288213003,4.891877174377441,6.857071876525879,1.9651947021484375,0.4371221363544464,0.6565901041030884,0.007859733887016773,0.0338573157787323,True
ViT-L-14__block24,100_200,1,5,0.001,0.0009330127018922195,4.653362274169922,6.861977577209473,2.208615303039551,0.5308343768119812,0.7285369038581848,0.009673519060015678,0.0259975828230381,False
ViT-L-14__block24,100_200,1,6,0.001,0.0009045084971874739,4.441696643829346,6.869983673095703,2.4282870292663574,0.610036313533783,0.8065296411514282,0.006045949645340443,0.03325272351503372,False
ViT-L-14__block24,100_200,1,7,0.001,0.0008715724127386972,4.283316135406494,6.882626533508301,2.5993103981018066,0.6801692843437195,0.8440145254135132,0.01027811411768198,0.027206772938370705,False
ViT-L-14__block24,100_200,1,8,0.001,0.0008345653031794292,4.157136917114258,6.894141674041748,2.7370047569274902,0.7103990316390991,0.8724305033683777,0.006650544237345457,0.0259975828230381,False
ViT-L-14__block24,100_200,1,9,0.001,0.0007938926261462366,4.031923294067383,6.9022016525268555,2.8702783584594727,0.7636033892631531,0.901451051235199,0.006045949645340443,0.028415963053703308,False
ViT-L-14__block24,100_200,1,10,0.001,0.00075,3.932851791381836,6.911246299743652,2.9783945083618164,0.801088273525238,0.9244256615638733,0.009673519060015678,0.024788392707705498,False
ViT-L-14__block24,100_200,1,11,0.001,0.0007033683215379003,3.824477434158325,6.923431396484375,3.09895396232605,0.8246675133705139,0.9377267360687256,0.006650544237345457,0.021160822361707687,False
ViT-L-14__block24,100_200,1,12,0.001,0.0006545084971874739,3.7414798736572266,6.926572799682617,3.1850929260253906,0.8373640179634094,0.9504232406616211,0.005441354587674141,0.02055622823536396,False
ViT-L-14__block24,100_200,1,1,0.0001,9.972609476841367e-05,7.175967216491699,7.378173828125,0.20220661163330078,0.004836759530007839,0.021765418350696564,0.0018137848237529397,0.007255139295011759,True
ViT-L-14__block24,100_200,1,2,0.0001,9.890738003669029e-05,6.87386417388916,7.254933834075928,0.3810696601867676,0.015719467774033546,0.04715840518474579,0.0036275696475058794,0.010882709175348282,True
ViT-L-14__block24,100_200,1,3,0.0001,9.755282581475769e-05,6.628466606140137,7.173625946044922,0.5451593399047852,0.03204353153705597,0.09189843386411667,0.0042321644723415375,0.01511487364768982,True
ViT-L-14__block24,100_200,1,4,0.0001,9.567727288213003e-05,6.43179988861084,7.113462448120117,0.6816625595092773,0.05078597366809845,0.1330108940601349,0.0042321644723415375,0.019347038120031357,True
ViT-L-14__block24,100_200,1,5,0.0001,9.330127018922194e-05,6.2660136222839355,7.070755958557129,0.8047423362731934,0.06348247081041336,0.177146315574646,0.005441354587674141,0.021160822361707687,True
ViT-L-14__block24,100_200,1,6,0.0001,9.045084971874738e-05,6.125061988830566,7.039739608764648,0.914677619934082,0.0912938341498375,0.2164449840784073,0.0042321644723415375,0.021765418350696564,True
ViT-L-14__block24,100_200,1,7,0.0001,8.715724127386972e-05,6.000484466552734,7.0155158042907715,1.015031337738037,0.11487303674221039,0.26118502020835876,0.006650544237345457,0.021765418350696564,True
ViT-L-14__block24,100_200,1,8,0.0001,8.345653031794292e-05,5.895233154296875,6.99481201171875,1.099578857421875,0.13724304735660553,0.2968561053276062,0.006650544237345457,0.02237001247704029,True
ViT-L-14__block24,100_200,1,9,0.0001,7.938926261462366e-05,5.802546501159668,6.981719970703125,1.179173469543457,0.161426842212677,0.33978235721588135,0.007859733887016773,0.021160822361707687,True
ViT-L-14__block24,100_200,1,10,0.0001,7.500000000000001e-05,5.717317581176758,6.968201637268066,1.2508840560913086,0.17593713104724884,0.37061670422554016,0.007859733887016773,0.021765418350696564,True
ViT-L-14__block24,100_200,1,11,0.0001,7.033683215379003e-05,5.640055179595947,6.958845615386963,1.3187904357910156,0.2001209259033203,0.4087061882019043,0.007255139295011759,0.021765418350696564,True
ViT-L-14__block24,100_200,1,12,0.0001,6.545084971874738e-05,5.575987815856934,6.951815128326416,1.3758273124694824,0.22249093651771545,0.43651753664016724,0.006650544237345457,0.02237001247704029,True
ViT-L-14__block24,100_200,1,13,0.0001,6.039558454088797e-05,5.513825416564941,6.943896293640137,1.4300708770751953,0.23821040987968445,0.46735188364982605,0.007859733887016773,0.02237001247704029,True
ViT-L-14__block24,100_200,1,14,0.0001,5.522642316338269e-05,5.459559440612793,6.940207481384277,1.4806480407714844,0.2575574517250061,0.4921402931213379,0.007255139295011759,0.021160822361707687,True
ViT-L-14__block24,100_200,1,15,0.0001,5.000000000000002e-05,5.410189628601074,6.935600280761719,1.5254106521606445,0.2762998938560486,0.5072551369667053,0.007255139295011759,0.023579202592372894,True
ViT-L-14__block24,100_200,1,16,0.0001,4.4773576836617344e-05,5.3692755699157715,6.932051658630371,1.5627760887145996,0.29322853684425354,0.5229746103286743,0.006650544237345457,0.02418379858136177,True
ViT-L-14__block24,100_200,1,17,0.0001,3.9604415459112035e-05,5.331504821777344,6.929076194763184,1.5975713729858398,0.3065296411514282,0.535066545009613,0.006045949645340443,0.022974608466029167,True
ViT-L-14__block24,100_200,1,18,0.0001,3.4549150281252636e-05,5.298287391662598,6.926826477050781,1.6285390853881836,0.3204353153705597,0.5501813888549805,0.007255139295011759,0.023579202592372894,True
ViT-L-14__block24,100_200,1,19,0.0001,2.966316784621e-05,5.271031379699707,6.92494010925293,1.6539087295532227,0.3307134211063385,0.5580411553382874,0.006650544237345457,0.023579202592372894,True
ViT-L-14__block24,100_200,1,20,0.0001,2.5000000000000015e-05,5.248591423034668,6.924652099609375,1.676060676574707,0.3379685580730438,0.5701330304145813,0.007859733887016773,0.02418379858136177,True
ViT-L-14__block24,100_200,1,21,0.0001,2.0610737385376352e-05,5.228871822357178,6.923325538635254,1.6944537162780762,0.3409915566444397,0.5737606287002563,0.007859733887016773,0.023579202592372894,True
ViT-L-14__block24,100_200,1,22,0.0001,1.654346968205711e-05,5.212579727172852,6.922605037689209,1.7100253105163574,0.348246693611145,0.5834341049194336,0.007859733887016773,0.02418379858136177,True
ViT-L-14__block24,100_200,1,23,0.0001,1.2842758726130304e-05,5.200109004974365,6.922032356262207,1.7219233512878418,0.35066506266593933,0.5870617032051086,0.007255139295011759,0.024788392707705498,True
ViT-L-14__block24,100_200,1,24,0.0001,9.549150281252636e-06,5.190596580505371,6.92152214050293,1.7309255599975586,0.3518742620944977,0.5925030708312988,0.007255139295011759,0.025392986834049225,True
ViT-L-14__block24,100_200,1,25,0.0001,6.698729810778068e-06,5.183144569396973,6.921339988708496,1.7381954193115234,0.3573155999183655,0.5937122106552124,0.007255139295011759,0.024788392707705498,True
ViT-L-14__block24,100_200,1,26,0.0001,4.322727117869953e-06,5.178059101104736,6.920995712280273,1.742936611175537,0.35852479934692383,0.5949214100837708,0.007255139295011759,0.025392986834049225,True
ViT-L-14__block24,100_200,1,27,0.0001,2.447174185242324e-06,5.17487096786499,6.921089172363281,1.746218204498291,0.3621523678302765,0.5961306095123291,0.007255139295011759,0.024788392707705498,False
ViT-L-14__block24,100_200,1,28,0.0001,1.092619963309716e-06,5.1731767654418945,6.921077728271484,1.7479009628295898,0.3615477681159973,0.5961306095123291,0.007255139295011759,0.024788392707705498,False
ViT-L-14__block24,100_200,1,29,0.0001,2.7390523158633003e-07,5.172340393066406,6.9210309982299805,1.7486906051635742,0.3621523678302765,0.5967351794242859,0.007255139295011759,0.024788392707705498,False
ViT-L-14__block24,100_200,1,30,0.0001,0.0,5.172140121459961,6.921021461486816,1.7488813400268555,0.3621523678302765,0.5967351794242859,0.007255139295011759,0.024788392707705498,False
ViT-L-14__block24,300_400,0,1,0.001,0.0009972609476841367,6.573239326477051,7.279982566833496,0.7067432403564453,0.06892382353544235,0.15175333619117737,0.0024183797650039196,0.011487304233014584,True
ViT-L-14__block24,300_400,0,2,0.001,0.0009890738003669028,5.942723751068115,7.192464828491211,1.2497410774230957,0.15296252071857452,0.31680774688720703,0.0036275696475058794,0.013301088474690914,True
ViT-L-14__block24,300_400,0,3,0.001,0.0009755282581475768,5.578042030334473,7.157100677490234,1.5790586471557617,0.25090691447257996,0.4340991675853729,0.0036275696475058794,0.014510278590023518,True
ViT-L-14__block24,300_400,0,4,0.001,0.0009567727288213003,5.295724868774414,7.148543357849121,1.852818489074707,0.3464328944683075,0.5483676195144653,0.004836759530007839,0.01874244399368763,True
ViT-L-14__block24,300_400,0,5,0.001,0.0009330127018922195,5.054411888122559,7.135578632354736,2.0811667442321777,0.4262394309043884,0.6348246932029724,0.0030229748226702213,0.016324063763022423,True
ViT-L-14__block24,300_400,0,6,0.001,0.0009045084971874739,4.853694915771484,7.1499342918396,2.2962393760681152,0.5139057040214539,0.7061668634414673,0.004836759530007839,0.01511487364768982,False
ViT-L-14__block24,300_400,0,7,0.001,0.0008715724127386972,4.690296649932861,7.170624732971191,2.48032808303833,0.5755743980407715,0.7581620812416077,0.0024183797650039196,0.017533253878355026,False
ViT-L-14__block24,300_400,0,8,0.001,0.0008345653031794292,4.532059669494629,7.190361022949219,2.65830135345459,0.6348246932029724,0.8174123764038086,0.0030229748226702213,0.014510278590023518,False
ViT-L-14__block24,300_400,0,9,0.001,0.0007938926261462366,4.401811599731445,7.1984663009643555,2.79665470123291,0.6825876832008362,0.8464329242706299,0.0030229748226702213,0.016324063763022423,False
ViT-L-14__block24,300_400,0,10,0.001,0.00075,4.277348518371582,7.213788032531738,2.9364395141601562,0.7285369038581848,0.8706167340278625,0.0036275696475058794,0.015719467774033546,False
ViT-L-14__block24,300_400,0,11,0.001,0.0007033683215379003,4.166635513305664,7.2273969650268555,3.0607614517211914,0.7617896199226379,0.8923821449279785,0.0042321644723415375,0.013301088474690914,False
ViT-L-14__block24,300_400,0,12,0.001,0.0006545084971874739,4.057684898376465,7.222280502319336,3.164595603942871,0.7896009683609009,0.9147521257400513,0.0036275696475058794,0.01692865788936615,False
ViT-L-14__block24,300_400,0,13,0.001,0.0006039558454088797,3.9508814811706543,7.241154670715332,3.2902731895446777,0.8216445446014404,0.9347037672996521,0.004836759530007839,0.013905683532357216,False
ViT-L-14__block24,300_400,0,1,0.0001,9.972609476841367e-05,7.274937629699707,7.474850654602051,0.19991302490234375,0.0018137848237529397,0.008464328944683075,0.0006045949412509799,0.004836759530007839,True
ViT-L-14__block24,300_400,0,2,0.0001,9.890738003669029e-05,7.026581764221191,7.407631874084473,0.38105010986328125,0.005441354587674141,0.022974608466029167,0.0006045949412509799,0.008464328944683075,True
ViT-L-14__block24,300_400,0,3,0.0001,9.755282581475769e-05,6.809629440307617,7.35949182510376,0.5498623847961426,0.013301088474690914,0.05259976163506508,0.0012091898825019598,0.009673519060015678,True
ViT-L-14__block24,300_400,0,4,0.0001,9.567727288213003e-05,6.62523078918457,7.320807456970215,0.6955766677856445,0.03022974729537964,0.09492140263319016,0.0024183797650039196,0.009068924002349377,True
ViT-L-14__block24,300_400,0,5,0.0001,9.330127018922194e-05,6.471080780029297,7.289008617401123,0.8179278373718262,0.04897218942642212,0.12636034190654755,0.0024183797650039196,0.010882709175348282,True
ViT-L-14__block24,300_400,0,6,0.0001,9.045084971874738e-05,6.340519428253174,7.263615608215332,0.9230961799621582,0.06590084731578827,0.15840387344360352,0.0018137848237529397,0.013301088474690914,True
ViT-L-14__block24,300_400,0,7,0.0001,8.715724127386972e-05,6.2259626388549805,7.242612838745117,1.0166501998901367,0.08222491294145584,0.19830714166164398,0.0024183797650039196,0.013905683532357216,True
ViT-L-14__block24,300_400,0,8,0.0001,8.345653031794292e-05,6.126533508300781,7.227554798126221,1.1010212898254395,0.09915357083082199,0.22611850500106812,0.0018137848237529397,0.015719467774033546,True
ViT-L-14__block24,300_400,0,9,0.0001,7.938926261462366e-05,6.040671348571777,7.213737487792969,1.1730661392211914,0.11366385221481323,0.25332528352737427,0.0024183797650039196,0.01692865788936615,True
ViT-L-14__block24,300_400,0,10,0.0001,7.500000000000001e-05,5.95897102355957,7.199765205383301,1.2407941818237305,0.1354292631149292,0.29262393712997437,0.0006045949412509799,0.017533253878355026,True
ViT-L-14__block24,300_400,0,11,0.0001,7.033683215379003e-05,5.88918399810791,7.192572593688965,1.3033885955810547,0.155985489487648,0.31136640906333923,0.0030229748226702213,0.017533253878355026,True
ViT-L-14__block24,300_400,0,12,0.0001,6.545084971874738e-05,5.8284101486206055,7.185327529907227,1.356917381286621,0.17593713104724884,0.34220072627067566,0.0036275696475058794,0.019951632246375084,True
ViT-L-14__block24,300_400,0,13,0.0001,6.039558454088797e-05,5.772390842437744,7.178393840789795,1.4060029983520508,0.19105200469493866,0.3615477681159973,0.0036275696475058794,0.021160822361707687,True
ViT-L-14__block24,300_400,0,14,0.0001,5.522642316338269e-05,5.724328994750977,7.17534065246582,1.4510116577148438,0.2134220153093338,0.38391777873039246,0.0036275696475058794,0.019951632246375084,True
ViT-L-14__block24,300_400,0,15,0.0001,5.000000000000002e-05,5.677160263061523,7.17171573638916,1.4945554733276367,0.22430472075939178,0.4068923890590668,0.0036275696475058794,0.023579202592372894,True
ViT-L-14__block24,300_400,0,16,0.0001,4.4773576836617344e-05,5.63987922668457,7.169314384460449,1.529435157775879,0.2394195944070816,0.41051995754241943,0.0036275696475058794,0.02418379858136177,True
ViT-L-14__block24,300_400,0,17,0.0001,3.9604415459112035e-05,5.6039299964904785,7.166262626647949,1.5623326301574707,0.24607014656066895,0.42805323004722595,0.0042321644723415375,0.02418379858136177,True
ViT-L-14__block24,300_400,0,18,0.0001,3.4549150281252636e-05,5.574897766113281,7.164153575897217,1.5892558097839355,0.2581620514392853,0.4401451051235199,0.0042321644723415375,0.023579202592372894,True
ViT-L-14__block24,300_400,0,19,0.0001,2.966316784621e-05,5.548484802246094,7.163288593292236,1.6148037910461426,0.2678355574607849,0.4528416097164154,0.0036275696475058794,0.023579202592372894,True
ViT-L-14__block24,300_400,0,20,0.0001,2.5000000000000015e-05,5.525786399841309,7.163036346435547,1.6372499465942383,0.27992746233940125,0.4631197154521942,0.0036275696475058794,0.02237001247704029,True
ViT-L-14__block24,300_400,0,21,0.0001,2.0610737385376352e-05,5.5069499015808105,7.162362575531006,1.6554126739501953,0.28476423025131226,0.4709794521331787,0.0036275696475058794,0.02237001247704029,True
ViT-L-14__block24,300_400,0,22,0.0001,1.654346968205711e-05,5.492012023925781,7.161377906799316,1.6693658828735352,0.2883917987346649,0.47823458909988403,0.004836759530007839,0.022974608466029167,True
ViT-L-14__block24,300_400,0,23,0.0001,1.2842758726130304e-05,5.480229377746582,7.16166877746582,1.6814393997192383,0.2962515354156494,0.48004838824272156,0.004836759530007839,0.024788392707705498,False
ViT-L-14__block24,300_400,0,24,0.0001,9.549150281252636e-06,5.471397876739502,7.161462783813477,1.6900649070739746,0.2974607050418854,0.48065298795700073,0.004836759530007839,0.022974608466029167,False
ViT-L-14__block24,300_400,0,25,0.0001,6.698729810778068e-06,5.464476108551025,7.1613616943359375,1.696885585784912,0.3022974729537964,0.4818621575832367,0.004836759530007839,0.022974608466029167,True
ViT-L-14__block24,300_400,0,26,0.0001,4.322727117869953e-06,5.459537506103516,7.1612114906311035,1.701673984527588,0.3022974729537964,0.48488515615463257,0.004836759530007839,0.023579202592372894,True
ViT-L-14__block24,300_400,0,27,0.0001,2.447174185242324e-06,5.456562042236328,7.161080837249756,1.7045187950134277,0.3041112422943115,0.4866989254951477,0.004836759530007839,0.023579202592372894,True
ViT-L-14__block24,300_400,0,28,0.0001,1.092619963309716e-06,5.454761981964111,7.161064147949219,1.7063021659851074,0.3047158420085907,0.48790812492370605,0.004836759530007839,0.023579202592372894,True
ViT-L-14__block24,300_400,0,29,0.0001,2.7390523158633003e-07,5.454037666320801,7.161041259765625,1.7070035934448242,0.30592504143714905,0.48790812492370605,0.004836759530007839,0.023579202592372894,True
ViT-L-14__block24,300_400,0,30,0.0001,0.0,5.453849792480469,7.161032676696777,1.7071828842163086,0.30592504143714905,0.48790812492370605,0.004836759530007839,0.023579202592372894,True
ViT-L-14__block24,300_400,1,1,0.001,0.0009972609476841367,6.579983711242676,7.2542219161987305,0.6742382049560547,0.07617896050214767,0.14510278403759003,0.0006045949412509799,0.009068924002349377,True
ViT-L-14__block24,300_400,1,2,0.001,0.0009890738003669028,5.980847358703613,7.170500755310059,1.1896533966064453,0.1535671204328537,0.30894801020622253,0.0012091898825019598,0.02055622823536396,True
ViT-L-14__block24,300_400,1,3,0.001,0.0009755282581475768,5.621204853057861,7.134727478027344,1.5135226249694824,0.25392988324165344,0.4220072627067566,0.0036275696475058794,0.01874244399368763,True
ViT-L-14__block24,300_400,1,4,0.001,0.0009567727288213003,5.3322343826293945,7.119545936584473,1.7873115539550781,0.3337364196777344,0.5356711149215698,0.006045949645340443,0.019347038120031357,True
ViT-L-14__block24,300_400,1,5,0.001,0.0009330127018922195,5.100719928741455,7.12675666809082,2.0260367393493652,0.4238210618495941,0.6263603568077087,0.005441354587674141,0.02055622823536396,False
ViT-L-14__block24,300_400,1,6,0.001,0.0009045084971874739,4.884618759155273,7.137874603271484,2.253255844116211,0.5066505670547485,0.692865788936615,0.004836759530007839,0.015719467774033546,False
ViT-L-14__block24,300_400,1,7,0.001,0.0008715724127386972,4.716181755065918,7.148285865783691,2.4321041107177734,0.5701330304145813,0.7581620812416077,0.004836759530007839,0.01692865788936615,False
ViT-L-14__block24,300_400,1,8,0.001,0.0008345653031794292,4.566073894500732,7.15594482421875,2.5898709297180176,0.6185006499290466,0.7944377660751343,0.0042321644723415375,0.018137848004698753,False
ViT-L-14__block24,300_400,1,9,0.001,0.0007938926261462366,4.4232916831970215,7.186212539672852,2.76292085647583,0.6692866086959839,0.8349456191062927,0.0042321644723415375,0.014510278590023518,False
ViT-L-14__block24,300_400,1,10,0.001,0.00075,4.313060760498047,7.181847095489502,2.868786334991455,0.7073760628700256,0.8561064600944519,0.0036275696475058794,0.018137848004698753,False
ViT-L-14__block24,300_400,1,11,0.001,0.0007033683215379003,4.196250915527344,7.210310935974121,3.0140600204467773,0.740024209022522,0.8869407773017883,0.0030229748226702213,0.021765418350696564,False
ViT-L-14__block24,300_400,1,12,0.001,0.0006545084971874739,4.085607528686523,7.210455894470215,3.1248483657836914,0.7648125886917114,0.907496988773346,0.004836759530007839,0.019347038120031357,False
ViT-L-14__block24,300_400,1,1,0.0001,9.972609476841367e-05,7.270602226257324,7.462796211242676,0.19219398498535156,0.004836759530007839,0.021160822361707687,0.0012091898825019598,0.0036275696475058794,True
ViT-L-14__block24,300_400,1,2,0.0001,9.890738003669029e-05,7.029993057250977,7.390876770019531,0.3608837127685547,0.014510278590023518,0.044135428965091705,0.0012091898825019598,0.0042321644723415375,True
ViT-L-14__block24,300_400,1,3,0.0001,9.755282581475769e-05,6.8194580078125,7.343015670776367,0.5235576629638672,0.028415963053703308,0.07255139201879501,0.0012091898825019598,0.007255139295011759,True
ViT-L-14__block24,300_400,1,4,0.0001,9.567727288213003e-05,6.646463394165039,7.303767204284668,0.6573038101196289,0.03688029199838638,0.10096735507249832,0.0012091898825019598,0.01027811411768198,True
ViT-L-14__block24,300_400,1,5,0.0001,9.330127018922194e-05,6.494855880737305,7.274078845977783,0.7792229652404785,0.05259976163506508,0.14207981526851654,0.0018137848237529397,0.01027811411768198,True
ViT-L-14__block24,300_400,1,6,0.0001,9.045084971874738e-05,6.368902683258057,7.250446319580078,0.8815436363220215,0.06711003929376602,0.17291414737701416,0.0006045949412509799,0.01027811411768198,True
ViT-L-14__block24,300_400,1,7,0.0001,8.715724127386972e-05,6.257968902587891,7.230251789093018,0.972282886505127,0.08524788916110992,0.2110036313533783,0.0006045949412509799,0.011487304233014584,True
ViT-L-14__block24,300_400,1,8,0.0001,8.345653031794292e-05,6.1634111404418945,7.214311122894287,1.0508999824523926,0.10278113931417465,0.24244257807731628,0.0012091898825019598,0.011487304233014584,True
ViT-L-14__block24,300_400,1,9,0.0001,7.938926261462366e-05,6.0766143798828125,7.202707290649414,1.1260929107666016,0.12454655766487122,0.2654171884059906,0.0012091898825019598,0.012091899290680885,True
ViT-L-14__block24,300_400,1,10,0.0001,7.500000000000001e-05,5.999768257141113,7.193221569061279,1.193453311920166,0.1402660310268402,0.28536880016326904,0.0018137848237529397,0.013905683532357216,True
ViT-L-14__block24,300_400,1,11,0.0001,7.033683215379003e-05,5.929884910583496,7.184453964233398,1.2545690536499023,0.15779927372932434,0.3125755786895752,0.0018137848237529397,0.011487304233014584,True
ViT-L-14__block24,300_400,1,12,0.0001,6.545084971874738e-05,5.871098518371582,7.177203178405762,1.3061046600341797,0.17351874709129333,0.3313180208206177,0.0024183797650039196,0.015719467774033546,True
ViT-L-14__block24,300_400,1,13,0.0001,6.039558454088797e-05,5.813177108764648,7.173151016235352,1.3599739074707031,0.182587668299675,0.36094316840171814,0.0018137848237529397,0.01511487364768982,True
ViT-L-14__block24,300_400,1,14,0.0001,5.522642316338269e-05,5.765405654907227,7.168354034423828,1.4029483795166016,0.2007255256175995,0.3802902102470398,0.0018137848237529397,0.013905683532357216,True
ViT-L-14__block24,300_400,1,15,0.0001,5.000000000000002e-05,5.717502593994141,7.164716720581055,1.447214126586914,0.21402661502361298,0.4008464515209198,0.0018137848237529397,0.014510278590023518,True
ViT-L-14__block24,300_400,1,16,0.0001,4.4773576836617344e-05,5.680361747741699,7.161474704742432,1.4811129570007324,0.22430472075939178,0.40507861971855164,0.0018137848237529397,0.01692865788936615,True
ViT-L-14__block24,300_400,1,17,0.0001,3.9604415459112035e-05,5.6438140869140625,7.159023284912109,1.5152091979980469,0.23579202592372894,0.42865779995918274,0.0024183797650039196,0.017533253878355026,True
ViT-L-14__block24,300_400,1,18,0.0001,3.4549150281252636e-05,5.61301326751709,7.15749454498291,1.5444812774658203,0.24667473137378693,0.4395405352115631,0.0030229748226702213,0.01692865788936615,True
ViT-L-14__block24,300_400,1,19,0.0001,2.966316784621e-05,5.586587905883789,7.155434608459473,1.5688467025756836,0.25151148438453674,0.4474002420902252,0.0030229748226702213,0.01692865788936615,True
ViT-L-14__block24,300_400,1,20,0.0001,2.5000000000000015e-05,5.566479682922363,7.155113697052002,1.5886340141296387,0.2629987895488739,0.45646917819976807,0.0030229748226702213,0.01692865788936615,True
ViT-L-14__block24,300_400,1,21,0.0001,2.0610737385376352e-05,5.547395706176758,7.15455436706543,1.6071586608886719,0.2678355574607849,0.46735188364982605,0.0030229748226702213,0.017533253878355026,True
ViT-L-14__block24,300_400,1,22,0.0001,1.654346968205711e-05,5.531858444213867,7.153485298156738,1.621626853942871,0.27448609471321106,0.4733978509902954,0.0030229748226702213,0.017533253878355026,True
ViT-L-14__block24,300_400,1,23,0.0001,1.2842758726130304e-05,5.5204949378967285,7.152709007263184,1.632214069366455,0.2781136631965637,0.4758162200450897,0.0030229748226702213,0.017533253878355026,True
ViT-L-14__block24,300_400,1,24,0.0001,9.549150281252636e-06,5.511404991149902,7.1528120040893555,1.6414070129394531,0.28536880016326904,0.4788391888141632,0.0036275696475058794,0.017533253878355026,False
ViT-L-14__block24,300_400,1,25,0.0001,6.698729810778068e-06,5.504284381866455,7.152620792388916,1.648336410522461,0.28295043110847473,0.48246675729751587,0.0030229748226702213,0.017533253878355026,True
ViT-L-14__block24,300_400,1,26,0.0001,4.322727117869953e-06,5.499381065368652,7.152468204498291,1.6530871391296387,0.2841596305370331,0.4842805564403534,0.0030229748226702213,0.018137848004698753,True
ViT-L-14__block24,300_400,1,27,0.0001,2.447174185242324e-06,5.496613025665283,7.152292251586914,1.6556792259216309,0.28536880016326904,0.48609432578086853,0.0030229748226702213,0.018137848004698753,True
ViT-L-14__block24,300_400,1,28,0.0001,1.092619963309716e-06,5.4950056076049805,7.1522016525268555,1.657196044921875,0.2865779995918274,0.48790812492370605,0.0030229748226702213,0.018137848004698753,True
ViT-L-14__block24,300_400,1,29,0.0001,2.7390523158633003e-07,5.49420166015625,7.152202129364014,1.6580004692077637,0.2865779995918274,0.48790812492370605,0.0030229748226702213,0.018137848004698753,False
ViT-L-14__block24,300_400,1,30,0.0001,0.0,5.494014263153076,7.152193069458008,1.6581788063049316,0.2865779995918274,0.48790812492370605,0.0030229748226702213,0.018137848004698753,True
ViT-L-14__block24,500_600,0,1,0.001,0.0009972609476841367,6.990159034729004,7.472824573516846,0.4826655387878418,0.029625151306390762,0.07617896050214767,0.0006045949412509799,0.0036275696475058794,True
ViT-L-14__block24,500_600,0,2,0.001,0.0009890738003669028,6.441936492919922,7.5223188400268555,1.0803823471069336,0.09915357083082199,0.21463119983673096,0.0006045949412509799,0.0030229748226702213,False
ViT-L-14__block24,500_600,0,3,0.001,0.0009755282581475768,6.102231025695801,7.528125762939453,1.4258947372436523,0.187424436211586,0.33434098958969116,0.0012091898825019598,0.0042321644723415375,False
ViT-L-14__block24,500_600,0,4,0.001,0.0009567727288213003,5.8257927894592285,7.533407688140869,1.7076148986816406,0.2738814949989319,0.45223701000213623,0.0018137848237529397,0.0042321644723415375,False
ViT-L-14__block24,500_600,0,5,0.001,0.0009330127018922195,5.560802459716797,7.541051864624023,1.9802494049072266,0.36880290508270264,0.5659008622169495,0.0,0.006045949645340443,False
ViT-L-14__block24,500_600,0,6,0.001,0.0009045084971874739,5.344849586486816,7.557984828948975,2.213135242462158,0.44316810369491577,0.6463119983673096,0.0,0.0036275696475058794,False
ViT-L-14__block24,500_600,0,7,0.001,0.0008715724127386972,5.146259784698486,7.5732245445251465,2.42696475982666,0.5284159779548645,0.7200725674629211,0.0006045949412509799,0.008464328944683075,False
ViT-L-14__block24,500_600,0,8,0.001,0.0008345653031794292,4.965149879455566,7.5950422286987305,2.629892349243164,0.5822249054908752,0.7726723551750183,0.0,0.005441354587674141,False
ViT-L-14__block24,500_600,0,9,0.001,0.0007938926261462366,4.816268444061279,7.610812187194824,2.794543743133545,0.6451027989387512,0.8198307156562805,0.0,0.0042321644723415375,False
ViT-L-14__block24,500_600,0,1,0.0001,9.972609476841367e-05,7.365279674530029,7.563164234161377,0.19788455963134766,0.0012091898825019598,0.007859733887016773,0.0,0.0012091898825019598,True
ViT-L-14__block24,500_600,0,2,0.0001,9.890738003669029e-05,7.185973167419434,7.544594764709473,0.35862159729003906,0.0030229748226702213,0.018137848004698753,0.0,0.0018137848237529397,True
ViT-L-14__block24,500_600,0,3,0.0001,9.755282581475769e-05,7.029447078704834,7.539565086364746,0.5101180076599121,0.007255139295011759,0.030834341421723366,0.0006045949412509799,0.0018137848237529397,True
ViT-L-14__block24,500_600,0,4,0.0001,9.567727288213003e-05,6.891473770141602,7.539273262023926,0.6477994918823242,0.015719467774033546,0.056831926107406616,0.0006045949412509799,0.0012091898825019598,True
ViT-L-14__block24,500_600,0,5,0.0001,9.330127018922194e-05,6.770197868347168,7.538115501403809,0.7679176330566406,0.025392986834049225,0.08282950520515442,0.0012091898825019598,0.0018137848237529397,True
ViT-L-14__block24,500_600,0,6,0.0001,9.045084971874738e-05,6.668704032897949,7.539477825164795,0.8707737922668457,0.03688029199838638,0.11064087599515915,0.0012091898825019598,0.0018137848237529397,False
ViT-L-14__block24,500_600,0,7,0.0001,8.715724127386972e-05,6.576571464538574,7.539608478546143,0.9630370140075684,0.042321644723415375,0.12817412614822388,0.0006045949412509799,0.0030229748226702213,False
ViT-L-14__block24,500_600,0,8,0.0001,8.345653031794292e-05,6.494036674499512,7.541048049926758,1.047011375427246,0.06166868284344673,0.1638452261686325,0.0006045949412509799,0.0030229748226702213,False
ViT-L-14__block24,500_600,0,9,0.0001,7.938926261462366e-05,6.419859886169434,7.541810989379883,1.1219511032104492,0.07134220004081726,0.1850060522556305,0.0006045949412509799,0.0036275696475058794,False
ViT-L-14__block24,500_600,0,10,0.0001,7.500000000000001e-05,6.35137939453125,7.542422294616699,1.1910429000854492,0.08827085793018341,0.20616687834262848,0.0006045949412509799,0.0030229748226702213,False
ViT-L-14__block24,500_600,0,11,0.0001,7.033683215379003e-05,6.288760185241699,7.54441499710083,1.2556548118591309,0.10278113931417465,0.22793228924274445,0.0006045949412509799,0.0036275696475058794,False
ViT-L-14__block24,500_600,0,12,0.0001,6.545084971874738e-05,6.231518745422363,7.546662330627441,1.3151435852050781,0.11608222872018814,0.25090691447257996,0.0006045949412509799,0.0042321644723415375,False
ViT-L-14__block24,500_600,0,13,0.0001,6.039558454088797e-05,6.181824684143066,7.5486907958984375,1.366866111755371,0.1299879103899002,0.2678355574607849,0.0006045949412509799,0.005441354587674141,False
ViT-L-14__block24,500_600,1,1,0.001,0.0009972609476841367,7.008746147155762,7.463264465332031,0.45451831817626953,0.0338573157787323,0.077992744743824,0.0012091898825019598,0.0042321644723415375,True
ViT-L-14__block24,500_600,1,2,0.001,0.0009890738003669028,6.446352005004883,7.520567893981934,1.0742158889770508,0.09915357083082199,0.21704958379268646,0.0006045949412509799,0.0024183797650039196,False
ViT-L-14__block24,500_600,1,3,0.001,0.0009755282581475768,6.120314598083496,7.528304100036621,1.407989501953125,0.17593713104724884,0.32889965176582336,0.0,0.0030229748226702213,False
ViT-L-14__block24,500_600,1,4,0.001,0.0009567727288213003,5.842493057250977,7.534763813018799,1.6922707557678223,0.25876662135124207,0.45707377791404724,0.0,0.0036275696475058794,False
ViT-L-14__block24,500_600,1,5,0.001,0.0009330127018922195,5.600785255432129,7.549138069152832,1.9483528137207031,0.354292631149292,0.5538089871406555,0.0006045949412509799,0.005441354587674141,False
ViT-L-14__block24,500_600,1,6,0.001,0.0009045084971874739,5.357531547546387,7.55537223815918,2.197840690612793,0.45163241028785706,0.6493349671363831,0.0006045949412509799,0.004836759530007839,False
ViT-L-14__block24,500_600,1,7,0.001,0.0008715724127386972,5.174818992614746,7.578761100769043,2.403942108154297,0.5108827352523804,0.7055622935295105,0.0006045949412509799,0.0042321644723415375,False
ViT-L-14__block24,500_600,1,8,0.001,0.0008345653031794292,4.995054244995117,7.595732688903809,2.6006784439086914,0.5755743980407715,0.7672309875488281,0.0012091898825019598,0.007255139295011759,False
ViT-L-14__block24,500_600,1,9,0.001,0.0007938926261462366,4.830687522888184,7.600922584533691,2.770235061645508,0.6390568614006042,0.8059250712394714,0.0012091898825019598,0.004836759530007839,False
ViT-L-14__block24,500_600,1,1,0.0001,9.972609476841367e-05,7.370664119720459,7.557282447814941,0.18661832809448242,0.0024183797650039196,0.01027811411768198,0.0018137848237529397,0.006045949645340443,True
ViT-L-14__block24,500_600,1,2,0.0001,9.890738003669029e-05,7.187434673309326,7.537827968597412,0.35039329528808594,0.009068924002349377,0.022974608466029167,0.0018137848237529397,0.006045949645340443,True
ViT-L-14__block24,500_600,1,3,0.0001,9.755282581475769e-05,7.030936241149902,7.533568382263184,0.5026321411132812,0.012091899290680885,0.04655380919575691,0.0018137848237529397,0.005441354587674141,True
ViT-L-14__block24,500_600,1,4,0.0001,9.567727288213003e-05,6.895646095275879,7.531800270080566,0.6361541748046875,0.019951632246375084,0.061064090579748154,0.0006045949412509799,0.006650544237345457,True
ViT-L-14__block24,500_600,1,5,0.0001,9.330127018922194e-05,6.776667594909668,7.530072212219238,0.7534046173095703,0.03143893554806709,0.07980652898550034,0.0,0.005441354587674141,True
ViT-L-14__block24,500_600,1,6,0.0001,9.045084971874738e-05,6.674513816833496,7.529621124267578,0.855107307434082,0.03990326449275017,0.11003627628087997,0.0,0.004836759530007839,True
ViT-L-14__block24,500_600,1,7,0.0001,8.715724127386972e-05,6.583116054534912,7.52896785736084,0.9458518028259277,0.04836759716272354,0.1378476470708847,0.0,0.0036275696475058794,True
ViT-L-14__block24,500_600,1,8,0.0001,8.345653031794292e-05,6.504384994506836,7.530827522277832,1.026442527770996,0.06227327883243561,0.15961305797100067,0.0,0.0030229748226702213,False
ViT-L-14__block24,500_600,1,9,0.0001,7.938926261462366e-05,6.432209014892578,7.531326770782471,1.0991177558898926,0.07738815248012543,0.1850060522556305,0.0,0.0024183797650039196,False
ViT-L-14__block24,500_600,1,10,0.0001,7.500000000000001e-05,6.367073059082031,7.532532215118408,1.165459156036377,0.0834341049194336,0.20435309410095215,0.0,0.0030229748226702213,False
ViT-L-14__block24,500_600,1,11,0.0001,7.033683215379003e-05,6.3058247566223145,7.535362243652344,1.2295374870300293,0.09673519432544708,0.22853688895702362,0.0,0.0036275696475058794,False
ViT-L-14__block24,500_600,1,12,0.0001,6.545084971874738e-05,6.252336502075195,7.534950256347656,1.282613754272461,0.10761789977550507,0.24123337864875793,0.0,0.0030229748226702213,False
ViT-L-14__block24,500_600,1,13,0.0001,6.039558454088797e-05,6.200491905212402,7.537079334259033,1.3365874290466309,0.12091898918151855,0.26118502020835876,0.0,0.0030229748226702213,False
ViT-L-14__block24,500_600,1,14,0.0001,5.522642316338269e-05,6.1546831130981445,7.538873672485352,1.384190559387207,0.1402660310268402,0.28718259930610657,0.0,0.0030229748226702213,False
ViT-L-14__block24,500_600,1,15,0.0001,5.000000000000002e-05,6.110508918762207,7.540834903717041,1.430325984954834,0.15054413676261902,0.3077388107776642,0.0,0.0030229748226702213,False
