sampling_rate,target,window,seed,epoch,train_loss,val_loss,gap,train_top1,train_top5,val_top1,val_top5,current_lr,is_best_epoch
250,RN50__stem,100_200,0,1,7.374259948730469,7.413987159729004,0.039727210998535156,0.0006045949412509799,0.0030229748226702213,0.0024183797650039196,0.006650544237345457,9.972609476841367e-05,True
250,RN50__stem,100_200,0,2,7.1652679443359375,7.251251220703125,0.0859832763671875,0.0012091898825019598,0.007255139295011759,0.0024183797650039196,0.009068924002349377,9.890738003669029e-05,True
250,RN50__stem,100_200,0,3,7.056264877319336,7.171690464019775,0.11542558670043945,0.0024183797650039196,0.01511487364768982,0.0024183797650039196,0.01027811411768198,9.755282581475769e-05,True
250,RN50__stem,100_200,0,4,6.973172664642334,7.114874839782715,0.14170217514038086,0.004836759530007839,0.01692865788936615,0.0024183797650039196,0.010882709175348282,9.567727288213003e-05,True
250,RN50__stem,100_200,0,5,6.900269985198975,7.073878288269043,0.17360830307006836,0.006650544237345457,0.02237001247704029,0.0024183797650039196,0.013301088474690914,9.330127018922194e-05,True
250,RN50__stem,100_200,0,6,6.83389949798584,7.036705017089844,0.2028055191040039,0.007255139295011759,0.025392986834049225,0.0024183797650039196,0.013905683532357216,9.045084971874738e-05,True
250,RN50__stem,100_200,0,7,6.775632381439209,7.005679130554199,0.23004674911499023,0.009068924002349377,0.027811367064714432,0.0024183797650039196,0.01511487364768982,8.715724127386972e-05,True
250,RN50__stem,100_200,0,8,6.722673416137695,6.978889465332031,0.25621604919433594,0.009068924002349377,0.03325272351503372,0.0030229748226702213,0.01511487364768982,8.345653031794292e-05,True
250,RN50__stem,100_200,0,9,6.672198295593262,6.958187103271484,0.28598880767822266,0.010882709175348282,0.03990326449275017,0.0036275696475058794,0.01511487364768982,7.938926261462366e-05,True
250,RN50__stem,100_200,0,10,6.625079154968262,6.9352922439575195,0.3102130889892578,0.010882709175348282,0.0417170524597168,0.0042321644723415375,0.016324063763022423,7.500000000000001e-05,True
250,RN50__stem,100_200,0,11,6.5852203369140625,6.919488430023193,0.33426809310913086,0.012091899290680885,0.04474002495408058,0.004836759530007839,0.018137848004698753,7.033683215379003e-05,True
250,RN50__stem,100_200,0,12,6.548990249633789,6.9054999351501465,0.3565096855163574,0.010882709175348282,0.047763001173734665,0.005441354587674141,0.01874244399368763,6.545084971874738e-05,True
250,RN50__stem,100_200,0,13,6.510467529296875,6.892102241516113,0.3816347122192383,0.013301088474690914,0.0519951656460762,0.005441354587674141,0.021160822361707687,6.039558454088797e-05,True
250,RN50__stem,100_200,0,14,6.481494903564453,6.880430221557617,0.39893531799316406,0.013905683532357216,0.055622734129428864,0.005441354587674141,0.023579202592372894,5.522642316338269e-05,True
250,RN50__stem,100_200,0,15,6.453073501586914,6.870043754577637,0.41697025299072266,0.013905683532357216,0.0598548986017704,0.007255139295011759,0.022974608466029167,5.000000000000002e-05,True
250,RN50__stem,100_200,0,16,6.430330753326416,6.860409736633301,0.43007898330688477,0.012696493417024612,0.0598548986017704,0.006045949645340443,0.02418379858136177,4.4773576836617344e-05,True
250,RN50__stem,100_200,0,17,6.409584999084473,6.853316783905029,0.44373178482055664,0.013301088474690914,0.06166868284344673,0.006045949645340443,0.023579202592372894,3.9604415459112035e-05,True
250,RN50__stem,100_200,0,18,6.3938727378845215,6.849743843078613,0.4558711051940918,0.014510278590023518,0.06166868284344673,0.005441354587674141,0.0259975828230381,3.4549150281252636e-05,True
250,RN50__stem,100_200,0,19,6.37734317779541,6.844967842102051,0.4676246643066406,0.016324063763022423,0.06469165533781052,0.005441354587674141,0.0259975828230381,2.966316784621e-05,True
250,RN50__stem,100_200,0,20,6.364300727844238,6.841665267944336,0.47736454010009766,0.015719467774033546,0.06469165533781052,0.006045949645340443,0.02660217694938183,2.5000000000000015e-05,True
250,RN50__stem,100_200,0,21,6.355370044708252,6.837736129760742,0.48236608505249023,0.016324063763022423,0.06650544703006744,0.005441354587674141,0.02660217694938183,2.0610737385376352e-05,True
250,RN50__stem,100_200,0,22,6.3467488288879395,6.834054470062256,0.4873056411743164,0.01692865788936615,0.06711003929376602,0.006045949645340443,0.02660217694938183,1.654346968205711e-05,True
250,RN50__stem,100_200,0,23,6.339693546295166,6.833096504211426,0.49340295791625977,0.01692865788936615,0.06650544703006744,0.006650544237345457,0.02660217694938183,1.2842758726130304e-05,True
250,RN50__stem,100_200,0,24,6.334568977355957,6.832036972045898,0.4974679946899414,0.017533253878355026,0.0677146315574646,0.006045949645340443,0.0259975828230381,9.549150281252636e-06,True
250,RN50__stem,100_200,0,25,6.330510139465332,6.830432891845703,0.4999227523803711,0.018137848004698753,0.06711003929376602,0.006045949645340443,0.025392986834049225,6.698729810778068e-06,True
250,RN50__stem,100_200,0,26,6.32810640335083,6.82988166809082,0.5017752647399902,0.018137848004698753,0.06831923127174377,0.006045949645340443,0.025392986834049225,4.322727117869953e-06,True
250,RN50__stem,100_200,0,27,6.326313018798828,6.829657077789307,0.5033440589904785,0.018137848004698753,0.06650544703006744,0.006045949645340443,0.0259975828230381,2.447174185242324e-06,True
250,RN50__stem,100_200,0,28,6.325320243835449,6.829292297363281,0.503972053527832,0.017533253878355026,0.0677146315574646,0.006045949645340443,0.0259975828230381,1.092619963309716e-06,True
250,RN50__stem,100_200,0,29,6.324865341186523,6.8291473388671875,0.5042819976806641,0.017533253878355026,0.0677146315574646,0.006045949645340443,0.0259975828230381,2.7390523158633003e-07,True
250,RN50__stem,100_200,0,30,6.324760437011719,6.829113960266113,0.5043535232543945,0.017533253878355026,0.0677146315574646,0.006045949645340443,0.0259975828230381,0.0,True
1000,RN50__stem,100_200,0,1,7.021421432495117,7.154809951782227,0.13338851928710938,0.005441354587674141,0.015719467774033546,0.0012091898825019598,0.007859733887016773,9.972609476841367e-05,True
1000,RN50__stem,100_200,0,2,6.820783615112305,7.0446014404296875,0.2238178253173828,0.006045949645340443,0.022974608466029167,0.0036275696475058794,0.012696493417024612,9.890738003669029e-05,True
1000,RN50__stem,100_200,0,3,6.649358749389648,6.963476657867432,0.3141179084777832,0.004836759530007839,0.032648127526044846,0.0030229748226702213,0.014510278590023518,9.755282581475769e-05,True
1000,RN50__stem,100_200,0,4,6.5061564445495605,6.918994903564453,0.4128384590148926,0.007255139295011759,0.042321644723415375,0.004836759530007839,0.01874244399368763,9.567727288213003e-05,True
1000,RN50__stem,100_200,0,5,6.385759353637695,6.877250671386719,0.49149131774902344,0.012091899290680885,0.057436518371105194,0.0042321644723415375,0.021765418350696564,9.330127018922194e-05,True
1000,RN50__stem,100_200,0,6,6.293364524841309,6.848257064819336,0.5548925399780273,0.01511487364768982,0.06227327883243561,0.005441354587674141,0.023579202592372894,9.045084971874738e-05,True
1000,RN50__stem,100_200,0,7,6.228849411010742,6.840216636657715,0.6113672256469727,0.017533253878355026,0.07134220004081726,0.007255139295011759,0.021160822361707687,8.715724127386972e-05,True
1000,RN50__stem,100_200,0,8,6.139555931091309,6.826267242431641,0.686711311340332,0.022974608466029167,0.08162032067775726,0.007859733887016773,0.027811367064714432,8.345653031794292e-05,True
1000,RN50__stem,100_200,0,9,6.085850715637207,6.830994129180908,0.7451434135437012,0.0259975828230381,0.08887545764446259,0.01027811411768198,0.027811367064714432,7.938926261462366e-05,False
1000,RN50__stem,100_200,0,10,6.017655372619629,6.835177421569824,0.8175220489501953,0.03022974729537964,0.09613059461116791,0.009068924002349377,0.03204353153705597,7.500000000000001e-05,False
1000,RN50__stem,100_200,0,11,5.973978042602539,6.829562187194824,0.8555841445922852,0.03143893554806709,0.10701330751180649,0.006650544237345457,0.03143893554806709,7.033683215379003e-05,False
1000,RN50__stem,100_200,0,12,5.929095268249512,6.825597763061523,0.8965024948120117,0.03204353153705597,0.10882709175348282,0.007859733887016773,0.03204353153705597,6.545084971874738e-05,True
1000,RN50__stem,100_200,0,13,5.897976875305176,6.831493377685547,0.9335165023803711,0.03325272351503372,0.10822249203920364,0.009068924002349377,0.030834341421723366,6.039558454088797e-05,False
1000,RN50__stem,100_200,0,14,5.848081588745117,6.833664894104004,0.9855833053588867,0.03929867222905159,0.12212818115949631,0.007255139295011759,0.032648127526044846,5.522642316338269e-05,False
1000,RN50__stem,100_200,0,15,5.822996139526367,6.829623699188232,1.0066275596618652,0.03627569600939751,0.1275695264339447,0.009673519060015678,0.03204353153705597,5.000000000000002e-05,False
1000,RN50__stem,100_200,0,16,5.7914018630981445,6.837000846862793,1.0455989837646484,0.03567110002040863,0.12938331067562103,0.008464328944683075,0.028415963053703308,4.4773576836617344e-05,False
1000,RN50__stem,100_200,0,17,5.775135040283203,6.845574855804443,1.0704398155212402,0.042321644723415375,0.13603386282920837,0.009673519060015678,0.034461911767721176,3.9604415459112035e-05,False
1000,RN50__stem,100_200,0,18,5.755041122436523,6.8369550704956055,1.081913948059082,0.044135428965091705,0.13422007858753204,0.009068924002349377,0.03325272351503372,3.4549150281252636e-05,False
1000,RN50__stem,100_200,0,19,5.7331695556640625,6.83683443069458,1.1036648750305176,0.04715840518474579,0.13905683159828186,0.009673519060015678,0.032648127526044846,2.966316784621e-05,False
1000,RN50__stem,100_200,0,20,5.716612339019775,6.842412948608398,1.125800609588623,0.045949216932058334,0.1457073837518692,0.012091899290680885,0.0338573157787323,2.5000000000000015e-05,False
250,RN50__stem,100_200,1,1,7.433403968811035,7.46776008605957,0.034356117248535156,0.0,0.0018137848237529397,0.0018137848237529397,0.005441354587674141,9.972609476841367e-05,True
250,RN50__stem,100_200,1,2,7.205112457275391,7.2826361656188965,0.07752370834350586,0.0012091898825019598,0.005441354587674141,0.0030229748226702213,0.008464328944683075,9.890738003669029e-05,True
250,RN50__stem,100_200,1,3,7.088035583496094,7.200329303741455,0.11229372024536133,0.0012091898825019598,0.012091899290680885,0.0012091898825019598,0.012091899290680885,9.755282581475769e-05,True
250,RN50__stem,100_200,1,4,6.999855041503906,7.148487091064453,0.14863204956054688,0.0036275696475058794,0.016324063763022423,0.0024183797650039196,0.013301088474690914,9.567727288213003e-05,True
250,RN50__stem,100_200,1,5,6.927518844604492,7.110757827758789,0.18323898315429688,0.004836759530007839,0.019347038120031357,0.0036275696475058794,0.015719467774033546,9.330127018922194e-05,True
250,RN50__stem,100_200,1,6,6.861625671386719,7.083250999450684,0.22162532806396484,0.007255139295011759,0.021160822361707687,0.0042321644723415375,0.015719467774033546,9.045084971874738e-05,True
250,RN50__stem,100_200,1,7,6.8002519607543945,7.059482574462891,0.2592306137084961,0.007255139295011759,0.028415963053703308,0.0042321644723415375,0.01511487364768982,8.715724127386972e-05,True
250,RN50__stem,100_200,1,8,6.744290351867676,7.038180351257324,0.29388999938964844,0.011487304233014584,0.028415963053703308,0.004836759530007839,0.015719467774033546,8.345653031794292e-05,True
250,RN50__stem,100_200,1,9,6.692909240722656,7.020480155944824,0.32757091522216797,0.012091899290680885,0.03204353153705597,0.0030229748226702213,0.014510278590023518,7.938926261462366e-05,True
250,RN50__stem,100_200,1,10,6.6424174308776855,7.005827903747559,0.36341047286987305,0.013905683532357216,0.03506650775671005,0.0036275696475058794,0.01511487364768982,7.500000000000001e-05,True
250,RN50__stem,100_200,1,11,6.597153663635254,6.991430282592773,0.39427661895751953,0.014510278590023518,0.03688029199838638,0.0042321644723415375,0.01692865788936615,7.033683215379003e-05,True
250,RN50__stem,100_200,1,12,6.555511474609375,6.980568885803223,0.42505741119384766,0.01511487364768982,0.042321644723415375,0.0042321644723415375,0.016324063763022423,6.545084971874738e-05,True
250,RN50__stem,100_200,1,13,6.517481327056885,6.967161178588867,0.4496798515319824,0.015719467774033546,0.04353083670139313,0.0042321644723415375,0.01874244399368763,6.039558454088797e-05,True
250,RN50__stem,100_200,1,14,6.484738826751709,6.95768928527832,0.47295045852661133,0.01692865788936615,0.045949216932058334,0.0030229748226702213,0.02055622823536396,5.522642316338269e-05,True
250,RN50__stem,100_200,1,15,6.456092834472656,6.950777053833008,0.49468421936035156,0.01692865788936615,0.05259976163506508,0.0030229748226702213,0.019347038120031357,5.000000000000002e-05,True
250,RN50__stem,100_200,1,16,6.429743766784668,6.946176528930664,0.5164327621459961,0.017533253878355026,0.05320435389876366,0.0036275696475058794,0.019347038120031357,4.4773576836617344e-05,True
250,RN50__stem,100_200,1,17,6.4067230224609375,6.941227436065674,0.5345044136047363,0.018137848004698753,0.05804111436009407,0.0036275696475058794,0.021765418350696564,3.9604415459112035e-05,True
250,RN50__stem,100_200,1,18,6.386907577514648,6.934948921203613,0.5480413436889648,0.01874244399368763,0.05804111436009407,0.0036275696475058794,0.02055622823536396,3.4549150281252636e-05,True
250,RN50__stem,100_200,1,19,6.3711628913879395,6.9319000244140625,0.560737133026123,0.019347038120031357,0.059250302612781525,0.0036275696475058794,0.019951632246375084,2.966316784621e-05,True
250,RN50__stem,100_200,1,20,6.355069160461426,6.928963661193848,0.5738945007324219,0.02055622823536396,0.059250302612781525,0.0036275696475058794,0.02055622823536396,2.5000000000000015e-05,True
250,RN50__stem,100_200,1,21,6.345205307006836,6.925696849822998,0.5804915428161621,0.021160822361707687,0.05864571034908295,0.0042321644723415375,0.019347038120031357,2.0610737385376352e-05,True
250,RN50__stem,100_200,1,22,6.336101531982422,6.923979759216309,0.5878782272338867,0.02055622823536396,0.05864571034908295,0.0042321644723415375,0.018137848004698753,1.654346968205711e-05,True
250,RN50__stem,100_200,1,23,6.328515529632568,6.923724174499512,0.5952086448669434,0.02055622823536396,0.06045949459075928,0.0042321644723415375,0.01874244399368763,1.2842758726130304e-05,True
250,RN50__stem,100_200,1,24,6.322178840637207,6.922358989715576,0.6001801490783691,0.019951632246375084,0.06227327883243561,0.0036275696475058794,0.018137848004698753,9.549150281252636e-06,True
250,RN50__stem,100_200,1,25,6.317812919616699,6.921910762786865,0.604097843170166,0.019951632246375084,0.06166868284344673,0.0036275696475058794,0.01874244399368763,6.698729810778068e-06,True
250,RN50__stem,100_200,1,26,6.31498908996582,6.921220779418945,0.606231689453125,0.019951632246375084,0.06469165533781052,0.0036275696475058794,0.01874244399368763,4.322727117869953e-06,True
250,RN50__stem,100_200,1,27,6.313017845153809,6.920692443847656,0.6076745986938477,0.019951632246375084,0.06590084731578827,0.0036275696475058794,0.01874244399368763,2.447174185242324e-06,True
250,RN50__stem,100_200,1,28,6.312087535858154,6.920444011688232,0.6083564758300781,0.019951632246375084,0.06590084731578827,0.0036275696475058794,0.01874244399368763,1.092619963309716e-06,True
250,RN50__stem,100_200,1,29,6.311566352844238,6.920363426208496,0.6087970733642578,0.019951632246375084,0.06650544703006744,0.0036275696475058794,0.01874244399368763,2.7390523158633003e-07,True
250,RN50__stem,100_200,1,30,6.311460018157959,6.920346260070801,0.6088862419128418,0.02055622823536396,0.06650544703006744,0.0036275696475058794,0.01874244399368763,0.0,True
1000,RN50__stem,100_200,1,1,7.03299617767334,7.171156883239746,0.13816070556640625,0.0036275696475058794,0.01027811411768198,0.0012091898825019598,0.008464328944683075,9.972609476841367e-05,True
1000,RN50__stem,100_200,1,2,6.824840545654297,7.075868606567383,0.25102806091308594,0.004836759530007839,0.024788392707705498,0.0036275696475058794,0.010882709175348282,9.890738003669029e-05,True
1000,RN50__stem,100_200,1,3,6.641966819763184,7.008602142333984,0.3666353225708008,0.008464328944683075,0.0417170524597168,0.0030229748226702213,0.014510278590023518,9.755282581475769e-05,True
1000,RN50__stem,100_200,1,4,6.487633228302002,6.975133419036865,0.4875001907348633,0.012091899290680885,0.04897218942642212,0.0024183797650039196,0.014510278590023518,9.567727288213003e-05,True
1000,RN50__stem,100_200,1,5,6.34877872467041,6.953248977661133,0.6044702529907227,0.018137848004698753,0.06348247081041336,0.0030229748226702213,0.013905683532357216,9.330127018922194e-05,True
1000,RN50__stem,100_200,1,6,6.232127666473389,6.944239616394043,0.7121119499206543,0.024788392707705498,0.07315598428249359,0.0036275696475058794,0.018137848004698753,9.045084971874738e-05,True
1000,RN50__stem,100_200,1,7,6.146259307861328,6.926117420196533,0.7798581123352051,0.028415963053703308,0.08645707368850708,0.0024183797650039196,0.019951632246375084,8.715724127386972e-05,True
1000,RN50__stem,100_200,1,8,6.074233055114746,6.922199726104736,0.8479666709899902,0.03567110002040863,0.09975816309452057,0.0018137848237529397,0.019347038120031357,8.345653031794292e-05,True
1000,RN50__stem,100_200,1,9,6.0066680908203125,6.920448303222656,0.9137802124023438,0.03688029199838638,0.1094316840171814,0.0036275696475058794,0.01692865788936615,7.938926261462366e-05,True
1000,RN50__stem,100_200,1,10,5.9488067626953125,6.9266037940979,0.9777970314025879,0.03929867222905159,0.1197097972035408,0.0024183797650039196,0.01874244399368763,7.500000000000001e-05,False
1000,RN50__stem,100_200,1,11,5.896164894104004,6.914862632751465,1.018697738647461,0.045949216932058334,0.1172914206981659,0.0024183797650039196,0.01692865788936615,7.033683215379003e-05,True
1000,RN50__stem,100_200,1,12,5.849004745483398,6.927972793579102,1.0789680480957031,0.05078597366809845,0.12273277342319489,0.0030229748226702213,0.018137848004698753,6.545084971874738e-05,False
1000,RN50__stem,100_200,1,13,5.811225891113281,6.937601566314697,1.126375675201416,0.051390569657087326,0.1330108940601349,0.0036275696475058794,0.017533253878355026,6.039558454088797e-05,False
1000,RN50__stem,100_200,1,14,5.767531394958496,6.934835433959961,1.1673040390014648,0.05380894988775253,0.1330108940601349,0.0030229748226702213,0.01874244399368763,5.522642316338269e-05,False
1000,RN50__stem,100_200,1,15,5.742735385894775,6.945307731628418,1.2025723457336426,0.059250302612781525,0.14147521555423737,0.0042321644723415375,0.01692865788936615,5.000000000000002e-05,False
1000,RN50__stem,100_200,1,16,5.711949348449707,6.948362350463867,1.2364130020141602,0.061064090579748154,0.15175333619117737,0.0036275696475058794,0.019951632246375084,4.4773576836617344e-05,False
1000,RN50__stem,100_200,1,17,5.696219444274902,6.947232246398926,1.2510128021240234,0.05804111436009407,0.15054413676261902,0.004836759530007839,0.019951632246375084,3.9604415459112035e-05,False
1000,RN50__stem,100_200,1,18,5.67080545425415,6.951843738555908,1.2810382843017578,0.06469165533781052,0.1590084731578827,0.0042321644723415375,0.017533253878355026,3.4549150281252636e-05,False
1000,RN50__stem,100_200,1,19,5.657461166381836,6.957365989685059,1.2999048233032227,0.06529625505208969,0.15961305797100067,0.0030229748226702213,0.018137848004698753,2.966316784621e-05,False
250,RN50__stem,300_400,0,1,7.538869857788086,7.568686485290527,0.029816627502441406,0.0006045949412509799,0.0042321644723415375,0.0006045949412509799,0.0030229748226702213,9.972609476841367e-05,True
250,RN50__stem,300_400,0,2,7.378971099853516,7.4451398849487305,0.06616878509521484,0.0006045949412509799,0.0042321644723415375,0.0,0.0030229748226702213,9.890738003669029e-05,True
250,RN50__stem,300_400,0,3,7.298398971557617,7.390542984008789,0.09214401245117188,0.0006045949412509799,0.005441354587674141,0.0,0.0030229748226702213,9.755282581475769e-05,True
250,RN50__stem,300_400,0,4,7.2484211921691895,7.360657215118408,0.11223602294921875,0.0006045949412509799,0.008464328944683075,0.0,0.0024183797650039196,9.567727288213003e-05,True
250,RN50__stem,300_400,0,5,7.210240840911865,7.340808868408203,0.1305680274963379,0.0012091898825019598,0.007859733887016773,0.0,0.0024183797650039196,9.330127018922194e-05,True
250,RN50__stem,300_400,0,6,7.174530982971191,7.329859733581543,0.15532875061035156,0.0018137848237529397,0.011487304233014584,0.0,0.0024183797650039196,9.045084971874738e-05,True
250,RN50__stem,300_400,0,7,7.14522123336792,7.319770812988281,0.17454957962036133,0.0036275696475058794,0.011487304233014584,0.0,0.0018137848237529397,8.715724127386972e-05,True
250,RN50__stem,300_400,0,8,7.116828918457031,7.31321382522583,0.19638490676879883,0.004836759530007839,0.015719467774033546,0.0,0.0024183797650039196,8.345653031794292e-05,True
250,RN50__stem,300_400,0,9,7.092282295227051,7.308742523193359,0.2164602279663086,0.0042321644723415375,0.01874244399368763,0.0,0.0024183797650039196,7.938926261462366e-05,True
250,RN50__stem,300_400,0,10,7.0663743019104,7.304311752319336,0.23793745040893555,0.005441354587674141,0.02055622823536396,0.0,0.0036275696475058794,7.500000000000001e-05,True
250,RN50__stem,300_400,0,11,7.045306205749512,7.307188034057617,0.26188182830810547,0.004836759530007839,0.023579202592372894,0.0,0.0036275696475058794,7.033683215379003e-05,False
250,RN50__stem,300_400,0,12,7.025090217590332,7.3075337409973145,0.2824435234069824,0.004836759530007839,0.02237001247704029,0.0,0.0042321644723415375,6.545084971874738e-05,False
250,RN50__stem,300_400,0,13,7.002748966217041,7.307850360870361,0.3051013946533203,0.005441354587674141,0.024788392707705498,0.0,0.004836759530007839,6.039558454088797e-05,False
250,RN50__stem,300_400,0,14,6.9853739738464355,7.3096699714660645,0.3242959976196289,0.005441354587674141,0.025392986834049225,0.0,0.0036275696475058794,5.522642316338269e-05,False
250,RN50__stem,300_400,0,15,6.970664024353027,7.310949802398682,0.3402857780456543,0.008464328944683075,0.02418379858136177,0.0,0.0042321644723415375,5.000000000000002e-05,False
250,RN50__stem,300_400,0,16,6.953507423400879,7.314703941345215,0.36119651794433594,0.007859733887016773,0.02660217694938183,0.0,0.0042321644723415375,4.4773576836617344e-05,False
250,RN50__stem,300_400,0,17,6.942395210266113,7.316732406616211,0.37433719635009766,0.007859733887016773,0.027206772938370705,0.0,0.0036275696475058794,3.9604415459112035e-05,False
250,RN50__stem,300_400,0,18,6.928892135620117,7.316832065582275,0.3879399299621582,0.007859733887016773,0.029625151306390762,0.0,0.0036275696475058794,3.4549150281252636e-05,False
1000,RN50__stem,300_400,0,1,7.250260353088379,7.399935245513916,0.1496748924255371,0.0036275696475058794,0.009673519060015678,0.0012091898825019598,0.0042321644723415375,9.972609476841367e-05,True
1000,RN50__stem,300_400,0,2,7.1377668380737305,7.340702056884766,0.20293521881103516,0.0030229748226702213,0.019347038120031357,0.0012091898825019598,0.004836759530007839,9.890738003669029e-05,True
1000,RN50__stem,300_400,0,3,7.048717498779297,7.321751594543457,0.27303409576416016,0.006045949645340443,0.022974608466029167,0.0006045949412509799,0.004836759530007839,9.755282581475769e-05,True
1000,RN50__stem,300_400,0,4,6.9669036865234375,7.318112850189209,0.3512091636657715,0.01027811411768198,0.03143893554806709,0.0006045949412509799,0.006650544237345457,9.567727288213003e-05,True
1000,RN50__stem,300_400,0,5,6.902464866638184,7.3197736740112305,0.4173088073730469,0.010882709175348282,0.03567110002040863,0.0012091898825019598,0.006045949645340443,9.330127018922194e-05,False
1000,RN50__stem,300_400,0,6,6.834931373596191,7.339818954467773,0.504887580871582,0.010882709175348282,0.04292624071240425,0.0012091898825019598,0.006650544237345457,9.045084971874738e-05,False
1000,RN50__stem,300_400,0,7,6.773669719696045,7.358867645263672,0.585197925567627,0.013301088474690914,0.04655380919575691,0.0018137848237529397,0.0042321644723415375,8.715724127386972e-05,False
1000,RN50__stem,300_400,0,8,6.718076229095459,7.358306407928467,0.6402301788330078,0.01511487364768982,0.051390569657087326,0.0024183797650039196,0.009673519060015678,8.345653031794292e-05,False
1000,RN50__stem,300_400,0,9,6.665350914001465,7.381068229675293,0.7157173156738281,0.015719467774033546,0.05864571034908295,0.0024183797650039196,0.008464328944683075,7.938926261462366e-05,False
1000,RN50__stem,300_400,0,10,6.619978904724121,7.3918046951293945,0.7718257904052734,0.021765418350696564,0.06711003929376602,0.0024183797650039196,0.007859733887016773,7.500000000000001e-05,False
1000,RN50__stem,300_400,0,11,6.580556869506836,7.393911361694336,0.8133544921875,0.02237001247704029,0.06469165533781052,0.0030229748226702213,0.008464328944683075,7.033683215379003e-05,False
1000,RN50__stem,300_400,0,12,6.533106803894043,7.408769607543945,0.8756628036499023,0.02660217694938183,0.07738815248012543,0.0018137848237529397,0.009068924002349377,6.545084971874738e-05,False
250,RN50__stem,300_400,1,1,7.584792613983154,7.600477695465088,0.015685081481933594,0.0012091898825019598,0.006045949645340443,0.0,0.005441354587674141,9.972609476841367e-05,True
250,RN50__stem,300_400,1,2,7.410592079162598,7.465506076812744,0.054913997650146484,0.0012091898825019598,0.007859733887016773,0.0018137848237529397,0.005441354587674141,9.890738003669029e-05,True
250,RN50__stem,300_400,1,3,7.32943868637085,7.41007137298584,0.08063268661499023,0.0012091898825019598,0.01027811411768198,0.0018137848237529397,0.0036275696475058794,9.755282581475769e-05,True
250,RN50__stem,300_400,1,4,7.274232387542725,7.379546642303467,0.10531425476074219,0.0006045949412509799,0.011487304233014584,0.0012091898825019598,0.0036275696475058794,9.567727288213003e-05,True
250,RN50__stem,300_400,1,5,7.231147766113281,7.357885837554932,0.1267380714416504,0.0006045949412509799,0.012091899290680885,0.0012091898825019598,0.006045949645340443,9.330127018922194e-05,True
250,RN50__stem,300_400,1,6,7.195444107055664,7.34512186050415,0.14967775344848633,0.0012091898825019598,0.013905683532357216,0.0012091898825019598,0.006650544237345457,9.045084971874738e-05,True
250,RN50__stem,300_400,1,7,7.16457986831665,7.3344035148620605,0.16982364654541016,0.0036275696475058794,0.01511487364768982,0.0018137848237529397,0.007859733887016773,8.715724127386972e-05,True
250,RN50__stem,300_400,1,8,7.13515567779541,7.323885440826416,0.18872976303100586,0.004836759530007839,0.01692865788936615,0.0018137848237529397,0.008464328944683075,8.345653031794292e-05,True
250,RN50__stem,300_400,1,9,7.106278419494629,7.320544242858887,0.2142658233642578,0.0042321644723415375,0.019951632246375084,0.0018137848237529397,0.009673519060015678,7.938926261462366e-05,True
250,RN50__stem,300_400,1,10,7.081485748291016,7.317121505737305,0.23563575744628906,0.004836759530007839,0.021765418350696564,0.0018137848237529397,0.009673519060015678,7.500000000000001e-05,True
250,RN50__stem,300_400,1,11,7.057453632354736,7.316876411437988,0.25942277908325195,0.006045949645340443,0.02237001247704029,0.0024183797650039196,0.009673519060015678,7.033683215379003e-05,True
250,RN50__stem,300_400,1,12,7.035029411315918,7.313507080078125,0.27847766876220703,0.006650544237345457,0.02418379858136177,0.0030229748226702213,0.009068924002349377,6.545084971874738e-05,True
250,RN50__stem,300_400,1,13,7.015256881713867,7.313529968261719,0.29827308654785156,0.007255139295011759,0.022974608466029167,0.0018137848237529397,0.008464328944683075,6.039558454088797e-05,False
250,RN50__stem,300_400,1,14,6.995828151702881,7.315568447113037,0.31974029541015625,0.009673519060015678,0.025392986834049225,0.0024183797650039196,0.008464328944683075,5.522642316338269e-05,False
250,RN50__stem,300_400,1,15,6.979972839355469,7.314899444580078,0.3349266052246094,0.007859733887016773,0.025392986834049225,0.0018137848237529397,0.007859733887016773,5.000000000000002e-05,False
250,RN50__stem,300_400,1,16,6.964994430541992,7.317111015319824,0.35211658477783203,0.008464328944683075,0.02660217694938183,0.0018137848237529397,0.008464328944683075,4.4773576836617344e-05,False
250,RN50__stem,300_400,1,17,6.9511027336120605,7.31796932220459,0.3668665885925293,0.01027811411768198,0.028415963053703308,0.0012091898825019598,0.009068924002349377,3.9604415459112035e-05,False
250,RN50__stem,300_400,1,18,6.940587997436523,7.3191375732421875,0.37854957580566406,0.01027811411768198,0.029020557180047035,0.0018137848237529397,0.008464328944683075,3.4549150281252636e-05,False
250,RN50__stem,300_400,1,19,6.930907726287842,7.320835113525391,0.38992738723754883,0.010882709175348282,0.029625151306390762,0.0018137848237529397,0.008464328944683075,2.966316784621e-05,False
250,RN50__stem,300_400,1,20,6.921449184417725,7.32267427444458,0.40122509002685547,0.01027811411768198,0.030834341421723366,0.0018137848237529397,0.008464328944683075,2.5000000000000015e-05,False
1000,RN50__stem,300_400,1,1,7.274338245391846,7.402825355529785,0.12848711013793945,0.0030229748226702213,0.007255139295011759,0.0024183797650039196,0.007859733887016773,9.972609476841367e-05,True
1000,RN50__stem,300_400,1,2,7.158053398132324,7.3473711013793945,0.1893177032470703,0.0042321644723415375,0.012091899290680885,0.0018137848237529397,0.007859733887016773,9.890738003669029e-05,True
1000,RN50__stem,300_400,1,3,7.065784931182861,7.331912994384766,0.2661280632019043,0.004836759530007839,0.019347038120031357,0.0006045949412509799,0.009068924002349377,9.755282581475769e-05,True
1000,RN50__stem,300_400,1,4,6.979236125946045,7.325385570526123,0.3461494445800781,0.006045949645340443,0.0259975828230381,0.0024183797650039196,0.006650544237345457,9.567727288213003e-05,True
1000,RN50__stem,300_400,1,5,6.903878211975098,7.334746360778809,0.43086814880371094,0.007859733887016773,0.03143893554806709,0.0012091898825019598,0.007859733887016773,9.330127018922194e-05,False
1000,RN50__stem,300_400,1,6,6.8368821144104,7.341480255126953,0.5045981407165527,0.009068924002349377,0.03567110002040863,0.0012091898825019598,0.005441354587674141,9.045084971874738e-05,False
1000,RN50__stem,300_400,1,7,6.770328998565674,7.359177589416504,0.5888485908508301,0.013905683532357216,0.03929867222905159,0.0012091898825019598,0.006650544237345457,8.715724127386972e-05,False
1000,RN50__stem,300_400,1,8,6.714864253997803,7.378986358642578,0.6641221046447754,0.014510278590023518,0.04655380919575691,0.0012091898825019598,0.004836759530007839,8.345653031794292e-05,False
1000,RN50__stem,300_400,1,9,6.668011665344238,7.392419815063477,0.7244081497192383,0.019951632246375084,0.049576785415410995,0.0018137848237529397,0.010882709175348282,7.938926261462366e-05,False
1000,RN50__stem,300_400,1,10,6.606868743896484,7.39152717590332,0.7846584320068359,0.019347038120031357,0.06348247081041336,0.0030229748226702213,0.006650544237345457,7.500000000000001e-05,False
1000,RN50__stem,300_400,1,11,6.579431533813477,7.406275749206543,0.8268442153930664,0.021765418350696564,0.06469165533781052,0.0024183797650039196,0.007859733887016773,7.033683215379003e-05,False
1000,RN50__stem,300_400,1,12,6.529292583465576,7.416683197021484,0.8873906135559082,0.022974608466029167,0.07073760777711868,0.0018137848237529397,0.004836759530007839,6.545084971874738e-05,False
250,RN50__stem,500_600,0,1,7.596759796142578,7.65457010269165,0.057810306549072266,0.0012091898825019598,0.0024183797650039196,0.0,0.0024183797650039196,9.972609476841367e-05,True
250,RN50__stem,500_600,0,2,7.476921081542969,7.557929992675781,0.0810089111328125,0.0012091898825019598,0.0024183797650039196,0.0,0.0018137848237529397,9.890738003669029e-05,True
250,RN50__stem,500_600,0,3,7.420793533325195,7.522076606750488,0.10128307342529297,0.0012091898825019598,0.0036275696475058794,0.0,0.0024183797650039196,9.755282581475769e-05,True
250,RN50__stem,500_600,0,4,7.385604381561279,7.501916885375977,0.11631250381469727,0.0012091898825019598,0.0042321644723415375,0.0,0.0024183797650039196,9.567727288213003e-05,True
250,RN50__stem,500_600,0,5,7.361598491668701,7.492597579956055,0.13099908828735352,0.0006045949412509799,0.0042321644723415375,0.0,0.0030229748226702213,9.330127018922194e-05,True
250,RN50__stem,500_600,0,6,7.338802337646484,7.4834184646606445,0.14461612701416016,0.0006045949412509799,0.0042321644723415375,0.0,0.0030229748226702213,9.045084971874738e-05,True
250,RN50__stem,500_600,0,7,7.323277473449707,7.479503631591797,0.15622615814208984,0.0006045949412509799,0.006045949645340443,0.0,0.0024183797650039196,8.715724127386972e-05,True
250,RN50__stem,500_600,0,8,7.306701183319092,7.478043079376221,0.1713418960571289,0.0012091898825019598,0.006650544237345457,0.0,0.0018137848237529397,8.345653031794292e-05,True
250,RN50__stem,500_600,0,9,7.295525550842285,7.477667808532715,0.1821422576904297,0.0006045949412509799,0.009673519060015678,0.0006045949412509799,0.0018137848237529397,7.938926261462366e-05,True
250,RN50__stem,500_600,0,10,7.281630516052246,7.47799015045166,0.19635963439941406,0.0018137848237529397,0.009068924002349377,0.0006045949412509799,0.0030229748226702213,7.500000000000001e-05,False
250,RN50__stem,500_600,0,11,7.271636009216309,7.47941780090332,0.20778179168701172,0.0018137848237529397,0.012696493417024612,0.0006045949412509799,0.0024183797650039196,7.033683215379003e-05,False
250,RN50__stem,500_600,0,12,7.2602081298828125,7.480991363525391,0.22078323364257812,0.0024183797650039196,0.01511487364768982,0.0006045949412509799,0.0024183797650039196,6.545084971874738e-05,False
250,RN50__stem,500_600,0,13,7.248991966247559,7.485035419464111,0.23604345321655273,0.0030229748226702213,0.01511487364768982,0.0,0.0030229748226702213,6.039558454088797e-05,False
250,RN50__stem,500_600,0,14,7.2383809089660645,7.488706588745117,0.25032567977905273,0.004836759530007839,0.015719467774033546,0.0006045949412509799,0.0018137848237529397,5.522642316338269e-05,False
250,RN50__stem,500_600,0,15,7.229750633239746,7.491843223571777,0.26209259033203125,0.0036275696475058794,0.017533253878355026,0.0,0.0024183797650039196,5.000000000000002e-05,False
250,RN50__stem,500_600,0,16,7.220307350158691,7.496903896331787,0.2765965461730957,0.0030229748226702213,0.016324063763022423,0.0,0.0036275696475058794,4.4773576836617344e-05,False
250,RN50__stem,500_600,0,17,7.212795734405518,7.49995231628418,0.2871565818786621,0.0036275696475058794,0.017533253878355026,0.0,0.0036275696475058794,3.9604415459112035e-05,False
1000,RN50__stem,500_600,0,1,7.399837493896484,7.527521133422852,0.1276836395263672,0.0018137848237529397,0.005441354587674141,0.0012091898825019598,0.0030229748226702213,9.972609476841367e-05,True
1000,RN50__stem,500_600,0,2,7.3194990158081055,7.497711181640625,0.17821216583251953,0.0024183797650039196,0.006045949645340443,0.0,0.0030229748226702213,9.890738003669029e-05,True
1000,RN50__stem,500_600,0,3,7.266562461853027,7.491249084472656,0.2246866226196289,0.0024183797650039196,0.009673519060015678,0.0006045949412509799,0.0030229748226702213,9.755282581475769e-05,True
1000,RN50__stem,500_600,0,4,7.223968505859375,7.489910125732422,0.2659416198730469,0.0036275696475058794,0.013301088474690914,0.0006045949412509799,0.0018137848237529397,9.567727288213003e-05,True
1000,RN50__stem,500_600,0,5,7.184075832366943,7.504521369934082,0.32044553756713867,0.006045949645340443,0.019951632246375084,0.0012091898825019598,0.0030229748226702213,9.330127018922194e-05,False
1000,RN50__stem,500_600,0,6,7.136420726776123,7.5222578048706055,0.3858370780944824,0.007859733887016773,0.023579202592372894,0.0006045949412509799,0.0030229748226702213,9.045084971874738e-05,False
1000,RN50__stem,500_600,0,7,7.098354339599609,7.536572456359863,0.4382181167602539,0.005441354587674141,0.030834341421723366,0.0,0.0036275696475058794,8.715724127386972e-05,False
1000,RN50__stem,500_600,0,8,7.056513786315918,7.5512542724609375,0.49474048614501953,0.005441354587674141,0.03506650775671005,0.0,0.0030229748226702213,8.345653031794292e-05,False
1000,RN50__stem,500_600,0,9,7.009095191955566,7.584158897399902,0.5750637054443359,0.012696493417024612,0.03808948025107384,0.0,0.0036275696475058794,7.938926261462366e-05,False
1000,RN50__stem,500_600,0,10,6.967620849609375,7.594655990600586,0.6270351409912109,0.012091899290680885,0.04292624071240425,0.0012091898825019598,0.0024183797650039196,7.500000000000001e-05,False
1000,RN50__stem,500_600,0,11,6.924355983734131,7.626396179199219,0.7020401954650879,0.01874244399368763,0.0519951656460762,0.0,0.0024183797650039196,7.033683215379003e-05,False
1000,RN50__stem,500_600,0,12,6.887266159057617,7.6482648849487305,0.7609987258911133,0.016324063763022423,0.05380894988775253,0.0,0.0024183797650039196,6.545084971874738e-05,False
250,RN50__stem,500_600,1,1,7.632062911987305,7.658596992492676,0.026534080505371094,0.0,0.0036275696475058794,0.0012091898825019598,0.0018137848237529397,9.972609476841367e-05,True
250,RN50__stem,500_600,1,2,7.496726989746094,7.555673122406006,0.05894613265991211,0.0,0.004836759530007839,0.0012091898825019598,0.0018137848237529397,9.890738003669029e-05,True
250,RN50__stem,500_600,1,3,7.4388041496276855,7.518543243408203,0.07973909378051758,0.0,0.004836759530007839,0.0006045949412509799,0.0024183797650039196,9.755282581475769e-05,True
250,RN50__stem,500_600,1,4,7.402390480041504,7.498054504394531,0.09566402435302734,0.0006045949412509799,0.006650544237345457,0.0006045949412509799,0.0018137848237529397,9.567727288213003e-05,True
250,RN50__stem,500_600,1,5,7.376160621643066,7.489126205444336,0.11296558380126953,0.0006045949412509799,0.007859733887016773,0.0006045949412509799,0.0018137848237529397,9.330127018922194e-05,True
250,RN50__stem,500_600,1,6,7.356017589569092,7.483572483062744,0.12755489349365234,0.0006045949412509799,0.008464328944683075,0.0012091898825019598,0.0018137848237529397,9.045084971874738e-05,True
250,RN50__stem,500_600,1,7,7.339445114135742,7.477278232574463,0.1378331184387207,0.0006045949412509799,0.009673519060015678,0.0012091898825019598,0.0018137848237529397,8.715724127386972e-05,True
250,RN50__stem,500_600,1,8,7.324261665344238,7.476100444793701,0.1518387794494629,0.0006045949412509799,0.010882709175348282,0.0012091898825019598,0.0024183797650039196,8.345653031794292e-05,True
250,RN50__stem,500_600,1,9,7.310169219970703,7.475795269012451,0.16562604904174805,0.0006045949412509799,0.012091899290680885,0.0012091898825019598,0.0018137848237529397,7.938926261462366e-05,True
250,RN50__stem,500_600,1,10,7.298306465148926,7.475699424743652,0.17739295959472656,0.0024183797650039196,0.012696493417024612,0.0012091898825019598,0.0018137848237529397,7.500000000000001e-05,True
250,RN50__stem,500_600,1,11,7.286029815673828,7.476658821105957,0.1906290054321289,0.0024183797650039196,0.013301088474690914,0.0012091898825019598,0.0018137848237529397,7.033683215379003e-05,False
250,RN50__stem,500_600,1,12,7.274169445037842,7.4785003662109375,0.2043309211730957,0.0030229748226702213,0.015719467774033546,0.0012091898825019598,0.0012091898825019598,6.545084971874738e-05,False
250,RN50__stem,500_600,1,13,7.264708518981934,7.4819135665893555,0.21720504760742188,0.0042321644723415375,0.01874244399368763,0.0012091898825019598,0.0030229748226702213,6.039558454088797e-05,False
250,RN50__stem,500_600,1,14,7.2548980712890625,7.484283447265625,0.2293853759765625,0.0042321644723415375,0.01874244399368763,0.0012091898825019598,0.0024183797650039196,5.522642316338269e-05,False
250,RN50__stem,500_600,1,15,7.246109962463379,7.486649513244629,0.24053955078125,0.0042321644723415375,0.018137848004698753,0.0012091898825019598,0.0018137848237529397,5.000000000000002e-05,False
250,RN50__stem,500_600,1,16,7.237966537475586,7.4900102615356445,0.2520437240600586,0.004836759530007839,0.01874244399368763,0.0012091898825019598,0.0018137848237529397,4.4773576836617344e-05,False
250,RN50__stem,500_600,1,17,7.229342937469482,7.492577075958252,0.26323413848876953,0.0042321644723415375,0.02055622823536396,0.0012091898825019598,0.0018137848237529397,3.9604415459112035e-05,False
250,RN50__stem,500_600,1,18,7.222260475158691,7.49560546875,0.2733449935913086,0.004836759530007839,0.021160822361707687,0.0012091898825019598,0.0018137848237529397,3.4549150281252636e-05,False
1000,RN50__stem,500_600,1,1,7.420731544494629,7.531783103942871,0.11105155944824219,0.0018137848237529397,0.009068924002349377,0.0,0.0018137848237529397,9.972609476841367e-05,True
1000,RN50__stem,500_600,1,2,7.340437889099121,7.507078647613525,0.1666407585144043,0.0030229748226702213,0.012091899290680885,0.0,0.0012091898825019598,9.890738003669029e-05,True
1000,RN50__stem,500_600,1,3,7.29124641418457,7.49598503112793,0.20473861694335938,0.0042321644723415375,0.013301088474690914,0.0,0.0012091898825019598,9.755282581475769e-05,True
1000,RN50__stem,500_600,1,4,7.247322082519531,7.504350662231445,0.25702857971191406,0.005441354587674141,0.01692865788936615,0.0,0.0018137848237529397,9.567727288213003e-05,False
1000,RN50__stem,500_600,1,5,7.201788902282715,7.513936519622803,0.3121476173400879,0.008464328944683075,0.021765418350696564,0.0,0.0018137848237529397,9.330127018922194e-05,False
1000,RN50__stem,500_600,1,6,7.160094261169434,7.5206756591796875,0.3605813980102539,0.009673519060015678,0.02660217694938183,0.0,0.0012091898825019598,9.045084971874738e-05,False
1000,RN50__stem,500_600,1,7,7.112369060516357,7.541473865509033,0.4291048049926758,0.010882709175348282,0.029625151306390762,0.0,0.0012091898825019598,8.715724127386972e-05,False
1000,RN50__stem,500_600,1,8,7.071053981781006,7.557771682739258,0.48671770095825195,0.012091899290680885,0.03143893554806709,0.0012091898825019598,0.0018137848237529397,8.345653031794292e-05,False
1000,RN50__stem,500_600,1,9,7.023519515991211,7.583539009094238,0.5600194931030273,0.015719467774033546,0.04111245647072792,0.0012091898825019598,0.0018137848237529397,7.938926261462366e-05,False
1000,RN50__stem,500_600,1,10,6.977207183837891,7.601964473724365,0.6247572898864746,0.01874244399368763,0.045949216932058334,0.0,0.0024183797650039196,7.500000000000001e-05,False
1000,RN50__stem,500_600,1,11,6.940036296844482,7.619573593139648,0.679537296295166,0.018137848004698753,0.05078597366809845,0.0012091898825019598,0.0042321644723415375,7.033683215379003e-05,False
250,RN50__attnpool,100_200,0,1,7.111724376678467,7.287374496459961,0.17565011978149414,0.0036275696475058794,0.019951632246375084,0.0024183797650039196,0.01027811411768198,9.972609476841367e-05,True
250,RN50__attnpool,100_200,0,2,6.821890830993652,7.135213851928711,0.3133230209350586,0.010882709175348282,0.0417170524597168,0.005441354587674141,0.01874244399368763,9.890738003669029e-05,True
250,RN50__attnpool,100_200,0,3,6.590229034423828,7.036401271820068,0.44617223739624023,0.021765418350696564,0.07678356021642685,0.007859733887016773,0.02237001247704029,9.755282581475769e-05,True
250,RN50__attnpool,100_200,0,4,6.404889106750488,6.9678802490234375,0.5629911422729492,0.03204353153705597,0.1039903312921524,0.007859733887016773,0.027811367064714432,9.567727288213003e-05,True
250,RN50__attnpool,100_200,0,5,6.2473859786987305,6.916443824768066,0.6690578460693359,0.03990326449275017,0.13603386282920837,0.010882709175348282,0.030834341421723366,9.330127018922194e-05,True
250,RN50__attnpool,100_200,0,6,6.111520767211914,6.87896728515625,0.7674465179443359,0.05320435389876366,0.166263610124588,0.010882709175348282,0.032648127526044846,9.045084971874738e-05,True
250,RN50__attnpool,100_200,0,7,5.995318412780762,6.848625183105469,0.853306770324707,0.06831923127174377,0.19165658950805664,0.012696493417024612,0.034461911767721176,8.715724127386972e-05,True
250,RN50__attnpool,100_200,0,8,5.895702362060547,6.827635765075684,0.9319334030151367,0.08101572096347809,0.22188633680343628,0.012696493417024612,0.034461911767721176,8.345653031794292e-05,True
250,RN50__attnpool,100_200,0,9,5.808417797088623,6.8097333908081055,1.0013155937194824,0.09552600234746933,0.2472793310880661,0.010882709175348282,0.03748488798737526,7.938926261462366e-05,True
250,RN50__attnpool,100_200,0,10,5.7259392738342285,6.794593334197998,1.0686540603637695,0.10882709175348282,0.2738814949989319,0.011487304233014584,0.03808948025107384,7.500000000000001e-05,True
250,RN50__attnpool,100_200,0,11,5.655312538146973,6.784534454345703,1.1292219161987305,0.12636034190654755,0.2962515354156494,0.009068924002349377,0.03990326449275017,7.033683215379003e-05,True
250,RN50__attnpool,100_200,0,12,5.590555191040039,6.77687931060791,1.186324119567871,0.1378476470708847,0.31922611594200134,0.009673519060015678,0.0417170524597168,6.545084971874738e-05,True
250,RN50__attnpool,100_200,0,13,5.533260345458984,6.767409324645996,1.2341489791870117,0.14449818432331085,0.3379685580730438,0.01027811411768198,0.04474002495408058,6.039558454088797e-05,True
250,RN50__attnpool,100_200,0,14,5.483312606811523,6.761725425720215,1.2784128189086914,0.16444982588291168,0.3567110300064087,0.008464328944683075,0.04474002495408058,5.522642316338269e-05,True
250,RN50__attnpool,100_200,0,15,5.435802459716797,6.758038520812988,1.3222360610961914,0.171704962849617,0.3772672414779663,0.007859733887016773,0.04655380919575691,5.000000000000002e-05,True
250,RN50__attnpool,100_200,0,16,5.399301528930664,6.754076957702637,1.3547754287719727,0.187424436211586,0.38391777873039246,0.007255139295011759,0.04715840518474579,4.4773576836617344e-05,True
250,RN50__attnpool,100_200,0,17,5.3603057861328125,6.747900009155273,1.387594223022461,0.19467957317829132,0.4002418518066406,0.007859733887016773,0.047763001173734665,3.9604415459112035e-05,True
250,RN50__attnpool,100_200,0,18,5.333044052124023,6.749044418334961,1.4160003662109375,0.20435309410095215,0.41233375668525696,0.008464328944683075,0.04534462094306946,3.4549150281252636e-05,False
250,RN50__attnpool,100_200,0,19,5.305940628051758,6.747072219848633,1.441131591796875,0.2085852473974228,0.4250302314758301,0.009673519060015678,0.04474002495408058,2.966316784621e-05,True
250,RN50__attnpool,100_200,0,20,5.282934665679932,6.745208740234375,1.4622740745544434,0.21765418350696564,0.4328899681568146,0.01027811411768198,0.04353083670139313,2.5000000000000015e-05,True
250,RN50__attnpool,100_200,0,21,5.264104843139648,6.743308067321777,1.479203224182129,0.22249093651771545,0.43833133578300476,0.009673519060015678,0.04534462094306946,2.0610737385376352e-05,True
250,RN50__attnpool,100_200,0,22,5.248954772949219,6.742778301239014,1.493823528289795,0.22249093651771545,0.44316810369491577,0.01027811411768198,0.04474002495408058,1.654346968205711e-05,True
250,RN50__attnpool,100_200,0,23,5.236580848693848,6.741670608520508,1.5050897598266602,0.22611850500106812,0.44619107246398926,0.01027811411768198,0.04474002495408058,1.2842758726130304e-05,True
250,RN50__attnpool,100_200,0,24,5.228046417236328,6.741466045379639,1.5134196281433105,0.22551392018795013,0.4498186409473419,0.01027811411768198,0.04534462094306946,9.549150281252636e-06,True
250,RN50__attnpool,100_200,0,25,5.220519065856934,6.741141319274902,1.5206222534179688,0.2315598577260971,0.45102784037590027,0.01027811411768198,0.04474002495408058,6.698729810778068e-06,True
250,RN50__attnpool,100_200,0,26,5.215603351593018,6.740767955780029,1.5251646041870117,0.2315598577260971,0.4534462094306946,0.010882709175348282,0.04474002495408058,4.322727117869953e-06,True
250,RN50__attnpool,100_200,0,27,5.212704658508301,6.740801811218262,1.528097152709961,0.23216445744037628,0.45465540885925293,0.010882709175348282,0.045949216932058334,2.447174185242324e-06,False
250,RN50__attnpool,100_200,0,28,5.210848808288574,6.740693092346191,1.5298442840576172,0.23337364196777344,0.45465540885925293,0.010882709175348282,0.045949216932058334,1.092619963309716e-06,True
250,RN50__attnpool,100_200,0,29,5.2101335525512695,6.740662574768066,1.5305290222167969,0.23337364196777344,0.45465540885925293,0.010882709175348282,0.045949216932058334,2.7390523158633003e-07,True
250,RN50__attnpool,100_200,0,30,5.209933280944824,6.740652561187744,1.53071928024292,0.23276905715465546,0.45465540885925293,0.010882709175348282,0.045949216932058334,0.0,True
1000,RN50__attnpool,100_200,0,1,6.545937538146973,7.014863967895508,0.46892642974853516,0.0259975828230381,0.08887545764446259,0.005441354587674141,0.01874244399368763,9.972609476841367e-05,True
1000,RN50__attnpool,100_200,0,2,6.050436019897461,6.87172794342041,0.8212919235229492,0.0755743682384491,0.20616687834262848,0.008464328944683075,0.034461911767721176,9.890738003669029e-05,True
1000,RN50__attnpool,100_200,0,3,5.710813522338867,6.795633316040039,1.0848197937011719,0.1330108940601349,0.3149939775466919,0.009068924002349377,0.03688029199838638,9.755282581475769e-05,True
1000,RN50__attnpool,100_200,0,4,5.437573432922363,6.75612735748291,1.3185539245605469,0.2079806625843048,0.4087061882019043,0.010882709175348282,0.04353083670139313,9.567727288213003e-05,True
1000,RN50__attnpool,100_200,0,5,5.219122886657715,6.739689826965332,1.5205669403076172,0.26118502020835876,0.4812575876712799,0.012696493417024612,0.044135428965091705,9.330127018922194e-05,True
1000,RN50__attnpool,100_200,0,6,5.014557838439941,6.729745864868164,1.7151880264282227,0.33192262053489685,0.5556227564811707,0.01692865788936615,0.04836759716272354,9.045084971874738e-05,True
1000,RN50__attnpool,100_200,0,7,4.85227108001709,6.726268768310547,1.873997688293457,0.3827086091041565,0.6154776215553284,0.011487304233014584,0.049576785415410995,8.715724127386972e-05,True
1000,RN50__attnpool,100_200,0,8,4.713552474975586,6.720182418823242,2.0066299438476562,0.4371221363544464,0.6638452410697937,0.01511487364768982,0.04836759716272354,8.345653031794292e-05,True
1000,RN50__attnpool,100_200,0,9,4.589001655578613,6.736392974853516,2.1473913192749023,0.4740024209022522,0.7091898918151855,0.013301088474690914,0.04836759716272354,7.938926261462366e-05,False
1000,RN50__attnpool,100_200,0,10,4.474756717681885,6.734598159790039,2.2598414421081543,0.509673535823822,0.7394196391105652,0.012696493417024612,0.04715840518474579,7.500000000000001e-05,False
1000,RN50__attnpool,100_200,0,11,4.3838067054748535,6.740686893463135,2.3568801879882812,0.5495768189430237,0.7750906944274902,0.010882709175348282,0.04897218942642212,7.033683215379003e-05,False
1000,RN50__attnpool,100_200,0,12,4.298248291015625,6.749933242797852,2.4516849517822266,0.5773881673812866,0.7914147973060608,0.012091899290680885,0.04897218942642212,6.545084971874738e-05,False
1000,RN50__attnpool,100_200,0,13,4.215705871582031,6.753971576690674,2.5382657051086426,0.6076179146766663,0.8228537440299988,0.011487304233014584,0.04836759716272354,6.039558454088797e-05,False
1000,RN50__attnpool,100_200,0,14,4.1438798904418945,6.758801460266113,2.6149215698242188,0.6360338926315308,0.8355501890182495,0.012696493417024612,0.04836759716272354,5.522642316338269e-05,False
1000,RN50__attnpool,100_200,0,15,4.0871663093566895,6.767631530761719,2.6804652214050293,0.6620314717292786,0.8536880612373352,0.012696493417024612,0.04534462094306946,5.000000000000002e-05,False
1000,RN50__attnpool,100_200,0,16,4.037237644195557,6.769065856933594,2.731828212738037,0.6801692843437195,0.863966166973114,0.008464328944683075,0.04474002495408058,4.4773576836617344e-05,False
250,RN50__attnpool,100_200,1,1,7.127359390258789,7.309529781341553,0.18217039108276367,0.0042321644723415375,0.017533253878355026,0.0012091898825019598,0.009673519060015678,9.972609476841367e-05,True
250,RN50__attnpool,100_200,1,2,6.822968482971191,7.149586200714111,0.3266177177429199,0.013301088474690914,0.04897218942642212,0.0030229748226702213,0.013301088474690914,9.890738003669029e-05,True
250,RN50__attnpool,100_200,1,3,6.584297180175781,7.045490264892578,0.4611930847167969,0.022974608466029167,0.07980652898550034,0.0036275696475058794,0.01692865788936615,9.755282581475769e-05,True
250,RN50__attnpool,100_200,1,4,6.392970085144043,6.969995021820068,0.5770249366760254,0.03688029199838638,0.1039903312921524,0.0036275696475058794,0.023579202592372894,9.567727288213003e-05,True
250,RN50__attnpool,100_200,1,5,6.233116149902344,6.920295238494873,0.6871790885925293,0.05018138140439987,0.1402660310268402,0.006045949645340443,0.02418379858136177,9.330127018922194e-05,True
250,RN50__attnpool,100_200,1,6,6.096043586730957,6.877180099487305,0.7811365127563477,0.06711003929376602,0.17896009981632233,0.007255139295011759,0.027811367064714432,9.045084971874738e-05,True
250,RN50__attnpool,100_200,1,7,5.978191375732422,6.846420764923096,0.8682293891906738,0.07496977597475052,0.20193471014499664,0.007859733887016773,0.03204353153705597,8.715724127386972e-05,True
250,RN50__attnpool,100_200,1,8,5.878271102905273,6.8241071701049805,0.945836067199707,0.08706167340278625,0.22309553623199463,0.010882709175348282,0.032648127526044846,8.345653031794292e-05,True
250,RN50__attnpool,100_200,1,9,5.78793478012085,6.80678653717041,1.0188517570495605,0.1039903312921524,0.2496977150440216,0.01027811411768198,0.03567110002040863,7.938926261462366e-05,True
250,RN50__attnpool,100_200,1,10,5.708362579345703,6.79341983795166,1.085057258605957,0.1118500605225563,0.2817412316799164,0.010882709175348282,0.03808948025107384,7.500000000000001e-05,True
250,RN50__attnpool,100_200,1,11,5.635942459106445,6.784331798553467,1.1483893394470215,0.12938331067562103,0.2998791038990021,0.010882709175348282,0.03748488798737526,7.033683215379003e-05,True
250,RN50__attnpool,100_200,1,12,5.574496269226074,6.775726318359375,1.2012300491333008,0.14510278403759003,0.3198307156562805,0.01027811411768198,0.03808948025107384,6.545084971874738e-05,True
250,RN50__attnpool,100_200,1,13,5.517685890197754,6.766482353210449,1.2487964630126953,0.15235792100429535,0.3379685580730438,0.007859733887016773,0.03808948025107384,6.039558454088797e-05,True
250,RN50__attnpool,100_200,1,14,5.465843200683594,6.764705657958984,1.2988624572753906,0.1692865788936615,0.36094316840171814,0.009068924002349377,0.03929867222905159,5.522642316338269e-05,True
250,RN50__attnpool,100_200,1,15,5.418704986572266,6.760025978088379,1.3413209915161133,0.17654171586036682,0.3730350732803345,0.009673519060015678,0.040507860481739044,5.000000000000002e-05,True
250,RN50__attnpool,100_200,1,16,5.379730224609375,6.756196022033691,1.3764657974243164,0.181983083486557,0.3929867148399353,0.011487304233014584,0.04353083670139313,4.4773576836617344e-05,True
250,RN50__attnpool,100_200,1,17,5.344444751739502,6.755486965179443,1.4110422134399414,0.19347038865089417,0.40991535782814026,0.01027811411768198,0.04111245647072792,3.9604415459112035e-05,True
250,RN50__attnpool,100_200,1,18,5.314359188079834,6.753495216369629,1.439136028289795,0.20193471014499664,0.4238210618495941,0.010882709175348282,0.042321644723415375,3.4549150281252636e-05,True
250,RN50__attnpool,100_200,1,19,5.288384914398193,6.752301216125488,1.463916301727295,0.21160823106765747,0.4340991675853729,0.010882709175348282,0.0417170524597168,2.966316784621e-05,True
250,RN50__attnpool,100_200,1,20,5.267330646514893,6.751631736755371,1.4843010902404785,0.2188633680343628,0.43833133578300476,0.009068924002349377,0.0417170524597168,2.5000000000000015e-05,True
250,RN50__attnpool,100_200,1,21,5.248892784118652,6.750339031219482,1.50144624710083,0.22732770442962646,0.44921404123306274,0.010882709175348282,0.0417170524597168,2.0610737385376352e-05,True
250,RN50__attnpool,100_200,1,22,5.232609748840332,6.75110387802124,1.5184941291809082,0.2339782416820526,0.4558645784854889,0.009673519060015678,0.042321644723415375,1.654346968205711e-05,False
250,RN50__attnpool,100_200,1,23,5.220524787902832,6.750445365905762,1.5299205780029297,0.23579202592372894,0.46191054582595825,0.010882709175348282,0.040507860481739044,1.2842758726130304e-05,False
250,RN50__attnpool,100_200,1,24,5.211612224578857,6.749975204467773,1.538362979888916,0.2370012104511261,0.4661427140235901,0.01027811411768198,0.03990326449275017,9.549150281252636e-06,True
250,RN50__attnpool,100_200,1,25,5.204401969909668,6.750221252441406,1.5458192825317383,0.23760581016540527,0.4661427140235901,0.010882709175348282,0.04111245647072792,6.698729810778068e-06,False
250,RN50__attnpool,100_200,1,26,5.199294090270996,6.750208377838135,1.5509142875671387,0.2394195944070816,0.4685610830783844,0.011487304233014584,0.042321644723415375,4.322727117869953e-06,False
250,RN50__attnpool,100_200,1,27,5.196342468261719,6.750147819519043,1.5538053512573242,0.2394195944070816,0.4715840518474579,0.010882709175348282,0.042321644723415375,2.447174185242324e-06,False
250,RN50__attnpool,100_200,1,28,5.1947431564331055,6.750082969665527,1.5553398132324219,0.2394195944070816,0.4709794521331787,0.011487304233014584,0.0417170524597168,1.092619963309716e-06,False
250,RN50__attnpool,100_200,1,29,5.193971633911133,6.750082969665527,1.5561113357543945,0.24002419412136078,0.4709794521331787,0.011487304233014584,0.04111245647072792,2.7390523158633003e-07,False
250,RN50__attnpool,100_200,1,30,5.193785667419434,6.750085830688477,1.556300163269043,0.24062879383563995,0.4709794521331787,0.010882709175348282,0.04111245647072792,0.0,False
1000,RN50__attnpool,100_200,1,1,6.540210723876953,6.9962263107299805,0.45601558685302734,0.028415963053703308,0.08948004990816116,0.0042321644723415375,0.018137848004698753,9.972609476841367e-05,True
1000,RN50__attnpool,100_200,1,2,6.049088478088379,6.855991840362549,0.8069033622741699,0.08645707368850708,0.1952841728925705,0.006650544237345457,0.034461911767721176,9.890738003669029e-05,True
1000,RN50__attnpool,100_200,1,3,5.700860977172852,6.794690132141113,1.0938291549682617,0.14147521555423737,0.3101572096347809,0.006650544237345457,0.03748488798737526,9.755282581475769e-05,True
1000,RN50__attnpool,100_200,1,4,5.435718536376953,6.757251739501953,1.321533203125,0.19951632618904114,0.39177751541137695,0.01027811411768198,0.044135428965091705,9.567727288213003e-05,True
1000,RN50__attnpool,100_200,1,5,5.214166641235352,6.747823715209961,1.5336570739746094,0.2684401571750641,0.4685610830783844,0.009673519060015678,0.04474002495408058,9.330127018922194e-05,True
1000,RN50__attnpool,100_200,1,6,5.023056983947754,6.744582176208496,1.7215251922607422,0.332527220249176,0.547158420085907,0.01027811411768198,0.04655380919575691,9.045084971874738e-05,True
1000,RN50__attnpool,100_200,1,7,4.852161407470703,6.7503767013549805,1.8982152938842773,0.38089480996131897,0.6027811765670776,0.009068924002349377,0.04655380919575691,8.715724127386972e-05,False
1000,RN50__attnpool,100_200,1,8,4.703819751739502,6.751091480255127,2.047271728515625,0.4480048418045044,0.6656590104103088,0.012696493417024612,0.04534462094306946,8.345653031794292e-05,False
1000,RN50__attnpool,100_200,1,9,4.586610794067383,6.756466865539551,2.169856071472168,0.489117294549942,0.6983071565628052,0.009673519060015678,0.04353083670139313,7.938926261462366e-05,False
1000,RN50__attnpool,100_200,1,10,4.465190887451172,6.762716770172119,2.2975258827209473,0.5320435762405396,0.743651807308197,0.01027811411768198,0.044135428965091705,7.500000000000001e-05,False
1000,RN50__attnpool,100_200,1,11,4.376494407653809,6.783132553100586,2.4066381454467773,0.5749697685241699,0.7678355574607849,0.011487304233014584,0.040507860481739044,7.033683215379003e-05,False
1000,RN50__attnpool,100_200,1,12,4.28740119934082,6.791406154632568,2.504004955291748,0.5900846719741821,0.7914147973060608,0.013301088474690914,0.04353083670139313,6.545084971874738e-05,False
1000,RN50__attnpool,100_200,1,13,4.202572822570801,6.79732608795166,2.5947532653808594,0.625755786895752,0.8143894076347351,0.011487304233014584,0.03929867222905159,6.039558454088797e-05,False
1000,RN50__attnpool,100_200,1,14,4.1472907066345215,6.812860012054443,2.665569305419922,0.6463119983673096,0.8343409895896912,0.013301088474690914,0.044135428965091705,5.522642316338269e-05,False
250,RN50__attnpool,300_400,0,1,7.2533955574035645,7.407515525817871,0.15411996841430664,0.0018137848237529397,0.01027811411768198,0.0012091898825019598,0.008464328944683075,9.972609476841367e-05,True
250,RN50__attnpool,300_400,0,2,7.037459373474121,7.321638584136963,0.2841792106628418,0.004836759530007839,0.02055622823536396,0.0012091898825019598,0.009068924002349377,9.890738003669029e-05,True
250,RN50__attnpool,300_400,0,3,6.845532417297363,7.264798164367676,0.4192657470703125,0.009673519060015678,0.04353083670139313,0.0024183797650039196,0.007859733887016773,9.755282581475769e-05,True
250,RN50__attnpool,300_400,0,4,6.683391571044922,7.222239017486572,0.5388474464416504,0.013905683532357216,0.0701330155134201,0.0024183797650039196,0.009673519060015678,9.567727288213003e-05,True
250,RN50__attnpool,300_400,0,5,6.544600963592529,7.191717147827148,0.6471161842346191,0.023579202592372894,0.09733978658914566,0.0018137848237529397,0.01027811411768198,9.330127018922194e-05,True
250,RN50__attnpool,300_400,0,6,6.4217939376831055,7.164791107177734,0.7429971694946289,0.03325272351503372,0.11789601296186447,0.0012091898825019598,0.012696493417024612,9.045084971874738e-05,True
250,RN50__attnpool,300_400,0,7,6.31475830078125,7.1446638107299805,0.8299055099487305,0.045949216932058334,0.14389359951019287,0.0012091898825019598,0.014510278590023518,8.715724127386972e-05,True
250,RN50__attnpool,300_400,0,8,6.223943710327148,7.128609657287598,0.9046659469604492,0.05501813814043999,0.16807739436626434,0.0018137848237529397,0.015719467774033546,8.345653031794292e-05,True
250,RN50__attnpool,300_400,0,9,6.14383602142334,7.118130683898926,0.9742946624755859,0.06892382353544235,0.182587668299675,0.0012091898825019598,0.015719467774033546,7.938926261462366e-05,True
250,RN50__attnpool,300_400,0,10,6.067724227905273,7.103981971740723,1.0362577438354492,0.0755743682384491,0.20374849438667297,0.0024183797650039196,0.017533253878355026,7.500000000000001e-05,True
250,RN50__attnpool,300_400,0,11,5.999716281890869,7.097355365753174,1.0976390838623047,0.0912938341498375,0.22974607348442078,0.0024183797650039196,0.01692865788936615,7.033683215379003e-05,True
250,RN50__attnpool,300_400,0,12,5.942724227905273,7.090904235839844,1.1481800079345703,0.10036276280879974,0.24304716289043427,0.0018137848237529397,0.01874244399368763,6.545084971874738e-05,True
250,RN50__attnpool,300_400,0,13,5.891108989715576,7.087329387664795,1.1962203979492188,0.1118500605225563,0.2654171884059906,0.0024183797650039196,0.015719467774033546,6.039558454088797e-05,True
250,RN50__attnpool,300_400,0,14,5.8435258865356445,7.081782341003418,1.2382564544677734,0.12212818115949631,0.2817412316799164,0.0036275696475058794,0.015719467774033546,5.522642316338269e-05,True
250,RN50__attnpool,300_400,0,15,5.799182415008545,7.080811500549316,1.2816290855407715,0.1354292631149292,0.2974607050418854,0.0042321644723415375,0.01692865788936615,5.000000000000002e-05,True
250,RN50__attnpool,300_400,0,16,5.765368461608887,7.0774922370910645,1.3121237754821777,0.14147521555423737,0.3016928732395172,0.0042321644723415375,0.01511487364768982,4.4773576836617344e-05,True
250,RN50__attnpool,300_400,0,17,5.731199741363525,7.072872161865234,1.341672420501709,0.15175333619117737,0.3125755786895752,0.005441354587674141,0.015719467774033546,3.9604415459112035e-05,True
250,RN50__attnpool,300_400,0,18,5.704846382141113,7.07554817199707,1.370701789855957,0.15840387344360352,0.3198307156562805,0.005441354587674141,0.01692865788936615,3.4549150281252636e-05,False
250,RN50__attnpool,300_400,0,19,5.679640769958496,7.074138641357422,1.3944978713989258,0.16444982588291168,0.322853684425354,0.004836759530007839,0.01692865788936615,2.966316784621e-05,False
250,RN50__attnpool,300_400,0,20,5.658195972442627,7.073084831237793,1.414888858795166,0.16747279465198517,0.3331318199634552,0.0042321644723415375,0.018137848004698753,2.5000000000000015e-05,False
250,RN50__attnpool,300_400,0,21,5.640947341918945,7.072495460510254,1.4315481185913086,0.17049577832221985,0.3403869569301605,0.005441354587674141,0.016324063763022423,2.0610737385376352e-05,True
250,RN50__attnpool,300_400,0,22,5.627468585968018,7.07199764251709,1.4445290565490723,0.171704962849617,0.343409925699234,0.004836759530007839,0.015719467774033546,1.654346968205711e-05,True
250,RN50__attnpool,300_400,0,23,5.616106986999512,7.071969032287598,1.455862045288086,0.18016929924488068,0.348246693611145,0.006045949645340443,0.016324063763022423,1.2842758726130304e-05,True
250,RN50__attnpool,300_400,0,24,5.607870101928711,7.072651386260986,1.4647812843322754,0.1850060522556305,0.349455863237381,0.004836759530007839,0.017533253878355026,9.549150281252636e-06,False
250,RN50__attnpool,300_400,0,25,5.601235389709473,7.071971893310547,1.4707365036010742,0.1850060522556305,0.3512696623802185,0.004836759530007839,0.01692865788936615,6.698729810778068e-06,False
250,RN50__attnpool,300_400,0,26,5.596860885620117,7.0717315673828125,1.4748706817626953,0.187424436211586,0.3536880314350128,0.005441354587674141,0.016324063763022423,4.322727117869953e-06,True
250,RN50__attnpool,300_400,0,27,5.593973159790039,7.071804046630859,1.4778308868408203,0.18561065196990967,0.35550183057785034,0.005441354587674141,0.015719467774033546,2.447174185242324e-06,False
250,RN50__attnpool,300_400,0,28,5.5923309326171875,7.071820259094238,1.4794893264770508,0.18621523678302765,0.35489723086357117,0.005441354587674141,0.015719467774033546,1.092619963309716e-06,False
250,RN50__attnpool,300_400,0,29,5.591695308685303,7.071789741516113,1.4800944328308105,0.18561065196990967,0.3536880314350128,0.005441354587674141,0.015719467774033546,2.7390523158633003e-07,False
250,RN50__attnpool,300_400,0,30,5.591516494750977,7.071784019470215,1.4802675247192383,0.18561065196990967,0.35489723086357117,0.005441354587674141,0.015719467774033546,0.0,False
1000,RN50__attnpool,300_400,0,1,6.8501811027526855,7.265713691711426,0.41553258895874023,0.018137848004698753,0.06408706307411194,0.0012091898825019598,0.006045949645340443,9.972609476841367e-05,True
1000,RN50__attnpool,300_400,0,2,6.416194915771484,7.170602798461914,0.7544078826904297,0.05441354587674141,0.13966143131256104,0.0036275696475058794,0.013905683532357216,9.890738003669029e-05,True
1000,RN50__attnpool,300_400,0,3,6.1108503341674805,7.118575572967529,1.0077252388000488,0.08464328944683075,0.2212817519903183,0.0018137848237529397,0.013301088474690914,9.755282581475769e-05,True
1000,RN50__attnpool,300_400,0,4,5.843160629272461,7.08601188659668,1.2428512573242188,0.1481257677078247,0.30834341049194336,0.0030229748226702213,0.015719467774033546,9.567727288213003e-05,True
1000,RN50__attnpool,300_400,0,5,5.642146110534668,7.068943977355957,1.426797866821289,0.2001209259033203,0.363966166973114,0.006045949645340443,0.014510278590023518,9.330127018922194e-05,True
1000,RN50__attnpool,300_400,0,6,5.446976661682129,7.063202857971191,1.6162261962890625,0.24909311532974243,0.44377267360687256,0.004836759530007839,0.019951632246375084,9.045084971874738e-05,True
1000,RN50__attnpool,300_400,0,7,5.294801712036133,7.059234619140625,1.7644329071044922,0.2914147675037384,0.4915356934070587,0.004836759530007839,0.02055622823536396,8.715724127386972e-05,True
1000,RN50__attnpool,300_400,0,8,5.148899078369141,7.0600433349609375,1.9111442565917969,0.34280532598495483,0.5380895137786865,0.005441354587674141,0.02237001247704029,8.345653031794292e-05,False
1000,RN50__attnpool,300_400,0,9,5.023554801940918,7.069131851196289,2.045577049255371,0.3778718411922455,0.5792019367218018,0.004836759530007839,0.02055622823536396,7.938926261462366e-05,False
1000,RN50__attnpool,300_400,0,10,4.917537689208984,7.078832149505615,2.161294460296631,0.41051995754241943,0.6172914505004883,0.0036275696475058794,0.021160822361707687,7.500000000000001e-05,False
1000,RN50__attnpool,300_400,0,11,4.813157081604004,7.089953422546387,2.276796340942383,0.45646917819976807,0.65538090467453,0.0042321644723415375,0.02418379858136177,7.033683215379003e-05,False
1000,RN50__attnpool,300_400,0,12,4.721900939941406,7.097704887390137,2.3758039474487305,0.47218865156173706,0.6922612190246582,0.004836759530007839,0.023579202592372894,6.545084971874738e-05,False
1000,RN50__attnpool,300_400,0,13,4.641788482666016,7.110316276550293,2.4685277938842773,0.5108827352523804,0.7134220600128174,0.0036275696475058794,0.02055622823536396,6.039558454088797e-05,False
1000,RN50__attnpool,300_400,0,14,4.568694114685059,7.11915397644043,2.550459861755371,0.5235792398452759,0.7363966107368469,0.004836759530007839,0.022974608466029167,5.522642316338269e-05,False
1000,RN50__attnpool,300_400,0,15,4.511176586151123,7.1268415451049805,2.6156649589538574,0.562877893447876,0.7599758505821228,0.0042321644723415375,0.02055622823536396,5.000000000000002e-05,False
250,RN50__attnpool,300_400,1,1,7.243977069854736,7.381567001342773,0.1375899314880371,0.0018137848237529397,0.011487304233014584,0.0012091898825019598,0.007255139295011759,9.972609476841367e-05,True
250,RN50__attnpool,300_400,1,2,7.026961326599121,7.294358730316162,0.267397403717041,0.006045949645340443,0.027811367064714432,0.0024183797650039196,0.010882709175348282,9.890738003669029e-05,True
250,RN50__attnpool,300_400,1,3,6.840780735015869,7.239427089691162,0.39864635467529297,0.016324063763022423,0.055622734129428864,0.0,0.010882709175348282,9.755282581475769e-05,True
250,RN50__attnpool,300_400,1,4,6.682973861694336,7.199800491333008,0.5168266296386719,0.027811367064714432,0.07980652898550034,0.0012091898825019598,0.012696493417024612,9.567727288213003e-05,True
250,RN50__attnpool,300_400,1,5,6.544582366943359,7.1719183921813965,0.6273360252380371,0.03506650775671005,0.10459492355585098,0.0036275696475058794,0.017533253878355026,9.330127018922194e-05,True
250,RN50__attnpool,300_400,1,6,6.42533016204834,7.149274826049805,0.7239446640014648,0.04836759716272354,0.13059251010417938,0.0036275696475058794,0.016324063763022423,9.045084971874738e-05,True
250,RN50__attnpool,300_400,1,7,6.322636604309082,7.132291316986084,0.809654712677002,0.059250302612781525,0.15659008920192719,0.0042321644723415375,0.017533253878355026,8.715724127386972e-05,True
250,RN50__attnpool,300_400,1,8,6.232843399047852,7.120307922363281,0.8874645233154297,0.06952841579914093,0.17654171586036682,0.006045949645340443,0.018137848004698753,8.345653031794292e-05,True
250,RN50__attnpool,300_400,1,9,6.151612758636475,7.108919143676758,0.9573063850402832,0.08101572096347809,0.20253930985927582,0.0042321644723415375,0.02055622823536396,7.938926261462366e-05,True
250,RN50__attnpool,300_400,1,10,6.0789995193481445,7.100674629211426,1.0216751098632812,0.09189843386411667,0.22551392018795013,0.005441354587674141,0.021160822361707687,7.500000000000001e-05,True
250,RN50__attnpool,300_400,1,11,6.015408992767334,7.0933380126953125,1.0779290199279785,0.10217654705047607,0.23579202592372894,0.004836759530007839,0.021765418350696564,7.033683215379003e-05,True
250,RN50__attnpool,300_400,1,12,5.958505630493164,7.086152076721191,1.1276464462280273,0.10701330751180649,0.25090691447257996,0.005441354587674141,0.02237001247704029,6.545084971874738e-05,True
250,RN50__attnpool,300_400,1,13,5.9060211181640625,7.083538055419922,1.1775169372558594,0.11668682098388672,0.26420798897743225,0.005441354587674141,0.021765418350696564,6.039558454088797e-05,True
250,RN50__attnpool,300_400,1,14,5.859734535217285,7.081334590911865,1.22160005569458,0.1330108940601349,0.26904475688934326,0.005441354587674141,0.021160822361707687,5.522642316338269e-05,True
250,RN50__attnpool,300_400,1,15,5.81483268737793,7.077004432678223,1.262171745300293,0.13966143131256104,0.2841596305370331,0.0042321644723415375,0.021160822361707687,5.000000000000002e-05,True
250,RN50__attnpool,300_400,1,16,5.778936386108398,7.0751447677612305,1.296208381652832,0.14752116799354553,0.2962515354156494,0.0042321644723415375,0.021765418350696564,4.4773576836617344e-05,True
250,RN50__attnpool,300_400,1,17,5.745475769042969,7.074007987976074,1.3285322189331055,0.15054413676261902,0.31136640906333923,0.004836759530007839,0.019951632246375084,3.9604415459112035e-05,True
250,RN50__attnpool,300_400,1,18,5.718389511108398,7.072020053863525,1.353630542755127,0.15417170524597168,0.32103991508483887,0.004836759530007839,0.019347038120031357,3.4549150281252636e-05,True
250,RN50__attnpool,300_400,1,19,5.693821907043457,7.072495460510254,1.3786735534667969,0.16021765768527985,0.32708585262298584,0.0042321644723415375,0.019347038120031357,2.966316784621e-05,False
250,RN50__attnpool,300_400,1,20,5.6745758056640625,7.07352352142334,1.3989477157592773,0.1638452261686325,0.332527220249176,0.0036275696475058794,0.019951632246375084,2.5000000000000015e-05,False
250,RN50__attnpool,300_400,1,21,5.656332492828369,7.070989608764648,1.4146571159362793,0.16505442559719086,0.3391777575016022,0.0036275696475058794,0.019951632246375084,2.0610737385376352e-05,True
250,RN50__attnpool,300_400,1,22,5.641625881195068,7.071249485015869,1.4296236038208008,0.17110036313533783,0.3464328944683075,0.0036275696475058794,0.02055622823536396,1.654346968205711e-05,False
250,RN50__attnpool,300_400,1,23,5.630789756774902,7.071037292480469,1.4402475357055664,0.17049577832221985,0.349455863237381,0.0036275696475058794,0.02055622823536396,1.2842758726130304e-05,False
250,RN50__attnpool,300_400,1,24,5.622459411621094,7.070114612579346,1.447655200958252,0.171704962849617,0.34764209389686584,0.0036275696475058794,0.02055622823536396,9.549150281252636e-06,True
250,RN50__attnpool,300_400,1,25,5.615699291229248,7.070382118225098,1.4546828269958496,0.1741233468055725,0.35308343172073364,0.0036275696475058794,0.021160822361707687,6.698729810778068e-06,False
250,RN50__attnpool,300_400,1,26,5.611100196838379,7.070446968078613,1.4593467712402344,0.17593713104724884,0.354292631149292,0.0030229748226702213,0.021160822361707687,4.322727117869953e-06,False
250,RN50__attnpool,300_400,1,27,5.608637809753418,7.070342063903809,1.4617042541503906,0.17835551500320435,0.35308343172073364,0.0030229748226702213,0.02055622823536396,2.447174185242324e-06,False
250,RN50__attnpool,300_400,1,28,5.607131481170654,7.0704474449157715,1.4633159637451172,0.1795646995306015,0.3536880314350128,0.0030229748226702213,0.02055622823536396,1.092619963309716e-06,False
250,RN50__attnpool,300_400,1,29,5.606339454650879,7.070472717285156,1.4641332626342773,0.18016929924488068,0.3536880314350128,0.0030229748226702213,0.02055622823536396,2.7390523158633003e-07,False
250,RN50__attnpool,300_400,1,30,5.606159210205078,7.070476531982422,1.4643173217773438,0.18016929924488068,0.3536880314350128,0.0030229748226702213,0.02055622823536396,0.0,False
1000,RN50__attnpool,300_400,1,1,6.842207908630371,7.250604629516602,0.40839672088623047,0.027206772938370705,0.07738815248012543,0.0006045949412509799,0.009673519060015678,9.972609476841367e-05,True
1000,RN50__attnpool,300_400,1,2,6.423104286193848,7.166078567504883,0.7429742813110352,0.05259976163506508,0.1432889997959137,0.0012091898825019598,0.014510278590023518,9.890738003669029e-05,True
1000,RN50__attnpool,300_400,1,3,6.108856678009033,7.1113128662109375,1.0024561882019043,0.08887545764446259,0.23276905715465546,0.0024183797650039196,0.015719467774033546,9.755282581475769e-05,True
1000,RN50__attnpool,300_400,1,4,5.862575531005859,7.086389541625977,1.2238140106201172,0.14207981526851654,0.30350667238235474,0.0036275696475058794,0.017533253878355026,9.567727288213003e-05,True
1000,RN50__attnpool,300_400,1,5,5.660581588745117,7.076399326324463,1.4158177375793457,0.1850060522556305,0.3675937354564667,0.0018137848237529397,0.018137848004698753,9.330127018922194e-05,True
1000,RN50__attnpool,300_400,1,6,5.477941513061523,7.067760944366455,1.5898194313049316,0.23821040987968445,0.4165659248828888,0.006045949645340443,0.016324063763022423,9.045084971874738e-05,True
1000,RN50__attnpool,300_400,1,7,5.309046745300293,7.070960521697998,1.761913776397705,0.27690449357032776,0.48790812492370605,0.0036275696475058794,0.01692865788936615,8.715724127386972e-05,False
1000,RN50__attnpool,300_400,1,8,5.15992546081543,7.074599266052246,1.9146738052368164,0.32708585262298584,0.5266022086143494,0.0036275696475058794,0.01874244399368763,8.345653031794292e-05,False
1000,RN50__attnpool,300_400,1,9,5.044984817504883,7.084950923919678,2.039966106414795,0.36819830536842346,0.5804111361503601,0.004836759530007839,0.01874244399368763,7.938926261462366e-05,False
1000,RN50__attnpool,300_400,1,10,4.921441555023193,7.090002059936523,2.16856050491333,0.41475212574005127,0.6160822510719299,0.0036275696475058794,0.018137848004698753,7.500000000000001e-05,False
1000,RN50__attnpool,300_400,1,11,4.8316240310668945,7.099541664123535,2.2679176330566406,0.43349456787109375,0.639661431312561,0.0024183797650039196,0.019347038120031357,7.033683215379003e-05,False
1000,RN50__attnpool,300_400,1,12,4.731296539306641,7.126559257507324,2.3952627182006836,0.47702541947364807,0.6825876832008362,0.0024183797650039196,0.01874244399368763,6.545084971874738e-05,False
1000,RN50__attnpool,300_400,1,13,4.649744987487793,7.124325752258301,2.474580764770508,0.5114873051643372,0.7164450287818909,0.0018137848237529397,0.02055622823536396,6.039558454088797e-05,False
1000,RN50__attnpool,300_400,1,14,4.587894916534424,7.137372016906738,2.5494771003723145,0.5175332427024841,0.7448609471321106,0.0012091898825019598,0.015719467774033546,5.522642316338269e-05,False
250,RN50__attnpool,500_600,0,1,7.3621745109558105,7.511749744415283,0.14957523345947266,0.0012091898825019598,0.007255139295011759,0.0006045949412509799,0.0030229748226702213,9.972609476841367e-05,True
250,RN50__attnpool,500_600,0,2,7.223942756652832,7.489789962768555,0.26584720611572266,0.005441354587674141,0.015719467774033546,0.0,0.0042321644723415375,9.890738003669029e-05,True
250,RN50__attnpool,500_600,0,3,7.1043291091918945,7.485998153686523,0.3816690444946289,0.008464328944683075,0.032648127526044846,0.0006045949412509799,0.004836759530007839,9.755282581475769e-05,True
250,RN50__attnpool,500_600,0,4,6.995140075683594,7.491166114807129,0.49602603912353516,0.01511487364768982,0.04715840518474579,0.0006045949412509799,0.0042321644723415375,9.567727288213003e-05,False
250,RN50__attnpool,500_600,0,5,6.895702362060547,7.496407985687256,0.600705623626709,0.023579202592372894,0.06529625505208969,0.0018137848237529397,0.0042321644723415375,9.330127018922194e-05,False
250,RN50__attnpool,500_600,0,6,6.806147575378418,7.502876281738281,0.6967287063598633,0.030834341421723366,0.08403869718313217,0.0018137848237529397,0.0042321644723415375,9.045084971874738e-05,False
250,RN50__attnpool,500_600,0,7,6.725416660308838,7.508914947509766,0.7834982872009277,0.03929867222905159,0.10217654705047607,0.0018137848237529397,0.0036275696475058794,8.715724127386972e-05,False
250,RN50__attnpool,500_600,0,8,6.657040596008301,7.516000270843506,0.8589596748352051,0.045949216932058334,0.11003627628087997,0.0018137848237529397,0.0030229748226702213,8.345653031794292e-05,False
250,RN50__attnpool,500_600,0,9,6.594110012054443,7.523837089538574,0.9297270774841309,0.049576785415410995,0.11910520493984222,0.0012091898825019598,0.0036275696475058794,7.938926261462366e-05,False
250,RN50__attnpool,500_600,0,10,6.5326619148254395,7.529199600219727,0.9965376853942871,0.05864571034908295,0.13482467830181122,0.0018137848237529397,0.0030229748226702213,7.500000000000001e-05,False
250,RN50__attnpool,500_600,0,11,6.47764253616333,7.53190803527832,1.0542654991149902,0.06348247081041336,0.15054413676261902,0.0018137848237529397,0.0030229748226702213,7.033683215379003e-05,False
1000,RN50__attnpool,500_600,0,1,7.093780040740967,7.477065086364746,0.3832850456237793,0.01511487364768982,0.042321644723415375,0.0,0.0036275696475058794,9.972609476841367e-05,True
1000,RN50__attnpool,500_600,0,2,6.804675102233887,7.490359783172607,0.6856846809387207,0.027811367064714432,0.0858524814248085,0.0,0.0036275696475058794,9.890738003669029e-05,False
1000,RN50__attnpool,500_600,0,3,6.581427574157715,7.50975227355957,0.9283246994018555,0.05501813814043999,0.13845224678516388,0.0006045949412509799,0.0036275696475058794,9.755282581475769e-05,False
1000,RN50__attnpool,500_600,0,4,6.376742362976074,7.518032073974609,1.1412897109985352,0.09673519432544708,0.20133011043071747,0.0006045949412509799,0.0030229748226702213,9.567727288213003e-05,False
1000,RN50__attnpool,500_600,0,5,6.201089382171631,7.528388977050781,1.3272995948791504,0.13059251010417938,0.27206772565841675,0.0006045949412509799,0.0036275696475058794,9.330127018922194e-05,False
1000,RN50__attnpool,500_600,0,6,6.022781848907471,7.542128086090088,1.5193462371826172,0.17775091528892517,0.33736398816108704,0.0018137848237529397,0.0030229748226702213,9.045084971874738e-05,False
1000,RN50__attnpool,500_600,0,7,5.855052947998047,7.546619415283203,1.6915664672851562,0.23337364196777344,0.4165659248828888,0.0012091898825019598,0.0030229748226702213,8.715724127386972e-05,False
1000,RN50__attnpool,500_600,0,8,5.7084479331970215,7.568343162536621,1.8598952293395996,0.2714631259441376,0.4715840518474579,0.0,0.0042321644723415375,8.345653031794292e-05,False
1000,RN50__attnpool,500_600,0,9,5.569766998291016,7.5720109939575195,2.002243995666504,0.31318017840385437,0.5030229687690735,0.0006045949412509799,0.004836759530007839,7.938926261462366e-05,False
250,RN50__attnpool,500_600,1,1,7.341083526611328,7.519749641418457,0.1786661148071289,0.0024183797650039196,0.007859733887016773,0.0018137848237529397,0.007255139295011759,9.972609476841367e-05,True
250,RN50__attnpool,500_600,1,2,7.197413444519043,7.494691848754883,0.29727840423583984,0.006045949645340443,0.015719467774033546,0.0018137848237529397,0.006045949645340443,9.890738003669029e-05,True
250,RN50__attnpool,500_600,1,3,7.0795793533325195,7.494774341583252,0.4151949882507324,0.007255139295011759,0.029020557180047035,0.0018137848237529397,0.006045949645340443,9.755282581475769e-05,False
250,RN50__attnpool,500_600,1,4,6.970848083496094,7.499299049377441,0.5284509658813477,0.012696493417024612,0.044135428965091705,0.0012091898825019598,0.0042321644723415375,9.567727288213003e-05,False
250,RN50__attnpool,500_600,1,5,6.869562149047852,7.505465507507324,0.6359033584594727,0.02418379858136177,0.06892382353544235,0.0018137848237529397,0.0036275696475058794,9.330127018922194e-05,False
250,RN50__attnpool,500_600,1,6,6.781702995300293,7.510517120361328,0.7288141250610352,0.03325272351503372,0.08827085793018341,0.0012091898825019598,0.0030229748226702213,9.045084971874738e-05,False
250,RN50__attnpool,500_600,1,7,6.702733039855957,7.515287399291992,0.8125543594360352,0.03808948025107384,0.10217654705047607,0.0012091898825019598,0.0024183797650039196,8.715724127386972e-05,False
250,RN50__attnpool,500_600,1,8,6.632897853851318,7.52092170715332,0.888023853302002,0.04474002495408058,0.11910520493984222,0.0012091898825019598,0.0024183797650039196,8.345653031794292e-05,False
250,RN50__attnpool,500_600,1,9,6.569550514221191,7.524816513061523,0.955265998840332,0.0519951656460762,0.1378476470708847,0.0012091898825019598,0.0024183797650039196,7.938926261462366e-05,False
250,RN50__attnpool,500_600,1,10,6.51121711730957,7.529029369354248,1.0178122520446777,0.05804111436009407,0.1535671204328537,0.0006045949412509799,0.0036275696475058794,7.500000000000001e-05,False
1000,RN50__attnpool,500_600,1,1,7.09574031829834,7.460205078125,0.36446475982666016,0.010882709175348282,0.04474002495408058,0.0,0.0024183797650039196,9.972609476841367e-05,True
1000,RN50__attnpool,500_600,1,2,6.818202018737793,7.479767322540283,0.6615653038024902,0.03022974729537964,0.09250302612781525,0.0,0.0018137848237529397,9.890738003669029e-05,False
1000,RN50__attnpool,500_600,1,3,6.579926490783691,7.4900407791137695,0.9101142883300781,0.05259976163506508,0.14207981526851654,0.0012091898825019598,0.0018137848237529397,9.755282581475769e-05,False
1000,RN50__attnpool,500_600,1,4,6.378395080566406,7.508062362670898,1.1296672821044922,0.09310761839151382,0.2031438946723938,0.0012091898825019598,0.0024183797650039196,9.567727288213003e-05,False
1000,RN50__attnpool,500_600,1,5,6.200287818908691,7.526105880737305,1.3258180618286133,0.1251511573791504,0.2648125886917114,0.0,0.0012091898825019598,9.330127018922194e-05,False
1000,RN50__attnpool,500_600,1,6,6.02691650390625,7.532672882080078,1.5057563781738281,0.16505442559719086,0.332527220249176,0.0,0.0006045949412509799,9.045084971874738e-05,False
1000,RN50__attnpool,500_600,1,7,5.847663879394531,7.553071022033691,1.7054071426391602,0.21825876832008362,0.40447402000427246,0.0,0.0012091898825019598,8.715724127386972e-05,False
1000,RN50__attnpool,500_600,1,8,5.695245265960693,7.569265365600586,1.8740200996398926,0.2762998938560486,0.4715840518474579,0.0,0.0018137848237529397,8.345653031794292e-05,False
1000,RN50__attnpool,500_600,1,9,5.562234878540039,7.574819564819336,2.012584686279297,0.3204353153705597,0.535066545009613,0.0,0.0,7.938926261462366e-05,False
250,ViT-B-16__block2,100_200,0,1,7.051031112670898,7.138654708862305,0.08762359619140625,0.006045949645340443,0.014510278590023518,0.0024183797650039196,0.009673519060015678,9.972609476841367e-05,True
250,ViT-B-16__block2,100_200,0,2,6.803251266479492,6.982149124145508,0.17889785766601562,0.011487304233014584,0.03506650775671005,0.0024183797650039196,0.016324063763022423,9.890738003669029e-05,True
250,ViT-B-16__block2,100_200,0,3,6.617242336273193,6.883058547973633,0.26581621170043945,0.01874244399368763,0.057436518371105194,0.0030229748226702213,0.02237001247704029,9.755282581475769e-05,True
250,ViT-B-16__block2,100_200,0,4,6.458870887756348,6.8040595054626465,0.34518861770629883,0.024788392707705498,0.0834341049194336,0.006650544237345457,0.027811367064714432,9.567727288213003e-05,True
250,ViT-B-16__block2,100_200,0,5,6.32183313369751,6.742364883422852,0.4205317497253418,0.029625151306390762,0.1039903312921524,0.006045949645340443,0.028415963053703308,9.330127018922194e-05,True
250,ViT-B-16__block2,100_200,0,6,6.201428413391113,6.6960930824279785,0.49466466903686523,0.03990326449275017,0.12333736568689346,0.007859733887016773,0.03143893554806709,9.045084971874738e-05,True
250,ViT-B-16__block2,100_200,0,7,6.101212501525879,6.657925605773926,0.5567131042480469,0.051390569657087326,0.13905683159828186,0.007859733887016773,0.034461911767721176,8.715724127386972e-05,True
250,ViT-B-16__block2,100_200,0,8,6.00495719909668,6.61822509765625,0.6132678985595703,0.06166868284344673,0.1535671204328537,0.008464328944683075,0.04111245647072792,8.345653031794292e-05,True
250,ViT-B-16__block2,100_200,0,9,5.920393466949463,6.5856733322143555,0.6652798652648926,0.0701330155134201,0.166263610124588,0.007859733887016773,0.0417170524597168,7.938926261462366e-05,True
250,ViT-B-16__block2,100_200,0,10,5.844141006469727,6.563904762268066,0.7197637557983398,0.08041112869977951,0.18561065196990967,0.009673519060015678,0.04353083670139313,7.500000000000001e-05,True
250,ViT-B-16__block2,100_200,0,11,5.779136657714844,6.546060562133789,0.7669239044189453,0.0858524814248085,0.19951632618904114,0.009068924002349377,0.045949216932058334,7.033683215379003e-05,True
250,ViT-B-16__block2,100_200,0,12,5.719620227813721,6.531083106994629,0.8114628791809082,0.09068924188613892,0.21463119983673096,0.01027811411768198,0.05078597366809845,6.545084971874738e-05,True
250,ViT-B-16__block2,100_200,0,13,5.668195724487305,6.514031410217285,0.8458356857299805,0.09431681036949158,0.22793228924274445,0.010882709175348282,0.04897218942642212,6.039558454088797e-05,True
250,ViT-B-16__block2,100_200,0,14,5.623453140258789,6.498231887817383,0.8747787475585938,0.09733978658914566,0.2394195944070816,0.011487304233014584,0.05441354587674141,5.522642316338269e-05,True
250,ViT-B-16__block2,100_200,0,15,5.583189487457275,6.491543769836426,0.9083542823791504,0.10036276280879974,0.24667473137378693,0.011487304233014584,0.05078597366809845,5.000000000000002e-05,True
250,ViT-B-16__block2,100_200,0,16,5.5462541580200195,6.479708671569824,0.9334545135498047,0.10580411553382874,0.2527206838130951,0.012091899290680885,0.05380894988775253,4.4773576836617344e-05,True
250,ViT-B-16__block2,100_200,0,17,5.51641321182251,6.476451873779297,0.9600386619567871,0.11305925250053406,0.25937122106552124,0.012696493417024612,0.05259976163506508,3.9604415459112035e-05,True
250,ViT-B-16__block2,100_200,0,18,5.493287563323975,6.467746734619141,0.974459171295166,0.11547763645648956,0.2648125886917114,0.012696493417024612,0.05501813814043999,3.4549150281252636e-05,True
250,ViT-B-16__block2,100_200,0,19,5.466062545776367,6.466217041015625,1.0001544952392578,0.1172914206981659,0.2708585262298584,0.01511487364768982,0.056831926107406616,2.966316784621e-05,True
250,ViT-B-16__block2,100_200,0,20,5.4491868019104,6.462736129760742,1.0135493278503418,0.1197097972035408,0.2805320620536804,0.014510278590023518,0.055622734129428864,2.5000000000000015e-05,True
250,ViT-B-16__block2,100_200,0,21,5.433738708496094,6.457245826721191,1.0235071182250977,0.12091898918151855,0.2805320620536804,0.013905683532357216,0.05804111436009407,2.0610737385376352e-05,True
250,ViT-B-16__block2,100_200,0,22,5.422178268432617,6.456101417541504,1.0339231491088867,0.12152358144521713,0.28234583139419556,0.013301088474690914,0.05622733011841774,1.654346968205711e-05,True
250,ViT-B-16__block2,100_200,0,23,5.411736965179443,6.454351425170898,1.042614459991455,0.12212818115949631,0.28234583139419556,0.013905683532357216,0.056831926107406616,1.2842758726130304e-05,True
250,ViT-B-16__block2,100_200,0,24,5.40442419052124,6.453160285949707,1.0487360954284668,0.12454655766487122,0.28295043110847473,0.013301088474690914,0.05804111436009407,9.549150281252636e-06,True
250,ViT-B-16__block2,100_200,0,25,5.39910888671875,6.451488971710205,1.052380084991455,0.12636034190654755,0.28234583139419556,0.013905683532357216,0.057436518371105194,6.698729810778068e-06,True
250,ViT-B-16__block2,100_200,0,26,5.394749641418457,6.450085639953613,1.0553359985351562,0.12575574219226837,0.2835550308227539,0.013905683532357216,0.05622733011841774,4.322727117869953e-06,True
250,ViT-B-16__block2,100_200,0,27,5.3917036056518555,6.449460983276367,1.0577573776245117,0.1275695264339447,0.2841596305370331,0.013905683532357216,0.05804111436009407,2.447174185242324e-06,True
250,ViT-B-16__block2,100_200,0,28,5.390345573425293,6.449220657348633,1.0588750839233398,0.12877872586250305,0.28476423025131226,0.013905683532357216,0.05804111436009407,1.092619963309716e-06,True
250,ViT-B-16__block2,100_200,0,29,5.389688014984131,6.449213981628418,1.059525966644287,0.12877872586250305,0.2835550308227539,0.014510278590023518,0.056831926107406616,2.7390523158633003e-07,True
250,ViT-B-16__block2,100_200,0,30,5.389517307281494,6.449169635772705,1.059652328491211,0.12877872586250305,0.2841596305370331,0.014510278590023518,0.057436518371105194,0.0,True
1000,ViT-B-16__block2,100_200,0,1,6.597100734710693,6.897644996643066,0.30054426193237305,0.02418379858136177,0.061064090579748154,0.008464328944683075,0.0259975828230381,9.972609476841367e-05,True
1000,ViT-B-16__block2,100_200,0,2,6.224480628967285,6.744171619415283,0.519690990447998,0.0417170524597168,0.11366385221481323,0.006045949645340443,0.038694076240062714,9.890738003669029e-05,True
1000,ViT-B-16__block2,100_200,0,3,5.952312469482422,6.6465349197387695,0.6942224502563477,0.06227327883243561,0.16989117860794067,0.012696493417024612,0.040507860481739044,9.755282581475769e-05,True
1000,ViT-B-16__block2,100_200,0,4,5.734210014343262,6.593233108520508,0.8590230941772461,0.09310761839151382,0.22490932047367096,0.012091899290680885,0.044135428965091705,9.567727288213003e-05,True
1000,ViT-B-16__block2,100_200,0,5,5.543246746063232,6.5545454025268555,1.011298656463623,0.12031439691781998,0.25151148438453674,0.014510278590023518,0.04836759716272354,9.330127018922194e-05,True
1000,ViT-B-16__block2,100_200,0,6,5.402501106262207,6.535431861877441,1.1329307556152344,0.1408706158399582,0.2992745041847229,0.012091899290680885,0.055622734129428864,9.045084971874738e-05,True
1000,ViT-B-16__block2,100_200,0,7,5.2758588790893555,6.5244293212890625,1.248570442199707,0.16505442559719086,0.3391777575016022,0.01511487364768982,0.0519951656460762,8.715724127386972e-05,True
1000,ViT-B-16__block2,100_200,0,8,5.16254186630249,6.49406099319458,1.3315191268920898,0.18016929924488068,0.36880290508270264,0.018137848004698753,0.05441354587674141,8.345653031794292e-05,True
1000,ViT-B-16__block2,100_200,0,9,5.079163074493408,6.500875473022461,1.4217123985290527,0.19588875770568848,0.38089480996131897,0.013905683532357216,0.051390569657087326,7.938926261462366e-05,False
1000,ViT-B-16__block2,100_200,0,10,5.005248069763184,6.492077827453613,1.4868297576904297,0.20435309410095215,0.4062877893447876,0.017533253878355026,0.059250302612781525,7.500000000000001e-05,True
1000,ViT-B-16__block2,100_200,0,11,4.924271583557129,6.504081726074219,1.5798101425170898,0.2188633680343628,0.4250302314758301,0.014510278590023518,0.056831926107406616,7.033683215379003e-05,False
1000,ViT-B-16__block2,100_200,0,12,4.866728782653809,6.5009765625,1.6342477798461914,0.2345828413963318,0.4449818730354309,0.014510278590023518,0.059250302612781525,6.545084971874738e-05,False
1000,ViT-B-16__block2,100_200,0,13,4.806571006774902,6.50209903717041,1.6955280303955078,0.23216445744037628,0.4600967466831207,0.017533253878355026,0.05501813814043999,6.039558454088797e-05,False
1000,ViT-B-16__block2,100_200,0,14,4.75171422958374,6.490596771240234,1.7388825416564941,0.24667473137378693,0.47279325127601624,0.016324063763022423,0.06166868284344673,5.522642316338269e-05,True
1000,ViT-B-16__block2,100_200,0,15,4.695852756500244,6.494260787963867,1.798408031463623,0.26420798897743225,0.4873035252094269,0.01874244399368763,0.06227327883243561,5.000000000000002e-05,False
1000,ViT-B-16__block2,100_200,0,16,4.663482666015625,6.489119529724121,1.825636863708496,0.2678355574607849,0.506045937538147,0.015719467774033546,0.06348247081041336,4.4773576836617344e-05,True
1000,ViT-B-16__block2,100_200,0,17,4.638106822967529,6.495672225952148,1.8575654029846191,0.2684401571750641,0.506045937538147,0.02055622823536396,0.0598548986017704,3.9604415459112035e-05,False
1000,ViT-B-16__block2,100_200,0,18,4.6029558181762695,6.491287708282471,1.8883318901062012,0.2762998938560486,0.5114873051643372,0.019347038120031357,0.061064090579748154,3.4549150281252636e-05,False
1000,ViT-B-16__block2,100_200,0,19,4.572723865509033,6.487922668457031,1.915198802947998,0.2938331365585327,0.5169286727905273,0.02055622823536396,0.05864571034908295,2.966316784621e-05,True
1000,ViT-B-16__block2,100_200,0,20,4.551454067230225,6.496047019958496,1.9445929527282715,0.29322853684425354,0.531438946723938,0.02055622823536396,0.06348247081041336,2.5000000000000015e-05,False
1000,ViT-B-16__block2,100_200,0,21,4.527090072631836,6.495162010192871,1.9680719375610352,0.29564693570137024,0.5423216819763184,0.021160822361707687,0.06227327883243561,2.0610737385376352e-05,False
1000,ViT-B-16__block2,100_200,0,22,4.5161285400390625,6.495739936828613,1.9796113967895508,0.3077388107776642,0.5338573455810547,0.019951632246375084,0.06166868284344673,1.654346968205711e-05,False
1000,ViT-B-16__block2,100_200,0,23,4.501553535461426,6.493906021118164,1.9923524856567383,0.3022974729537964,0.5380895137786865,0.01692865788936615,0.06045949459075928,1.2842758726130304e-05,False
1000,ViT-B-16__block2,100_200,0,24,4.4891557693481445,6.493297576904297,2.0041418075561523,0.30350667238235474,0.5453446507453918,0.019951632246375084,0.059250302612781525,9.549150281252636e-06,False
1000,ViT-B-16__block2,100_200,0,25,4.481472015380859,6.493390083312988,2.011918067932129,0.3101572096347809,0.5489721894264221,0.02055622823536396,0.06166868284344673,6.698729810778068e-06,False
1000,ViT-B-16__block2,100_200,0,26,4.475016117095947,6.497584342956543,2.0225682258605957,0.30894801020622253,0.5513905882835388,0.019347038120031357,0.06045949459075928,4.322727117869953e-06,False
1000,ViT-B-16__block2,100_200,0,27,4.471524238586426,6.497000217437744,2.0254759788513184,0.3071342408657074,0.5538089871406555,0.021765418350696564,0.06287787109613419,2.447174185242324e-06,False
250,ViT-B-16__block2,100_200,1,1,7.023440361022949,7.124224662780762,0.1007843017578125,0.005441354587674141,0.02418379858136177,0.007255139295011759,0.021160822361707687,9.972609476841367e-05,True
250,ViT-B-16__block2,100_200,1,2,6.785039901733398,6.9779253005981445,0.1928853988647461,0.01027811411768198,0.04292624071240425,0.009673519060015678,0.02418379858136177,9.890738003669029e-05,True
250,ViT-B-16__block2,100_200,1,3,6.603777885437012,6.884488105773926,0.28071022033691406,0.017533253878355026,0.06408706307411194,0.007859733887016773,0.027811367064714432,9.755282581475769e-05,True
250,ViT-B-16__block2,100_200,1,4,6.451578140258789,6.8156561851501465,0.3640780448913574,0.027206772938370705,0.0834341049194336,0.009068924002349377,0.03022974729537964,9.567727288213003e-05,True
250,ViT-B-16__block2,100_200,1,5,6.3153839111328125,6.757979869842529,0.4425959587097168,0.0338573157787323,0.09794437885284424,0.007859733887016773,0.03506650775671005,9.330127018922194e-05,True
250,ViT-B-16__block2,100_200,1,6,6.200794696807861,6.712245941162109,0.511451244354248,0.03990326449275017,0.12394196540117264,0.009068924002349377,0.03808948025107384,9.045084971874738e-05,True
250,ViT-B-16__block2,100_200,1,7,6.093158721923828,6.677748203277588,0.5845894813537598,0.04897218942642212,0.13663846254348755,0.009673519060015678,0.04292624071240425,8.715724127386972e-05,True
250,ViT-B-16__block2,100_200,1,8,6.000006198883057,6.645899772644043,0.6458935737609863,0.056831926107406616,0.15477630496025085,0.012091899290680885,0.04715840518474579,8.345653031794292e-05,True
250,ViT-B-16__block2,100_200,1,9,5.91851806640625,6.618796348571777,0.7002782821655273,0.06650544703006744,0.15961305797100067,0.012696493417024612,0.04715840518474579,7.938926261462366e-05,True
250,ViT-B-16__block2,100_200,1,10,5.844659805297852,6.599241256713867,0.7545814514160156,0.07496977597475052,0.177146315574646,0.012091899290680885,0.04655380919575691,7.500000000000001e-05,True
250,ViT-B-16__block2,100_200,1,11,5.779243469238281,6.583315849304199,0.804072380065918,0.07496977597475052,0.19347038865089417,0.013301088474690914,0.04534462094306946,7.033683215379003e-05,True
250,ViT-B-16__block2,100_200,1,12,5.720359802246094,6.562663555145264,0.8423037528991699,0.08282950520515442,0.19891174137592316,0.010882709175348282,0.045949216932058334,6.545084971874738e-05,True
250,ViT-B-16__block2,100_200,1,13,5.66748046875,6.552431106567383,0.8849506378173828,0.08706167340278625,0.2134220153093338,0.01027811411768198,0.05018138140439987,6.039558454088797e-05,True
250,ViT-B-16__block2,100_200,1,14,5.621796607971191,6.548679828643799,0.9268832206726074,0.09068924188613892,0.2345828413963318,0.012696493417024612,0.0519951656460762,5.522642316338269e-05,True
250,ViT-B-16__block2,100_200,1,15,5.576869010925293,6.53446102142334,0.9575920104980469,0.093712218105793,0.2339782416820526,0.013301088474690914,0.05501813814043999,5.000000000000002e-05,True
250,ViT-B-16__block2,100_200,1,16,5.5425920486450195,6.5276198387146,0.9850277900695801,0.09431681036949158,0.2448609471321106,0.012696493417024612,0.05320435389876366,4.4773576836617344e-05,True
250,ViT-B-16__block2,100_200,1,17,5.511297225952148,6.522860050201416,1.0115628242492676,0.09975816309452057,0.25090691447257996,0.013905683532357216,0.05259976163506508,3.9604415459112035e-05,True
250,ViT-B-16__block2,100_200,1,18,5.485530376434326,6.515118598937988,1.029588222503662,0.1015719473361969,0.25876662135124207,0.013905683532357216,0.055622734129428864,3.4549150281252636e-05,True
250,ViT-B-16__block2,100_200,1,19,5.463010311126709,6.512337684631348,1.0493273735046387,0.10338573157787323,0.2636033892631531,0.014510278590023518,0.05804111436009407,2.966316784621e-05,True
250,ViT-B-16__block2,100_200,1,20,5.4450364112854,6.510917663574219,1.0658812522888184,0.10580411553382874,0.26723095774650574,0.01511487364768982,0.05864571034908295,2.5000000000000015e-05,True
250,ViT-B-16__block2,100_200,1,21,5.428439140319824,6.507082939147949,1.078643798828125,0.11003627628087997,0.27448609471321106,0.013905683532357216,0.055622734129428864,2.0610737385376352e-05,True
250,ViT-B-16__block2,100_200,1,22,5.414862155914307,6.504804611206055,1.089942455291748,0.11245466023683548,0.27509069442749023,0.013301088474690914,0.05864571034908295,1.654346968205711e-05,True
250,ViT-B-16__block2,100_200,1,23,5.406461238861084,6.503056049346924,1.0965948104858398,0.11366385221481323,0.27750906348228455,0.012696493417024612,0.059250302612781525,1.2842758726130304e-05,True
250,ViT-B-16__block2,100_200,1,24,5.396895408630371,6.501459121704102,1.1045637130737305,0.1118500605225563,0.28295043110847473,0.013905683532357216,0.0598548986017704,9.549150281252636e-06,True
250,ViT-B-16__block2,100_200,1,25,5.39106559753418,6.501283645629883,1.1102180480957031,0.11547763645648956,0.28234583139419556,0.013301088474690914,0.0598548986017704,6.698729810778068e-06,True
250,ViT-B-16__block2,100_200,1,26,5.387090682983398,6.499778747558594,1.1126880645751953,0.11547763645648956,0.2817412316799164,0.013301088474690914,0.0598548986017704,4.322727117869953e-06,True
250,ViT-B-16__block2,100_200,1,27,5.384086608886719,6.499488830566406,1.1154022216796875,0.11910520493984222,0.2811366617679596,0.013905683532357216,0.059250302612781525,2.447174185242324e-06,True
250,ViT-B-16__block2,100_200,1,28,5.382795810699463,6.499188423156738,1.1163926124572754,0.11850060522556305,0.28234583139419556,0.013301088474690914,0.05804111436009407,1.092619963309716e-06,True
250,ViT-B-16__block2,100_200,1,29,5.382284164428711,6.499167442321777,1.1168832778930664,0.1172914206981659,0.2817412316799164,0.013905683532357216,0.05804111436009407,2.7390523158633003e-07,True
250,ViT-B-16__block2,100_200,1,30,5.382111549377441,6.499117851257324,1.1170063018798828,0.11668682098388672,0.2817412316799164,0.013905683532357216,0.05804111436009407,0.0,True
1000,ViT-B-16__block2,100_200,1,1,6.601494312286377,6.886985778808594,0.2854914665222168,0.015719467774033546,0.06227327883243561,0.006045949645340443,0.03204353153705597,9.972609476841367e-05,True
1000,ViT-B-16__block2,100_200,1,2,6.231282711029053,6.741579055786133,0.5102963447570801,0.04534462094306946,0.12031439691781998,0.009673519060015678,0.03748488798737526,9.890738003669029e-05,True
1000,ViT-B-16__block2,100_200,1,3,5.953134536743164,6.661741256713867,0.7086067199707031,0.06590084731578827,0.1747279316186905,0.012696493417024612,0.047763001173734665,9.755282581475769e-05,True
1000,ViT-B-16__block2,100_200,1,4,5.738275527954102,6.6126251220703125,0.8743495941162109,0.09068924188613892,0.22490932047367096,0.014510278590023518,0.05380894988775253,9.567727288213003e-05,True
1000,ViT-B-16__block2,100_200,1,5,5.541667461395264,6.589053630828857,1.0473861694335938,0.1197097972035408,0.2732769250869751,0.012696493417024612,0.057436518371105194,9.330127018922194e-05,True
1000,ViT-B-16__block2,100_200,1,6,5.393560409545898,6.567692756652832,1.1741323471069336,0.13603386282920837,0.29806530475616455,0.013905683532357216,0.0598548986017704,9.045084971874738e-05,True
1000,ViT-B-16__block2,100_200,1,7,5.267577171325684,6.557840347290039,1.2902631759643555,0.16082225739955902,0.3464328944683075,0.015719467774033546,0.059250302612781525,8.715724127386972e-05,True
1000,ViT-B-16__block2,100_200,1,8,5.149590492248535,6.566753387451172,1.4171628952026367,0.18621523678302765,0.37061670422554016,0.01511487364768982,0.06287787109613419,8.345653031794292e-05,False
1000,ViT-B-16__block2,100_200,1,9,5.061532974243164,6.555172443389893,1.4936394691467285,0.2085852473974228,0.39419591426849365,0.013905683532357216,0.06287787109613419,7.938926261462366e-05,True
1000,ViT-B-16__block2,100_200,1,10,4.972264289855957,6.553173065185547,1.5809087753295898,0.21160823106765747,0.42079809308052063,0.013905683532357216,0.061064090579748154,7.500000000000001e-05,True
1000,ViT-B-16__block2,100_200,1,11,4.896711826324463,6.55456018447876,1.6578483581542969,0.2345828413963318,0.4449818730354309,0.013905683532357216,0.059250302612781525,7.033683215379003e-05,False
1000,ViT-B-16__block2,100_200,1,12,4.828481674194336,6.546483039855957,1.718001365661621,0.23579202592372894,0.45707377791404724,0.01692865788936615,0.0598548986017704,6.545084971874738e-05,True
1000,ViT-B-16__block2,100_200,1,13,4.7732696533203125,6.553230285644531,1.7799606323242188,0.2527206838130951,0.4607013463973999,0.017533253878355026,0.0598548986017704,6.039558454088797e-05,False
1000,ViT-B-16__block2,100_200,1,14,4.723057746887207,6.562389373779297,1.8393316268920898,0.2636033892631531,0.47460702061653137,0.016324063763022423,0.06287787109613419,5.522642316338269e-05,False
1000,ViT-B-16__block2,100_200,1,15,4.679684638977051,6.564117908477783,1.8844332695007324,0.2684401571750641,0.4836759567260742,0.019347038120031357,0.0598548986017704,5.000000000000002e-05,False
1000,ViT-B-16__block2,100_200,1,16,4.6195759773254395,6.552028656005859,1.93245267868042,0.28718259930610657,0.5120919346809387,0.018137848004698753,0.06227327883243561,4.4773576836617344e-05,False
1000,ViT-B-16__block2,100_200,1,17,4.5904340744018555,6.5651750564575195,1.974740982055664,0.2986699044704437,0.5151149034500122,0.015719467774033546,0.06287787109613419,3.9604415459112035e-05,False
1000,ViT-B-16__block2,100_200,1,18,4.558145046234131,6.561357498168945,2.0032124519348145,0.29504233598709106,0.521765410900116,0.018137848004698753,0.057436518371105194,3.4549150281252636e-05,False
1000,ViT-B-16__block2,100_200,1,19,4.533533096313477,6.5628557205200195,2.029322624206543,0.3065296411514282,0.525393009185791,0.016324063763022423,0.05864571034908295,2.966316784621e-05,False
1000,ViT-B-16__block2,100_200,1,20,4.511064529418945,6.5660600662231445,2.054995536804199,0.3149939775466919,0.5429262518882751,0.015719467774033546,0.06166868284344673,2.5000000000000015e-05,False
250,ViT-B-16__block2,300_400,0,1,7.280770778656006,7.3613786697387695,0.08060789108276367,0.0024183797650039196,0.007859733887016773,0.0012091898825019598,0.004836759530007839,9.972609476841367e-05,True
250,ViT-B-16__block2,300_400,0,2,7.146989822387695,7.295511245727539,0.14852142333984375,0.0036275696475058794,0.017533253878355026,0.0018137848237529397,0.007255139295011759,9.890738003669029e-05,True
250,ViT-B-16__block2,300_400,0,3,7.039576530456543,7.259674549102783,0.22009801864624023,0.005441354587674141,0.023579202592372894,0.0024183797650039196,0.007255139295011759,9.755282581475769e-05,True
250,ViT-B-16__block2,300_400,0,4,6.941544532775879,7.241172790527344,0.29962825775146484,0.007859733887016773,0.030834341421723366,0.0018137848237529397,0.009068924002349377,9.567727288213003e-05,True
250,ViT-B-16__block2,300_400,0,5,6.8562164306640625,7.225815773010254,0.3695993423461914,0.012091899290680885,0.04292624071240425,0.0024183797650039196,0.008464328944683075,9.330127018922194e-05,True
250,ViT-B-16__block2,300_400,0,6,6.783432960510254,7.215736389160156,0.43230342864990234,0.01511487364768982,0.05320435389876366,0.0018137848237529397,0.009068924002349377,9.045084971874738e-05,True
250,ViT-B-16__block2,300_400,0,7,6.720485687255859,7.210379123687744,0.48989343643188477,0.019951632246375084,0.06650544703006744,0.0024183797650039196,0.010882709175348282,8.715724127386972e-05,True
250,ViT-B-16__block2,300_400,0,8,6.659110069274902,7.204872131347656,0.5457620620727539,0.022974608466029167,0.06952841579914093,0.0012091898825019598,0.01027811411768198,8.345653031794292e-05,True
250,ViT-B-16__block2,300_400,0,9,6.602372646331787,7.205982208251953,0.603609561920166,0.024788392707705498,0.08101572096347809,0.0018137848237529397,0.01027811411768198,7.938926261462366e-05,False
250,ViT-B-16__block2,300_400,0,10,6.555763244628906,7.202902793884277,0.6471395492553711,0.029020557180047035,0.09250302612781525,0.0018137848237529397,0.012091899290680885,7.500000000000001e-05,True
250,ViT-B-16__block2,300_400,0,11,6.5126166343688965,7.204734802246094,0.6921181678771973,0.03143893554806709,0.10036276280879974,0.0018137848237529397,0.010882709175348282,7.033683215379003e-05,False
250,ViT-B-16__block2,300_400,0,12,6.471823692321777,7.202539443969727,0.7307157516479492,0.03627569600939751,0.11366385221481323,0.0024183797650039196,0.010882709175348282,6.545084971874738e-05,True
250,ViT-B-16__block2,300_400,0,13,6.44020938873291,7.205288887023926,0.7650794982910156,0.034461911767721176,0.11547763645648956,0.0018137848237529397,0.014510278590023518,6.039558454088797e-05,False
250,ViT-B-16__block2,300_400,0,14,6.405655860900879,7.204855918884277,0.7992000579833984,0.044135428965091705,0.12091898918151855,0.0024183797650039196,0.013301088474690914,5.522642316338269e-05,False
250,ViT-B-16__block2,300_400,0,15,6.374337196350098,7.206755638122559,0.8324184417724609,0.04353083670139313,0.12817412614822388,0.0024183797650039196,0.015719467774033546,5.000000000000002e-05,False
250,ViT-B-16__block2,300_400,0,16,6.3500447273254395,7.204240798950195,0.8541960716247559,0.04836759716272354,0.13119709491729736,0.0024183797650039196,0.017533253878355026,4.4773576836617344e-05,False
250,ViT-B-16__block2,300_400,0,17,6.326342582702637,7.210588455200195,0.8842458724975586,0.047763001173734665,0.13422007858753204,0.0024183797650039196,0.015719467774033546,3.9604415459112035e-05,False
250,ViT-B-16__block2,300_400,0,18,6.309350967407227,7.212074279785156,0.9027233123779297,0.047763001173734665,0.1378476470708847,0.0024183797650039196,0.016324063763022423,3.4549150281252636e-05,False
250,ViT-B-16__block2,300_400,0,19,6.291611671447754,7.214304447174072,0.9226927757263184,0.05320435389876366,0.14389359951019287,0.0030229748226702213,0.01692865788936615,2.966316784621e-05,False
250,ViT-B-16__block2,300_400,0,20,6.275091171264648,7.21710205078125,0.9420108795166016,0.05320435389876366,0.14631196856498718,0.0030229748226702213,0.018137848004698753,2.5000000000000015e-05,False
1000,ViT-B-16__block2,300_400,0,1,7.038451194763184,7.27606201171875,0.2376108169555664,0.010882709175348282,0.029625151306390762,0.0,0.006650544237345457,9.972609476841367e-05,True
1000,ViT-B-16__block2,300_400,0,2,6.802556991577148,7.238497734069824,0.4359407424926758,0.019951632246375084,0.06408706307411194,0.0018137848237529397,0.008464328944683075,9.890738003669029e-05,True
1000,ViT-B-16__block2,300_400,0,3,6.630119800567627,7.2242302894592285,0.5941104888916016,0.03325272351503372,0.09492140263319016,0.0012091898825019598,0.012091899290680885,9.755282581475769e-05,True
1000,ViT-B-16__block2,300_400,0,4,6.476244926452637,7.221093654632568,0.7448487281799316,0.04836759716272354,0.12091898918151855,0.0024183797650039196,0.012696493417024612,9.567727288213003e-05,True
1000,ViT-B-16__block2,300_400,0,5,6.343728065490723,7.21258020401001,0.8688521385192871,0.06166868284344673,0.1535671204328537,0.0018137848237529397,0.012696493417024612,9.330127018922194e-05,True
1000,ViT-B-16__block2,300_400,0,6,6.228005409240723,7.228849411010742,1.0008440017700195,0.07436517626047134,0.17533253133296967,0.0018137848237529397,0.01511487364768982,9.045084971874738e-05,False
1000,ViT-B-16__block2,300_400,0,7,6.131771564483643,7.231634616851807,1.099863052368164,0.08464328944683075,0.19347038865089417,0.0030229748226702213,0.013905683532357216,8.715724127386972e-05,False
1000,ViT-B-16__block2,300_400,0,8,6.033341407775879,7.2265095710754395,1.1931681632995605,0.10459492355585098,0.2315598577260971,0.0036275696475058794,0.01874244399368763,8.345653031794292e-05,False
1000,ViT-B-16__block2,300_400,0,9,5.956087112426758,7.2368011474609375,1.2807140350341797,0.11910520493984222,0.23760581016540527,0.0030229748226702213,0.013905683532357216,7.938926261462366e-05,False
1000,ViT-B-16__block2,300_400,0,10,5.875898361206055,7.256424903869629,1.3805265426635742,0.12333736568689346,0.2654171884059906,0.004836759530007839,0.019347038120031357,7.500000000000001e-05,False
1000,ViT-B-16__block2,300_400,0,11,5.8036298751831055,7.2716217041015625,1.467991828918457,0.1432889997959137,0.2896009683609009,0.005441354587674141,0.018137848004698753,7.033683215379003e-05,False
1000,ViT-B-16__block2,300_400,0,12,5.749182224273682,7.280877113342285,1.5316948890686035,0.14449818432331085,0.3053204417228699,0.0030229748226702213,0.01692865788936615,6.545084971874738e-05,False
1000,ViT-B-16__block2,300_400,0,13,5.681131362915039,7.286561965942383,1.6054306030273438,0.16444982588291168,0.31922611594200134,0.0024183797650039196,0.01692865788936615,6.039558454088797e-05,False
250,ViT-B-16__block2,300_400,1,1,7.285651683807373,7.37819766998291,0.09254598617553711,0.0024183797650039196,0.012696493417024612,0.0006045949412509799,0.007859733887016773,9.972609476841367e-05,True
250,ViT-B-16__block2,300_400,1,2,7.149903774261475,7.318475723266602,0.16857194900512695,0.005441354587674141,0.025392986834049225,0.0006045949412509799,0.007255139295011759,9.890738003669029e-05,True
250,ViT-B-16__block2,300_400,1,3,7.040025234222412,7.28627872467041,0.24625349044799805,0.008464328944683075,0.030834341421723366,0.0030229748226702213,0.009068924002349377,9.755282581475769e-05,True
250,ViT-B-16__block2,300_400,1,4,6.943166732788086,7.262519836425781,0.3193531036376953,0.009673519060015678,0.03567110002040863,0.0024183797650039196,0.009673519060015678,9.567727288213003e-05,True
250,ViT-B-16__block2,300_400,1,5,6.854576110839844,7.243724346160889,0.3891482353210449,0.014510278590023518,0.04353083670139313,0.0024183797650039196,0.01027811411768198,9.330127018922194e-05,True
250,ViT-B-16__block2,300_400,1,6,6.779135227203369,7.235370635986328,0.456235408782959,0.01874244399368763,0.0519951656460762,0.0036275696475058794,0.01027811411768198,9.045084971874738e-05,True
250,ViT-B-16__block2,300_400,1,7,6.714832305908203,7.228358745574951,0.513526439666748,0.02055622823536396,0.06529625505208969,0.0030229748226702213,0.01027811411768198,8.715724127386972e-05,True
250,ViT-B-16__block2,300_400,1,8,6.652327537536621,7.223830223083496,0.571502685546875,0.024788392707705498,0.07436517626047134,0.0036275696475058794,0.008464328944683075,8.345653031794292e-05,True
250,ViT-B-16__block2,300_400,1,9,6.60038423538208,7.220543384552002,0.6201591491699219,0.024788392707705498,0.08101572096347809,0.0030229748226702213,0.013301088474690914,7.938926261462366e-05,True
250,ViT-B-16__block2,300_400,1,10,6.551700592041016,7.215241432189941,0.6635408401489258,0.02660217694938183,0.08464328944683075,0.0030229748226702213,0.013301088474690914,7.500000000000001e-05,True
250,ViT-B-16__block2,300_400,1,11,6.507453918457031,7.218891620635986,0.7114377021789551,0.029020557180047035,0.09854897856712341,0.0036275696475058794,0.013301088474690914,7.033683215379003e-05,False
250,ViT-B-16__block2,300_400,1,12,6.468111991882324,7.215249061584473,0.7471370697021484,0.034461911767721176,0.09975816309452057,0.0042321644723415375,0.013905683532357216,6.545084971874738e-05,False
250,ViT-B-16__block2,300_400,1,13,6.432799816131592,7.215793132781982,0.7829933166503906,0.03627569600939751,0.11124546825885773,0.0036275696475058794,0.014510278590023518,6.039558454088797e-05,False
250,ViT-B-16__block2,300_400,1,14,6.40140438079834,7.215056419372559,0.8136520385742188,0.038694076240062714,0.11547763645648956,0.0024183797650039196,0.014510278590023518,5.522642316338269e-05,True
250,ViT-B-16__block2,300_400,1,15,6.369298934936523,7.216636657714844,0.8473377227783203,0.04353083670139313,0.12152358144521713,0.0030229748226702213,0.014510278590023518,5.000000000000002e-05,False
250,ViT-B-16__block2,300_400,1,16,6.346737861633301,7.2176008224487305,0.8708629608154297,0.045949216932058334,0.1275695264339447,0.0030229748226702213,0.013301088474690914,4.4773576836617344e-05,False
250,ViT-B-16__block2,300_400,1,17,6.323925018310547,7.222354412078857,0.8984293937683105,0.04836759716272354,0.13119709491729736,0.0024183797650039196,0.015719467774033546,3.9604415459112035e-05,False
250,ViT-B-16__block2,300_400,1,18,6.303354263305664,7.220588684082031,0.9172344207763672,0.04897218942642212,0.1330108940601349,0.0024183797650039196,0.01511487364768982,3.4549150281252636e-05,False
250,ViT-B-16__block2,300_400,1,19,6.286523818969727,7.22286319732666,0.9363393783569336,0.051390569657087326,0.14268440008163452,0.0030229748226702213,0.012696493417024612,2.966316784621e-05,False
250,ViT-B-16__block2,300_400,1,20,6.271798133850098,7.225079536437988,0.9532814025878906,0.05259976163506508,0.15054413676261902,0.0030229748226702213,0.011487304233014584,2.5000000000000015e-05,False
250,ViT-B-16__block2,300_400,1,21,6.25966739654541,7.2229461669921875,0.9632787704467773,0.05380894988775253,0.14933495223522186,0.0024183797650039196,0.012091899290680885,2.0610737385376352e-05,False
250,ViT-B-16__block2,300_400,1,22,6.247652053833008,7.2249836921691895,0.9773316383361816,0.05320435389876366,0.1511487364768982,0.0024183797650039196,0.013905683532357216,1.654346968205711e-05,False
1000,ViT-B-16__block2,300_400,1,1,7.058847904205322,7.274514198303223,0.2156662940979004,0.006045949645340443,0.02660217694938183,0.0018137848237529397,0.01027811411768198,9.972609476841367e-05,True
1000,ViT-B-16__block2,300_400,1,2,6.813333511352539,7.2343034744262695,0.42096996307373047,0.021160822361707687,0.05501813814043999,0.0012091898825019598,0.006045949645340443,9.890738003669029e-05,True
1000,ViT-B-16__block2,300_400,1,3,6.6328935623168945,7.210427284240723,0.5775337219238281,0.030834341421723366,0.08887545764446259,0.0042321644723415375,0.01027811411768198,9.755282581475769e-05,True
1000,ViT-B-16__block2,300_400,1,4,6.471837520599365,7.200405120849609,0.7285676002502441,0.04836759716272354,0.11910520493984222,0.0030229748226702213,0.010882709175348282,9.567727288213003e-05,True
1000,ViT-B-16__block2,300_400,1,5,6.340677738189697,7.201969146728516,0.8612914085388184,0.06408706307411194,0.15417170524597168,0.0024183797650039196,0.016324063763022423,9.330127018922194e-05,False
1000,ViT-B-16__block2,300_400,1,6,6.227600574493408,7.200800895690918,0.9732003211975098,0.06529625505208969,0.1795646995306015,0.0018137848237529397,0.017533253878355026,9.045084971874738e-05,False
1000,ViT-B-16__block2,300_400,1,7,6.117547988891602,7.234643936157227,1.117095947265625,0.08706167340278625,0.20616687834262848,0.0012091898825019598,0.016324063763022423,8.715724127386972e-05,False
1000,ViT-B-16__block2,300_400,1,8,6.027993202209473,7.226747512817383,1.1987543106079102,0.10096735507249832,0.21765418350696564,0.0042321644723415375,0.013301088474690914,8.345653031794292e-05,False
1000,ViT-B-16__block2,300_400,1,9,5.940438270568848,7.243073463439941,1.3026351928710938,0.12273277342319489,0.24788393080234528,0.0024183797650039196,0.01511487364768982,7.938926261462366e-05,False
1000,ViT-B-16__block2,300_400,1,10,5.867887496948242,7.247556209564209,1.3796687126159668,0.1324062943458557,0.2551390528678894,0.0012091898825019598,0.015719467774033546,7.500000000000001e-05,False
1000,ViT-B-16__block2,300_400,1,11,5.798781394958496,7.275988578796387,1.4772071838378906,0.1432889997959137,0.2817412316799164,0.0030229748226702213,0.013301088474690914,7.033683215379003e-05,False
1000,ViT-B-16__block2,300_400,1,12,5.728641986846924,7.291787147521973,1.5631451606750488,0.15054413676261902,0.29564693570137024,0.0042321644723415375,0.014510278590023518,6.545084971874738e-05,False
250,ViT-B-16__block2,500_600,0,1,7.384568214416504,7.468442916870117,0.08387470245361328,0.0006045949412509799,0.007255139295011759,0.0,0.0018137848237529397,9.972609476841367e-05,True
250,ViT-B-16__block2,500_600,0,2,7.305757522583008,7.446769714355469,0.14101219177246094,0.0036275696475058794,0.011487304233014584,0.0,0.0012091898825019598,9.890738003669029e-05,True
250,ViT-B-16__block2,500_600,0,3,7.249136924743652,7.443800926208496,0.19466400146484375,0.005441354587674141,0.021765418350696564,0.0,0.0,9.755282581475769e-05,True
250,ViT-B-16__block2,500_600,0,4,7.190800666809082,7.450368881225586,0.2595682144165039,0.008464328944683075,0.03022974729537964,0.0006045949412509799,0.0024183797650039196,9.567727288213003e-05,False
250,ViT-B-16__block2,500_600,0,5,7.131874084472656,7.455053329467773,0.3231792449951172,0.009673519060015678,0.03688029199838638,0.0006045949412509799,0.0012091898825019598,9.330127018922194e-05,False
250,ViT-B-16__block2,500_600,0,6,7.0817389488220215,7.464160919189453,0.38242197036743164,0.012696493417024612,0.040507860481739044,0.0,0.0036275696475058794,9.045084971874738e-05,False
250,ViT-B-16__block2,500_600,0,7,7.031828880310059,7.469539165496826,0.4377102851867676,0.015719467774033546,0.045949216932058334,0.0006045949412509799,0.0030229748226702213,8.715724127386972e-05,False
250,ViT-B-16__block2,500_600,0,8,6.987239360809326,7.474138259887695,0.48689889907836914,0.01692865788936615,0.05441354587674141,0.0006045949412509799,0.0030229748226702213,8.345653031794292e-05,False
250,ViT-B-16__block2,500_600,0,9,6.944861888885498,7.481971740722656,0.5371098518371582,0.023579202592372894,0.06469165533781052,0.0006045949412509799,0.0018137848237529397,7.938926261462366e-05,False
250,ViT-B-16__block2,500_600,0,10,6.907754421234131,7.485882759094238,0.5781283378601074,0.02237001247704029,0.06469165533781052,0.0006045949412509799,0.0024183797650039196,7.500000000000001e-05,False
250,ViT-B-16__block2,500_600,0,11,6.872289657592773,7.491746425628662,0.6194567680358887,0.028415963053703308,0.07738815248012543,0.0012091898825019598,0.0018137848237529397,7.033683215379003e-05,False
1000,ViT-B-16__block2,500_600,0,1,7.250253677368164,7.441375732421875,0.19112205505371094,0.006650544237345457,0.021160822361707687,0.0012091898825019598,0.0018137848237529397,9.972609476841367e-05,True
1000,ViT-B-16__block2,500_600,0,2,7.106231212615967,7.450067043304443,0.34383583068847656,0.015719467774033546,0.04353083670139313,0.0012091898825019598,0.0024183797650039196,9.890738003669029e-05,False
1000,ViT-B-16__block2,500_600,0,3,6.982836723327637,7.470332145690918,0.48749542236328125,0.023579202592372894,0.0598548986017704,0.0018137848237529397,0.0024183797650039196,9.755282581475769e-05,False
1000,ViT-B-16__block2,500_600,0,4,6.867796897888184,7.485079288482666,0.6172823905944824,0.029625151306390762,0.07678356021642685,0.0012091898825019598,0.004836759530007839,9.567727288213003e-05,False
1000,ViT-B-16__block2,500_600,0,5,6.767853736877441,7.501998424530029,0.7341446876525879,0.042321644723415375,0.09673519432544708,0.0012091898825019598,0.0036275696475058794,9.330127018922194e-05,False
1000,ViT-B-16__block2,500_600,0,6,6.672452926635742,7.519927978515625,0.8474750518798828,0.04534462094306946,0.12273277342319489,0.0018137848237529397,0.005441354587674141,9.045084971874738e-05,False
1000,ViT-B-16__block2,500_600,0,7,6.589971542358398,7.538455963134766,0.9484844207763672,0.06045949459075928,0.13482467830181122,0.0018137848237529397,0.0036275696475058794,8.715724127386972e-05,False
1000,ViT-B-16__block2,500_600,0,8,6.498449325561523,7.553950786590576,1.0555014610290527,0.06892382353544235,0.16747279465198517,0.0012091898825019598,0.004836759530007839,8.345653031794292e-05,False
1000,ViT-B-16__block2,500_600,0,9,6.429612159729004,7.579564571380615,1.1499524116516113,0.0858524814248085,0.18923822045326233,0.0006045949412509799,0.0030229748226702213,7.938926261462366e-05,False
250,ViT-B-16__block2,500_600,1,1,7.375924110412598,7.453896522521973,0.077972412109375,0.0018137848237529397,0.007859733887016773,0.0006045949412509799,0.0036275696475058794,9.972609476841367e-05,True
250,ViT-B-16__block2,500_600,1,2,7.294559478759766,7.440544605255127,0.14598512649536133,0.0036275696475058794,0.012696493417024612,0.0006045949412509799,0.0036275696475058794,9.890738003669029e-05,True
250,ViT-B-16__block2,500_600,1,3,7.236874103546143,7.441411972045898,0.20453786849975586,0.007255139295011759,0.021160822361707687,0.0012091898825019598,0.0036275696475058794,9.755282581475769e-05,False
250,ViT-B-16__block2,500_600,1,4,7.178628444671631,7.447903633117676,0.2692751884460449,0.008464328944683075,0.027811367064714432,0.0,0.0036275696475058794,9.567727288213003e-05,False
250,ViT-B-16__block2,500_600,1,5,7.120691776275635,7.451916694641113,0.3312249183654785,0.01511487364768982,0.032648127526044846,0.0006045949412509799,0.0024183797650039196,9.330127018922194e-05,False
250,ViT-B-16__block2,500_600,1,6,7.0667924880981445,7.458396911621094,0.3916044235229492,0.015719467774033546,0.044135428965091705,0.0006045949412509799,0.0030229748226702213,9.045084971874738e-05,False
250,ViT-B-16__block2,500_600,1,7,7.019387245178223,7.464232444763184,0.44484519958496094,0.019347038120031357,0.051390569657087326,0.0006045949412509799,0.0024183797650039196,8.715724127386972e-05,False
250,ViT-B-16__block2,500_600,1,8,6.973052501678467,7.473222255706787,0.5001697540283203,0.018137848004698753,0.05804111436009407,0.0012091898825019598,0.0036275696475058794,8.345653031794292e-05,False
250,ViT-B-16__block2,500_600,1,9,6.931610107421875,7.479936599731445,0.5483264923095703,0.02055622823536396,0.06348247081041336,0.0012091898825019598,0.0030229748226702213,7.938926261462366e-05,False
250,ViT-B-16__block2,500_600,1,10,6.892221450805664,7.4842529296875,0.5920314788818359,0.02418379858136177,0.07678356021642685,0.0012091898825019598,0.0024183797650039196,7.500000000000001e-05,False
1000,ViT-B-16__block2,500_600,1,1,7.235922813415527,7.44681978225708,0.21089696884155273,0.0036275696475058794,0.014510278590023518,0.0,0.0030229748226702213,9.972609476841367e-05,True
1000,ViT-B-16__block2,500_600,1,2,7.0963358879089355,7.452468395233154,0.35613250732421875,0.011487304233014584,0.032648127526044846,0.0,0.004836759530007839,9.890738003669029e-05,False
1000,ViT-B-16__block2,500_600,1,3,6.959163665771484,7.474257469177246,0.5150938034057617,0.021160822361707687,0.06045949459075928,0.0006045949412509799,0.0030229748226702213,9.755282581475769e-05,False
1000,ViT-B-16__block2,500_600,1,4,6.838682174682617,7.489150524139404,0.6504683494567871,0.028415963053703308,0.08706167340278625,0.0012091898825019598,0.0030229748226702213,9.567727288213003e-05,False
1000,ViT-B-16__block2,500_600,1,5,6.735913276672363,7.506874084472656,0.770960807800293,0.03688029199838638,0.10096735507249832,0.0018137848237529397,0.0036275696475058794,9.330127018922194e-05,False
1000,ViT-B-16__block2,500_600,1,6,6.634140968322754,7.524765968322754,0.890625,0.04897218942642212,0.12696494162082672,0.0,0.0024183797650039196,9.045084971874738e-05,False
1000,ViT-B-16__block2,500_600,1,7,6.54042911529541,7.548153877258301,1.0077247619628906,0.05441354587674141,0.16082225739955902,0.0012091898825019598,0.0024183797650039196,8.715724127386972e-05,False
1000,ViT-B-16__block2,500_600,1,8,6.452790260314941,7.558032035827637,1.1052417755126953,0.07073760777711868,0.17049577832221985,0.0006045949412509799,0.0042321644723415375,8.345653031794292e-05,False
1000,ViT-B-16__block2,500_600,1,9,6.366039276123047,7.589711666107178,1.2236723899841309,0.09189843386411667,0.2007255256175995,0.0012091898825019598,0.0018137848237529397,7.938926261462366e-05,False
250,ViT-B-16__block12,100_200,0,1,7.144600868225098,7.324712753295898,0.18011188507080078,0.005441354587674141,0.019347038120031357,0.0012091898825019598,0.011487304233014584,9.972609476841367e-05,True
250,ViT-B-16__block12,100_200,0,2,6.844079494476318,7.192699432373047,0.3486199378967285,0.015719467774033546,0.049576785415410995,0.0030229748226702213,0.012696493417024612,9.890738003669029e-05,True
250,ViT-B-16__block12,100_200,0,3,6.596340179443359,7.102719306945801,0.5063791275024414,0.03022974729537964,0.0834341049194336,0.004836759530007839,0.01874244399368763,9.755282581475769e-05,True
250,ViT-B-16__block12,100_200,0,4,6.394262313842773,7.042014122009277,0.6477518081665039,0.047763001173734665,0.1275695264339447,0.005441354587674141,0.022974608466029167,9.567727288213003e-05,True
250,ViT-B-16__block12,100_200,0,5,6.22624397277832,6.995846748352051,0.7696027755737305,0.06227327883243561,0.1638452261686325,0.007255139295011759,0.029020557180047035,9.330127018922194e-05,True
250,ViT-B-16__block12,100_200,0,6,6.083542823791504,6.96168327331543,0.8781404495239258,0.07738815248012543,0.20193471014499664,0.009068924002349377,0.03204353153705597,9.045084971874738e-05,True
250,ViT-B-16__block12,100_200,0,7,5.959766387939453,6.93336296081543,0.9735965728759766,0.09733978658914566,0.23760581016540527,0.011487304233014584,0.03506650775671005,8.715724127386972e-05,True
250,ViT-B-16__block12,100_200,0,8,5.853256702423096,6.912271499633789,1.0590147972106934,0.11547763645648956,0.2726723253726959,0.012091899290680885,0.03506650775671005,8.345653031794292e-05,True
250,ViT-B-16__block12,100_200,0,9,5.76070499420166,6.894850254058838,1.1341452598571777,0.13966143131256104,0.31136640906333923,0.012091899290680885,0.038694076240062714,7.938926261462366e-05,True
250,ViT-B-16__block12,100_200,0,10,5.675593376159668,6.880576133728027,1.2049827575683594,0.16021765768527985,0.33192262053489685,0.012091899290680885,0.0417170524597168,7.500000000000001e-05,True
250,ViT-B-16__block12,100_200,0,11,5.601291656494141,6.870258331298828,1.2689666748046875,0.18016929924488068,0.3621523678302765,0.012091899290680885,0.040507860481739044,7.033683215379003e-05,True
250,ViT-B-16__block12,100_200,0,12,5.533056259155273,6.861839294433594,1.3287830352783203,0.19588875770568848,0.3899637460708618,0.013301088474690914,0.0417170524597168,6.545084971874738e-05,True
250,ViT-B-16__block12,100_200,0,13,5.472415447235107,6.853209972381592,1.3807945251464844,0.22007255256175995,0.4135429263114929,0.013905683532357216,0.0417170524597168,6.039558454088797e-05,True
250,ViT-B-16__block12,100_200,0,14,5.418809413909912,6.8482561111450195,1.4294466972351074,0.23579202592372894,0.43651753664016724,0.015719467774033546,0.0417170524597168,5.522642316338269e-05,True
250,ViT-B-16__block12,100_200,0,15,5.369491100311279,6.84299373626709,1.4735026359558105,0.25090691447257996,0.4558645784854889,0.014510278590023518,0.04292624071240425,5.000000000000002e-05,True
250,ViT-B-16__block12,100_200,0,16,5.328164577484131,6.839096546173096,1.5109319686889648,0.26420798897743225,0.4709794521331787,0.01511487364768982,0.04292624071240425,4.4773576836617344e-05,True
250,ViT-B-16__block12,100_200,0,17,5.289882183074951,6.835384845733643,1.5455026626586914,0.27509069442749023,0.489117294549942,0.01511487364768982,0.04353083670139313,3.9604415459112035e-05,True
250,ViT-B-16__block12,100_200,0,18,5.260736465454102,6.834057807922363,1.5733213424682617,0.2859733998775482,0.503627598285675,0.01511487364768982,0.04292624071240425,3.4549150281252636e-05,True
250,ViT-B-16__block12,100_200,0,19,5.2320637702941895,6.8321685791015625,1.600104808807373,0.29564693570137024,0.5090689659118652,0.013905683532357216,0.04353083670139313,2.966316784621e-05,True
250,ViT-B-16__block12,100_200,0,20,5.20859432220459,6.8321638107299805,1.6235694885253906,0.3041112422943115,0.5205562710762024,0.013905683532357216,0.0417170524597168,2.5000000000000015e-05,True
250,ViT-B-16__block12,100_200,0,21,5.188801288604736,6.829565048217773,1.640763759613037,0.31378477811813354,0.5296251773834229,0.01511487364768982,0.042321644723415375,2.0610737385376352e-05,True
250,ViT-B-16__block12,100_200,0,22,5.172858238220215,6.827964782714844,1.655106544494629,0.3174123466014862,0.5386940836906433,0.013905683532357216,0.04292624071240425,1.654346968205711e-05,True
250,ViT-B-16__block12,100_200,0,23,5.159961700439453,6.827755451202393,1.6677937507629395,0.31922611594200134,0.5447400212287903,0.013301088474690914,0.042321644723415375,1.2842758726130304e-05,True
250,ViT-B-16__block12,100_200,0,24,5.151125907897949,6.827522277832031,1.676396369934082,0.322853684425354,0.5519951581954956,0.013301088474690914,0.042321644723415375,9.549150281252636e-06,True
250,ViT-B-16__block12,100_200,0,25,5.1433939933776855,6.827338218688965,1.6839442253112793,0.32648128271102905,0.5538089871406555,0.013301088474690914,0.042321644723415375,6.698729810778068e-06,True
250,ViT-B-16__block12,100_200,0,26,5.138278961181641,6.826939582824707,1.6886606216430664,0.32708585262298584,0.5580411553382874,0.013301088474690914,0.042321644723415375,4.322727117869953e-06,True
250,ViT-B-16__block12,100_200,0,27,5.135220527648926,6.826992034912109,1.6917715072631836,0.327690452337265,0.5574365258216858,0.013301088474690914,0.04292624071240425,2.447174185242324e-06,False
250,ViT-B-16__block12,100_200,0,28,5.133297443389893,6.826906204223633,1.6936087608337402,0.32889965176582336,0.5580411553382874,0.013301088474690914,0.042321644723415375,1.092619963309716e-06,True
250,ViT-B-16__block12,100_200,0,29,5.132554531097412,6.8268961906433105,1.6943416595458984,0.32889965176582336,0.556831955909729,0.013301088474690914,0.04292624071240425,2.7390523158633003e-07,True
250,ViT-B-16__block12,100_200,0,30,5.132336616516113,6.8268914222717285,1.6945548057556152,0.32889965176582336,0.5574365258216858,0.013301088474690914,0.04292624071240425,0.0,True
1000,ViT-B-16__block12,100_200,0,1,6.550241470336914,7.079172134399414,0.5289306640625,0.03627569600939751,0.11608222872018814,0.006045949645340443,0.019347038120031357,9.972609476841367e-05,True
1000,ViT-B-16__block12,100_200,0,2,6.017821788787842,6.9478373527526855,0.9300155639648438,0.10036276280879974,0.24667473137378693,0.009673519060015678,0.03022974729537964,9.890738003669029e-05,True
1000,ViT-B-16__block12,100_200,0,3,5.648337364196777,6.885658264160156,1.237320899963379,0.18621523678302765,0.3772672414779663,0.011487304233014584,0.03204353153705597,9.755282581475769e-05,True
1000,ViT-B-16__block12,100_200,0,4,5.3544087409973145,6.850386619567871,1.4959778785705566,0.2732769250869751,0.49032649397850037,0.011487304233014584,0.03627569600939751,9.567727288213003e-05,True
1000,ViT-B-16__block12,100_200,0,5,5.108176231384277,6.830408096313477,1.7222318649291992,0.36033859848976135,0.5822249054908752,0.009068924002349377,0.040507860481739044,9.330127018922194e-05,True
1000,ViT-B-16__block12,100_200,0,6,4.894145965576172,6.828852653503418,1.934706687927246,0.43833133578300476,0.6602177023887634,0.009068924002349377,0.03990326449275017,9.045084971874738e-05,True
1000,ViT-B-16__block12,100_200,0,7,4.707902908325195,6.827781677246094,2.1198787689208984,0.5235792398452759,0.740024209022522,0.010882709175348282,0.040507860481739044,8.715724127386972e-05,True
1000,ViT-B-16__block12,100_200,0,8,4.552277565002441,6.823456764221191,2.27117919921875,0.5858525037765503,0.7950423359870911,0.009068924002349377,0.034461911767721176,8.345653031794292e-05,True
1000,ViT-B-16__block12,100_200,0,9,4.415825843811035,6.838853359222412,2.423027515411377,0.6517533659934998,0.8337364196777344,0.009673519060015678,0.034461911767721176,7.938926261462366e-05,False
1000,ViT-B-16__block12,100_200,0,10,4.292899131774902,6.842044353485107,2.549145221710205,0.7007255554199219,0.8712213039398193,0.007859733887016773,0.03567110002040863,7.500000000000001e-05,False
1000,ViT-B-16__block12,100_200,0,11,4.185849189758301,6.848627090454102,2.662777900695801,0.7412334084510803,0.8911729454994202,0.009068924002349377,0.03567110002040863,7.033683215379003e-05,False
1000,ViT-B-16__block12,100_200,0,12,4.094544410705566,6.850033760070801,2.7554893493652344,0.7617896199226379,0.9032648205757141,0.009673519060015678,0.03627569600939751,6.545084971874738e-05,False
1000,ViT-B-16__block12,100_200,0,13,4.014221668243408,6.8628129959106445,2.8485913276672363,0.7896009683609009,0.9214026927947998,0.009673519060015678,0.03808948025107384,6.039558454088797e-05,False
1000,ViT-B-16__block12,100_200,0,14,3.943079948425293,6.867274284362793,2.9241943359375,0.8071342706680298,0.9316807985305786,0.007255139295011759,0.03688029199838638,5.522642316338269e-05,False
1000,ViT-B-16__block12,100_200,0,15,3.8799684047698975,6.875153541564941,2.995185136795044,0.8391777873039246,0.9449818730354309,0.009068924002349377,0.03627569600939751,5.000000000000002e-05,False
1000,ViT-B-16__block12,100_200,0,16,3.824742317199707,6.8792243003845215,3.0544819831848145,0.8500604629516602,0.9510278701782227,0.007859733887016773,0.03808948025107384,4.4773576836617344e-05,False
250,ViT-B-16__block12,100_200,1,1,7.145196914672852,7.327582359313965,0.18238544464111328,0.005441354587674141,0.02418379858136177,0.0012091898825019598,0.008464328944683075,9.972609476841367e-05,True
250,ViT-B-16__block12,100_200,1,2,6.840181350708008,7.189148902893066,0.3489675521850586,0.013905683532357216,0.0598548986017704,0.0042321644723415375,0.01692865788936615,9.890738003669029e-05,True
250,ViT-B-16__block12,100_200,1,3,6.589838027954102,7.095447063446045,0.5056090354919434,0.024788392707705498,0.09431681036949158,0.006045949645340443,0.022974608466029167,9.755282581475769e-05,True
250,ViT-B-16__block12,100_200,1,4,6.39166259765625,7.026840686798096,0.6351780891418457,0.04534462094306946,0.12938331067562103,0.005441354587674141,0.025392986834049225,9.567727288213003e-05,True
250,ViT-B-16__block12,100_200,1,5,6.222753524780273,6.979156017303467,0.7564024925231934,0.0677146315574646,0.182587668299675,0.007859733887016773,0.027811367064714432,9.330127018922194e-05,True
250,ViT-B-16__block12,100_200,1,6,6.080390930175781,6.943828582763672,0.8634376525878906,0.08948004990816116,0.2291414886713028,0.009068924002349377,0.032648127526044846,9.045084971874738e-05,True
250,ViT-B-16__block12,100_200,1,7,5.956699371337891,6.916522979736328,0.9598236083984375,0.1118500605225563,0.25876662135124207,0.009673519060015678,0.030834341421723366,8.715724127386972e-05,True
250,ViT-B-16__block12,100_200,1,8,5.851417541503906,6.897408485412598,1.0459909439086914,0.1378476470708847,0.30108827352523804,0.010882709175348282,0.0338573157787323,8.345653031794292e-05,True
250,ViT-B-16__block12,100_200,1,9,5.757061958312988,6.8810625076293945,1.1240005493164062,0.1590084731578827,0.3313180208206177,0.013301088474690914,0.03506650775671005,7.938926261462366e-05,True
250,ViT-B-16__block12,100_200,1,10,5.673212051391602,6.867506980895996,1.1942949295043945,0.17533253133296967,0.35852479934692383,0.012696493417024612,0.03808948025107384,7.500000000000001e-05,True
250,ViT-B-16__block12,100_200,1,11,5.596315860748291,6.857436180114746,1.261120319366455,0.19407497346401215,0.37908104062080383,0.011487304233014584,0.040507860481739044,7.033683215379003e-05,True
250,ViT-B-16__block12,100_200,1,12,5.5312957763671875,6.851360321044922,1.3200645446777344,0.21221283078193665,0.4068923890590668,0.012091899290680885,0.03929867222905159,6.545084971874738e-05,True
250,ViT-B-16__block12,100_200,1,13,5.470398902893066,6.844950199127197,1.3745512962341309,0.2212817519903183,0.42865779995918274,0.013301088474690914,0.038694076240062714,6.039558454088797e-05,True
250,ViT-B-16__block12,100_200,1,14,5.414794445037842,6.842526435852051,1.427731990814209,0.23821040987968445,0.44437727332115173,0.012696493417024612,0.04292624071240425,5.522642316338269e-05,True
250,ViT-B-16__block12,100_200,1,15,5.365584373474121,6.8385515213012695,1.4729671478271484,0.24667473137378693,0.46493351459503174,0.012696493417024612,0.04111245647072792,5.000000000000002e-05,True
250,ViT-B-16__block12,100_200,1,16,5.32461404800415,6.8344526290893555,1.509838581085205,0.25937122106552124,0.4812575876712799,0.011487304233014584,0.04111245647072792,4.4773576836617344e-05,True
250,ViT-B-16__block12,100_200,1,17,5.286263465881348,6.831778526306152,1.5455150604248047,0.26904475688934326,0.4915356934070587,0.01027811411768198,0.03929867222905159,3.9604415459112035e-05,True
250,ViT-B-16__block12,100_200,1,18,5.254726409912109,6.830404758453369,1.5756783485412598,0.2835550308227539,0.5102781057357788,0.011487304233014584,0.04353083670139313,3.4549150281252636e-05,True
250,ViT-B-16__block12,100_200,1,19,5.227523326873779,6.829505920410156,1.601982593536377,0.2914147675037384,0.5169286727905273,0.011487304233014584,0.0417170524597168,2.966316784621e-05,True
250,ViT-B-16__block12,100_200,1,20,5.205323219299316,6.829006195068359,1.623682975769043,0.3022974729537964,0.5272067785263062,0.010882709175348282,0.0417170524597168,2.5000000000000015e-05,True
250,ViT-B-16__block12,100_200,1,21,5.18553352355957,6.827654838562012,1.6421213150024414,0.30592504143714905,0.5338573455810547,0.010882709175348282,0.042321644723415375,2.0610737385376352e-05,True
250,ViT-B-16__block12,100_200,1,22,5.169529914855957,6.8274827003479,1.6579527854919434,0.31378477811813354,0.5386940836906433,0.010882709175348282,0.04292624071240425,1.654346968205711e-05,True
250,ViT-B-16__block12,100_200,1,23,5.1568756103515625,6.826859474182129,1.6699838638305664,0.31862154603004456,0.5429262518882751,0.010882709175348282,0.0417170524597168,1.2842758726130304e-05,True
250,ViT-B-16__block12,100_200,1,24,5.147274017333984,6.826429843902588,1.6791558265686035,0.31922611594200134,0.5465538501739502,0.010882709175348282,0.042321644723415375,9.549150281252636e-06,True
250,ViT-B-16__block12,100_200,1,25,5.14008903503418,6.826468467712402,1.6863794326782227,0.32406288385391235,0.5489721894264221,0.010882709175348282,0.04353083670139313,6.698729810778068e-06,False
250,ViT-B-16__block12,100_200,1,26,5.134774208068848,6.82611083984375,1.6913366317749023,0.3252720832824707,0.5483676195144653,0.010882709175348282,0.04111245647072792,4.322727117869953e-06,True
250,ViT-B-16__block12,100_200,1,27,5.131728172302246,6.826143264770508,1.6944150924682617,0.3252720832824707,0.5495768189430237,0.010882709175348282,0.0417170524597168,2.447174185242324e-06,False
250,ViT-B-16__block12,100_200,1,28,5.130019187927246,6.826180458068848,1.6961612701416016,0.3282950520515442,0.5489721894264221,0.010882709175348282,0.0417170524597168,1.092619963309716e-06,False
250,ViT-B-16__block12,100_200,1,29,5.12921667098999,6.826159477233887,1.6969428062438965,0.327690452337265,0.5495768189430237,0.010882709175348282,0.0417170524597168,2.7390523158633003e-07,False
250,ViT-B-16__block12,100_200,1,30,5.129017353057861,6.8261613845825195,1.6971440315246582,0.3282950520515442,0.5495768189430237,0.010882709175348282,0.0417170524597168,0.0,False
1000,ViT-B-16__block12,100_200,1,1,6.559135437011719,7.093594551086426,0.534459114074707,0.042321644723415375,0.11124546825885773,0.0042321644723415375,0.016324063763022423,9.972609476841367e-05,True
1000,ViT-B-16__block12,100_200,1,2,6.019169807434082,6.957322120666504,0.9381523132324219,0.10459492355585098,0.24667473137378693,0.006650544237345457,0.03204353153705597,9.890738003669029e-05,True
1000,ViT-B-16__block12,100_200,1,3,5.647019386291504,6.893041133880615,1.2460217475891113,0.18319226801395416,0.38633617758750916,0.010882709175348282,0.03627569600939751,9.755282581475769e-05,True
1000,ViT-B-16__block12,100_200,1,4,5.355401515960693,6.851476669311523,1.49607515335083,0.2805320620536804,0.5006046295166016,0.01027811411768198,0.040507860481739044,9.567727288213003e-05,True
1000,ViT-B-16__block12,100_200,1,5,5.106027603149414,6.844897747039795,1.7388701438903809,0.36336156725883484,0.5937122106552124,0.012696493417024612,0.0417170524597168,9.330127018922194e-05,True
1000,ViT-B-16__block12,100_200,1,6,4.90760612487793,6.839908123016357,1.9323019981384277,0.4340991675853729,0.6668682098388672,0.013905683532357216,0.04534462094306946,9.045084971874738e-05,True
1000,ViT-B-16__block12,100_200,1,7,4.717974662780762,6.8461012840271,2.128126621246338,0.5175332427024841,0.7255139350891113,0.013301088474690914,0.044135428965091705,8.715724127386972e-05,False
1000,ViT-B-16__block12,100_200,1,8,4.55950927734375,6.843387126922607,2.2838778495788574,0.5900846719741821,0.7823458313941956,0.012696493417024612,0.044135428965091705,8.345653031794292e-05,False
1000,ViT-B-16__block12,100_200,1,9,4.430205345153809,6.858172416687012,2.427967071533203,0.6269649267196655,0.8053204417228699,0.013301088474690914,0.04353083670139313,7.938926261462366e-05,False
1000,ViT-B-16__block12,100_200,1,10,4.2979655265808105,6.856780052185059,2.558814525604248,0.6801692843437195,0.8440145254135132,0.012091899290680885,0.04655380919575691,7.500000000000001e-05,False
1000,ViT-B-16__block12,100_200,1,11,4.199991226196289,6.873378276824951,2.673387050628662,0.7237001657485962,0.870012104511261,0.010882709175348282,0.03990326449275017,7.033683215379003e-05,False
1000,ViT-B-16__block12,100_200,1,12,4.110429763793945,6.879940032958984,2.769510269165039,0.7388150095939636,0.8899637460708618,0.012091899290680885,0.03990326449275017,6.545084971874738e-05,False
1000,ViT-B-16__block12,100_200,1,13,4.025722503662109,6.883362293243408,2.857639789581299,0.7708585262298584,0.9099153876304626,0.009068924002349377,0.03929867222905159,6.039558454088797e-05,False
1000,ViT-B-16__block12,100_200,1,14,3.962714672088623,6.894168853759766,2.9314541816711426,0.7902055978775024,0.920798122882843,0.01027811411768198,0.03688029199838638,5.522642316338269e-05,False
250,ViT-B-16__block12,300_400,0,1,7.266045093536377,7.4471588134765625,0.18111371994018555,0.0012091898825019598,0.012696493417024612,0.0006045949412509799,0.005441354587674141,9.972609476841367e-05,True
250,ViT-B-16__block12,300_400,0,2,7.026385307312012,7.373400688171387,0.347015380859375,0.007255139295011759,0.03325272351503372,0.0,0.009068924002349377,9.890738003669029e-05,True
250,ViT-B-16__block12,300_400,0,3,6.816257953643799,7.3220415115356445,0.5057835578918457,0.01511487364768982,0.05380894988775253,0.0006045949412509799,0.006045949645340443,9.755282581475769e-05,True
250,ViT-B-16__block12,300_400,0,4,6.63620138168335,7.282442569732666,0.6462411880493164,0.02660217694938183,0.08403869718313217,0.0006045949412509799,0.009673519060015678,9.567727288213003e-05,True
250,ViT-B-16__block12,300_400,0,5,6.48652458190918,7.252378463745117,0.7658538818359375,0.038694076240062714,0.12394196540117264,0.0006045949412509799,0.01027811411768198,9.330127018922194e-05,True
250,ViT-B-16__block12,300_400,0,6,6.358086585998535,7.224745750427246,0.8666591644287109,0.05622733011841774,0.16203144192695618,0.0024183797650039196,0.009068924002349377,9.045084971874738e-05,True
250,ViT-B-16__block12,300_400,0,7,6.24222993850708,7.20478630065918,0.9625563621520996,0.07859734445810318,0.19165658950805664,0.0018137848237529397,0.01027811411768198,8.715724127386972e-05,True
250,ViT-B-16__block12,300_400,0,8,6.145717620849609,7.186345100402832,1.0406274795532227,0.09431681036949158,0.21281741559505463,0.0018137848237529397,0.012091899290680885,8.345653031794292e-05,True
250,ViT-B-16__block12,300_400,0,9,6.061705589294434,7.173412322998047,1.1117067337036133,0.10822249203920364,0.24244257807731628,0.0030229748226702213,0.013301088474690914,7.938926261462366e-05,True
250,ViT-B-16__block12,300_400,0,10,5.982062816619873,7.160184383392334,1.178121566772461,0.12333736568689346,0.27750906348228455,0.0024183797650039196,0.017533253878355026,7.500000000000001e-05,True
250,ViT-B-16__block12,300_400,0,11,5.912508010864258,7.151301860809326,1.2387938499450684,0.1378476470708847,0.3077388107776642,0.0030229748226702213,0.016324063763022423,7.033683215379003e-05,True
250,ViT-B-16__block12,300_400,0,12,5.851343154907227,7.141502380371094,1.2901592254638672,0.1481257677078247,0.3379685580730438,0.0036275696475058794,0.01692865788936615,6.545084971874738e-05,True
250,ViT-B-16__block12,300_400,0,13,5.796364784240723,7.137347221374512,1.340982437133789,0.161426842212677,0.3518742620944977,0.005441354587674141,0.017533253878355026,6.039558454088797e-05,True
250,ViT-B-16__block12,300_400,0,14,5.747814178466797,7.132477760314941,1.3846635818481445,0.17230956256389618,0.3742442727088928,0.004836759530007839,0.017533253878355026,5.522642316338269e-05,True
250,ViT-B-16__block12,300_400,0,15,5.702463626861572,7.12850284576416,1.426039218902588,0.182587668299675,0.3929867148399353,0.005441354587674141,0.019347038120031357,5.000000000000002e-05,True
250,ViT-B-16__block12,300_400,0,16,5.664502143859863,7.125229835510254,1.4607276916503906,0.19709795713424683,0.4062877893447876,0.006045949645340443,0.017533253878355026,4.4773576836617344e-05,True
250,ViT-B-16__block12,300_400,0,17,5.629364013671875,7.121699333190918,1.492335319519043,0.20677146315574646,0.42563483119010925,0.005441354587674141,0.01692865788936615,3.9604415459112035e-05,True
250,ViT-B-16__block12,300_400,0,18,5.601266384124756,7.121723175048828,1.5204567909240723,0.21281741559505463,0.42805323004722595,0.005441354587674141,0.017533253878355026,3.4549150281252636e-05,False
250,ViT-B-16__block12,300_400,0,19,5.57495641708374,7.119781494140625,1.5448250770568848,0.22007255256175995,0.43651753664016724,0.005441354587674141,0.017533253878355026,2.966316784621e-05,True
250,ViT-B-16__block12,300_400,0,20,5.552187919616699,7.118745803833008,1.5665578842163086,0.23276905715465546,0.44619107246398926,0.005441354587674141,0.01692865788936615,2.5000000000000015e-05,True
250,ViT-B-16__block12,300_400,0,21,5.5341901779174805,7.117622375488281,1.5834321975708008,0.24244257807731628,0.44921404123306274,0.005441354587674141,0.01692865788936615,2.0610737385376352e-05,True
250,ViT-B-16__block12,300_400,0,22,5.519721984863281,7.116665840148926,1.5969438552856445,0.24304716289043427,0.4607013463973999,0.006650544237345457,0.016324063763022423,1.654346968205711e-05,True
250,ViT-B-16__block12,300_400,0,23,5.50772762298584,7.116931915283203,1.6092042922973633,0.24788393080234528,0.46432891488075256,0.006650544237345457,0.016324063763022423,1.2842758726130304e-05,False
250,ViT-B-16__block12,300_400,0,24,5.499019145965576,7.116823196411133,1.6178040504455566,0.2521160840988159,0.4691656827926636,0.006045949645340443,0.016324063763022423,9.549150281252636e-06,False
250,ViT-B-16__block12,300_400,0,25,5.49171257019043,7.116510391235352,1.6247978210449219,0.25332528352737427,0.4715840518474579,0.006045949645340443,0.016324063763022423,6.698729810778068e-06,True
250,ViT-B-16__block12,300_400,0,26,5.486832618713379,7.116116046905518,1.6292834281921387,0.2575574517250061,0.47218865156173706,0.006045949645340443,0.016324063763022423,4.322727117869953e-06,True
250,ViT-B-16__block12,300_400,0,27,5.483842849731445,7.116009712219238,1.632166862487793,0.2575574517250061,0.47279325127601624,0.006045949645340443,0.015719467774033546,2.447174185242324e-06,True
250,ViT-B-16__block12,300_400,0,28,5.482091903686523,7.1159586906433105,1.633866786956787,0.25937122106552124,0.4715840518474579,0.006045949645340443,0.016324063763022423,1.092619963309716e-06,True
250,ViT-B-16__block12,300_400,0,29,5.481356620788574,7.115927219390869,1.634570598602295,0.2605804204940796,0.47218865156173706,0.006045949645340443,0.016324063763022423,2.7390523158633003e-07,True
250,ViT-B-16__block12,300_400,0,30,5.481158256530762,7.1159210205078125,1.6347627639770508,0.2605804204940796,0.47218865156173706,0.006045949645340443,0.016324063763022423,0.0,True
1000,ViT-B-16__block12,300_400,0,1,6.802756309509277,7.321274757385254,0.5185184478759766,0.03929867222905159,0.09068924188613892,0.0018137848237529397,0.010882709175348282,9.972609476841367e-05,True
1000,ViT-B-16__block12,300_400,0,2,6.32753849029541,7.236260414123535,0.908721923828125,0.08645707368850708,0.18379686772823334,0.0006045949412509799,0.01027811411768198,9.890738003669029e-05,True
1000,ViT-B-16__block12,300_400,0,3,5.99314546585083,7.179413795471191,1.1862683296203613,0.1487303525209427,0.29504233598709106,0.0024183797650039196,0.015719467774033546,9.755282581475769e-05,True
1000,ViT-B-16__block12,300_400,0,4,5.7153167724609375,7.144021034240723,1.4287042617797852,0.2188633680343628,0.3911729156970978,0.0018137848237529397,0.016324063763022423,9.567727288213003e-05,True
1000,ViT-B-16__block12,300_400,0,5,5.4912109375,7.1179094314575195,1.6266984939575195,0.27992746233940125,0.48246675729751587,0.0024183797650039196,0.017533253878355026,9.330127018922194e-05,True
1000,ViT-B-16__block12,300_400,0,6,5.276435375213623,7.106867790222168,1.830432415008545,0.34764209389686584,0.562877893447876,0.006045949645340443,0.017533253878355026,9.045084971874738e-05,True
1000,ViT-B-16__block12,300_400,0,7,5.102606773376465,7.100313186645508,1.997706413269043,0.42079809308052063,0.6305925250053406,0.006650544237345457,0.01874244399368763,8.715724127386972e-05,True
1000,ViT-B-16__block12,300_400,0,8,4.9441752433776855,7.099616050720215,2.1554408073425293,0.4818621575832367,0.6874244213104248,0.006045949645340443,0.02237001247704029,8.345653031794292e-05,True
1000,ViT-B-16__block12,300_400,0,9,4.808110237121582,7.1057209968566895,2.2976107597351074,0.5362756848335266,0.7255139350891113,0.0042321644723415375,0.02055622823536396,7.938926261462366e-05,False
1000,ViT-B-16__block12,300_400,0,10,4.685320854187012,7.108005523681641,2.422684669494629,0.5858525037765503,0.7672309875488281,0.005441354587674141,0.019347038120031357,7.500000000000001e-05,False
1000,ViT-B-16__block12,300_400,0,11,4.574100494384766,7.118469715118408,2.5443692207336426,0.6348246932029724,0.8022974729537964,0.004836759530007839,0.023579202592372894,7.033683215379003e-05,False
1000,ViT-B-16__block12,300_400,0,12,4.478381156921387,7.124978065490723,2.646596908569336,0.6662636399269104,0.8331318497657776,0.006045949645340443,0.01692865788936615,6.545084971874738e-05,False
1000,ViT-B-16__block12,300_400,0,13,4.392447471618652,7.132989883422852,2.740542411804199,0.7055622935295105,0.8464329242706299,0.009068924002349377,0.018137848004698753,6.039558454088797e-05,False
1000,ViT-B-16__block12,300_400,0,14,4.3207244873046875,7.137936592102051,2.8172121047973633,0.7224909663200378,0.8681983351707458,0.004836759530007839,0.017533253878355026,5.522642316338269e-05,False
1000,ViT-B-16__block12,300_400,0,15,4.254299640655518,7.145021438598633,2.8907217979431152,0.743651807308197,0.8802902102470398,0.006650544237345457,0.018137848004698753,5.000000000000002e-05,False
1000,ViT-B-16__block12,300_400,0,16,4.1913604736328125,7.151800632476807,2.960440158843994,0.7629988193511963,0.8887545466423035,0.007255139295011759,0.01692865788936615,4.4773576836617344e-05,False
250,ViT-B-16__block12,300_400,1,1,7.266047477722168,7.438703536987305,0.17265605926513672,0.0018137848237529397,0.016324063763022423,0.0012091898825019598,0.007859733887016773,9.972609476841367e-05,True
250,ViT-B-16__block12,300_400,1,2,7.031611442565918,7.359112739562988,0.3275012969970703,0.006650544237345457,0.0338573157787323,0.0024183797650039196,0.010882709175348282,9.890738003669029e-05,True
250,ViT-B-16__block12,300_400,1,3,6.826242923736572,7.305336952209473,0.4790940284729004,0.019347038120031357,0.06166868284344673,0.0042321644723415375,0.01027811411768198,9.755282581475769e-05,True
250,ViT-B-16__block12,300_400,1,4,6.656173229217529,7.262084484100342,0.6059112548828125,0.032648127526044846,0.09492140263319016,0.006045949645340443,0.010882709175348282,9.567727288213003e-05,True
250,ViT-B-16__block12,300_400,1,5,6.5034332275390625,7.2324113845825195,0.728978157043457,0.04897218942642212,0.12696494162082672,0.005441354587674141,0.013301088474690914,9.330127018922194e-05,True
250,ViT-B-16__block12,300_400,1,6,6.376218795776367,7.208256721496582,0.8320379257202148,0.06287787109613419,0.15659008920192719,0.0030229748226702213,0.014510278590023518,9.045084971874738e-05,True
250,ViT-B-16__block12,300_400,1,7,6.263854026794434,7.187416076660156,0.9235620498657227,0.07617896050214767,0.19105200469493866,0.0024183797650039196,0.017533253878355026,8.715724127386972e-05,True
250,ViT-B-16__block12,300_400,1,8,6.167295455932617,7.171985626220703,1.004690170288086,0.09310761839151382,0.22007255256175995,0.0036275696475058794,0.015719467774033546,8.345653031794292e-05,True
250,ViT-B-16__block12,300_400,1,9,6.079631805419922,7.159855842590332,1.0802240371704102,0.1094316840171814,0.24365176260471344,0.0024183797650039196,0.016324063763022423,7.938926261462366e-05,True
250,ViT-B-16__block12,300_400,1,10,5.999070644378662,7.1506242752075195,1.1515536308288574,0.12152358144521713,0.2702539265155792,0.0030229748226702213,0.018137848004698753,7.500000000000001e-05,True
250,ViT-B-16__block12,300_400,1,11,5.928112030029297,7.141076564788818,1.2129645347595215,0.13966143131256104,0.29322853684425354,0.0024183797650039196,0.019951632246375084,7.033683215379003e-05,True
250,ViT-B-16__block12,300_400,1,12,5.8697404861450195,7.135509490966797,1.2657690048217773,0.15477630496025085,0.30894801020622253,0.0024183797650039196,0.019347038120031357,6.545084971874738e-05,True
250,ViT-B-16__block12,300_400,1,13,5.811827659606934,7.130759239196777,1.3189315795898438,0.1668682098388672,0.33434098958969116,0.0030229748226702213,0.019347038120031357,6.039558454088797e-05,True
250,ViT-B-16__block12,300_400,1,14,5.762030601501465,7.127256393432617,1.3652257919311523,0.18077388405799866,0.3561064302921295,0.0030229748226702213,0.017533253878355026,5.522642316338269e-05,True
250,ViT-B-16__block12,300_400,1,15,5.714552402496338,7.123406410217285,1.4088540077209473,0.19165658950805664,0.3669891357421875,0.0030229748226702213,0.018137848004698753,5.000000000000002e-05,True
250,ViT-B-16__block12,300_400,1,16,5.67725944519043,7.120014667510986,1.4427552223205566,0.2001209259033203,0.3796856105327606,0.0030229748226702213,0.02055622823536396,4.4773576836617344e-05,True
250,ViT-B-16__block12,300_400,1,17,5.639867782592773,7.118420600891113,1.4785528182983398,0.2079806625843048,0.39661428332328796,0.0030229748226702213,0.01874244399368763,3.9604415459112035e-05,True
250,ViT-B-16__block12,300_400,1,18,5.6104559898376465,7.116216659545898,1.505760669708252,0.2158403992652893,0.4068923890590668,0.0036275696475058794,0.021765418350696564,3.4549150281252636e-05,True
250,ViT-B-16__block12,300_400,1,19,5.583252906799316,7.115655899047852,1.5324029922485352,0.22309553623199463,0.4220072627067566,0.0042321644723415375,0.01874244399368763,2.966316784621e-05,True
250,ViT-B-16__block12,300_400,1,20,5.562851905822754,7.115745544433594,1.5528936386108398,0.23035067319869995,0.4262394309043884,0.004836759530007839,0.01874244399368763,2.5000000000000015e-05,False
250,ViT-B-16__block12,300_400,1,21,5.543766498565674,7.114417552947998,1.5706510543823242,0.2370012104511261,0.4298669993877411,0.0042321644723415375,0.019347038120031357,2.0610737385376352e-05,True
250,ViT-B-16__block12,300_400,1,22,5.5282135009765625,7.114105224609375,1.5858917236328125,0.24244257807731628,0.4377267360687256,0.0042321644723415375,0.02055622823536396,1.654346968205711e-05,True
250,ViT-B-16__block12,300_400,1,23,5.516108512878418,7.113396644592285,1.5972881317138672,0.24365176260471344,0.4401451051235199,0.0042321644723415375,0.02055622823536396,1.2842758726130304e-05,True
250,ViT-B-16__block12,300_400,1,24,5.506896018981934,7.1132097244262695,1.606313705444336,0.24546554684638977,0.44437727332115173,0.0042321644723415375,0.019951632246375084,9.549150281252636e-06,True
250,ViT-B-16__block12,300_400,1,25,5.499800205230713,7.1133012771606445,1.6135010719299316,0.2472793310880661,0.4449818730354309,0.0042321644723415375,0.02055622823536396,6.698729810778068e-06,False
250,ViT-B-16__block12,300_400,1,26,5.4947004318237305,7.1132025718688965,1.618502140045166,0.24848851561546326,0.4474002420902252,0.0042321644723415375,0.02055622823536396,4.322727117869953e-06,True
250,ViT-B-16__block12,300_400,1,27,5.491959571838379,7.113003253936768,1.6210436820983887,0.25151148438453674,0.4504232406616211,0.0042321644723415375,0.02055622823536396,2.447174185242324e-06,True
250,ViT-B-16__block12,300_400,1,28,5.490311622619629,7.112978935241699,1.6226673126220703,0.2527206838130951,0.4498186409473419,0.0042321644723415375,0.02055622823536396,1.092619963309716e-06,True
250,ViT-B-16__block12,300_400,1,29,5.489531517028809,7.112987518310547,1.6234560012817383,0.2527206838130951,0.4498186409473419,0.0042321644723415375,0.02055622823536396,2.7390523158633003e-07,False
250,ViT-B-16__block12,300_400,1,30,5.489345550537109,7.11298942565918,1.6236438751220703,0.2527206838130951,0.4498186409473419,0.0042321644723415375,0.02055622823536396,0.0,False
1000,ViT-B-16__block12,300_400,1,1,6.802202224731445,7.316874027252197,0.514671802520752,0.029625151306390762,0.07859734445810318,0.0030229748226702213,0.011487304233014584,9.972609476841367e-05,True
1000,ViT-B-16__block12,300_400,1,2,6.340756893157959,7.234504699707031,0.8937478065490723,0.0755743682384491,0.18319226801395416,0.0030229748226702213,0.014510278590023518,9.890738003669029e-05,True
1000,ViT-B-16__block12,300_400,1,3,6.007206916809082,7.1838579177856445,1.1766510009765625,0.1402660310268402,0.2896009683609009,0.0012091898825019598,0.014510278590023518,9.755282581475769e-05,True
1000,ViT-B-16__block12,300_400,1,4,5.741909980773926,7.1491193771362305,1.4072093963623047,0.2134220153093338,0.3929867148399353,0.0012091898825019598,0.014510278590023518,9.567727288213003e-05,True
1000,ViT-B-16__block12,300_400,1,5,5.506601333618164,7.130461692810059,1.6238603591918945,0.2811366617679596,0.4764208197593689,0.0030229748226702213,0.01692865788936615,9.330127018922194e-05,True
1000,ViT-B-16__block12,300_400,1,6,5.309439659118652,7.127050399780273,1.817610740661621,0.35006046295166016,0.5489721894264221,0.0030229748226702213,0.017533253878355026,9.045084971874738e-05,True
1000,ViT-B-16__block12,300_400,1,7,5.121187210083008,7.126601219177246,2.0054140090942383,0.4189842939376831,0.6142684817314148,0.0024183797650039196,0.016324063763022423,8.715724127386972e-05,True
1000,ViT-B-16__block12,300_400,1,8,4.953915596008301,7.127068519592285,2.1731529235839844,0.47218865156173706,0.6686819791793823,0.0018137848237529397,0.012696493417024612,8.345653031794292e-05,False
1000,ViT-B-16__block12,300_400,1,9,4.825239658355713,7.133220672607422,2.307981014251709,0.5199516415596008,0.7128174304962158,0.0024183797650039196,0.014510278590023518,7.938926261462366e-05,False
1000,ViT-B-16__block12,300_400,1,10,4.693900108337402,7.137026309967041,2.4431262016296387,0.572551429271698,0.749697744846344,0.0030229748226702213,0.01692865788936615,7.500000000000001e-05,False
1000,ViT-B-16__block12,300_400,1,11,4.592308044433594,7.142891883850098,2.550583839416504,0.6166868209838867,0.7992745041847229,0.0018137848237529397,0.012091899290680885,7.033683215379003e-05,False
1000,ViT-B-16__block12,300_400,1,12,4.4949631690979,7.166141510009766,2.6711783409118652,0.6487303972244263,0.8162031769752502,0.0024183797650039196,0.013905683532357216,6.545084971874738e-05,False
1000,ViT-B-16__block12,300_400,1,13,4.410519599914551,7.164784908294678,2.754265308380127,0.6825876832008362,0.842200756072998,0.0018137848237529397,0.014510278590023518,6.039558454088797e-05,False
1000,ViT-B-16__block12,300_400,1,14,4.34193229675293,7.16856575012207,2.8266334533691406,0.7019347548484802,0.8591294288635254,0.0012091898825019598,0.014510278590023518,5.522642316338269e-05,False
1000,ViT-B-16__block12,300_400,1,15,4.273257255554199,7.183511734008789,2.91025447845459,0.718258798122406,0.8712213039398193,0.0024183797650039196,0.013301088474690914,5.000000000000002e-05,False
250,ViT-B-16__block12,500_600,0,1,7.3695878982543945,7.536959648132324,0.1673717498779297,0.0036275696475058794,0.008464328944683075,0.0006045949412509799,0.0036275696475058794,9.972609476841367e-05,True
250,ViT-B-16__block12,500_600,0,2,7.199607849121094,7.519990921020508,0.32038307189941406,0.006650544237345457,0.01692865788936615,0.0006045949412509799,0.0024183797650039196,9.890738003669029e-05,True
250,ViT-B-16__block12,500_600,0,3,7.0531110763549805,7.518368721008301,0.4652576446533203,0.01027811411768198,0.029625151306390762,0.0006045949412509799,0.0024183797650039196,9.755282581475769e-05,True
250,ViT-B-16__block12,500_600,0,4,6.92202091217041,7.524287223815918,0.6022663116455078,0.016324063763022423,0.05259976163506508,0.0006045949412509799,0.0024183797650039196,9.567727288213003e-05,False
250,ViT-B-16__block12,500_600,0,5,6.8056640625,7.528046607971191,0.7223825454711914,0.024788392707705498,0.08282950520515442,0.0006045949412509799,0.0018137848237529397,9.330127018922194e-05,False
250,ViT-B-16__block12,500_600,0,6,6.706695556640625,7.533634185791016,0.8269386291503906,0.03627569600939751,0.1039903312921524,0.0,0.0018137848237529397,9.045084971874738e-05,False
250,ViT-B-16__block12,500_600,0,7,6.616231918334961,7.538698196411133,0.9224662780761719,0.044135428965091705,0.1324062943458557,0.0006045949412509799,0.0018137848237529397,8.715724127386972e-05,False
250,ViT-B-16__block12,500_600,0,8,6.539620876312256,7.541933536529541,1.0023126602172852,0.05804111436009407,0.1487303525209427,0.0006045949412509799,0.0024183797650039196,8.345653031794292e-05,False
250,ViT-B-16__block12,500_600,0,9,6.468602180480957,7.5486955642700195,1.0800933837890625,0.07194679975509644,0.17049577832221985,0.0006045949412509799,0.0018137848237529397,7.938926261462366e-05,False
250,ViT-B-16__block12,500_600,0,10,6.402719497680664,7.553421974182129,1.1507024765014648,0.08524788916110992,0.19044740498065948,0.0006045949412509799,0.0024183797650039196,7.500000000000001e-05,False
250,ViT-B-16__block12,500_600,0,11,6.343459606170654,7.555933475494385,1.2124738693237305,0.0912938341498375,0.2055622786283493,0.0,0.0024183797650039196,7.033683215379003e-05,False
1000,ViT-B-16__block12,500_600,0,1,7.043964385986328,7.496031761169434,0.45206737518310547,0.017533253878355026,0.045949216932058334,0.0030229748226702213,0.006650544237345457,9.972609476841367e-05,True
1000,ViT-B-16__block12,500_600,0,2,6.6988606452941895,7.508222579956055,0.8093619346618652,0.044135428965091705,0.12031439691781998,0.0018137848237529397,0.005441354587674141,9.890738003669029e-05,False
1000,ViT-B-16__block12,500_600,0,3,6.439959526062012,7.523040771484375,1.0830812454223633,0.08948004990816116,0.20374849438667297,0.0006045949412509799,0.008464328944683075,9.755282581475769e-05,False
1000,ViT-B-16__block12,500_600,0,4,6.2120361328125,7.5349884033203125,1.3229522705078125,0.14631196856498718,0.29020556807518005,0.0018137848237529397,0.006650544237345457,9.567727288213003e-05,False
1000,ViT-B-16__block12,500_600,0,5,6.008268356323242,7.543363571166992,1.53509521484375,0.2001209259033203,0.374848872423172,0.0006045949412509799,0.005441354587674141,9.330127018922194e-05,False
1000,ViT-B-16__block12,500_600,0,6,5.805174350738525,7.559195041656494,1.7540206909179688,0.25695285201072693,0.45102784037590027,0.0006045949412509799,0.0030229748226702213,9.045084971874738e-05,False
1000,ViT-B-16__block12,500_600,0,7,5.614847183227539,7.563623428344727,1.9487762451171875,0.3307134211063385,0.5441354513168335,0.0012091898825019598,0.0042321644723415375,8.715724127386972e-05,False
1000,ViT-B-16__block12,500_600,0,8,5.44862174987793,7.571938991546631,2.123317241668701,0.3899637460708618,0.603990375995636,0.0018137848237529397,0.006650544237345457,8.345653031794292e-05,False
1000,ViT-B-16__block12,500_600,0,9,5.301017761230469,7.578536510467529,2.2775187492370605,0.45163241028785706,0.6517533659934998,0.0,0.0036275696475058794,7.938926261462366e-05,False
250,ViT-B-16__block12,500_600,1,1,7.349366188049316,7.5539069175720215,0.20454072952270508,0.0018137848237529397,0.006650544237345457,0.0,0.0006045949412509799,9.972609476841367e-05,True
250,ViT-B-16__block12,500_600,1,2,7.17750358581543,7.530091285705566,0.3525876998901367,0.0036275696475058794,0.016324063763022423,0.0006045949412509799,0.0030229748226702213,9.890738003669029e-05,True
250,ViT-B-16__block12,500_600,1,3,7.031737804412842,7.526482582092285,0.49474477767944336,0.01027811411768198,0.03204353153705597,0.0012091898825019598,0.0036275696475058794,9.755282581475769e-05,True
250,ViT-B-16__block12,500_600,1,4,6.905170440673828,7.527235984802246,0.622065544128418,0.01874244399368763,0.0598548986017704,0.0012091898825019598,0.0036275696475058794,9.567727288213003e-05,False
250,ViT-B-16__block12,500_600,1,5,6.788732528686523,7.527924537658691,0.739192008972168,0.028415963053703308,0.08887545764446259,0.0012091898825019598,0.004836759530007839,9.330127018922194e-05,False
250,ViT-B-16__block12,500_600,1,6,6.689669609069824,7.530848026275635,0.8411784172058105,0.03567110002040863,0.10338573157787323,0.0018137848237529397,0.0042321644723415375,9.045084971874738e-05,False
250,ViT-B-16__block12,500_600,1,7,6.600527763366699,7.5341596603393555,0.9336318969726562,0.044135428965091705,0.12394196540117264,0.0012091898825019598,0.004836759530007839,8.715724127386972e-05,False
250,ViT-B-16__block12,500_600,1,8,6.521784782409668,7.537113666534424,1.0153288841247559,0.05622733011841774,0.14993955194950104,0.0006045949412509799,0.005441354587674141,8.345653031794292e-05,False
250,ViT-B-16__block12,500_600,1,9,6.449840068817139,7.541169166564941,1.0913290977478027,0.0701330155134201,0.18016929924488068,0.0012091898825019598,0.005441354587674141,7.938926261462366e-05,False
250,ViT-B-16__block12,500_600,1,10,6.384376525878906,7.545289516448975,1.1609129905700684,0.0858524814248085,0.19830714166164398,0.0012091898825019598,0.006045949645340443,7.500000000000001e-05,False
250,ViT-B-16__block12,500_600,1,11,6.321685791015625,7.54774284362793,1.2260570526123047,0.10217654705047607,0.22188633680343628,0.0012091898825019598,0.004836759530007839,7.033683215379003e-05,False
1000,ViT-B-16__block12,500_600,1,1,7.019377708435059,7.504184246063232,0.48480653762817383,0.024788392707705498,0.061064090579748154,0.0006045949412509799,0.0036275696475058794,9.972609476841367e-05,True
1000,ViT-B-16__block12,500_600,1,2,6.683608531951904,7.515870094299316,0.8322615623474121,0.04715840518474579,0.12938331067562103,0.0012091898825019598,0.006650544237345457,9.890738003669029e-05,False
1000,ViT-B-16__block12,500_600,1,3,6.420859336853027,7.527266502380371,1.1064071655273438,0.08766626566648483,0.20495767891407013,0.0024183797650039196,0.006650544237345457,9.755282581475769e-05,False
1000,ViT-B-16__block12,500_600,1,4,6.192971229553223,7.533357620239258,1.3403863906860352,0.14268440008163452,0.29081016778945923,0.0018137848237529397,0.010882709175348282,9.567727288213003e-05,False
1000,ViT-B-16__block12,500_600,1,5,5.983886241912842,7.542806625366211,1.5589203834533691,0.2007255256175995,0.374848872423172,0.0018137848237529397,0.008464328944683075,9.330127018922194e-05,False
1000,ViT-B-16__block12,500_600,1,6,5.787245750427246,7.552712440490723,1.7654666900634766,0.2648125886917114,0.4576783776283264,0.0006045949412509799,0.007255139295011759,9.045084971874738e-05,False
1000,ViT-B-16__block12,500_600,1,7,5.583709716796875,7.550082206726074,1.9663724899291992,0.34220072627067566,0.5392987132072449,0.0006045949412509799,0.007859733887016773,8.715724127386972e-05,False
1000,ViT-B-16__block12,500_600,1,8,5.404838562011719,7.562546730041504,2.157708168029785,0.4087061882019043,0.6203144192695618,0.0012091898825019598,0.008464328944683075,8.345653031794292e-05,False
1000,ViT-B-16__block12,500_600,1,9,5.260036945343018,7.5664753913879395,2.306438446044922,0.4836759567260742,0.6680774092674255,0.0,0.009068924002349377,7.938926261462366e-05,False
250,ViT-L-14__block4,100_200,0,1,7.048303604125977,7.15716552734375,0.10886192321777344,0.0036275696475058794,0.017533253878355026,0.0018137848237529397,0.011487304233014584,9.972609476841367e-05,True
250,ViT-L-14__block4,100_200,0,2,6.791801452636719,6.991121292114258,0.19931983947753906,0.009673519060015678,0.042321644723415375,0.0042321644723415375,0.022974608466029167,9.890738003669029e-05,True
250,ViT-L-14__block4,100_200,0,3,6.5956010818481445,6.881281852722168,0.28568077087402344,0.017533253878355026,0.07073760777711868,0.007859733887016773,0.030834341421723366,9.755282581475769e-05,True
250,ViT-L-14__block4,100_200,0,4,6.430189609527588,6.794943809509277,0.36475419998168945,0.030834341421723366,0.09794437885284424,0.007255139295011759,0.03506650775671005,9.567727288213003e-05,True
250,ViT-L-14__block4,100_200,0,5,6.286857604980469,6.726822853088379,0.43996524810791016,0.04353083670139313,0.11850060522556305,0.009068924002349377,0.0417170524597168,9.330127018922194e-05,True
250,ViT-L-14__block4,100_200,0,6,6.162543296813965,6.671534538269043,0.5089912414550781,0.04836759716272354,0.13119709491729736,0.01027811411768198,0.04474002495408058,9.045084971874738e-05,True
250,ViT-L-14__block4,100_200,0,7,6.055883407592773,6.629242897033691,0.573359489440918,0.05804111436009407,0.1481257677078247,0.009673519060015678,0.04353083670139313,8.715724127386972e-05,True
250,ViT-L-14__block4,100_200,0,8,5.960263252258301,6.5910491943359375,0.6307859420776367,0.06348247081041336,0.166263610124588,0.012091899290680885,0.047763001173734665,8.345653031794292e-05,True
250,ViT-L-14__block4,100_200,0,9,5.874693870544434,6.55578088760376,0.6810870170593262,0.07134220004081726,0.18863362073898315,0.011487304233014584,0.04715840518474579,7.938926261462366e-05,True
250,ViT-L-14__block4,100_200,0,10,5.7978835105896,6.529688835144043,0.7318053245544434,0.077992744743824,0.20918984711170197,0.013905683532357216,0.05501813814043999,7.500000000000001e-05,True
250,ViT-L-14__block4,100_200,0,11,5.735293388366699,6.508313179016113,0.7730197906494141,0.08524788916110992,0.2188633680343628,0.015719467774033546,0.05320435389876366,7.033683215379003e-05,True
250,ViT-L-14__block4,100_200,0,12,5.675754547119141,6.489741325378418,0.8139867782592773,0.09492140263319016,0.23821040987968445,0.019347038120031357,0.05501813814043999,6.545084971874738e-05,True
250,ViT-L-14__block4,100_200,0,13,5.62238073348999,6.4762864112854,0.8539056777954102,0.09492140263319016,0.24607014656066895,0.01511487364768982,0.05501813814043999,6.039558454088797e-05,True
250,ViT-L-14__block4,100_200,0,14,5.579260349273682,6.456501007080078,0.8772406578063965,0.10278113931417465,0.2575574517250061,0.01692865788936615,0.05622733011841774,5.522642316338269e-05,True
250,ViT-L-14__block4,100_200,0,15,5.539592742919922,6.449508190155029,0.9099154472351074,0.11064087599515915,0.27448609471321106,0.017533253878355026,0.05380894988775253,5.000000000000002e-05,True
250,ViT-L-14__block4,100_200,0,16,5.504549026489258,6.437699317932129,0.9331502914428711,0.11789601296186447,0.2841596305370331,0.017533253878355026,0.05622733011841774,4.4773576836617344e-05,True
250,ViT-L-14__block4,100_200,0,17,5.4732866287231445,6.430530548095703,0.9572439193725586,0.12273277342319489,0.2883917987346649,0.016324063763022423,0.05864571034908295,3.9604415459112035e-05,True
250,ViT-L-14__block4,100_200,0,18,5.449248313903809,6.421599388122559,0.97235107421875,0.12394196540117264,0.2986699044704437,0.016324063763022423,0.0598548986017704,3.4549150281252636e-05,True
250,ViT-L-14__block4,100_200,0,19,5.424220085144043,6.417168617248535,0.9929485321044922,0.12394196540117264,0.30592504143714905,0.018137848004698753,0.06227327883243561,2.966316784621e-05,True
250,ViT-L-14__block4,100_200,0,20,5.405495643615723,6.412221908569336,1.0067262649536133,0.13180169463157654,0.3071342408657074,0.018137848004698753,0.06408706307411194,2.5000000000000015e-05,True
250,ViT-L-14__block4,100_200,0,21,5.390927791595459,6.407266139984131,1.0163383483886719,0.13180169463157654,0.30894801020622253,0.018137848004698753,0.0598548986017704,2.0610737385376352e-05,True
250,ViT-L-14__block4,100_200,0,22,5.3788042068481445,6.403865814208984,1.0250616073608398,0.13482467830181122,0.3155985474586487,0.018137848004698753,0.0598548986017704,1.654346968205711e-05,True
250,ViT-L-14__block4,100_200,0,23,5.367898941040039,6.402271270751953,1.034372329711914,0.1354292631149292,0.3155985474586487,0.018137848004698753,0.06287787109613419,1.2842758726130304e-05,True
250,ViT-L-14__block4,100_200,0,24,5.361073970794678,6.400320053100586,1.0392460823059082,0.13966143131256104,0.3174123466014862,0.018137848004698753,0.06408706307411194,9.549150281252636e-06,True
250,ViT-L-14__block4,100_200,0,25,5.355284214019775,6.398861885070801,1.0435776710510254,0.14147521555423737,0.3198307156562805,0.01874244399368763,0.06529625505208969,6.698729810778068e-06,True
250,ViT-L-14__block4,100_200,0,26,5.351471900939941,6.3976030349731445,1.0461311340332031,0.14268440008163452,0.31922611594200134,0.019347038120031357,0.06590084731578827,4.322727117869953e-06,True
250,ViT-L-14__block4,100_200,0,27,5.348645210266113,6.39711856842041,1.0484733581542969,0.1408706158399582,0.32103991508483887,0.018137848004698753,0.06590084731578827,2.447174185242324e-06,True
250,ViT-L-14__block4,100_200,0,28,5.347155570983887,6.396978378295898,1.0498228073120117,0.14207981526851654,0.3180169463157654,0.019347038120031357,0.06529625505208969,1.092619963309716e-06,True
250,ViT-L-14__block4,100_200,0,29,5.346619606018066,6.396881103515625,1.0502614974975586,0.14207981526851654,0.3180169463157654,0.019347038120031357,0.06469165533781052,2.7390523158633003e-07,True
250,ViT-L-14__block4,100_200,0,30,5.346487998962402,6.396851539611816,1.050363540649414,0.14207981526851654,0.31862154603004456,0.019347038120031357,0.06469165533781052,0.0,True
1000,ViT-L-14__block4,100_200,0,1,6.585549354553223,6.889853000640869,0.3043036460876465,0.01692865788936615,0.0755743682384491,0.005441354587674141,0.024788392707705498,9.972609476841367e-05,True
1000,ViT-L-14__block4,100_200,0,2,6.206181526184082,6.715587139129639,0.5094056129455566,0.04897218942642212,0.13482467830181122,0.008464328944683075,0.03567110002040863,9.890738003669029e-05,True
1000,ViT-L-14__block4,100_200,0,3,5.920825004577637,6.611924171447754,0.6910991668701172,0.08041112869977951,0.18863362073898315,0.010882709175348282,0.04715840518474579,9.755282581475769e-05,True
1000,ViT-L-14__block4,100_200,0,4,5.7083563804626465,6.556736469268799,0.8483800888061523,0.11003627628087997,0.2394195944070816,0.012091899290680885,0.05018138140439987,9.567727288213003e-05,True
1000,ViT-L-14__block4,100_200,0,5,5.5180864334106445,6.509748458862305,0.9916620254516602,0.12938331067562103,0.27206772565841675,0.013301088474690914,0.05441354587674141,9.330127018922194e-05,True
1000,ViT-L-14__block4,100_200,0,6,5.378854751586914,6.48629903793335,1.1074442863464355,0.1511487364768982,0.30290207266807556,0.01511487364768982,0.057436518371105194,9.045084971874738e-05,True
1000,ViT-L-14__block4,100_200,0,7,5.253717422485352,6.466484069824219,1.2127666473388672,0.16807739436626434,0.35792019963264465,0.013905683532357216,0.06045949459075928,8.715724127386972e-05,True
1000,ViT-L-14__block4,100_200,0,8,5.148332595825195,6.440582275390625,1.2922496795654297,0.18137848377227783,0.3772672414779663,0.01692865788936615,0.06166868284344673,8.345653031794292e-05,True
1000,ViT-L-14__block4,100_200,0,9,5.065369606018066,6.453001976013184,1.3876323699951172,0.2007255256175995,0.39661428332328796,0.01692865788936615,0.06348247081041336,7.938926261462366e-05,False
1000,ViT-L-14__block4,100_200,0,10,4.986296653747559,6.440361499786377,1.4540648460388184,0.20677146315574646,0.4056832194328308,0.016324063763022423,0.06590084731578827,7.500000000000001e-05,True
1000,ViT-L-14__block4,100_200,0,11,4.906174659729004,6.44069242477417,1.534517765045166,0.2394195944070816,0.44921404123306274,0.013905683532357216,0.07073760777711868,7.033683215379003e-05,False
1000,ViT-L-14__block4,100_200,0,12,4.841629981994629,6.4301042556762695,1.5884742736816406,0.23639662563800812,0.45102784037590027,0.021160822361707687,0.06590084731578827,6.545084971874738e-05,True
1000,ViT-L-14__block4,100_200,0,13,4.792975425720215,6.446233749389648,1.6532583236694336,0.2496977150440216,0.4764208197593689,0.014510278590023518,0.0677146315574646,6.039558454088797e-05,False
1000,ViT-L-14__block4,100_200,0,14,4.734401702880859,6.437145233154297,1.7027435302734375,0.2636033892631531,0.48790812492370605,0.021765418350696564,0.0677146315574646,5.522642316338269e-05,False
1000,ViT-L-14__block4,100_200,0,15,4.683210372924805,6.429896831512451,1.7466864585876465,0.26964935660362244,0.5018138289451599,0.018137848004698753,0.0701330155134201,5.000000000000002e-05,True
1000,ViT-L-14__block4,100_200,0,16,4.652652740478516,6.425533771514893,1.772881031036377,0.2738814949989319,0.506045937538147,0.02055622823536396,0.06831923127174377,4.4773576836617344e-05,True
1000,ViT-L-14__block4,100_200,0,17,4.623485565185547,6.431857585906982,1.8083720207214355,0.29262393712997437,0.515719473361969,0.01874244399368763,0.06892382353544235,3.9604415459112035e-05,False
1000,ViT-L-14__block4,100_200,0,18,4.588984489440918,6.4268646240234375,1.8378801345825195,0.28778719902038574,0.5223700404167175,0.017533253878355026,0.06529625505208969,3.4549150281252636e-05,False
1000,ViT-L-14__block4,100_200,0,19,4.560917854309082,6.426595687866211,1.865677833557129,0.2944377362728119,0.5356711149215698,0.019951632246375084,0.06711003929376602,2.966316784621e-05,False
1000,ViT-L-14__block4,100_200,0,20,4.537392616271973,6.431737422943115,1.8943448066711426,0.29806530475616455,0.5441354513168335,0.021765418350696564,0.06287787109613419,2.5000000000000015e-05,False
1000,ViT-L-14__block4,100_200,0,21,4.515028476715088,6.4320173263549805,1.9169888496398926,0.3016928732395172,0.547158420085907,0.021765418350696564,0.06831923127174377,2.0610737385376352e-05,False
1000,ViT-L-14__block4,100_200,0,22,4.504225730895996,6.432872772216797,1.9286470413208008,0.3095526099205017,0.5447400212287903,0.019951632246375084,0.06711003929376602,1.654346968205711e-05,False
1000,ViT-L-14__block4,100_200,0,23,4.490489959716797,6.431703567504883,1.941213607788086,0.3077388107776642,0.5483676195144653,0.021160822361707687,0.06590084731578827,1.2842758726130304e-05,False
1000,ViT-L-14__block4,100_200,0,24,4.480031490325928,6.430130958557129,1.9500994682312012,0.31318017840385437,0.5574365258216858,0.019951632246375084,0.06952841579914093,9.549150281252636e-06,False
250,ViT-L-14__block4,100_200,1,1,7.054642677307129,7.159884452819824,0.10524177551269531,0.004836759530007839,0.015719467774033546,0.0012091898825019598,0.009673519060015678,9.972609476841367e-05,True
250,ViT-L-14__block4,100_200,1,2,6.794861793518066,6.990326881408691,0.195465087890625,0.012696493417024612,0.03688029199838638,0.0018137848237529397,0.016324063763022423,9.890738003669029e-05,True
250,ViT-L-14__block4,100_200,1,3,6.602143287658691,6.877527236938477,0.27538394927978516,0.019347038120031357,0.06348247081041336,0.004836759530007839,0.024788392707705498,9.755282581475769e-05,True
250,ViT-L-14__block4,100_200,1,4,6.439160346984863,6.795320510864258,0.35616016387939453,0.02660217694938183,0.08403869718313217,0.006045949645340443,0.029625151306390762,9.567727288213003e-05,True
250,ViT-L-14__block4,100_200,1,5,6.299960136413574,6.730827331542969,0.43086719512939453,0.03990326449275017,0.10882709175348282,0.005441354587674141,0.032648127526044846,9.330127018922194e-05,True
250,ViT-L-14__block4,100_200,1,6,6.178197860717773,6.67488956451416,0.4966917037963867,0.04655380919575691,0.13059251010417938,0.011487304233014584,0.03506650775671005,9.045084971874738e-05,True
250,ViT-L-14__block4,100_200,1,7,6.068702697753906,6.636149883270264,0.5674471855163574,0.055622734129428864,0.14449818432331085,0.009673519060015678,0.040507860481739044,8.715724127386972e-05,True
250,ViT-L-14__block4,100_200,1,8,5.973517894744873,6.602643966674805,0.6291260719299316,0.06469165533781052,0.1692865788936615,0.012696493417024612,0.04353083670139313,8.345653031794292e-05,True
250,ViT-L-14__block4,100_200,1,9,5.889376640319824,6.572175025939941,0.6827983856201172,0.07376058399677277,0.18440145254135132,0.013301088474690914,0.05018138140439987,7.938926261462366e-05,True
250,ViT-L-14__block4,100_200,1,10,5.8145928382873535,6.545209884643555,0.7306170463562012,0.08222491294145584,0.19105200469493866,0.015719467774033546,0.05078597366809845,7.500000000000001e-05,True
250,ViT-L-14__block4,100_200,1,11,5.745992660522461,6.527740478515625,0.7817478179931641,0.08645707368850708,0.20737606287002563,0.012696493417024612,0.056831926107406616,7.033683215379003e-05,True
250,ViT-L-14__block4,100_200,1,12,5.6876630783081055,6.509000778198242,0.8213376998901367,0.093712218105793,0.22309553623199463,0.018137848004698753,0.057436518371105194,6.545084971874738e-05,True
250,ViT-L-14__block4,100_200,1,13,5.632665634155273,6.495154857635498,0.8624892234802246,0.10278113931417465,0.2339782416820526,0.015719467774033546,0.057436518371105194,6.039558454088797e-05,True
250,ViT-L-14__block4,100_200,1,14,5.585501670837402,6.488306522369385,0.9028048515319824,0.1039903312921524,0.24607014656066895,0.017533253878355026,0.059250302612781525,5.522642316338269e-05,True
250,ViT-L-14__block4,100_200,1,15,5.5433197021484375,6.473543167114258,0.9302234649658203,0.11064087599515915,0.24788393080234528,0.01874244399368763,0.06348247081041336,5.000000000000002e-05,True
250,ViT-L-14__block4,100_200,1,16,5.507391929626465,6.466296672821045,0.9589047431945801,0.11305925250053406,0.2660217881202698,0.019951632246375084,0.061064090579748154,4.4773576836617344e-05,True
250,ViT-L-14__block4,100_200,1,17,5.478065013885498,6.459493637084961,0.9814286231994629,0.11547763645648956,0.2708585262298584,0.019347038120031357,0.06045949459075928,3.9604415459112035e-05,True
250,ViT-L-14__block4,100_200,1,18,5.448315620422363,6.448460578918457,1.0001449584960938,0.1251511573791504,0.28295043110847473,0.019347038120031357,0.06469165533781052,3.4549150281252636e-05,True
250,ViT-L-14__block4,100_200,1,19,5.424776077270508,6.446331977844238,1.0215559005737305,0.12636034190654755,0.28476423025131226,0.019951632246375084,0.06348247081041336,2.966316784621e-05,True
250,ViT-L-14__block4,100_200,1,20,5.405882835388184,6.443589210510254,1.0377063751220703,0.12575574219226837,0.2914147675037384,0.02055622823536396,0.06227327883243561,2.5000000000000015e-05,True
250,ViT-L-14__block4,100_200,1,21,5.391858100891113,6.439318656921387,1.0474605560302734,0.13119709491729736,0.2968561053276062,0.02055622823536396,0.06711003929376602,2.0610737385376352e-05,True
250,ViT-L-14__block4,100_200,1,22,5.376734733581543,6.437334060668945,1.0605993270874023,0.13059251010417938,0.2938331365585327,0.02055622823536396,0.06590084731578827,1.654346968205711e-05,True
250,ViT-L-14__block4,100_200,1,23,5.366552829742432,6.434865951538086,1.0683131217956543,0.1324062943458557,0.2968561053276062,0.019347038120031357,0.06348247081041336,1.2842758726130304e-05,True
250,ViT-L-14__block4,100_200,1,24,5.358763694763184,6.433005332946777,1.0742416381835938,0.1330108940601349,0.3016928732395172,0.02055622823536396,0.06227327883243561,9.549150281252636e-06,True
250,ViT-L-14__block4,100_200,1,25,5.35237979888916,6.432893753051758,1.0805139541625977,0.13482467830181122,0.30350667238235474,0.019347038120031357,0.06227327883243561,6.698729810778068e-06,True
250,ViT-L-14__block4,100_200,1,26,5.348171234130859,6.431637287139893,1.0834660530090332,0.1354292631149292,0.30290207266807556,0.019347038120031357,0.06287787109613419,4.322727117869953e-06,True
250,ViT-L-14__block4,100_200,1,27,5.345281600952148,6.431177139282227,1.0858955383300781,0.13482467830181122,0.3022974729537964,0.019347038120031357,0.06227327883243561,2.447174185242324e-06,True
250,ViT-L-14__block4,100_200,1,28,5.343761444091797,6.430829048156738,1.0870676040649414,0.1354292631149292,0.3022974729537964,0.019347038120031357,0.06227327883243561,1.092619963309716e-06,True
250,ViT-L-14__block4,100_200,1,29,5.343274116516113,6.430842876434326,1.087568759918213,0.13422007858753204,0.30290207266807556,0.019347038120031357,0.06287787109613419,2.7390523158633003e-07,False
250,ViT-L-14__block4,100_200,1,30,5.343114852905273,6.430793762207031,1.0876789093017578,0.13482467830181122,0.30290207266807556,0.019347038120031357,0.06287787109613419,0.0,True
1000,ViT-L-14__block4,100_200,1,1,6.5803022384643555,6.868288040161133,0.28798580169677734,0.018137848004698753,0.06227327883243561,0.005441354587674141,0.019347038120031357,9.972609476841367e-05,True
1000,ViT-L-14__block4,100_200,1,2,6.190291404724121,6.713433742523193,0.5231423377990723,0.04836759716272354,0.12817412614822388,0.006650544237345457,0.03748488798737526,9.890738003669029e-05,True
1000,ViT-L-14__block4,100_200,1,3,5.909873962402344,6.619844436645508,0.7099704742431641,0.07194679975509644,0.17835551500320435,0.013905683532357216,0.04353083670139313,9.755282581475769e-05,True
1000,ViT-L-14__block4,100_200,1,4,5.685174942016602,6.555281639099121,0.8701066970825195,0.1015719473361969,0.24002419412136078,0.013905683532357216,0.05501813814043999,9.567727288213003e-05,True
1000,ViT-L-14__block4,100_200,1,5,5.506450653076172,6.532115459442139,1.0256648063659668,0.12575574219226837,0.27750906348228455,0.010882709175348282,0.06227327883243561,9.330127018922194e-05,True
1000,ViT-L-14__block4,100_200,1,6,5.3538923263549805,6.499505996704102,1.145613670349121,0.155985489487648,0.3174123466014862,0.01874244399368763,0.059250302612781525,9.045084971874738e-05,True
1000,ViT-L-14__block4,100_200,1,7,5.227649688720703,6.494266033172607,1.2666163444519043,0.16203144192695618,0.34522372484207153,0.01692865788936615,0.06227327883243561,8.715724127386972e-05,True
1000,ViT-L-14__block4,100_200,1,8,5.112009525299072,6.487925052642822,1.37591552734375,0.19044740498065948,0.3935913145542145,0.01692865788936615,0.06469165533781052,8.345653031794292e-05,True
1000,ViT-L-14__block4,100_200,1,9,5.038538455963135,6.4751386642456055,1.4366002082824707,0.2007255256175995,0.401451051235199,0.02055622823536396,0.0598548986017704,7.938926261462366e-05,True
1000,ViT-L-14__block4,100_200,1,10,4.943423748016357,6.481213569641113,1.5377898216247559,0.22490932047367096,0.4292623996734619,0.02237001247704029,0.06590084731578827,7.500000000000001e-05,False
1000,ViT-L-14__block4,100_200,1,11,4.871761322021484,6.470785140991211,1.5990238189697266,0.23881499469280243,0.4504232406616211,0.018137848004698753,0.06469165533781052,7.033683215379003e-05,True
1000,ViT-L-14__block4,100_200,1,12,4.798291206359863,6.46137809753418,1.6630868911743164,0.24304716289043427,0.47521162033081055,0.019347038120031357,0.05864571034908295,6.545084971874738e-05,True
1000,ViT-L-14__block4,100_200,1,13,4.753050804138184,6.464511871337891,1.711461067199707,0.2629987895488739,0.4788391888141632,0.019347038120031357,0.06650544703006744,6.039558454088797e-05,False
1000,ViT-L-14__block4,100_200,1,14,4.699719429016113,6.471384525299072,1.771665096282959,0.27509069442749023,0.49879083037376404,0.019951632246375084,0.06469165533781052,5.522642316338269e-05,False
1000,ViT-L-14__block4,100_200,1,15,4.654949188232422,6.470284461975098,1.8153352737426758,0.2714631259441376,0.5054413676261902,0.019951632246375084,0.06469165533781052,5.000000000000002e-05,False
1000,ViT-L-14__block4,100_200,1,16,4.59834098815918,6.463951110839844,1.865610122680664,0.2817412316799164,0.525393009185791,0.021765418350696564,0.06711003929376602,4.4773576836617344e-05,False
1000,ViT-L-14__block4,100_200,1,17,4.573324203491211,6.479286193847656,1.9059619903564453,0.2944377362728119,0.537484884262085,0.02055622823536396,0.06650544703006744,3.9604415459112035e-05,False
1000,ViT-L-14__block4,100_200,1,18,4.5432024002075195,6.471396446228027,1.9281940460205078,0.3071342408657074,0.535066545009613,0.02237001247704029,0.06952841579914093,3.4549150281252636e-05,False
1000,ViT-L-14__block4,100_200,1,19,4.518789291381836,6.4734601974487305,1.9546709060668945,0.3071342408657074,0.5525997877120972,0.021160822361707687,0.07255139201879501,2.966316784621e-05,False
1000,ViT-L-14__block4,100_200,1,20,4.495783805847168,6.476898193359375,1.981114387512207,0.31318017840385437,0.5495768189430237,0.022974608466029167,0.0701330155134201,2.5000000000000015e-05,False
250,ViT-L-14__block4,300_400,0,1,7.284322738647461,7.373712062835693,0.08938932418823242,0.0018137848237529397,0.006045949645340443,0.0006045949412509799,0.006045949645340443,9.972609476841367e-05,True
250,ViT-L-14__block4,300_400,0,2,7.146053314208984,7.308525562286377,0.16247224807739258,0.0042321644723415375,0.01511487364768982,0.0006045949412509799,0.007255139295011759,9.890738003669029e-05,True
250,ViT-L-14__block4,300_400,0,3,7.033875465393066,7.270632266998291,0.2367568016052246,0.007255139295011759,0.03022974729537964,0.0024183797650039196,0.009068924002349377,9.755282581475769e-05,True
250,ViT-L-14__block4,300_400,0,4,6.934483528137207,7.24793815612793,0.31345462799072266,0.013301088474690914,0.04715840518474579,0.0030229748226702213,0.008464328944683075,9.567727288213003e-05,True
250,ViT-L-14__block4,300_400,0,5,6.845991134643555,7.230499267578125,0.3845081329345703,0.01692865788936615,0.0519951656460762,0.0018137848237529397,0.010882709175348282,9.330127018922194e-05,True
250,ViT-L-14__block4,300_400,0,6,6.770045280456543,7.211946487426758,0.44190120697021484,0.023579202592372894,0.059250302612781525,0.0030229748226702213,0.013905683532357216,9.045084971874738e-05,True
250,ViT-L-14__block4,300_400,0,7,6.702037811279297,7.20229434967041,0.5002565383911133,0.027206772938370705,0.06711003929376602,0.0024183797650039196,0.015719467774033546,8.715724127386972e-05,True
250,ViT-L-14__block4,300_400,0,8,6.6419291496276855,7.194608688354492,0.5526795387268066,0.03325272351503372,0.07496977597475052,0.0036275696475058794,0.013301088474690914,8.345653031794292e-05,True
250,ViT-L-14__block4,300_400,0,9,6.584631443023682,7.189184188842773,0.6045527458190918,0.03688029199838638,0.08464328944683075,0.0042321644723415375,0.015719467774033546,7.938926261462366e-05,True
250,ViT-L-14__block4,300_400,0,10,6.535021781921387,7.184885501861572,0.6498637199401855,0.03688029199838638,0.09310761839151382,0.0030229748226702213,0.015719467774033546,7.500000000000001e-05,True
250,ViT-L-14__block4,300_400,0,11,6.492527961730957,7.184635639190674,0.6921076774597168,0.0417170524597168,0.10701330751180649,0.004836759530007839,0.015719467774033546,7.033683215379003e-05,True
250,ViT-L-14__block4,300_400,0,12,6.452395915985107,7.179377555847168,0.7269816398620605,0.04474002495408058,0.11003627628087997,0.0042321644723415375,0.01511487364768982,6.545084971874738e-05,True
250,ViT-L-14__block4,300_400,0,13,6.417378902435303,7.180497169494629,0.7631182670593262,0.047763001173734665,0.11547763645648956,0.0036275696475058794,0.015719467774033546,6.039558454088797e-05,False
250,ViT-L-14__block4,300_400,0,14,6.382943153381348,7.180039405822754,0.7970962524414062,0.05018138140439987,0.12212818115949631,0.004836759530007839,0.015719467774033546,5.522642316338269e-05,False
250,ViT-L-14__block4,300_400,0,15,6.353514671325684,7.180816173553467,0.8273015022277832,0.04897218942642212,0.1378476470708847,0.004836759530007839,0.017533253878355026,5.000000000000002e-05,False
250,ViT-L-14__block4,300_400,0,16,6.330327987670898,7.176062107086182,0.8457341194152832,0.0519951656460762,0.13603386282920837,0.0042321644723415375,0.017533253878355026,4.4773576836617344e-05,True
250,ViT-L-14__block4,300_400,0,17,6.305784225463867,7.178800582885742,0.873016357421875,0.05501813814043999,0.13663846254348755,0.0042321644723415375,0.01692865788936615,3.9604415459112035e-05,False
250,ViT-L-14__block4,300_400,0,18,6.288980484008789,7.178417205810547,0.8894367218017578,0.05501813814043999,0.1408706158399582,0.0042321644723415375,0.017533253878355026,3.4549150281252636e-05,False
250,ViT-L-14__block4,300_400,0,19,6.271918296813965,7.180605888366699,0.9086875915527344,0.05622733011841774,0.1457073837518692,0.0042321644723415375,0.018137848004698753,2.966316784621e-05,False
250,ViT-L-14__block4,300_400,0,20,6.255886554718018,7.181196212768555,0.9253096580505371,0.05864571034908295,0.1487303525209427,0.0036275696475058794,0.016324063763022423,2.5000000000000015e-05,False
250,ViT-L-14__block4,300_400,0,21,6.244359970092773,7.180217266082764,0.9358572959899902,0.0598548986017704,0.1511487364768982,0.0036275696475058794,0.017533253878355026,2.0610737385376352e-05,False
250,ViT-L-14__block4,300_400,0,22,6.234677314758301,7.179929733276367,0.9452524185180664,0.061064090579748154,0.15719468891620636,0.0036275696475058794,0.015719467774033546,1.654346968205711e-05,False
250,ViT-L-14__block4,300_400,0,23,6.227099418640137,7.181073188781738,0.9539737701416016,0.06166868284344673,0.15779927372932434,0.004836759530007839,0.01511487364768982,1.2842758726130304e-05,False
250,ViT-L-14__block4,300_400,0,24,6.220507621765137,7.181842803955078,0.9613351821899414,0.06348247081041336,0.15961305797100067,0.0042321644723415375,0.01692865788936615,9.549150281252636e-06,False
1000,ViT-L-14__block4,300_400,0,1,7.03131103515625,7.291593074798584,0.260282039642334,0.010882709175348282,0.03506650775671005,0.0018137848237529397,0.006650544237345457,9.972609476841367e-05,True
1000,ViT-L-14__block4,300_400,0,2,6.787219047546387,7.239582061767578,0.4523630142211914,0.02237001247704029,0.06348247081041336,0.0018137848237529397,0.01027811411768198,9.890738003669029e-05,True
1000,ViT-L-14__block4,300_400,0,3,6.6057233810424805,7.20810604095459,0.6023826599121094,0.03627569600939751,0.08766626566648483,0.0024183797650039196,0.011487304233014584,9.755282581475769e-05,True
1000,ViT-L-14__block4,300_400,0,4,6.449143409729004,7.1959028244018555,0.7467594146728516,0.049576785415410995,0.11910520493984222,0.0036275696475058794,0.012091899290680885,9.567727288213003e-05,True
1000,ViT-L-14__block4,300_400,0,5,6.316985607147217,7.180543899536133,0.863558292388916,0.06469165533781052,0.1535671204328537,0.0042321644723415375,0.013301088474690914,9.330127018922194e-05,True
1000,ViT-L-14__block4,300_400,0,6,6.199746608734131,7.196987152099609,0.9972405433654785,0.08645707368850708,0.1747279316186905,0.0042321644723415375,0.01692865788936615,9.045084971874738e-05,False
1000,ViT-L-14__block4,300_400,0,7,6.105752944946289,7.193709850311279,1.0879569053649902,0.09431681036949158,0.21523579955101013,0.004836759530007839,0.016324063763022423,8.715724127386972e-05,False
1000,ViT-L-14__block4,300_400,0,8,6.00187873840332,7.182308673858643,1.1804299354553223,0.10822249203920364,0.22732770442962646,0.0042321644723415375,0.011487304233014584,8.345653031794292e-05,False
1000,ViT-L-14__block4,300_400,0,9,5.925277233123779,7.193052291870117,1.267775058746338,0.12394196540117264,0.24909311532974243,0.004836759530007839,0.012696493417024612,7.938926261462366e-05,False
1000,ViT-L-14__block4,300_400,0,10,5.849156379699707,7.2164812088012695,1.3673248291015625,0.1354292631149292,0.2678355574607849,0.004836759530007839,0.015719467774033546,7.500000000000001e-05,False
1000,ViT-L-14__block4,300_400,0,11,5.781482696533203,7.207172393798828,1.425689697265625,0.15054413676261902,0.2938331365585327,0.0042321644723415375,0.01511487364768982,7.033683215379003e-05,False
1000,ViT-L-14__block4,300_400,0,12,5.7266035079956055,7.221524715423584,1.4949212074279785,0.16021765768527985,0.3053204417228699,0.004836759530007839,0.014510278590023518,6.545084971874738e-05,False
1000,ViT-L-14__block4,300_400,0,13,5.670551300048828,7.233574867248535,1.563023567199707,0.17775091528892517,0.32406288385391235,0.0042321644723415375,0.013905683532357216,6.039558454088797e-05,False
250,ViT-L-14__block4,300_400,1,1,7.282505035400391,7.3584442138671875,0.07593917846679688,0.0,0.006650544237345457,0.0,0.0036275696475058794,9.972609476841367e-05,True
250,ViT-L-14__block4,300_400,1,2,7.147830963134766,7.301069259643555,0.15323829650878906,0.0018137848237529397,0.019951632246375084,0.0006045949412509799,0.006650544237345457,9.890738003669029e-05,True
250,ViT-L-14__block4,300_400,1,3,7.031113624572754,7.260961532592773,0.22984790802001953,0.009068924002349377,0.029625151306390762,0.0012091898825019598,0.007255139295011759,9.755282581475769e-05,True
250,ViT-L-14__block4,300_400,1,4,6.930373191833496,7.233613014221191,0.3032398223876953,0.013301088474690914,0.03688029199838638,0.0024183797650039196,0.007859733887016773,9.567727288213003e-05,True
250,ViT-L-14__block4,300_400,1,5,6.840024948120117,7.214150428771973,0.37412548065185547,0.021160822361707687,0.055622734129428864,0.0036275696475058794,0.008464328944683075,9.330127018922194e-05,True
250,ViT-L-14__block4,300_400,1,6,6.762143135070801,7.201807975769043,0.4396648406982422,0.025392986834049225,0.061064090579748154,0.0024183797650039196,0.007255139295011759,9.045084971874738e-05,True
250,ViT-L-14__block4,300_400,1,7,6.694456577301025,7.193347454071045,0.49889087677001953,0.029020557180047035,0.07315598428249359,0.0024183797650039196,0.008464328944683075,8.715724127386972e-05,True
250,ViT-L-14__block4,300_400,1,8,6.63068962097168,7.185564041137695,0.5548744201660156,0.034461911767721176,0.07678356021642685,0.0012091898825019598,0.01027811411768198,8.345653031794292e-05,True
250,ViT-L-14__block4,300_400,1,9,6.576604843139648,7.177597522735596,0.6009926795959473,0.03748488798737526,0.09250302612781525,0.0024183797650039196,0.009068924002349377,7.938926261462366e-05,True
250,ViT-L-14__block4,300_400,1,10,6.530292510986328,7.174849987030029,0.6445574760437012,0.04111245647072792,0.09673519432544708,0.0012091898825019598,0.012696493417024612,7.500000000000001e-05,True
250,ViT-L-14__block4,300_400,1,11,6.483838081359863,7.17471170425415,0.6908736228942871,0.04474002495408058,0.10882709175348282,0.0018137848237529397,0.01027811411768198,7.033683215379003e-05,True
250,ViT-L-14__block4,300_400,1,12,6.445470809936523,7.1695990562438965,0.724128246307373,0.049576785415410995,0.11789601296186447,0.0018137848237529397,0.01027811411768198,6.545084971874738e-05,True
250,ViT-L-14__block4,300_400,1,13,6.409266471862793,7.168115139007568,0.7588486671447754,0.047763001173734665,0.12273277342319489,0.0012091898825019598,0.013301088474690914,6.039558454088797e-05,True
250,ViT-L-14__block4,300_400,1,14,6.373679161071777,7.168097496032715,0.7944183349609375,0.05501813814043999,0.1354292631149292,0.0024183797650039196,0.012091899290680885,5.522642316338269e-05,True
250,ViT-L-14__block4,300_400,1,15,6.342837333679199,7.1700358390808105,0.8271985054016113,0.05441354587674141,0.13724304735660553,0.0012091898825019598,0.012091899290680885,5.000000000000002e-05,False
250,ViT-L-14__block4,300_400,1,16,6.318507194519043,7.169660568237305,0.8511533737182617,0.0598548986017704,0.1457073837518692,0.0012091898825019598,0.012696493417024612,4.4773576836617344e-05,False
250,ViT-L-14__block4,300_400,1,17,6.29616641998291,7.172608375549316,0.8764419555664062,0.06408706307411194,0.1457073837518692,0.0018137848237529397,0.013905683532357216,3.9604415459112035e-05,False
250,ViT-L-14__block4,300_400,1,18,6.275203704833984,7.171581268310547,0.8963775634765625,0.06287787109613419,0.1535671204328537,0.0018137848237529397,0.015719467774033546,3.4549150281252636e-05,False
250,ViT-L-14__block4,300_400,1,19,6.2568182945251465,7.172540187835693,0.9157218933105469,0.06408706307411194,0.1590084731578827,0.0012091898825019598,0.013301088474690914,2.966316784621e-05,False
250,ViT-L-14__block4,300_400,1,20,6.242663860321045,7.174745559692383,0.9320816993713379,0.06408706307411194,0.15961305797100067,0.0012091898825019598,0.013301088474690914,2.5000000000000015e-05,False
250,ViT-L-14__block4,300_400,1,21,6.231017112731934,7.172145843505859,0.9411287307739258,0.06590084731578827,0.16203144192695618,0.0012091898825019598,0.013905683532357216,2.0610737385376352e-05,False
250,ViT-L-14__block4,300_400,1,22,6.2193450927734375,7.172477722167969,0.9531326293945312,0.06831923127174377,0.16565901041030884,0.0012091898825019598,0.012696493417024612,1.654346968205711e-05,False
1000,ViT-L-14__block4,300_400,1,1,7.049220561981201,7.2853569984436035,0.23613643646240234,0.007859733887016773,0.029625151306390762,0.0024183797650039196,0.007859733887016773,9.972609476841367e-05,True
1000,ViT-L-14__block4,300_400,1,2,6.792629241943359,7.235471725463867,0.4428424835205078,0.016324063763022423,0.0677146315574646,0.0024183797650039196,0.008464328944683075,9.890738003669029e-05,True
1000,ViT-L-14__block4,300_400,1,3,6.597352027893066,7.201174736022949,0.6038227081298828,0.03627569600939751,0.09733978658914566,0.0018137848237529397,0.013905683532357216,9.755282581475769e-05,True
1000,ViT-L-14__block4,300_400,1,4,6.432153701782227,7.18472957611084,0.7525758743286133,0.05320435389876366,0.12696494162082672,0.004836759530007839,0.015719467774033546,9.567727288213003e-05,True
1000,ViT-L-14__block4,300_400,1,5,6.297996520996094,7.184822082519531,0.8868255615234375,0.07194679975509644,0.16324064135551453,0.0024183797650039196,0.016324063763022423,9.330127018922194e-05,False
1000,ViT-L-14__block4,300_400,1,6,6.183621406555176,7.185616493225098,1.0019950866699219,0.08827085793018341,0.19105200469493866,0.0036275696475058794,0.016324063763022423,9.045084971874738e-05,False
1000,ViT-L-14__block4,300_400,1,7,6.0738444328308105,7.201900482177734,1.1280560493469238,0.09854897856712341,0.21463119983673096,0.0030229748226702213,0.015719467774033546,8.715724127386972e-05,False
1000,ViT-L-14__block4,300_400,1,8,5.979072570800781,7.201602458953857,1.2225298881530762,0.10882709175348282,0.24425636231899261,0.0024183797650039196,0.015719467774033546,8.345653031794292e-05,False
1000,ViT-L-14__block4,300_400,1,9,5.906116485595703,7.2141828536987305,1.3080663681030273,0.12877872586250305,0.2605804204940796,0.0036275696475058794,0.01692865788936615,7.938926261462366e-05,False
1000,ViT-L-14__block4,300_400,1,10,5.829831123352051,7.223078727722168,1.3932476043701172,0.13663846254348755,0.27992746233940125,0.004836759530007839,0.01511487364768982,7.500000000000001e-05,False
1000,ViT-L-14__block4,300_400,1,11,5.758481979370117,7.238982677459717,1.4805006980895996,0.1457073837518692,0.3065296411514282,0.0042321644723415375,0.014510278590023518,7.033683215379003e-05,False
1000,ViT-L-14__block4,300_400,1,12,5.683253288269043,7.2572174072265625,1.5739641189575195,0.1535671204328537,0.3155985474586487,0.006650544237345457,0.01692865788936615,6.545084971874738e-05,False
250,ViT-L-14__block4,500_600,0,1,7.378689289093018,7.466920852661133,0.08823156356811523,0.0006045949412509799,0.006650544237345457,0.0,0.0012091898825019598,9.972609476841367e-05,True
250,ViT-L-14__block4,500_600,0,2,7.294321537017822,7.448546409606934,0.15422487258911133,0.0030229748226702213,0.017533253878355026,0.0,0.0024183797650039196,9.890738003669029e-05,True
250,ViT-L-14__block4,500_600,0,3,7.232945442199707,7.446382522583008,0.21343708038330078,0.007255139295011759,0.02237001247704029,0.0006045949412509799,0.0036275696475058794,9.755282581475769e-05,True
250,ViT-L-14__block4,500_600,0,4,7.170650482177734,7.453258514404297,0.2826080322265625,0.009068924002349377,0.029625151306390762,0.0006045949412509799,0.0024183797650039196,9.567727288213003e-05,False
250,ViT-L-14__block4,500_600,0,5,7.112713813781738,7.459485054016113,0.346771240234375,0.013301088474690914,0.03808948025107384,0.0012091898825019598,0.0030229748226702213,9.330127018922194e-05,False
250,ViT-L-14__block4,500_600,0,6,7.062289237976074,7.464629650115967,0.4023404121398926,0.01692865788936615,0.04292624071240425,0.0006045949412509799,0.0036275696475058794,9.045084971874738e-05,False
250,ViT-L-14__block4,500_600,0,7,7.012202262878418,7.468127250671387,0.45592498779296875,0.019347038120031357,0.0519951656460762,0.0012091898825019598,0.0042321644723415375,8.715724127386972e-05,False
250,ViT-L-14__block4,500_600,0,8,6.968630790710449,7.475121021270752,0.5064902305603027,0.02237001247704029,0.05804111436009407,0.0012091898825019598,0.0036275696475058794,8.345653031794292e-05,False
250,ViT-L-14__block4,500_600,0,9,6.92728328704834,7.481693267822266,0.5544099807739258,0.024788392707705498,0.06590084731578827,0.0012091898825019598,0.0030229748226702213,7.938926261462366e-05,False
250,ViT-L-14__block4,500_600,0,10,6.887786865234375,7.486965179443359,0.5991783142089844,0.02660217694938183,0.07134220004081726,0.0024183797650039196,0.004836759530007839,7.500000000000001e-05,False
250,ViT-L-14__block4,500_600,0,11,6.853440284729004,7.492883205413818,0.6394429206848145,0.027206772938370705,0.0755743682384491,0.0018137848237529397,0.0030229748226702213,7.033683215379003e-05,False
1000,ViT-L-14__block4,500_600,0,1,7.229379653930664,7.451698303222656,0.2223186492919922,0.008464328944683075,0.0259975828230381,0.0006045949412509799,0.0036275696475058794,9.972609476841367e-05,True
1000,ViT-L-14__block4,500_600,0,2,7.080772399902344,7.461667537689209,0.38089513778686523,0.016324063763022423,0.044135428965091705,0.0,0.0036275696475058794,9.890738003669029e-05,False
1000,ViT-L-14__block4,500_600,0,3,6.949013710021973,7.472710609436035,0.5236968994140625,0.0259975828230381,0.07678356021642685,0.0012091898825019598,0.004836759530007839,9.755282581475769e-05,False
1000,ViT-L-14__block4,500_600,0,4,6.831665992736816,7.487846374511719,0.6561803817749023,0.029625151306390762,0.09310761839151382,0.0,0.0024183797650039196,9.567727288213003e-05,False
1000,ViT-L-14__block4,500_600,0,5,6.726807594299316,7.502363204956055,0.7755556106567383,0.04897218942642212,0.12273277342319489,0.0006045949412509799,0.0030229748226702213,9.330127018922194e-05,False
1000,ViT-L-14__block4,500_600,0,6,6.628482341766357,7.522488117218018,0.8940057754516602,0.06711003929376602,0.14510278403759003,0.0012091898825019598,0.004836759530007839,9.045084971874738e-05,False
1000,ViT-L-14__block4,500_600,0,7,6.545035362243652,7.54240608215332,0.997370719909668,0.07617896050214767,0.16747279465198517,0.0006045949412509799,0.0030229748226702213,8.715724127386972e-05,False
1000,ViT-L-14__block4,500_600,0,8,6.450527191162109,7.546263694763184,1.0957365036010742,0.0858524814248085,0.182587668299675,0.0,0.0018137848237529397,8.345653031794292e-05,False
1000,ViT-L-14__block4,500_600,0,9,6.378247261047363,7.5713210105896,1.1930737495422363,0.10217654705047607,0.2001209259033203,0.0,0.005441354587674141,7.938926261462366e-05,False
250,ViT-L-14__block4,500_600,1,1,7.378462791442871,7.457223892211914,0.07876110076904297,0.0012091898825019598,0.006045949645340443,0.0,0.0018137848237529397,9.972609476841367e-05,True
250,ViT-L-14__block4,500_600,1,2,7.296507835388184,7.447325706481934,0.15081787109375,0.0012091898825019598,0.009673519060015678,0.0,0.0018137848237529397,9.890738003669029e-05,True
250,ViT-L-14__block4,500_600,1,3,7.234959125518799,7.444147109985352,0.20918798446655273,0.0018137848237529397,0.013301088474690914,0.0,0.0030229748226702213,9.755282581475769e-05,True
250,ViT-L-14__block4,500_600,1,4,7.172449588775635,7.4506964683532715,0.2782468795776367,0.007255139295011759,0.03143893554806709,0.0006045949412509799,0.005441354587674141,9.567727288213003e-05,False
250,ViT-L-14__block4,500_600,1,5,7.112797260284424,7.453434944152832,0.3406376838684082,0.012696493417024612,0.03748488798737526,0.0,0.0042321644723415375,9.330127018922194e-05,False
250,ViT-L-14__block4,500_600,1,6,7.057689666748047,7.45903205871582,0.40134239196777344,0.017533253878355026,0.04715840518474579,0.0,0.0036275696475058794,9.045084971874738e-05,False
250,ViT-L-14__block4,500_600,1,7,7.0084004402160645,7.464282035827637,0.45588159561157227,0.024788392707705498,0.0598548986017704,0.0006045949412509799,0.004836759530007839,8.715724127386972e-05,False
250,ViT-L-14__block4,500_600,1,8,6.961625099182129,7.470830917358398,0.5092058181762695,0.027811367064714432,0.06831923127174377,0.0,0.004836759530007839,8.345653031794292e-05,False
250,ViT-L-14__block4,500_600,1,9,6.91925048828125,7.4769287109375,0.55767822265625,0.03143893554806709,0.07738815248012543,0.0,0.004836759530007839,7.938926261462366e-05,False
250,ViT-L-14__block4,500_600,1,10,6.881986618041992,7.48220682144165,0.6002202033996582,0.034461911767721176,0.07859734445810318,0.0006045949412509799,0.005441354587674141,7.500000000000001e-05,False
250,ViT-L-14__block4,500_600,1,11,6.844133377075195,7.488203048706055,0.6440696716308594,0.03808948025107384,0.08403869718313217,0.0006045949412509799,0.004836759530007839,7.033683215379003e-05,False
1000,ViT-L-14__block4,500_600,1,1,7.228623390197754,7.440740585327148,0.21211719512939453,0.007859733887016773,0.021160822361707687,0.0006045949412509799,0.0030229748226702213,9.972609476841367e-05,True
1000,ViT-L-14__block4,500_600,1,2,7.0851263999938965,7.446894645690918,0.3617682456970215,0.013301088474690914,0.04111245647072792,0.0,0.006650544237345457,9.890738003669029e-05,False
1000,ViT-L-14__block4,500_600,1,3,6.943828105926514,7.467545986175537,0.5237178802490234,0.02237001247704029,0.07617896050214767,0.0006045949412509799,0.0042321644723415375,9.755282581475769e-05,False
1000,ViT-L-14__block4,500_600,1,4,6.827023983001709,7.4778289794921875,0.6508049964904785,0.04111245647072792,0.09613059461116791,0.0012091898825019598,0.0042321644723415375,9.567727288213003e-05,False
1000,ViT-L-14__block4,500_600,1,5,6.719237804412842,7.494924068450928,0.7756862640380859,0.05320435389876366,0.12454655766487122,0.0012091898825019598,0.006045949645340443,9.330127018922194e-05,False
1000,ViT-L-14__block4,500_600,1,6,6.623819351196289,7.512346267700195,0.8885269165039062,0.06590084731578827,0.1487303525209427,0.0012091898825019598,0.0036275696475058794,9.045084971874738e-05,False
1000,ViT-L-14__block4,500_600,1,7,6.527982711791992,7.5326337814331055,1.0046510696411133,0.08282950520515442,0.17896009981632233,0.0018137848237529397,0.005441354587674141,8.715724127386972e-05,False
1000,ViT-L-14__block4,500_600,1,8,6.43939208984375,7.5428338050842285,1.1034417152404785,0.09431681036949158,0.18923822045326233,0.0018137848237529397,0.0042321644723415375,8.345653031794292e-05,False
1000,ViT-L-14__block4,500_600,1,9,6.357104301452637,7.5691633224487305,1.2120590209960938,0.10217654705047607,0.2158403992652893,0.0018137848237529397,0.005441354587674141,7.938926261462366e-05,False
250,ViT-L-14__block24,100_200,0,1,7.185700416564941,7.355899810791016,0.17019939422607422,0.01027811411768198,0.021765418350696564,0.0012091898825019598,0.009068924002349377,9.972609476841367e-05,True
250,ViT-L-14__block24,100_200,0,2,6.889111518859863,7.228629112243652,0.33951759338378906,0.01692865788936615,0.04474002495408058,0.0036275696475058794,0.013301088474690914,9.890738003669029e-05,True
250,ViT-L-14__block24,100_200,0,3,6.640035152435303,7.144958019256592,0.5049228668212891,0.024788392707705498,0.0834341049194336,0.0042321644723415375,0.01692865788936615,9.755282581475769e-05,True
250,ViT-L-14__block24,100_200,0,4,6.438982963562012,7.086032867431641,0.6470499038696289,0.04292624071240425,0.12877872586250305,0.0042321644723415375,0.021765418350696564,9.567727288213003e-05,True
250,ViT-L-14__block24,100_200,0,5,6.27064847946167,7.04049015045166,0.7698416709899902,0.05804111436009407,0.17049577832221985,0.0030229748226702213,0.02237001247704029,9.330127018922194e-05,True
250,ViT-L-14__block24,100_200,0,6,6.127781867980957,7.009033203125,0.881251335144043,0.08041112869977951,0.20979444682598114,0.0042321644723415375,0.025392986834049225,9.045084971874738e-05,True
250,ViT-L-14__block24,100_200,0,7,6.002772331237793,6.98356819152832,0.9807958602905273,0.09975816309452057,0.2581620514392853,0.0042321644723415375,0.02660217694938183,8.715724127386972e-05,True
250,ViT-L-14__block24,100_200,0,8,5.895642280578613,6.965949058532715,1.0703067779541016,0.12394196540117264,0.2944377362728119,0.005441354587674141,0.024788392707705498,8.345653031794292e-05,True
250,ViT-L-14__block24,100_200,0,9,5.800912857055664,6.950697898864746,1.149785041809082,0.1535671204328537,0.3222491145133972,0.006045949645340443,0.028415963053703308,7.938926261462366e-05,True
250,ViT-L-14__block24,100_200,0,10,5.712465286254883,6.9380903244018555,1.2256250381469727,0.17533253133296967,0.363966166973114,0.007255139295011759,0.029020557180047035,7.500000000000001e-05,True
250,ViT-L-14__block24,100_200,0,11,5.637031555175781,6.93094539642334,1.2939138412475586,0.19649335741996765,0.3978234827518463,0.005441354587674141,0.029020557180047035,7.033683215379003e-05,True
250,ViT-L-14__block24,100_200,0,12,5.569302558898926,6.923955917358398,1.3546533584594727,0.2158403992652893,0.4244256615638733,0.007859733887016773,0.029020557180047035,6.545084971874738e-05,True
250,ViT-L-14__block24,100_200,0,13,5.507810115814209,6.916965484619141,1.4091553688049316,0.23639662563800812,0.44679567217826843,0.006650544237345457,0.029625151306390762,6.039558454088797e-05,True
250,ViT-L-14__block24,100_200,0,14,5.453657150268555,6.912698745727539,1.4590415954589844,0.25332528352737427,0.47279325127601624,0.006045949645340443,0.029625151306390762,5.522642316338269e-05,True
250,ViT-L-14__block24,100_200,0,15,5.402985572814941,6.910785675048828,1.5078001022338867,0.26964935660362244,0.49334946274757385,0.004836759530007839,0.028415963053703308,5.000000000000002e-05,True
250,ViT-L-14__block24,100_200,0,16,5.362534046173096,6.907829284667969,1.545295238494873,0.2805320620536804,0.509673535823822,0.006045949645340443,0.03022974729537964,4.4773576836617344e-05,True
250,ViT-L-14__block24,100_200,0,17,5.323269844055176,6.904542922973633,1.581273078918457,0.2992745041847229,0.5247883796691895,0.005441354587674141,0.029625151306390762,3.9604415459112035e-05,True
250,ViT-L-14__block24,100_200,0,18,5.2921977043151855,6.903587341308594,1.6113896369934082,0.31620314717292786,0.5405078530311584,0.005441354587674141,0.03022974729537964,3.4549150281252636e-05,True
250,ViT-L-14__block24,100_200,0,19,5.263427734375,6.9020490646362305,1.6386213302612305,0.32648128271102905,0.5495768189430237,0.006045949645340443,0.028415963053703308,2.966316784621e-05,True
250,ViT-L-14__block24,100_200,0,20,5.23923397064209,6.9015092849731445,1.6622753143310547,0.332527220249176,0.5604594945907593,0.006045949645340443,0.027811367064714432,2.5000000000000015e-05,True
250,ViT-L-14__block24,100_200,0,21,5.219842910766602,6.900422096252441,1.6805791854858398,0.3409915566444397,0.5683192610740662,0.006045949645340443,0.028415963053703308,2.0610737385376352e-05,True
250,ViT-L-14__block24,100_200,0,22,5.203798294067383,6.8997955322265625,1.6959972381591797,0.35006046295166016,0.5767835974693298,0.006650544237345457,0.029020557180047035,1.654346968205711e-05,True
250,ViT-L-14__block24,100_200,0,23,5.190670013427734,6.899905681610107,1.709235668182373,0.35550183057785034,0.5828295350074768,0.006650544237345457,0.03022974729537964,1.2842758726130304e-05,False
250,ViT-L-14__block24,100_200,0,24,5.181526184082031,6.899724960327148,1.7181987762451172,0.359129399061203,0.588270902633667,0.006650544237345457,0.03143893554806709,9.549150281252636e-06,True
250,ViT-L-14__block24,100_200,0,25,5.1737847328186035,6.899901390075684,1.72611665725708,0.36517533659935,0.5912938714027405,0.006045949645340443,0.03143893554806709,6.698729810778068e-06,False
250,ViT-L-14__block24,100_200,0,26,5.168733596801758,6.899433135986328,1.7306995391845703,0.3669891357421875,0.5937122106552124,0.006650544237345457,0.030834341421723366,4.322727117869953e-06,True
250,ViT-L-14__block24,100_200,0,27,5.165581226348877,6.899569034576416,1.733987808227539,0.370012104511261,0.5967351794242859,0.006650544237345457,0.03022974729537964,2.447174185242324e-06,False
250,ViT-L-14__block24,100_200,0,28,5.163610935211182,6.899544715881348,1.735933780670166,0.37061670422554016,0.5991535782814026,0.006650544237345457,0.03022974729537964,1.092619963309716e-06,False
250,ViT-L-14__block24,100_200,0,29,5.1628642082214355,6.899554252624512,1.7366900444030762,0.370012104511261,0.5985490083694458,0.006650544237345457,0.03022974729537964,2.7390523158633003e-07,False
250,ViT-L-14__block24,100_200,0,30,5.16265869140625,6.899541854858398,1.7368831634521484,0.37061670422554016,0.5985490083694458,0.006650544237345457,0.03022974729537964,0.0,False
1000,ViT-L-14__block24,100_200,0,1,6.606088161468506,7.129151821136475,0.5230636596679688,0.0338573157787323,0.093712218105793,0.0018137848237529397,0.019347038120031357,9.972609476841367e-05,True
1000,ViT-L-14__block24,100_200,0,2,6.0555524826049805,7.0016326904296875,0.946080207824707,0.10338573157787323,0.22611850500106812,0.006045949645340443,0.021160822361707687,9.890738003669029e-05,True
1000,ViT-L-14__block24,100_200,0,3,5.686944961547852,6.943349838256836,1.2564048767089844,0.18319226801395416,0.38149940967559814,0.006650544237345457,0.028415963053703308,9.755282581475769e-05,True
1000,ViT-L-14__block24,100_200,0,4,5.378566265106201,6.912199974060059,1.5336337089538574,0.2805320620536804,0.5187424421310425,0.006045949645340443,0.029625151306390762,9.567727288213003e-05,True
1000,ViT-L-14__block24,100_200,0,5,5.133242130279541,6.8927226066589355,1.7594804763793945,0.3802902102470398,0.6154776215553284,0.006650544237345457,0.03143893554806709,9.330127018922194e-05,True
1000,ViT-L-14__block24,100_200,0,6,4.908840179443359,6.8899245262146,1.9810843467712402,0.4963724613189697,0.708585262298584,0.005441354587674141,0.029625151306390762,9.045084971874738e-05,True
1000,ViT-L-14__block24,100_200,0,7,4.720355987548828,6.896202087402344,2.1758460998535156,0.5761789679527283,0.7720677256584167,0.006650544237345457,0.032648127526044846,8.715724127386972e-05,False
1000,ViT-L-14__block24,100_200,0,8,4.560654163360596,6.8985090255737305,2.3378548622131348,0.6384522318840027,0.8301088809967041,0.006650544237345457,0.03325272351503372,8.345653031794292e-05,False
1000,ViT-L-14__block24,100_200,0,9,4.4208664894104,6.905280113220215,2.4844136238098145,0.6958887577056885,0.8694075345993042,0.005441354587674141,0.030834341421723366,7.938926261462366e-05,False
1000,ViT-L-14__block24,100_200,0,10,4.29457426071167,6.918355941772461,2.623781681060791,0.7472793459892273,0.8996372818946838,0.007859733887016773,0.030834341421723366,7.500000000000001e-05,False
1000,ViT-L-14__block24,100_200,0,11,4.186387538909912,6.924858093261719,2.7384705543518066,0.7859734296798706,0.9135429859161377,0.007255139295011759,0.029625151306390762,7.033683215379003e-05,False
1000,ViT-L-14__block24,100_200,0,12,4.092496871948242,6.931400299072266,2.8389034271240234,0.816807746887207,0.9292623996734619,0.006045949645340443,0.032648127526044846,6.545084971874738e-05,False
1000,ViT-L-14__block24,100_200,0,13,4.0074286460876465,6.942753314971924,2.9353246688842773,0.8415961861610413,0.9419589042663574,0.007859733887016773,0.029020557180047035,6.039558454088797e-05,False
1000,ViT-L-14__block24,100_200,0,14,3.9370617866516113,6.951026916503906,3.013965129852295,0.8621523976325989,0.9534462094306946,0.007255139295011759,0.029625151306390762,5.522642316338269e-05,False
250,ViT-L-14__block24,100_200,1,1,7.175191402435303,7.37993049621582,0.20473909378051758,0.004836759530007839,0.015719467774033546,0.0018137848237529397,0.007859733887016773,9.972609476841367e-05,True
250,ViT-L-14__block24,100_200,1,2,6.872227668762207,7.257051467895508,0.3848237991333008,0.008464328944683075,0.05380894988775253,0.0024183797650039196,0.011487304233014584,9.890738003669029e-05,True
250,ViT-L-14__block24,100_200,1,3,6.6265668869018555,7.175271987915039,0.5487051010131836,0.02660217694938183,0.08887545764446259,0.0030229748226702213,0.01874244399368763,9.755282581475769e-05,True
250,ViT-L-14__block24,100_200,1,4,6.430144309997559,7.114411354064941,0.6842670440673828,0.04474002495408058,0.13603386282920837,0.0042321644723415375,0.01874244399368763,9.567727288213003e-05,True
250,ViT-L-14__block24,100_200,1,5,6.264118194580078,7.070538520812988,0.8064203262329102,0.0598548986017704,0.1741233468055725,0.006045949645340443,0.02055622823536396,9.330127018922194e-05,True
250,ViT-L-14__block24,100_200,1,6,6.123685836791992,7.038424015045166,0.9147381782531738,0.08827085793018341,0.22067715227603912,0.005441354587674141,0.02055622823536396,9.045084971874738e-05,True
250,ViT-L-14__block24,100_200,1,7,5.999085426330566,7.013308525085449,1.0142230987548828,0.1039903312921524,0.26420798897743225,0.006650544237345457,0.02237001247704029,8.715724127386972e-05,True
250,ViT-L-14__block24,100_200,1,8,5.894390106201172,6.9916462898254395,1.0972561836242676,0.12636034190654755,0.2986699044704437,0.008464328944683075,0.023579202592372894,8.345653031794292e-05,True
250,ViT-L-14__block24,100_200,1,9,5.802263259887695,6.978354454040527,1.176091194152832,0.15659008920192719,0.3331318199634552,0.007859733887016773,0.023579202592372894,7.938926261462366e-05,True
250,ViT-L-14__block24,100_200,1,10,5.717215061187744,6.964631080627441,1.2474160194396973,0.1795646995306015,0.37122130393981934,0.007255139295011759,0.02418379858136177,7.500000000000001e-05,True
250,ViT-L-14__block24,100_200,1,11,5.640572547912598,6.955404281616211,1.3148317337036133,0.20979444682598114,0.39963725209236145,0.007859733887016773,0.023579202592372894,7.033683215379003e-05,True
250,ViT-L-14__block24,100_200,1,12,5.576858997344971,6.947179794311523,1.3703207969665527,0.22793228924274445,0.42865779995918274,0.008464328944683075,0.022974608466029167,6.545084971874738e-05,True
250,ViT-L-14__block24,100_200,1,13,5.515525817871094,6.939435958862305,1.423910140991211,0.24546554684638977,0.4552599787712097,0.007255139295011759,0.022974608466029167,6.039558454088797e-05,True
250,ViT-L-14__block24,100_200,1,14,5.460726737976074,6.935785293579102,1.4750585556030273,0.2623941898345947,0.4842805564403534,0.009068924002349377,0.02237001247704029,5.522642316338269e-05,True
250,ViT-L-14__block24,100_200,1,15,5.411445140838623,6.931236267089844,1.5197911262512207,0.2841596305370331,0.5018138289451599,0.007255139295011759,0.024788392707705498,5.000000000000002e-05,True
250,ViT-L-14__block24,100_200,1,16,5.370612621307373,6.927419662475586,1.556807041168213,0.2968561053276062,0.5211608409881592,0.007255139295011759,0.02660217694938183,4.4773576836617344e-05,True
250,ViT-L-14__block24,100_200,1,17,5.333444595336914,6.9239606857299805,1.5905160903930664,0.3071342408657074,0.5290205478668213,0.007255139295011759,0.02660217694938183,3.9604415459112035e-05,True
250,ViT-L-14__block24,100_200,1,18,5.300298690795898,6.921666145324707,1.6213674545288086,0.31620314717292786,0.5386940836906433,0.008464328944683075,0.027206772938370705,3.4549150281252636e-05,True
250,ViT-L-14__block24,100_200,1,19,5.27309513092041,6.919900894165039,1.646805763244629,0.327690452337265,0.5562273263931274,0.007255139295011759,0.024788392707705498,2.966316784621e-05,True
250,ViT-L-14__block24,100_200,1,20,5.250799655914307,6.9195356369018555,1.6687359809875488,0.3355501890182495,0.5665054321289062,0.006045949645340443,0.02418379858136177,2.5000000000000015e-05,True
250,ViT-L-14__block24,100_200,1,21,5.231132507324219,6.918340682983398,1.6872081756591797,0.3403869569301605,0.5683192610740662,0.006045949645340443,0.0259975828230381,2.0610737385376352e-05,True
250,ViT-L-14__block24,100_200,1,22,5.215126037597656,6.917598247528076,1.70247220993042,0.3440145254135132,0.578597366809845,0.006045949645340443,0.0259975828230381,1.654346968205711e-05,True
250,ViT-L-14__block24,100_200,1,23,5.202783107757568,6.916887283325195,1.714104175567627,0.3536880314350128,0.5834341049194336,0.006045949645340443,0.024788392707705498,1.2842758726130304e-05,True
250,ViT-L-14__block24,100_200,1,24,5.193383693695068,6.91636848449707,1.722984790802002,0.3561064302921295,0.5876662731170654,0.006045949645340443,0.025392986834049225,9.549150281252636e-06,True
250,ViT-L-14__block24,100_200,1,25,5.18589973449707,6.916159629821777,1.730259895324707,0.359129399061203,0.5906892418861389,0.006045949645340443,0.02660217694938183,6.698729810778068e-06,True
250,ViT-L-14__block24,100_200,1,26,5.180834770202637,6.915844917297363,1.7350101470947266,0.35792019963264465,0.5931076407432556,0.006650544237345457,0.02660217694938183,4.322727117869953e-06,True
250,ViT-L-14__block24,100_200,1,27,5.177660942077637,6.915942192077637,1.73828125,0.36033859848976135,0.5949214100837708,0.006650544237345457,0.02660217694938183,2.447174185242324e-06,False
250,ViT-L-14__block24,100_200,1,28,5.175989151000977,6.915912628173828,1.7399234771728516,0.36094316840171814,0.5961306095123291,0.006045949645340443,0.027206772938370705,1.092619963309716e-06,False
250,ViT-L-14__block24,100_200,1,29,5.175143241882324,6.915872573852539,1.7407293319702148,0.36094316840171814,0.5961306095123291,0.006045949645340443,0.027206772938370705,2.7390523158633003e-07,False
250,ViT-L-14__block24,100_200,1,30,5.174943447113037,6.915862083435059,1.7409186363220215,0.36094316840171814,0.5961306095123291,0.006045949645340443,0.027206772938370705,0.0,False
1000,ViT-L-14__block24,100_200,1,1,6.56808614730835,7.1469926834106445,0.5789065361022949,0.03627569600939751,0.11426844447851181,0.0042321644723415375,0.02055622823536396,9.972609476841367e-05,True
1000,ViT-L-14__block24,100_200,1,2,6.040831089019775,7.027012348175049,0.9861812591552734,0.11366385221481323,0.26723095774650574,0.0036275696475058794,0.03143893554806709,9.890738003669029e-05,True
1000,ViT-L-14__block24,100_200,1,3,5.675436496734619,6.97059440612793,1.2951579093933105,0.21039904654026031,0.4062877893447876,0.007859733887016773,0.03022974729537964,9.755282581475769e-05,True
1000,ViT-L-14__block24,100_200,1,4,5.383740425109863,6.936972618103027,1.553232192993164,0.30592504143714905,0.5205562710762024,0.008464328944683075,0.03506650775671005,9.567727288213003e-05,True
1000,ViT-L-14__block24,100_200,1,5,5.136223793029785,6.920632839202881,1.7844090461730957,0.401451051235199,0.623941957950592,0.009068924002349377,0.038694076240062714,9.330127018922194e-05,True
1000,ViT-L-14__block24,100_200,1,6,4.926510810852051,6.920048713684082,1.9935379028320312,0.4873035252094269,0.6916565895080566,0.008464328944683075,0.03506650775671005,9.045084971874738e-05,True
1000,ViT-L-14__block24,100_200,1,7,4.735079765319824,6.920881271362305,2.1858015060424805,0.5519951581954956,0.7563482522964478,0.006045949645340443,0.03325272351503372,8.715724127386972e-05,False
1000,ViT-L-14__block24,100_200,1,8,4.5702056884765625,6.920498847961426,2.3502931594848633,0.6172914505004883,0.8131802082061768,0.008464328944683075,0.032648127526044846,8.345653031794292e-05,False
1000,ViT-L-14__block24,100_200,1,9,4.437201499938965,6.9266510009765625,2.4894495010375977,0.6735187768936157,0.8397823572158813,0.008464328944683075,0.029625151306390762,7.938926261462366e-05,False
1000,ViT-L-14__block24,100_200,1,10,4.301801681518555,6.930802822113037,2.6290011405944824,0.7200725674629211,0.8663845658302307,0.007859733887016773,0.03204353153705597,7.500000000000001e-05,False
1000,ViT-L-14__block24,100_200,1,11,4.20130729675293,6.941958427429199,2.7406511306762695,0.7569528818130493,0.8978235125541687,0.007255139295011759,0.028415963053703308,7.033683215379003e-05,False
1000,ViT-L-14__block24,100_200,1,12,4.109628677368164,6.954130172729492,2.844501495361328,0.785368800163269,0.9177750945091248,0.007255139295011759,0.027206772938370705,6.545084971874738e-05,False
1000,ViT-L-14__block24,100_200,1,13,4.026395320892334,6.955390930175781,2.9289956092834473,0.8053204417228699,0.9383313655853271,0.006650544237345457,0.025392986834049225,6.039558454088797e-05,False
1000,ViT-L-14__block24,100_200,1,14,3.9609100818634033,6.963162422180176,3.0022523403167725,0.8349456191062927,0.9498186707496643,0.006045949645340443,0.0259975828230381,5.522642316338269e-05,False
250,ViT-L-14__block24,300_400,0,1,7.28470516204834,7.4758501052856445,0.1911449432373047,0.0006045949412509799,0.007859733887016773,0.0012091898825019598,0.004836759530007839,9.972609476841367e-05,True
250,ViT-L-14__block24,300_400,0,2,7.036701202392578,7.410309791564941,0.3736085891723633,0.005441354587674141,0.03022974729537964,0.0018137848237529397,0.008464328944683075,9.890738003669029e-05,True
250,ViT-L-14__block24,300_400,0,3,6.820019721984863,7.364278793334961,0.5442590713500977,0.01511487364768982,0.06045949459075928,0.0030229748226702213,0.006650544237345457,9.755282581475769e-05,True
250,ViT-L-14__block24,300_400,0,4,6.634372711181641,7.326889991760254,0.6925172805786133,0.027206772938370705,0.09552600234746933,0.0036275696475058794,0.009068924002349377,9.567727288213003e-05,True
250,ViT-L-14__block24,300_400,0,5,6.479306221008301,7.295639991760254,0.8163337707519531,0.04534462094306946,0.13059251010417938,0.005441354587674141,0.01027811411768198,9.330127018922194e-05,True
250,ViT-L-14__block24,300_400,0,6,6.347080230712891,7.270030975341797,0.9229507446289062,0.06166868284344673,0.16868199408054352,0.0036275696475058794,0.012091899290680885,9.045084971874738e-05,True
250,ViT-L-14__block24,300_400,0,7,6.231971740722656,7.24924373626709,1.0172719955444336,0.08222491294145584,0.20193471014499664,0.0042321644723415375,0.012091899290680885,8.715724127386972e-05,True
250,ViT-L-14__block24,300_400,0,8,6.132122039794922,7.23427152633667,1.102149486541748,0.09854897856712341,0.2339782416820526,0.0036275696475058794,0.011487304233014584,8.345653031794292e-05,True
250,ViT-L-14__block24,300_400,0,9,6.044438362121582,7.219436168670654,1.1749978065490723,0.11426844447851181,0.2648125886917114,0.0030229748226702213,0.011487304233014584,7.938926261462366e-05,True
250,ViT-L-14__block24,300_400,0,10,5.9620466232299805,7.206065654754639,1.2440190315246582,0.13724304735660553,0.2938331365585327,0.0042321644723415375,0.013905683532357216,7.500000000000001e-05,True
250,ViT-L-14__block24,300_400,0,11,5.891765594482422,7.199415683746338,1.307650089263916,0.1590084731578827,0.31620314717292786,0.0036275696475058794,0.013905683532357216,7.033683215379003e-05,True
250,ViT-L-14__block24,300_400,0,12,5.830737113952637,7.192407131195068,1.3616700172424316,0.17291414737701416,0.338573157787323,0.0024183797650039196,0.013301088474690914,6.545084971874738e-05,True
250,ViT-L-14__block24,300_400,0,13,5.774400234222412,7.185730934143066,1.4113306999206543,0.18681983649730682,0.35852479934692383,0.004836759530007839,0.016324063763022423,6.039558454088797e-05,True
250,ViT-L-14__block24,300_400,0,14,5.725934982299805,7.1815643310546875,1.4556293487548828,0.20435309410095215,0.37908104062080383,0.0042321644723415375,0.014510278590023518,5.522642316338269e-05,True
250,ViT-L-14__block24,300_400,0,15,5.678889751434326,7.178196907043457,1.4993071556091309,0.21039904654026031,0.39963725209236145,0.0036275696475058794,0.016324063763022423,5.000000000000002e-05,True
250,ViT-L-14__block24,300_400,0,16,5.641602516174316,7.175244331359863,1.5336418151855469,0.22067715227603912,0.41777509450912476,0.0036275696475058794,0.016324063763022423,4.4773576836617344e-05,True
250,ViT-L-14__block24,300_400,0,17,5.605468273162842,7.172235012054443,1.5667667388916016,0.2345828413963318,0.42563483119010925,0.0036275696475058794,0.018137848004698753,3.9604415459112035e-05,True
250,ViT-L-14__block24,300_400,0,18,5.576232433319092,7.1707353591918945,1.5945029258728027,0.24304716289043427,0.44135430455207825,0.0036275696475058794,0.01692865788936615,3.4549150281252636e-05,True
250,ViT-L-14__block24,300_400,0,19,5.549721717834473,7.169515609741211,1.6197938919067383,0.2521160840988159,0.45465540885925293,0.0042321644723415375,0.017533253878355026,2.966316784621e-05,True
250,ViT-L-14__block24,300_400,0,20,5.526741027832031,7.169548988342285,1.642807960510254,0.2629987895488739,0.46191054582595825,0.0036275696475058794,0.018137848004698753,2.5000000000000015e-05,False
250,ViT-L-14__block24,300_400,0,21,5.508028030395508,7.168898582458496,1.6608705520629883,0.27448609471321106,0.4709794521331787,0.0042321644723415375,0.016324063763022423,2.0610737385376352e-05,True
250,ViT-L-14__block24,300_400,0,22,5.493095397949219,7.168100357055664,1.6750049591064453,0.2762998938560486,0.4794437885284424,0.0042321644723415375,0.017533253878355026,1.654346968205711e-05,True
250,ViT-L-14__block24,300_400,0,23,5.481311321258545,7.168251991271973,1.6869406700134277,0.28234583139419556,0.48004838824272156,0.004836759530007839,0.01692865788936615,1.2842758726130304e-05,False
250,ViT-L-14__block24,300_400,0,24,5.472326278686523,7.167995929718018,1.6956696510314941,0.28295043110847473,0.48548972606658936,0.0042321644723415375,0.01692865788936615,9.549150281252636e-06,True
250,ViT-L-14__block24,300_400,0,25,5.465291976928711,7.167813301086426,1.7025213241577148,0.2859733998775482,0.4866989254951477,0.0042321644723415375,0.01692865788936615,6.698729810778068e-06,True
250,ViT-L-14__block24,300_400,0,26,5.4603424072265625,7.16758394241333,1.7072415351867676,0.28778719902038574,0.489117294549942,0.0042321644723415375,0.01692865788936615,4.322727117869953e-06,True
250,ViT-L-14__block24,300_400,0,27,5.457386016845703,7.167423248291016,1.7100372314453125,0.28778719902038574,0.48851272463798523,0.004836759530007839,0.01692865788936615,2.447174185242324e-06,True
250,ViT-L-14__block24,300_400,0,28,5.455574035644531,7.167413711547852,1.7118396759033203,0.2889963686466217,0.49093109369277954,0.004836759530007839,0.01692865788936615,1.092619963309716e-06,True
250,ViT-L-14__block24,300_400,0,29,5.454853534698486,7.167392730712891,1.7125391960144043,0.2896009683609009,0.49032649397850037,0.004836759530007839,0.01692865788936615,2.7390523158633003e-07,True
250,ViT-L-14__block24,300_400,0,30,5.454667568206787,7.16738224029541,1.712714672088623,0.2896009683609009,0.49032649397850037,0.004836759530007839,0.01692865788936615,0.0,True
1000,ViT-L-14__block24,300_400,0,1,6.818142890930176,7.352454662322998,0.5343117713928223,0.03022974729537964,0.08162032067775726,0.0024183797650039196,0.012091899290680885,9.972609476841367e-05,True
1000,ViT-L-14__block24,300_400,0,2,6.32399845123291,7.272988796234131,0.9489903450012207,0.08162032067775726,0.18863362073898315,0.0042321644723415375,0.011487304233014584,9.890738003669029e-05,True
1000,ViT-L-14__block24,300_400,0,3,5.9888200759887695,7.2307515144348145,1.241931438446045,0.13724304735660553,0.3077388107776642,0.0036275696475058794,0.012696493417024612,9.755282581475769e-05,True
1000,ViT-L-14__block24,300_400,0,4,5.699114799499512,7.197587966918945,1.4984731674194336,0.22551392018795013,0.42019349336624146,0.005441354587674141,0.013301088474690914,9.567727288213003e-05,True
1000,ViT-L-14__block24,300_400,0,5,5.472282409667969,7.177364826202393,1.7050824165344238,0.3053204417228699,0.5030229687690735,0.004836759530007839,0.013301088474690914,9.330127018922194e-05,True
1000,ViT-L-14__block24,300_400,0,6,5.2541069984436035,7.170975685119629,1.9168686866760254,0.38633617758750916,0.603990375995636,0.0042321644723415375,0.013905683532357216,9.045084971874738e-05,True
1000,ViT-L-14__block24,300_400,0,7,5.082130432128906,7.166509628295898,2.084379196166992,0.46191054582595825,0.6680774092674255,0.004836759530007839,0.01511487364768982,8.715724127386972e-05,True
1000,ViT-L-14__block24,300_400,0,8,4.919857025146484,7.165858268737793,2.2460012435913086,0.5205562710762024,0.7273277044296265,0.004836759530007839,0.014510278590023518,8.345653031794292e-05,True
1000,ViT-L-14__block24,300_400,0,9,4.784468650817871,7.173998832702637,2.3895301818847656,0.572551429271698,0.7696493864059448,0.0036275696475058794,0.014510278590023518,7.938926261462366e-05,False
1000,ViT-L-14__block24,300_400,0,10,4.659274578094482,7.179267883300781,2.519993305206299,0.6293833255767822,0.8101572394371033,0.0036275696475058794,0.015719467774033546,7.500000000000001e-05,False
1000,ViT-L-14__block24,300_400,0,11,4.549023628234863,7.185997486114502,2.6369738578796387,0.6813784837722778,0.8331318497657776,0.0042321644723415375,0.014510278590023518,7.033683215379003e-05,False
1000,ViT-L-14__block24,300_400,0,12,4.4484710693359375,7.203792572021484,2.755321502685547,0.7128174304962158,0.8675937652587891,0.0030229748226702213,0.017533253878355026,6.545084971874738e-05,False
1000,ViT-L-14__block24,300_400,0,13,4.359269142150879,7.205110549926758,2.845841407775879,0.7521160840988159,0.8833132386207581,0.0036275696475058794,0.012696493417024612,6.039558454088797e-05,False
1000,ViT-L-14__block24,300_400,0,14,4.287217140197754,7.215936660766602,2.9287195205688477,0.7793228626251221,0.9008464813232422,0.0024183797650039196,0.012091899290680885,5.522642316338269e-05,False
1000,ViT-L-14__block24,300_400,0,15,4.222942352294922,7.219511032104492,2.9965686798095703,0.7986699342727661,0.9129383563995361,0.004836759530007839,0.01692865788936615,5.000000000000002e-05,False
1000,ViT-L-14__block24,300_400,0,16,4.160323143005371,7.221892356872559,3.0615692138671875,0.816807746887207,0.9226118922233582,0.0042321644723415375,0.01874244399368763,4.4773576836617344e-05,False
250,ViT-L-14__block24,300_400,1,1,7.2698893547058105,7.461174011230469,0.1912846565246582,0.005441354587674141,0.02237001247704029,0.0006045949412509799,0.007255139295011759,9.972609476841367e-05,True
250,ViT-L-14__block24,300_400,1,2,7.029489517211914,7.387579917907715,0.3580904006958008,0.012696493417024612,0.04534462094306946,0.0018137848237529397,0.007859733887016773,9.890738003669029e-05,True
250,ViT-L-14__block24,300_400,1,3,6.8190202713012695,7.338047981262207,0.5190277099609375,0.02418379858136177,0.07073760777711868,0.0024183797650039196,0.008464328944683075,9.755282581475769e-05,True
250,ViT-L-14__block24,300_400,1,4,6.645858287811279,7.297701835632324,0.6518435478210449,0.03688029199838638,0.1039903312921524,0.0018137848237529397,0.010882709175348282,9.567727288213003e-05,True
250,ViT-L-14__block24,300_400,1,5,6.493892192840576,7.2668137550354,0.7729215621948242,0.047763001173734665,0.13603386282920837,0.0018137848237529397,0.009068924002349377,9.330127018922194e-05,True
250,ViT-L-14__block24,300_400,1,6,6.366511344909668,7.242928981781006,0.8764176368713379,0.06650544703006744,0.17593713104724884,0.0024183797650039196,0.011487304233014584,9.045084971874738e-05,True
250,ViT-L-14__block24,300_400,1,7,6.254500865936279,7.22297477722168,0.9684739112854004,0.08766626566648483,0.21039904654026031,0.0024183797650039196,0.009673519060015678,8.715724127386972e-05,True
250,ViT-L-14__block24,300_400,1,8,6.159441947937012,7.207727432250977,1.0482854843139648,0.1094316840171814,0.24244257807731628,0.0030229748226702213,0.012696493417024612,8.345653031794292e-05,True
250,ViT-L-14__block24,300_400,1,9,6.0735273361206055,7.1968255043029785,1.123298168182373,0.12575574219226837,0.26420798897743225,0.0030229748226702213,0.014510278590023518,7.938926261462366e-05,True
250,ViT-L-14__block24,300_400,1,10,5.996768474578857,7.188120365142822,1.1913518905639648,0.13724304735660553,0.28718259930610657,0.0036275696475058794,0.013905683532357216,7.500000000000001e-05,True
250,ViT-L-14__block24,300_400,1,11,5.927104473114014,7.179714202880859,1.2526097297668457,0.155985489487648,0.3125755786895752,0.0030229748226702213,0.012696493417024612,7.033683215379003e-05,True
250,ViT-L-14__block24,300_400,1,12,5.867978096008301,7.172431945800781,1.3044538497924805,0.17351874709129333,0.3331318199634552,0.0030229748226702213,0.015719467774033546,6.545084971874738e-05,True
250,ViT-L-14__block24,300_400,1,13,5.8107452392578125,7.1679534912109375,1.357208251953125,0.18681983649730682,0.3512696623802185,0.0030229748226702213,0.014510278590023518,6.039558454088797e-05,True
250,ViT-L-14__block24,300_400,1,14,5.762795925140381,7.163577079772949,1.4007811546325684,0.21039904654026031,0.37605804204940796,0.0036275696475058794,0.013905683532357216,5.522642316338269e-05,True
250,ViT-L-14__block24,300_400,1,15,5.714865684509277,7.160356044769287,1.4454903602600098,0.2158403992652893,0.39480048418045044,0.0036275696475058794,0.01692865788936615,5.000000000000002e-05,True
250,ViT-L-14__block24,300_400,1,16,5.678121566772461,7.1572160720825195,1.4790945053100586,0.22974607348442078,0.4087061882019043,0.0030229748226702213,0.01692865788936615,4.4773576836617344e-05,True
250,ViT-L-14__block24,300_400,1,17,5.641949653625488,7.154754161834717,1.5128045082092285,0.2394195944070816,0.4214026629924774,0.0030229748226702213,0.017533253878355026,3.9604415459112035e-05,True
250,ViT-L-14__block24,300_400,1,18,5.611509323120117,7.152557373046875,1.5410480499267578,0.24848851561546326,0.43651753664016724,0.0030229748226702213,0.018137848004698753,3.4549150281252636e-05,True
250,ViT-L-14__block24,300_400,1,19,5.5854291915893555,7.151379585266113,1.5659503936767578,0.2496977150440216,0.44679567217826843,0.0030229748226702213,0.01874244399368763,2.966316784621e-05,True
250,ViT-L-14__block24,300_400,1,20,5.565278053283691,7.151081085205078,1.5858030319213867,0.2623941898345947,0.45707377791404724,0.0024183797650039196,0.01874244399368763,2.5000000000000015e-05,True
250,ViT-L-14__block24,300_400,1,21,5.546128273010254,7.15041446685791,1.6042861938476562,0.2684401571750641,0.46432891488075256,0.0030229748226702213,0.019951632246375084,2.0610737385376352e-05,True
250,ViT-L-14__block24,300_400,1,22,5.530956745147705,7.149294853210449,1.6183381080627441,0.2732769250869751,0.4679564833641052,0.0030229748226702213,0.019347038120031357,1.654346968205711e-05,True
250,ViT-L-14__block24,300_400,1,23,5.519799709320068,7.148717880249023,1.628918170928955,0.27690449357032776,0.4709794521331787,0.0030229748226702213,0.019951632246375084,1.2842758726130304e-05,True
250,ViT-L-14__block24,300_400,1,24,5.510866165161133,7.148895740509033,1.6380295753479004,0.2811366617679596,0.47521162033081055,0.0030229748226702213,0.019951632246375084,9.549150281252636e-06,False
250,ViT-L-14__block24,300_400,1,25,5.503724098205566,7.148728370666504,1.6450042724609375,0.28234583139419556,0.4788391888141632,0.0030229748226702213,0.019347038120031357,6.698729810778068e-06,False
250,ViT-L-14__block24,300_400,1,26,5.498929023742676,7.148655891418457,1.6497268676757812,0.28234583139419556,0.4794437885284424,0.0030229748226702213,0.019347038120031357,4.322727117869953e-06,True
250,ViT-L-14__block24,300_400,1,27,5.496170520782471,7.148583889007568,1.6524133682250977,0.28234583139419556,0.48004838824272156,0.0030229748226702213,0.01874244399368763,2.447174185242324e-06,True
250,ViT-L-14__block24,300_400,1,28,5.494579315185547,7.148506164550781,1.6539268493652344,0.2817412316799164,0.4794437885284424,0.0030229748226702213,0.019347038120031357,1.092619963309716e-06,True
250,ViT-L-14__block24,300_400,1,29,5.493781089782715,7.14851713180542,1.654736042022705,0.28295043110847473,0.48004838824272156,0.0030229748226702213,0.019347038120031357,2.7390523158633003e-07,False
250,ViT-L-14__block24,300_400,1,30,5.49359130859375,7.148512840270996,1.654921531677246,0.28295043110847473,0.4794437885284424,0.0030229748226702213,0.019347038120031357,0.0,False
1000,ViT-L-14__block24,300_400,1,1,6.789260387420654,7.3245744705200195,0.5353140830993652,0.03143893554806709,0.08887545764446259,0.0036275696475058794,0.011487304233014584,9.972609476841367e-05,True
1000,ViT-L-14__block24,300_400,1,2,6.325552940368652,7.244483947753906,0.9189310073852539,0.08162032067775726,0.21221283078193665,0.0024183797650039196,0.013301088474690914,9.890738003669029e-05,True
1000,ViT-L-14__block24,300_400,1,3,5.993574142456055,7.201272964477539,1.2076988220214844,0.1511487364768982,0.3065296411514282,0.0018137848237529397,0.012091899290680885,9.755282581475769e-05,True
1000,ViT-L-14__block24,300_400,1,4,5.726731300354004,7.169983863830566,1.4432525634765625,0.22007255256175995,0.40205562114715576,0.0018137848237529397,0.013905683532357216,9.567727288213003e-05,True
1000,ViT-L-14__block24,300_400,1,5,5.492341995239258,7.146683692932129,1.654341697692871,0.29081016778945923,0.48609432578086853,0.004836759530007839,0.014510278590023518,9.330127018922194e-05,True
1000,ViT-L-14__block24,300_400,1,6,5.291258811950684,7.1432647705078125,1.852005958557129,0.3742442727088928,0.5858525037765503,0.0042321644723415375,0.018137848004698753,9.045084971874738e-05,True
1000,ViT-L-14__block24,300_400,1,7,5.102797031402588,7.140332221984863,2.0375351905822754,0.4504232406616211,0.6487303972244263,0.0036275696475058794,0.017533253878355026,8.715724127386972e-05,True
1000,ViT-L-14__block24,300_400,1,8,4.931466102600098,7.143170356750488,2.2117042541503906,0.5151149034500122,0.7200725674629211,0.0042321644723415375,0.018137848004698753,8.345653031794292e-05,False
1000,ViT-L-14__block24,300_400,1,9,4.80293083190918,7.147614479064941,2.3446836471557617,0.5804111361503601,0.7672309875488281,0.005441354587674141,0.015719467774033546,7.938926261462366e-05,False
1000,ViT-L-14__block24,300_400,1,10,4.665226936340332,7.156551361083984,2.4913244247436523,0.6330109238624573,0.8089480400085449,0.004836759530007839,0.01692865788936615,7.500000000000001e-05,False
1000,ViT-L-14__block24,300_400,1,11,4.566638946533203,7.158394813537598,2.5917558670043945,0.6698911786079407,0.8434099555015564,0.0030229748226702213,0.019951632246375084,7.033683215379003e-05,False
1000,ViT-L-14__block24,300_400,1,12,4.460794448852539,7.184545040130615,2.723750591278076,0.7128174304962158,0.8688029050827026,0.004836759530007839,0.015719467774033546,6.545084971874738e-05,False
1000,ViT-L-14__block24,300_400,1,13,4.372906684875488,7.184764862060547,2.8118581771850586,0.7394196391105652,0.889359176158905,0.0036275696475058794,0.01511487364768982,6.039558454088797e-05,False
1000,ViT-L-14__block24,300_400,1,14,4.305321216583252,7.189092636108398,2.8837714195251465,0.7787182927131653,0.9056832194328308,0.0042321644723415375,0.01692865788936615,5.522642316338269e-05,False
1000,ViT-L-14__block24,300_400,1,15,4.233625888824463,7.201688766479492,2.9680628776550293,0.7962515354156494,0.9135429859161377,0.0030229748226702213,0.016324063763022423,5.000000000000002e-05,False
250,ViT-L-14__block24,500_600,0,1,7.371950149536133,7.555947303771973,0.18399715423583984,0.0018137848237529397,0.010882709175348282,0.0,0.0012091898825019598,9.972609476841367e-05,True
250,ViT-L-14__block24,500_600,0,2,7.190893173217773,7.537591457366943,0.3466982841491699,0.005441354587674141,0.018137848004698753,0.0006045949412509799,0.0030229748226702213,9.890738003669029e-05,True
250,ViT-L-14__block24,500_600,0,3,7.032777309417725,7.533908843994141,0.501131534576416,0.012696493417024612,0.0417170524597168,0.0006045949412509799,0.0036275696475058794,9.755282581475769e-05,True
250,ViT-L-14__block24,500_600,0,4,6.892241477966309,7.534750938415527,0.6425094604492188,0.019347038120031357,0.059250302612781525,0.0006045949412509799,0.0024183797650039196,9.567727288213003e-05,False
250,ViT-L-14__block24,500_600,0,5,6.7694091796875,7.534328460693359,0.7649192810058594,0.030834341421723366,0.08464328944683075,0.0006045949412509799,0.0042321644723415375,9.330127018922194e-05,False
250,ViT-L-14__block24,500_600,0,6,6.667381286621094,7.536785125732422,0.8694038391113281,0.0417170524597168,0.1118500605225563,0.0012091898825019598,0.0036275696475058794,9.045084971874738e-05,False
250,ViT-L-14__block24,500_600,0,7,6.575053691864014,7.537512302398682,0.962458610534668,0.0519951656460762,0.1354292631149292,0.0012091898825019598,0.0042321644723415375,8.715724127386972e-05,False
250,ViT-L-14__block24,500_600,0,8,6.492709159851074,7.54034423828125,1.0476350784301758,0.06408706307411194,0.1590084731578827,0.0012091898825019598,0.004836759530007839,8.345653031794292e-05,False
250,ViT-L-14__block24,500_600,0,9,6.417774677276611,7.540677070617676,1.1229023933410645,0.07315598428249359,0.187424436211586,0.0012091898825019598,0.004836759530007839,7.938926261462366e-05,False
250,ViT-L-14__block24,500_600,0,10,6.349401950836182,7.542848110198975,1.193446159362793,0.09310761839151382,0.21281741559505463,0.0012091898825019598,0.0042321644723415375,7.500000000000001e-05,False
250,ViT-L-14__block24,500_600,0,11,6.287076473236084,7.5458269119262695,1.2587504386901855,0.11003627628087997,0.22430472075939178,0.0012091898825019598,0.004836759530007839,7.033683215379003e-05,False
1000,ViT-L-14__block24,500_600,0,1,7.031673908233643,7.505825996398926,0.4741520881652832,0.017533253878355026,0.047763001173734665,0.0006045949412509799,0.004836759530007839,9.972609476841367e-05,True
1000,ViT-L-14__block24,500_600,0,2,6.672515869140625,7.514321327209473,0.8418054580688477,0.04353083670139313,0.12333736568689346,0.0006045949412509799,0.004836759530007839,9.890738003669029e-05,False
1000,ViT-L-14__block24,500_600,0,3,6.413538932800293,7.519868850708008,1.1063299179077148,0.09492140263319016,0.2031438946723938,0.0012091898825019598,0.0036275696475058794,9.755282581475769e-05,False
1000,ViT-L-14__block24,500_600,0,4,6.171380043029785,7.5219197273254395,1.3505396842956543,0.1481257677078247,0.29322853684425354,0.0,0.004836759530007839,9.567727288213003e-05,False
1000,ViT-L-14__block24,500_600,0,5,5.95588493347168,7.5308966636657715,1.5750117301940918,0.21281741559505463,0.39419591426849365,0.0012091898825019598,0.0024183797650039196,9.330127018922194e-05,False
1000,ViT-L-14__block24,500_600,0,6,5.749963760375977,7.537965774536133,1.7880020141601562,0.29322853684425354,0.4963724613189697,0.0,0.0030229748226702213,9.045084971874738e-05,False
1000,ViT-L-14__block24,500_600,0,7,5.554244041442871,7.542336463928223,1.9880924224853516,0.38452237844467163,0.5876662731170654,0.0,0.004836759530007839,8.715724127386972e-05,False
1000,ViT-L-14__block24,500_600,0,8,5.380152702331543,7.551069259643555,2.1709165573120117,0.4576783776283264,0.6674728393554688,0.0,0.0036275696475058794,8.345653031794292e-05,False
1000,ViT-L-14__block24,500_600,0,9,5.22873592376709,7.548659324645996,2.3199234008789062,0.5169286727905273,0.714631199836731,0.0006045949412509799,0.004836759530007839,7.938926261462366e-05,False
250,ViT-L-14__block24,500_600,1,1,7.37403678894043,7.550787925720215,0.17675113677978516,0.0024183797650039196,0.006650544237345457,0.0006045949412509799,0.0042321644723415375,9.972609476841367e-05,True
250,ViT-L-14__block24,500_600,1,2,7.191939830780029,7.530058860778809,0.3381190299987793,0.004836759530007839,0.019951632246375084,0.0006045949412509799,0.0036275696475058794,9.890738003669029e-05,True
250,ViT-L-14__block24,500_600,1,3,7.034870147705078,7.524862289428711,0.4899921417236328,0.011487304233014584,0.03627569600939751,0.0006045949412509799,0.0030229748226702213,9.755282581475769e-05,True
250,ViT-L-14__block24,500_600,1,4,6.8988237380981445,7.5220441818237305,0.6232204437255859,0.015719467774033546,0.0598548986017704,0.0006045949412509799,0.004836759530007839,9.567727288213003e-05,True
250,ViT-L-14__block24,500_600,1,5,6.779128074645996,7.520757675170898,0.7416296005249023,0.024788392707705498,0.08524788916110992,0.0006045949412509799,0.0036275696475058794,9.330127018922194e-05,True
250,ViT-L-14__block24,500_600,1,6,6.67588996887207,7.519898414611816,0.8440084457397461,0.03627569600939751,0.10640870779752731,0.0006045949412509799,0.0042321644723415375,9.045084971874738e-05,True
250,ViT-L-14__block24,500_600,1,7,6.5832929611206055,7.519195556640625,0.9359025955200195,0.04715840518474579,0.13603386282920837,0.0006045949412509799,0.0042321644723415375,8.715724127386972e-05,True
250,ViT-L-14__block24,500_600,1,8,6.503810882568359,7.522064685821533,1.0182538032531738,0.05864571034908295,0.15417170524597168,0.0012091898825019598,0.0036275696475058794,8.345653031794292e-05,False
250,ViT-L-14__block24,500_600,1,9,6.4313201904296875,7.522656440734863,1.0913362503051758,0.07255139201879501,0.1795646995306015,0.0012091898825019598,0.0042321644723415375,7.938926261462366e-05,False
250,ViT-L-14__block24,500_600,1,10,6.364274024963379,7.52501916885376,1.1607451438903809,0.08524788916110992,0.20435309410095215,0.0018137848237529397,0.0042321644723415375,7.500000000000001e-05,False
250,ViT-L-14__block24,500_600,1,11,6.303265571594238,7.527510643005371,1.2242450714111328,0.10036276280879974,0.2291414886713028,0.0012091898825019598,0.0042321644723415375,7.033683215379003e-05,False
250,ViT-L-14__block24,500_600,1,12,6.249109745025635,7.527904033660889,1.278794288635254,0.11064087599515915,0.25151148438453674,0.0018137848237529397,0.004836759530007839,6.545084971874738e-05,False
250,ViT-L-14__block24,500_600,1,13,6.196900367736816,7.529462814331055,1.3325624465942383,0.12394196540117264,0.2714631259441376,0.0012091898825019598,0.004836759530007839,6.039558454088797e-05,False
250,ViT-L-14__block24,500_600,1,14,6.150891304016113,7.531796455383301,1.3809051513671875,0.14147521555423737,0.2896009683609009,0.0012091898825019598,0.005441354587674141,5.522642316338269e-05,False
250,ViT-L-14__block24,500_600,1,15,6.105990409851074,7.5341997146606445,1.4282093048095703,0.1481257677078247,0.3077388107776642,0.0012091898825019598,0.0042321644723415375,5.000000000000002e-05,False
1000,ViT-L-14__block24,500_600,1,1,7.0166215896606445,7.525540351867676,0.5089187622070312,0.021765418350696564,0.05441354587674141,0.0006045949412509799,0.0036275696475058794,9.972609476841367e-05,True
1000,ViT-L-14__block24,500_600,1,2,6.668972492218018,7.532958507537842,0.8639860153198242,0.04534462094306946,0.12636034190654755,0.0018137848237529397,0.004836759530007839,9.890738003669029e-05,False
1000,ViT-L-14__block24,500_600,1,3,6.398922920227051,7.53925895690918,1.140336036682129,0.10036276280879974,0.2110036313533783,0.0018137848237529397,0.0036275696475058794,9.755282581475769e-05,False
1000,ViT-L-14__block24,500_600,1,4,6.1606292724609375,7.544651508331299,1.3840222358703613,0.15296252071857452,0.3071342408657074,0.0006045949412509799,0.004836759530007839,9.567727288213003e-05,False
1000,ViT-L-14__block24,500_600,1,5,5.941286563873291,7.550717353820801,1.6094307899475098,0.21523579955101013,0.401451051235199,0.0,0.0036275696475058794,9.330127018922194e-05,False
1000,ViT-L-14__block24,500_600,1,6,5.74078369140625,7.55941104888916,1.8186273574829102,0.29322853684425354,0.5018138289451599,0.0006045949412509799,0.0042321644723415375,9.045084971874738e-05,False
1000,ViT-L-14__block24,500_600,1,7,5.53862190246582,7.557775497436523,2.019153594970703,0.3730350732803345,0.5870617032051086,0.0,0.004836759530007839,8.715724127386972e-05,False
1000,ViT-L-14__block24,500_600,1,8,5.35541296005249,7.572335243225098,2.2169222831726074,0.4455864727497101,0.6571946740150452,0.0006045949412509799,0.004836759530007839,8.345653031794292e-05,False
1000,ViT-L-14__block24,500_600,1,9,5.214020252227783,7.570796966552734,2.356776714324951,0.521765410900116,0.7273277044296265,0.0006045949412509799,0.004836759530007839,7.938926261462366e-05,False
