target,window,seed,epoch,weight_decay_condition,current_lr,train_loss,val_loss,gap,train_top1,train_top5,val_top1,val_top5,is_best_epoch
RN50__stem,100_200,0,1,0.01,9.972609476841367e-05,7.374259948730469,7.413987159729004,0.039727210998535156,0.0006045949412509799,0.0030229748226702213,0.0024183797650039196,0.006650544237345457,True
RN50__stem,100_200,0,2,0.01,9.890738003669029e-05,7.1652679443359375,7.251251220703125,0.0859832763671875,0.0012091898825019598,0.007255139295011759,0.0024183797650039196,0.009068924002349377,True
RN50__stem,100_200,0,3,0.01,9.755282581475769e-05,7.056264877319336,7.171690464019775,0.11542558670043945,0.0024183797650039196,0.01511487364768982,0.0024183797650039196,0.01027811411768198,True
RN50__stem,100_200,0,4,0.01,9.567727288213003e-05,6.973172664642334,7.114874839782715,0.14170217514038086,0.004836759530007839,0.01692865788936615,0.0024183797650039196,0.010882709175348282,True
RN50__stem,100_200,0,5,0.01,9.330127018922194e-05,6.900269985198975,7.073878288269043,0.17360830307006836,0.006650544237345457,0.02237001247704029,0.0024183797650039196,0.013301088474690914,True
RN50__stem,100_200,0,6,0.01,9.045084971874738e-05,6.83389949798584,7.036705017089844,0.2028055191040039,0.007255139295011759,0.025392986834049225,0.0024183797650039196,0.013905683532357216,True
RN50__stem,100_200,0,7,0.01,8.715724127386972e-05,6.775632381439209,7.005679130554199,0.23004674911499023,0.009068924002349377,0.027811367064714432,0.0024183797650039196,0.01511487364768982,True
RN50__stem,100_200,0,8,0.01,8.345653031794292e-05,6.722673416137695,6.978889465332031,0.25621604919433594,0.009068924002349377,0.03325272351503372,0.0030229748226702213,0.01511487364768982,True
RN50__stem,100_200,0,9,0.01,7.938926261462366e-05,6.672198295593262,6.958187103271484,0.28598880767822266,0.010882709175348282,0.03990326449275017,0.0036275696475058794,0.01511487364768982,True
RN50__stem,100_200,0,10,0.01,7.500000000000001e-05,6.625079154968262,6.9352922439575195,0.3102130889892578,0.010882709175348282,0.0417170524597168,0.0042321644723415375,0.016324063763022423,True
RN50__stem,100_200,0,11,0.01,7.033683215379003e-05,6.5852203369140625,6.919488430023193,0.33426809310913086,0.012091899290680885,0.04474002495408058,0.004836759530007839,0.018137848004698753,True
RN50__stem,100_200,0,12,0.01,6.545084971874738e-05,6.548990249633789,6.9054999351501465,0.3565096855163574,0.010882709175348282,0.047763001173734665,0.005441354587674141,0.01874244399368763,True
RN50__stem,100_200,0,13,0.01,6.039558454088797e-05,6.510467529296875,6.892102241516113,0.3816347122192383,0.013301088474690914,0.0519951656460762,0.005441354587674141,0.021160822361707687,True
RN50__stem,100_200,0,14,0.01,5.522642316338269e-05,6.481494903564453,6.880430221557617,0.39893531799316406,0.013905683532357216,0.055622734129428864,0.005441354587674141,0.023579202592372894,True
RN50__stem,100_200,0,15,0.01,5.000000000000002e-05,6.453073501586914,6.870043754577637,0.41697025299072266,0.013905683532357216,0.0598548986017704,0.007255139295011759,0.022974608466029167,True
RN50__stem,100_200,0,16,0.01,4.4773576836617344e-05,6.430330753326416,6.860409736633301,0.43007898330688477,0.012696493417024612,0.0598548986017704,0.006045949645340443,0.02418379858136177,True
RN50__stem,100_200,0,17,0.01,3.9604415459112035e-05,6.409584999084473,6.853316783905029,0.44373178482055664,0.013301088474690914,0.06166868284344673,0.006045949645340443,0.023579202592372894,True
RN50__stem,100_200,0,18,0.01,3.4549150281252636e-05,6.3938727378845215,6.849743843078613,0.4558711051940918,0.014510278590023518,0.06166868284344673,0.005441354587674141,0.0259975828230381,True
RN50__stem,100_200,0,19,0.01,2.966316784621e-05,6.37734317779541,6.844967842102051,0.4676246643066406,0.016324063763022423,0.06469165533781052,0.005441354587674141,0.0259975828230381,True
RN50__stem,100_200,0,20,0.01,2.5000000000000015e-05,6.364300727844238,6.841665267944336,0.47736454010009766,0.015719467774033546,0.06469165533781052,0.006045949645340443,0.02660217694938183,True
RN50__stem,100_200,0,21,0.01,2.0610737385376352e-05,6.355370044708252,6.837736129760742,0.48236608505249023,0.016324063763022423,0.06650544703006744,0.005441354587674141,0.02660217694938183,True
RN50__stem,100_200,0,22,0.01,1.654346968205711e-05,6.3467488288879395,6.834054470062256,0.4873056411743164,0.01692865788936615,0.06711003929376602,0.006045949645340443,0.02660217694938183,True
RN50__stem,100_200,0,23,0.01,1.2842758726130304e-05,6.339693546295166,6.833096504211426,0.49340295791625977,0.01692865788936615,0.06650544703006744,0.006650544237345457,0.02660217694938183,True
RN50__stem,100_200,0,24,0.01,9.549150281252636e-06,6.334568977355957,6.832036972045898,0.4974679946899414,0.017533253878355026,0.0677146315574646,0.006045949645340443,0.0259975828230381,True
RN50__stem,100_200,0,25,0.01,6.698729810778068e-06,6.330510139465332,6.830432891845703,0.4999227523803711,0.018137848004698753,0.06711003929376602,0.006045949645340443,0.025392986834049225,True
RN50__stem,100_200,0,26,0.01,4.322727117869953e-06,6.32810640335083,6.82988166809082,0.5017752647399902,0.018137848004698753,0.06831923127174377,0.006045949645340443,0.025392986834049225,True
RN50__stem,100_200,0,27,0.01,2.447174185242324e-06,6.326313018798828,6.829657077789307,0.5033440589904785,0.018137848004698753,0.06650544703006744,0.006045949645340443,0.0259975828230381,True
RN50__stem,100_200,0,28,0.01,1.092619963309716e-06,6.325320243835449,6.829292297363281,0.503972053527832,0.017533253878355026,0.0677146315574646,0.006045949645340443,0.0259975828230381,True
RN50__stem,100_200,0,29,0.01,2.7390523158633003e-07,6.324865341186523,6.8291473388671875,0.5042819976806641,0.017533253878355026,0.0677146315574646,0.006045949645340443,0.0259975828230381,True
RN50__stem,100_200,0,30,0.01,0.0,6.324760437011719,6.829113960266113,0.5043535232543945,0.017533253878355026,0.0677146315574646,0.006045949645340443,0.0259975828230381,True
RN50__stem,100_200,0,1,0.0001,9.972609476841367e-05,7.374267578125,7.413994312286377,0.03972673416137695,0.0006045949412509799,0.0030229748226702213,0.0024183797650039196,0.006650544237345457,True
RN50__stem,100_200,0,2,0.0001,9.890738003669029e-05,7.165283679962158,7.251263618469238,0.08597993850708008,0.0012091898825019598,0.007255139295011759,0.0024183797650039196,0.009068924002349377,True
RN50__stem,100_200,0,3,0.0001,9.755282581475769e-05,7.056288242340088,7.171708106994629,0.11541986465454102,0.0024183797650039196,0.01511487364768982,0.0024183797650039196,0.01027811411768198,True
RN50__stem,100_200,0,4,0.0001,9.567727288213003e-05,6.973210334777832,7.114898681640625,0.14168834686279297,0.004836759530007839,0.01692865788936615,0.0024183797650039196,0.010882709175348282,True
RN50__stem,100_200,0,5,0.0001,9.330127018922194e-05,6.900323390960693,7.073911666870117,0.17358827590942383,0.006650544237345457,0.02237001247704029,0.0024183797650039196,0.013301088474690914,True
RN50__stem,100_200,0,6,0.0001,9.045084971874738e-05,6.83397102355957,7.036745548248291,0.2027745246887207,0.007255139295011759,0.025392986834049225,0.0024183797650039196,0.013905683532357216,True
RN50__stem,100_200,0,7,0.0001,8.715724127386972e-05,6.775722503662109,7.005729675292969,0.23000717163085938,0.009068924002349377,0.027811367064714432,0.0024183797650039196,0.01511487364768982,True
RN50__stem,100_200,0,8,0.0001,8.345653031794292e-05,6.722781181335449,6.978948593139648,0.2561674118041992,0.009068924002349377,0.03325272351503372,0.0030229748226702213,0.01511487364768982,True
RN50__stem,100_200,0,9,0.0001,7.938926261462366e-05,6.672327041625977,6.958252429962158,0.28592538833618164,0.010882709175348282,0.03990326449275017,0.0036275696475058794,0.01511487364768982,True
RN50__stem,100_200,0,10,0.0001,7.500000000000001e-05,6.6252264976501465,6.93536901473999,0.31014251708984375,0.010882709175348282,0.0417170524597168,0.0042321644723415375,0.016324063763022423,True
RN50__stem,100_200,0,11,0.0001,7.033683215379003e-05,6.585383415222168,6.919571876525879,0.33418846130371094,0.012091899290680885,0.04474002495408058,0.004836759530007839,0.018137848004698753,True
RN50__stem,100_200,0,12,0.0001,6.545084971874738e-05,6.549167633056641,6.9055891036987305,0.35642147064208984,0.010882709175348282,0.047763001173734665,0.005441354587674141,0.01874244399368763,True
RN50__stem,100_200,0,13,0.0001,6.039558454088797e-05,6.5106611251831055,6.892192840576172,0.3815317153930664,0.013301088474690914,0.0519951656460762,0.005441354587674141,0.021160822361707687,True
RN50__stem,100_200,0,14,0.0001,5.522642316338269e-05,6.4816999435424805,6.880527496337891,0.39882755279541016,0.013905683532357216,0.055622734129428864,0.005441354587674141,0.023579202592372894,True
RN50__stem,100_200,0,15,0.0001,5.000000000000002e-05,6.45328950881958,6.870144367218018,0.4168548583984375,0.013905683532357216,0.059250302612781525,0.007255139295011759,0.022974608466029167,True
RN50__stem,100_200,0,16,0.0001,4.4773576836617344e-05,6.43055534362793,6.860511779785156,0.42995643615722656,0.012696493417024612,0.0598548986017704,0.006045949645340443,0.02418379858136177,True
RN50__stem,100_200,0,17,0.0001,3.9604415459112035e-05,6.409819602966309,6.853422164916992,0.4436025619506836,0.013301088474690914,0.06166868284344673,0.005441354587674141,0.023579202592372894,True
RN50__stem,100_200,0,18,0.0001,3.4549150281252636e-05,6.394112586975098,6.8498454093933105,0.4557328224182129,0.014510278590023518,0.06166868284344673,0.005441354587674141,0.0259975828230381,True
RN50__stem,100_200,0,19,0.0001,2.966316784621e-05,6.37758731842041,6.845071315765381,0.4674839973449707,0.016324063763022423,0.06469165533781052,0.005441354587674141,0.0259975828230381,True
RN50__stem,100_200,0,20,0.0001,2.5000000000000015e-05,6.364548206329346,6.8417649269104,0.4772167205810547,0.015719467774033546,0.06469165533781052,0.006045949645340443,0.02660217694938183,True
RN50__stem,100_200,0,21,0.0001,2.0610737385376352e-05,6.355623245239258,6.8378400802612305,0.48221683502197266,0.016324063763022423,0.06650544703006744,0.005441354587674141,0.02660217694938183,True
RN50__stem,100_200,0,22,0.0001,1.654346968205711e-05,6.347007751464844,6.8341569900512695,0.4871492385864258,0.01692865788936615,0.06711003929376602,0.006045949645340443,0.02660217694938183,True
RN50__stem,100_200,0,23,0.0001,1.2842758726130304e-05,6.339953422546387,6.833197593688965,0.4932441711425781,0.01692865788936615,0.06650544703006744,0.006650544237345457,0.02660217694938183,True
RN50__stem,100_200,0,24,0.0001,9.549150281252636e-06,6.334830284118652,6.8321380615234375,0.49730777740478516,0.017533253878355026,0.06711003929376602,0.006045949645340443,0.0259975828230381,True
RN50__stem,100_200,0,25,0.0001,6.698729810778068e-06,6.33077335357666,6.830534934997559,0.49976158142089844,0.018137848004698753,0.06711003929376602,0.006045949645340443,0.025392986834049225,True
RN50__stem,100_200,0,26,0.0001,4.322727117869953e-06,6.328371047973633,6.829981327056885,0.501610279083252,0.018137848004698753,0.06831923127174377,0.006045949645340443,0.025392986834049225,True
RN50__stem,100_200,0,27,0.0001,2.447174185242324e-06,6.326578140258789,6.8297576904296875,0.5031795501708984,0.018137848004698753,0.06650544703006744,0.006045949645340443,0.0259975828230381,True
RN50__stem,100_200,0,28,0.0001,1.092619963309716e-06,6.325584411621094,6.8293914794921875,0.5038070678710938,0.018137848004698753,0.0677146315574646,0.006045949645340443,0.0259975828230381,True
RN50__stem,100_200,0,29,0.0001,2.7390523158633003e-07,6.325130462646484,6.829246520996094,0.5041160583496094,0.018137848004698753,0.0677146315574646,0.006045949645340443,0.0259975828230381,True
RN50__stem,100_200,0,30,0.0001,0.0,6.325026035308838,6.829214096069336,0.504188060760498,0.018137848004698753,0.0677146315574646,0.006045949645340443,0.0259975828230381,True
RN50__stem,100_200,1,1,0.01,9.972609476841367e-05,7.433403968811035,7.46776008605957,0.034356117248535156,0.0,0.0018137848237529397,0.0018137848237529397,0.005441354587674141,True
RN50__stem,100_200,1,2,0.01,9.890738003669029e-05,7.205112457275391,7.2826361656188965,0.07752370834350586,0.0012091898825019598,0.005441354587674141,0.0030229748226702213,0.008464328944683075,True
RN50__stem,100_200,1,3,0.01,9.755282581475769e-05,7.088035583496094,7.200329303741455,0.11229372024536133,0.0012091898825019598,0.012091899290680885,0.0012091898825019598,0.012091899290680885,True
RN50__stem,100_200,1,4,0.01,9.567727288213003e-05,6.999855041503906,7.148487091064453,0.14863204956054688,0.0036275696475058794,0.016324063763022423,0.0024183797650039196,0.013301088474690914,True
RN50__stem,100_200,1,5,0.01,9.330127018922194e-05,6.927518844604492,7.110757827758789,0.18323898315429688,0.004836759530007839,0.019347038120031357,0.0036275696475058794,0.015719467774033546,True
RN50__stem,100_200,1,6,0.01,9.045084971874738e-05,6.861625671386719,7.083250999450684,0.22162532806396484,0.007255139295011759,0.021160822361707687,0.0042321644723415375,0.015719467774033546,True
RN50__stem,100_200,1,7,0.01,8.715724127386972e-05,6.8002519607543945,7.059482574462891,0.2592306137084961,0.007255139295011759,0.028415963053703308,0.0042321644723415375,0.01511487364768982,True
RN50__stem,100_200,1,8,0.01,8.345653031794292e-05,6.744290351867676,7.038180351257324,0.29388999938964844,0.011487304233014584,0.028415963053703308,0.004836759530007839,0.015719467774033546,True
RN50__stem,100_200,1,9,0.01,7.938926261462366e-05,6.692909240722656,7.020480155944824,0.32757091522216797,0.012091899290680885,0.03204353153705597,0.0030229748226702213,0.014510278590023518,True
RN50__stem,100_200,1,10,0.01,7.500000000000001e-05,6.6424174308776855,7.005827903747559,0.36341047286987305,0.013905683532357216,0.03506650775671005,0.0036275696475058794,0.01511487364768982,True
RN50__stem,100_200,1,11,0.01,7.033683215379003e-05,6.597153663635254,6.991430282592773,0.39427661895751953,0.014510278590023518,0.03688029199838638,0.0042321644723415375,0.01692865788936615,True
RN50__stem,100_200,1,12,0.01,6.545084971874738e-05,6.555511474609375,6.980568885803223,0.42505741119384766,0.01511487364768982,0.042321644723415375,0.0042321644723415375,0.016324063763022423,True
RN50__stem,100_200,1,13,0.01,6.039558454088797e-05,6.517481327056885,6.967161178588867,0.4496798515319824,0.015719467774033546,0.04353083670139313,0.0042321644723415375,0.01874244399368763,True
RN50__stem,100_200,1,14,0.01,5.522642316338269e-05,6.484738826751709,6.95768928527832,0.47295045852661133,0.01692865788936615,0.045949216932058334,0.0030229748226702213,0.02055622823536396,True
RN50__stem,100_200,1,15,0.01,5.000000000000002e-05,6.456092834472656,6.950777053833008,0.49468421936035156,0.01692865788936615,0.05259976163506508,0.0030229748226702213,0.019347038120031357,True
RN50__stem,100_200,1,16,0.01,4.4773576836617344e-05,6.429743766784668,6.946176528930664,0.5164327621459961,0.017533253878355026,0.05320435389876366,0.0036275696475058794,0.019347038120031357,True
RN50__stem,100_200,1,17,0.01,3.9604415459112035e-05,6.4067230224609375,6.941227436065674,0.5345044136047363,0.018137848004698753,0.05804111436009407,0.0036275696475058794,0.021765418350696564,True
RN50__stem,100_200,1,18,0.01,3.4549150281252636e-05,6.386907577514648,6.934948921203613,0.5480413436889648,0.01874244399368763,0.05804111436009407,0.0036275696475058794,0.02055622823536396,True
RN50__stem,100_200,1,19,0.01,2.966316784621e-05,6.3711628913879395,6.9319000244140625,0.560737133026123,0.019347038120031357,0.059250302612781525,0.0036275696475058794,0.019951632246375084,True
RN50__stem,100_200,1,20,0.01,2.5000000000000015e-05,6.355069160461426,6.928963661193848,0.5738945007324219,0.02055622823536396,0.059250302612781525,0.0036275696475058794,0.02055622823536396,True
RN50__stem,100_200,1,21,0.01,2.0610737385376352e-05,6.345205307006836,6.925696849822998,0.5804915428161621,0.021160822361707687,0.05864571034908295,0.0042321644723415375,0.019347038120031357,True
RN50__stem,100_200,1,22,0.01,1.654346968205711e-05,6.336101531982422,6.923979759216309,0.5878782272338867,0.02055622823536396,0.05864571034908295,0.0042321644723415375,0.018137848004698753,True
RN50__stem,100_200,1,23,0.01,1.2842758726130304e-05,6.328515529632568,6.923724174499512,0.5952086448669434,0.02055622823536396,0.06045949459075928,0.0042321644723415375,0.01874244399368763,True
RN50__stem,100_200,1,24,0.01,9.549150281252636e-06,6.322178840637207,6.922358989715576,0.6001801490783691,0.019951632246375084,0.06227327883243561,0.0036275696475058794,0.018137848004698753,True
RN50__stem,100_200,1,25,0.01,6.698729810778068e-06,6.317812919616699,6.921910762786865,0.604097843170166,0.019951632246375084,0.06166868284344673,0.0036275696475058794,0.01874244399368763,True
RN50__stem,100_200,1,26,0.01,4.322727117869953e-06,6.31498908996582,6.921220779418945,0.606231689453125,0.019951632246375084,0.06469165533781052,0.0036275696475058794,0.01874244399368763,True
RN50__stem,100_200,1,27,0.01,2.447174185242324e-06,6.313017845153809,6.920692443847656,0.6076745986938477,0.019951632246375084,0.06590084731578827,0.0036275696475058794,0.01874244399368763,True
RN50__stem,100_200,1,28,0.01,1.092619963309716e-06,6.312087535858154,6.920444011688232,0.6083564758300781,0.019951632246375084,0.06590084731578827,0.0036275696475058794,0.01874244399368763,True
RN50__stem,100_200,1,29,0.01,2.7390523158633003e-07,6.311566352844238,6.920363426208496,0.6087970733642578,0.019951632246375084,0.06650544703006744,0.0036275696475058794,0.01874244399368763,True
RN50__stem,100_200,1,30,0.01,0.0,6.311460018157959,6.920346260070801,0.6088862419128418,0.02055622823536396,0.06650544703006744,0.0036275696475058794,0.01874244399368763,True
RN50__stem,100_200,1,1,0.0001,9.972609476841367e-05,7.433416366577148,7.46776819229126,0.03435182571411133,0.0,0.0018137848237529397,0.0018137848237529397,0.005441354587674141,True
RN50__stem,100_200,1,2,0.0001,9.890738003669029e-05,7.205128192901611,7.282646656036377,0.07751846313476562,0.0012091898825019598,0.005441354587674141,0.0030229748226702213,0.008464328944683075,True
RN50__stem,100_200,1,3,0.0001,9.755282581475769e-05,7.0880632400512695,7.200343608856201,0.11228036880493164,0.0012091898825019598,0.012091899290680885,0.0012091898825019598,0.012091899290680885,True
RN50__stem,100_200,1,4,0.0001,9.567727288213003e-05,6.9998955726623535,7.148506164550781,0.14861059188842773,0.0036275696475058794,0.016324063763022423,0.0024183797650039196,0.013301088474690914,True
RN50__stem,100_200,1,5,0.0001,9.330127018922194e-05,6.927577018737793,7.110783576965332,0.18320655822753906,0.004836759530007839,0.019347038120031357,0.0036275696475058794,0.015719467774033546,True
RN50__stem,100_200,1,6,0.0001,9.045084971874738e-05,6.861701965332031,7.083278656005859,0.22157669067382812,0.007255139295011759,0.021160822361707687,0.0042321644723415375,0.015719467774033546,True
RN50__stem,100_200,1,7,0.0001,8.715724127386972e-05,6.800351142883301,7.059514999389648,0.25916385650634766,0.007255139295011759,0.028415963053703308,0.0042321644723415375,0.01511487364768982,True
RN50__stem,100_200,1,8,0.0001,8.345653031794292e-05,6.744412422180176,7.03822135925293,0.2938089370727539,0.011487304233014584,0.028415963053703308,0.004836759530007839,0.015719467774033546,True
RN50__stem,100_200,1,9,0.0001,7.938926261462366e-05,6.693054676055908,7.020528793334961,0.32747411727905273,0.012091899290680885,0.03204353153705597,0.0030229748226702213,0.014510278590023518,True
RN50__stem,100_200,1,10,0.0001,7.500000000000001e-05,6.6425886154174805,7.005880832672119,0.36329221725463867,0.013905683532357216,0.034461911767721176,0.0036275696475058794,0.01511487364768982,True
RN50__stem,100_200,1,11,0.0001,7.033683215379003e-05,6.597345352172852,6.991490364074707,0.39414501190185547,0.014510278590023518,0.03688029199838638,0.0042321644723415375,0.01692865788936615,True
RN50__stem,100_200,1,12,0.0001,6.545084971874738e-05,6.55572509765625,6.980635643005371,0.4249105453491211,0.01511487364768982,0.042321644723415375,0.0042321644723415375,0.016324063763022423,True
RN50__stem,100_200,1,13,0.0001,6.039558454088797e-05,6.517714500427246,6.967233657836914,0.44951915740966797,0.015719467774033546,0.04353083670139313,0.0042321644723415375,0.01874244399368763,True
RN50__stem,100_200,1,14,0.0001,5.522642316338269e-05,6.484986305236816,6.957769870758057,0.47278356552124023,0.01692865788936615,0.045949216932058334,0.0030229748226702213,0.02055622823536396,True
RN50__stem,100_200,1,15,0.0001,5.000000000000002e-05,6.456351280212402,6.9508562088012695,0.4945049285888672,0.01692865788936615,0.05259976163506508,0.0030229748226702213,0.019347038120031357,True
RN50__stem,100_200,1,16,0.0001,4.4773576836617344e-05,6.4300150871276855,6.946258544921875,0.5162434577941895,0.017533253878355026,0.05320435389876366,0.0036275696475058794,0.019347038120031357,True
RN50__stem,100_200,1,17,0.0001,3.9604415459112035e-05,6.407004356384277,6.941310405731201,0.5343060493469238,0.018137848004698753,0.05804111436009407,0.0036275696475058794,0.021765418350696564,True
RN50__stem,100_200,1,18,0.0001,3.4549150281252636e-05,6.387199401855469,6.935033798217773,0.5478343963623047,0.01874244399368763,0.05804111436009407,0.0036275696475058794,0.02055622823536396,True
RN50__stem,100_200,1,19,0.0001,2.966316784621e-05,6.371459007263184,6.931984901428223,0.5605258941650391,0.019347038120031357,0.059250302612781525,0.0036275696475058794,0.02055622823536396,True
RN50__stem,100_200,1,20,0.0001,2.5000000000000015e-05,6.355373382568359,6.929048538208008,0.5736751556396484,0.02055622823536396,0.059250302612781525,0.0036275696475058794,0.02055622823536396,True
RN50__stem,100_200,1,21,0.0001,2.0610737385376352e-05,6.345512390136719,6.925782203674316,0.5802698135375977,0.021160822361707687,0.05864571034908295,0.0042321644723415375,0.019347038120031357,True
RN50__stem,100_200,1,22,0.0001,1.654346968205711e-05,6.33641242980957,6.924064636230469,0.5876522064208984,0.02055622823536396,0.05864571034908295,0.0042321644723415375,0.018137848004698753,True
RN50__stem,100_200,1,23,0.0001,1.2842758726130304e-05,6.328828811645508,6.9238080978393555,0.5949792861938477,0.02055622823536396,0.06045949459075928,0.0042321644723415375,0.01874244399368763,True
RN50__stem,100_200,1,24,0.0001,9.549150281252636e-06,6.322495460510254,6.9224443435668945,0.5999488830566406,0.019951632246375084,0.06227327883243561,0.0036275696475058794,0.018137848004698753,True
RN50__stem,100_200,1,25,0.0001,6.698729810778068e-06,6.3181304931640625,6.921994209289551,0.6038637161254883,0.019951632246375084,0.061064090579748154,0.0036275696475058794,0.01874244399368763,True
RN50__stem,100_200,1,26,0.0001,4.322727117869953e-06,6.315308570861816,6.921303749084473,0.6059951782226562,0.019951632246375084,0.06469165533781052,0.0036275696475058794,0.01874244399368763,True
RN50__stem,100_200,1,27,0.0001,2.447174185242324e-06,6.3133368492126465,6.9207763671875,0.6074395179748535,0.019951632246375084,0.06590084731578827,0.0036275696475058794,0.01874244399368763,True
RN50__stem,100_200,1,28,0.0001,1.092619963309716e-06,6.312407493591309,6.920528411865234,0.6081209182739258,0.019951632246375084,0.06590084731578827,0.0036275696475058794,0.01874244399368763,True
RN50__stem,100_200,1,29,0.0001,2.7390523158633003e-07,6.311885356903076,6.920446395874023,0.6085610389709473,0.019951632246375084,0.06590084731578827,0.0036275696475058794,0.01874244399368763,True
RN50__stem,100_200,1,30,0.0001,0.0,6.311779499053955,6.9204301834106445,0.6086506843566895,0.019951632246375084,0.06590084731578827,0.0036275696475058794,0.01874244399368763,True
RN50__stem,300_400,0,1,0.01,9.972609476841367e-05,7.538869857788086,7.568686485290527,0.029816627502441406,0.0006045949412509799,0.0042321644723415375,0.0006045949412509799,0.0030229748226702213,True
RN50__stem,300_400,0,2,0.01,9.890738003669029e-05,7.378971099853516,7.4451398849487305,0.06616878509521484,0.0006045949412509799,0.0042321644723415375,0.0,0.0030229748226702213,True
RN50__stem,300_400,0,3,0.01,9.755282581475769e-05,7.298398971557617,7.390542984008789,0.09214401245117188,0.0006045949412509799,0.005441354587674141,0.0,0.0030229748226702213,True
RN50__stem,300_400,0,4,0.01,9.567727288213003e-05,7.2484211921691895,7.360657215118408,0.11223602294921875,0.0006045949412509799,0.008464328944683075,0.0,0.0024183797650039196,True
RN50__stem,300_400,0,5,0.01,9.330127018922194e-05,7.210240840911865,7.340808868408203,0.1305680274963379,0.0012091898825019598,0.007859733887016773,0.0,0.0024183797650039196,True
RN50__stem,300_400,0,6,0.01,9.045084971874738e-05,7.174530982971191,7.329859733581543,0.15532875061035156,0.0018137848237529397,0.011487304233014584,0.0,0.0024183797650039196,True
RN50__stem,300_400,0,7,0.01,8.715724127386972e-05,7.14522123336792,7.319770812988281,0.17454957962036133,0.0036275696475058794,0.011487304233014584,0.0,0.0018137848237529397,True
RN50__stem,300_400,0,8,0.01,8.345653031794292e-05,7.116828918457031,7.31321382522583,0.19638490676879883,0.004836759530007839,0.015719467774033546,0.0,0.0024183797650039196,True
RN50__stem,300_400,0,9,0.01,7.938926261462366e-05,7.092282295227051,7.308742523193359,0.2164602279663086,0.0042321644723415375,0.01874244399368763,0.0,0.0024183797650039196,True
RN50__stem,300_400,0,10,0.01,7.500000000000001e-05,7.0663743019104,7.304311752319336,0.23793745040893555,0.005441354587674141,0.02055622823536396,0.0,0.0036275696475058794,True
RN50__stem,300_400,0,11,0.01,7.033683215379003e-05,7.045306205749512,7.307188034057617,0.26188182830810547,0.004836759530007839,0.023579202592372894,0.0,0.0036275696475058794,False
RN50__stem,300_400,0,12,0.01,6.545084971874738e-05,7.025090217590332,7.3075337409973145,0.2824435234069824,0.004836759530007839,0.02237001247704029,0.0,0.0042321644723415375,False
RN50__stem,300_400,0,13,0.01,6.039558454088797e-05,7.002748966217041,7.307850360870361,0.3051013946533203,0.005441354587674141,0.024788392707705498,0.0,0.004836759530007839,False
RN50__stem,300_400,0,14,0.01,5.522642316338269e-05,6.9853739738464355,7.3096699714660645,0.3242959976196289,0.005441354587674141,0.025392986834049225,0.0,0.0036275696475058794,False
RN50__stem,300_400,0,15,0.01,5.000000000000002e-05,6.970664024353027,7.310949802398682,0.3402857780456543,0.008464328944683075,0.02418379858136177,0.0,0.0042321644723415375,False
RN50__stem,300_400,0,16,0.01,4.4773576836617344e-05,6.953507423400879,7.314703941345215,0.36119651794433594,0.007859733887016773,0.02660217694938183,0.0,0.0042321644723415375,False
RN50__stem,300_400,0,17,0.01,3.9604415459112035e-05,6.942395210266113,7.316732406616211,0.37433719635009766,0.007859733887016773,0.027206772938370705,0.0,0.0036275696475058794,False
RN50__stem,300_400,0,18,0.01,3.4549150281252636e-05,6.928892135620117,7.316832065582275,0.3879399299621582,0.007859733887016773,0.029625151306390762,0.0,0.0036275696475058794,False
RN50__stem,300_400,0,1,0.0001,9.972609476841367e-05,7.538877964019775,7.568692684173584,0.029814720153808594,0.0006045949412509799,0.0042321644723415375,0.0006045949412509799,0.0030229748226702213,True
RN50__stem,300_400,0,2,0.0001,9.890738003669029e-05,7.3789825439453125,7.445148944854736,0.06616640090942383,0.0006045949412509799,0.0042321644723415375,0.0,0.0030229748226702213,True
RN50__stem,300_400,0,3,0.0001,9.755282581475769e-05,7.29841423034668,7.3905534744262695,0.09213924407958984,0.0006045949412509799,0.005441354587674141,0.0,0.0030229748226702213,True
RN50__stem,300_400,0,4,0.0001,9.567727288213003e-05,7.248440265655518,7.360671043395996,0.11223077774047852,0.0006045949412509799,0.008464328944683075,0.0,0.0024183797650039196,True
RN50__stem,300_400,0,5,0.0001,9.330127018922194e-05,7.21026611328125,7.340823650360107,0.13055753707885742,0.0012091898825019598,0.007859733887016773,0.0,0.0024183797650039196,True
RN50__stem,300_400,0,6,0.0001,9.045084971874738e-05,7.174563407897949,7.3298749923706055,0.15531158447265625,0.0018137848237529397,0.011487304233014584,0.0,0.0024183797650039196,True
RN50__stem,300_400,0,7,0.0001,8.715724127386972e-05,7.145262718200684,7.319785118103027,0.17452239990234375,0.0036275696475058794,0.011487304233014584,0.0,0.0018137848237529397,True
RN50__stem,300_400,0,8,0.0001,8.345653031794292e-05,7.116881370544434,7.313225746154785,0.19634437561035156,0.004836759530007839,0.015719467774033546,0.0,0.0024183797650039196,True
RN50__stem,300_400,0,9,0.0001,7.938926261462366e-05,7.092344284057617,7.308753967285156,0.21640968322753906,0.0042321644723415375,0.01874244399368763,0.0,0.0024183797650039196,True
RN50__stem,300_400,0,10,0.0001,7.500000000000001e-05,7.0664472579956055,7.304323196411133,0.23787593841552734,0.005441354587674141,0.02055622823536396,0.0,0.0036275696475058794,True
RN50__stem,300_400,0,11,0.0001,7.033683215379003e-05,7.045389175415039,7.307191848754883,0.26180267333984375,0.004836759530007839,0.023579202592372894,0.0,0.0036275696475058794,False
RN50__stem,300_400,0,12,0.0001,6.545084971874738e-05,7.025182723999023,7.307534217834473,0.2823514938354492,0.004836759530007839,0.02237001247704029,0.0,0.0042321644723415375,False
RN50__stem,300_400,0,13,0.0001,6.039558454088797e-05,7.00285530090332,7.307848930358887,0.3049936294555664,0.005441354587674141,0.024788392707705498,0.0,0.004836759530007839,False
RN50__stem,300_400,0,14,0.0001,5.522642316338269e-05,6.985491752624512,7.309666633605957,0.3241748809814453,0.005441354587674141,0.024788392707705498,0.0,0.0036275696475058794,False
RN50__stem,300_400,0,15,0.0001,5.000000000000002e-05,6.970785140991211,7.310940265655518,0.34015512466430664,0.008464328944683075,0.02418379858136177,0.0,0.0042321644723415375,False
RN50__stem,300_400,0,16,0.0001,4.4773576836617344e-05,6.953639984130859,7.314692497253418,0.3610525131225586,0.007859733887016773,0.02660217694938183,0.0,0.0042321644723415375,False
RN50__stem,300_400,0,17,0.0001,3.9604415459112035e-05,6.94252872467041,7.316717624664307,0.3741888999938965,0.007859733887016773,0.027206772938370705,0.0,0.0036275696475058794,False
RN50__stem,300_400,0,18,0.0001,3.4549150281252636e-05,6.929035663604736,7.316819190979004,0.3877835273742676,0.007859733887016773,0.029625151306390762,0.0,0.0036275696475058794,False
RN50__stem,300_400,1,1,0.01,9.972609476841367e-05,7.584792613983154,7.600477695465088,0.015685081481933594,0.0012091898825019598,0.006045949645340443,0.0,0.005441354587674141,True
RN50__stem,300_400,1,2,0.01,9.890738003669029e-05,7.410592079162598,7.465506076812744,0.054913997650146484,0.0012091898825019598,0.007859733887016773,0.0018137848237529397,0.005441354587674141,True
RN50__stem,300_400,1,3,0.01,9.755282581475769e-05,7.32943868637085,7.41007137298584,0.08063268661499023,0.0012091898825019598,0.01027811411768198,0.0018137848237529397,0.0036275696475058794,True
RN50__stem,300_400,1,4,0.01,9.567727288213003e-05,7.274232387542725,7.379546642303467,0.10531425476074219,0.0006045949412509799,0.011487304233014584,0.0012091898825019598,0.0036275696475058794,True
RN50__stem,300_400,1,5,0.01,9.330127018922194e-05,7.231147766113281,7.357885837554932,0.1267380714416504,0.0006045949412509799,0.012091899290680885,0.0012091898825019598,0.006045949645340443,True
RN50__stem,300_400,1,6,0.01,9.045084971874738e-05,7.195444107055664,7.34512186050415,0.14967775344848633,0.0012091898825019598,0.013905683532357216,0.0012091898825019598,0.006650544237345457,True
RN50__stem,300_400,1,7,0.01,8.715724127386972e-05,7.16457986831665,7.3344035148620605,0.16982364654541016,0.0036275696475058794,0.01511487364768982,0.0018137848237529397,0.007859733887016773,True
RN50__stem,300_400,1,8,0.01,8.345653031794292e-05,7.13515567779541,7.323885440826416,0.18872976303100586,0.004836759530007839,0.01692865788936615,0.0018137848237529397,0.008464328944683075,True
RN50__stem,300_400,1,9,0.01,7.938926261462366e-05,7.106278419494629,7.320544242858887,0.2142658233642578,0.0042321644723415375,0.019951632246375084,0.0018137848237529397,0.009673519060015678,True
RN50__stem,300_400,1,10,0.01,7.500000000000001e-05,7.081485748291016,7.317121505737305,0.23563575744628906,0.004836759530007839,0.021765418350696564,0.0018137848237529397,0.009673519060015678,True
RN50__stem,300_400,1,11,0.01,7.033683215379003e-05,7.057453632354736,7.316876411437988,0.25942277908325195,0.006045949645340443,0.02237001247704029,0.0024183797650039196,0.009673519060015678,True
RN50__stem,300_400,1,12,0.01,6.545084971874738e-05,7.035029411315918,7.313507080078125,0.27847766876220703,0.006650544237345457,0.02418379858136177,0.0030229748226702213,0.009068924002349377,True
RN50__stem,300_400,1,13,0.01,6.039558454088797e-05,7.015256881713867,7.313529968261719,0.29827308654785156,0.007255139295011759,0.022974608466029167,0.0018137848237529397,0.008464328944683075,False
RN50__stem,300_400,1,14,0.01,5.522642316338269e-05,6.995828151702881,7.315568447113037,0.31974029541015625,0.009673519060015678,0.025392986834049225,0.0024183797650039196,0.008464328944683075,False
RN50__stem,300_400,1,15,0.01,5.000000000000002e-05,6.979972839355469,7.314899444580078,0.3349266052246094,0.007859733887016773,0.025392986834049225,0.0018137848237529397,0.007859733887016773,False
RN50__stem,300_400,1,16,0.01,4.4773576836617344e-05,6.964994430541992,7.317111015319824,0.35211658477783203,0.008464328944683075,0.02660217694938183,0.0018137848237529397,0.008464328944683075,False
RN50__stem,300_400,1,17,0.01,3.9604415459112035e-05,6.9511027336120605,7.31796932220459,0.3668665885925293,0.01027811411768198,0.028415963053703308,0.0012091898825019598,0.009068924002349377,False
RN50__stem,300_400,1,18,0.01,3.4549150281252636e-05,6.940587997436523,7.3191375732421875,0.37854957580566406,0.01027811411768198,0.029020557180047035,0.0018137848237529397,0.008464328944683075,False
RN50__stem,300_400,1,19,0.01,2.966316784621e-05,6.930907726287842,7.320835113525391,0.38992738723754883,0.010882709175348282,0.029625151306390762,0.0018137848237529397,0.008464328944683075,False
RN50__stem,300_400,1,20,0.01,2.5000000000000015e-05,6.921449184417725,7.32267427444458,0.40122509002685547,0.01027811411768198,0.030834341421723366,0.0018137848237529397,0.008464328944683075,False
RN50__stem,300_400,1,1,0.0001,9.972609476841367e-05,7.584801197052002,7.600485801696777,0.01568460464477539,0.0012091898825019598,0.006045949645340443,0.0,0.005441354587674141,True
RN50__stem,300_400,1,2,0.0001,9.890738003669029e-05,7.410605430603027,7.465516090393066,0.05491065979003906,0.0012091898825019598,0.007859733887016773,0.0018137848237529397,0.005441354587674141,True
RN50__stem,300_400,1,3,0.0001,9.755282581475769e-05,7.329457759857178,7.4100823402404785,0.08062458038330078,0.0012091898825019598,0.01027811411768198,0.0018137848237529397,0.0036275696475058794,True
RN50__stem,300_400,1,4,0.0001,9.567727288213003e-05,7.274257659912109,7.379560470581055,0.10530281066894531,0.0006045949412509799,0.011487304233014584,0.0012091898825019598,0.0036275696475058794,True
RN50__stem,300_400,1,5,0.0001,9.330127018922194e-05,7.231179714202881,7.3579020500183105,0.1267223358154297,0.0006045949412509799,0.012696493417024612,0.0012091898825019598,0.006045949645340443,True
RN50__stem,300_400,1,6,0.0001,9.045084971874738e-05,7.195484161376953,7.3451385498046875,0.14965438842773438,0.0012091898825019598,0.013905683532357216,0.0012091898825019598,0.006650544237345457,True
RN50__stem,300_400,1,7,0.0001,8.715724127386972e-05,7.164630889892578,7.334421157836914,0.16979026794433594,0.0036275696475058794,0.01511487364768982,0.0018137848237529397,0.007859733887016773,True
RN50__stem,300_400,1,8,0.0001,8.345653031794292e-05,7.135214805603027,7.3239030838012695,0.1886882781982422,0.004836759530007839,0.01692865788936615,0.0018137848237529397,0.008464328944683075,True
RN50__stem,300_400,1,9,0.0001,7.938926261462366e-05,7.106349945068359,7.320558547973633,0.21420860290527344,0.0042321644723415375,0.019951632246375084,0.0018137848237529397,0.009673519060015678,True
RN50__stem,300_400,1,10,0.0001,7.500000000000001e-05,7.081567764282227,7.317132949829102,0.235565185546875,0.004836759530007839,0.021160822361707687,0.0018137848237529397,0.009673519060015678,True
RN50__stem,300_400,1,11,0.0001,7.033683215379003e-05,7.057547569274902,7.316885471343994,0.2593379020690918,0.006045949645340443,0.02237001247704029,0.0024183797650039196,0.009673519060015678,True
RN50__stem,300_400,1,12,0.0001,6.545084971874738e-05,7.035133361816406,7.313512325286865,0.278378963470459,0.006650544237345457,0.02418379858136177,0.0030229748226702213,0.009068924002349377,True
RN50__stem,300_400,1,13,0.0001,6.039558454088797e-05,7.015369415283203,7.313534736633301,0.29816532135009766,0.007255139295011759,0.022974608466029167,0.0018137848237529397,0.008464328944683075,False
RN50__stem,300_400,1,14,0.0001,5.522642316338269e-05,6.995950698852539,7.315568923950195,0.31961822509765625,0.009673519060015678,0.025392986834049225,0.0024183797650039196,0.008464328944683075,False
RN50__stem,300_400,1,15,0.0001,5.000000000000002e-05,6.980103492736816,7.314901351928711,0.33479785919189453,0.007859733887016773,0.025392986834049225,0.0018137848237529397,0.007859733887016773,False
RN50__stem,300_400,1,16,0.0001,4.4773576836617344e-05,6.965133190155029,7.317110061645508,0.3519768714904785,0.008464328944683075,0.02660217694938183,0.0018137848237529397,0.008464328944683075,False
RN50__stem,300_400,1,17,0.0001,3.9604415459112035e-05,6.951247692108154,7.317965507507324,0.3667178153991699,0.01027811411768198,0.028415963053703308,0.0012091898825019598,0.009068924002349377,False
RN50__stem,300_400,1,18,0.0001,3.4549150281252636e-05,6.940736770629883,7.319131374359131,0.37839460372924805,0.01027811411768198,0.029020557180047035,0.0018137848237529397,0.008464328944683075,False
RN50__stem,300_400,1,19,0.0001,2.966316784621e-05,6.931063175201416,7.320825099945068,0.38976192474365234,0.010882709175348282,0.029625151306390762,0.0018137848237529397,0.008464328944683075,False
RN50__stem,300_400,1,20,0.0001,2.5000000000000015e-05,6.921607971191406,7.322663307189941,0.40105533599853516,0.01027811411768198,0.030834341421723366,0.0018137848237529397,0.008464328944683075,False
RN50__stem,500_600,0,1,0.01,9.972609476841367e-05,7.596759796142578,7.65457010269165,0.057810306549072266,0.0012091898825019598,0.0024183797650039196,0.0,0.0024183797650039196,True
RN50__stem,500_600,0,2,0.01,9.890738003669029e-05,7.476921081542969,7.557929992675781,0.0810089111328125,0.0012091898825019598,0.0024183797650039196,0.0,0.0018137848237529397,True
RN50__stem,500_600,0,3,0.01,9.755282581475769e-05,7.420793533325195,7.522076606750488,0.10128307342529297,0.0012091898825019598,0.0036275696475058794,0.0,0.0024183797650039196,True
RN50__stem,500_600,0,4,0.01,9.567727288213003e-05,7.385604381561279,7.501916885375977,0.11631250381469727,0.0012091898825019598,0.0042321644723415375,0.0,0.0024183797650039196,True
RN50__stem,500_600,0,5,0.01,9.330127018922194e-05,7.361598491668701,7.492597579956055,0.13099908828735352,0.0006045949412509799,0.0042321644723415375,0.0,0.0030229748226702213,True
RN50__stem,500_600,0,6,0.01,9.045084971874738e-05,7.338802337646484,7.4834184646606445,0.14461612701416016,0.0006045949412509799,0.0042321644723415375,0.0,0.0030229748226702213,True
RN50__stem,500_600,0,7,0.01,8.715724127386972e-05,7.323277473449707,7.479503631591797,0.15622615814208984,0.0006045949412509799,0.006045949645340443,0.0,0.0024183797650039196,True
RN50__stem,500_600,0,8,0.01,8.345653031794292e-05,7.306701183319092,7.478043079376221,0.1713418960571289,0.0012091898825019598,0.006650544237345457,0.0,0.0018137848237529397,True
RN50__stem,500_600,0,9,0.01,7.938926261462366e-05,7.295525550842285,7.477667808532715,0.1821422576904297,0.0006045949412509799,0.009673519060015678,0.0006045949412509799,0.0018137848237529397,True
RN50__stem,500_600,0,10,0.01,7.500000000000001e-05,7.281630516052246,7.47799015045166,0.19635963439941406,0.0018137848237529397,0.009068924002349377,0.0006045949412509799,0.0030229748226702213,False
RN50__stem,500_600,0,11,0.01,7.033683215379003e-05,7.271636009216309,7.47941780090332,0.20778179168701172,0.0018137848237529397,0.012696493417024612,0.0006045949412509799,0.0024183797650039196,False
RN50__stem,500_600,0,12,0.01,6.545084971874738e-05,7.2602081298828125,7.480991363525391,0.22078323364257812,0.0024183797650039196,0.01511487364768982,0.0006045949412509799,0.0024183797650039196,False
RN50__stem,500_600,0,13,0.01,6.039558454088797e-05,7.248991966247559,7.485035419464111,0.23604345321655273,0.0030229748226702213,0.01511487364768982,0.0,0.0030229748226702213,False
RN50__stem,500_600,0,14,0.01,5.522642316338269e-05,7.2383809089660645,7.488706588745117,0.25032567977905273,0.004836759530007839,0.015719467774033546,0.0006045949412509799,0.0018137848237529397,False
RN50__stem,500_600,0,15,0.01,5.000000000000002e-05,7.229750633239746,7.491843223571777,0.26209259033203125,0.0036275696475058794,0.017533253878355026,0.0,0.0024183797650039196,False
RN50__stem,500_600,0,16,0.01,4.4773576836617344e-05,7.220307350158691,7.496903896331787,0.2765965461730957,0.0030229748226702213,0.016324063763022423,0.0,0.0036275696475058794,False
RN50__stem,500_600,0,17,0.01,3.9604415459112035e-05,7.212795734405518,7.49995231628418,0.2871565818786621,0.0036275696475058794,0.017533253878355026,0.0,0.0036275696475058794,False
RN50__stem,500_600,0,1,0.0001,9.972609476841367e-05,7.596767425537109,7.65457820892334,0.05781078338623047,0.0012091898825019598,0.0024183797650039196,0.0,0.0024183797650039196,True
RN50__stem,500_600,0,2,0.0001,9.890738003669029e-05,7.476930618286133,7.557938098907471,0.08100748062133789,0.0012091898825019598,0.0024183797650039196,0.0,0.0018137848237529397,True
RN50__stem,500_600,0,3,0.0001,9.755282581475769e-05,7.420808792114258,7.522085666656494,0.10127687454223633,0.0012091898825019598,0.0036275696475058794,0.0,0.0024183797650039196,True
RN50__stem,500_600,0,4,0.0001,9.567727288213003e-05,7.385619640350342,7.501926422119141,0.11630678176879883,0.0012091898825019598,0.0042321644723415375,0.0,0.0024183797650039196,True
RN50__stem,500_600,0,5,0.0001,9.330127018922194e-05,7.361617088317871,7.492606163024902,0.13098907470703125,0.0006045949412509799,0.0042321644723415375,0.0,0.0030229748226702213,True
RN50__stem,500_600,0,6,0.0001,9.045084971874738e-05,7.338824272155762,7.483428001403809,0.14460372924804688,0.0006045949412509799,0.0042321644723415375,0.0,0.0030229748226702213,True
RN50__stem,500_600,0,7,0.0001,8.715724127386972e-05,7.323302268981934,7.4795098304748535,0.15620756149291992,0.0006045949412509799,0.006045949645340443,0.0,0.0024183797650039196,True
RN50__stem,500_600,0,8,0.0001,8.345653031794292e-05,7.306728839874268,7.478048801422119,0.17131996154785156,0.0012091898825019598,0.006650544237345457,0.0,0.0018137848237529397,True
RN50__stem,500_600,0,9,0.0001,7.938926261462366e-05,7.295557022094727,7.477670669555664,0.1821136474609375,0.0006045949412509799,0.009673519060015678,0.0006045949412509799,0.0018137848237529397,True
RN50__stem,500_600,0,10,0.0001,7.500000000000001e-05,7.281667232513428,7.477991104125977,0.19632387161254883,0.0018137848237529397,0.009068924002349377,0.0006045949412509799,0.0030229748226702213,False
RN50__stem,500_600,0,11,0.0001,7.033683215379003e-05,7.271678447723389,7.4794158935546875,0.20773744583129883,0.0018137848237529397,0.012091899290680885,0.0006045949412509799,0.0024183797650039196,False
RN50__stem,500_600,0,12,0.0001,6.545084971874738e-05,7.260255813598633,7.480983734130859,0.22072792053222656,0.0024183797650039196,0.01511487364768982,0.0006045949412509799,0.0024183797650039196,False
RN50__stem,500_600,0,13,0.0001,6.039558454088797e-05,7.249044418334961,7.485024452209473,0.23598003387451172,0.0030229748226702213,0.01511487364768982,0.0,0.0030229748226702213,False
RN50__stem,500_600,0,14,0.0001,5.522642316338269e-05,7.238442420959473,7.488689422607422,0.2502470016479492,0.004836759530007839,0.015719467774033546,0.0006045949412509799,0.0018137848237529397,False
RN50__stem,500_600,0,15,0.0001,5.000000000000002e-05,7.229818344116211,7.491822242736816,0.26200389862060547,0.0036275696475058794,0.017533253878355026,0.0,0.0024183797650039196,False
RN50__stem,500_600,0,16,0.0001,4.4773576836617344e-05,7.220380783081055,7.496875762939453,0.27649497985839844,0.0030229748226702213,0.016324063763022423,0.0,0.0036275696475058794,False
RN50__stem,500_600,0,17,0.0001,3.9604415459112035e-05,7.212875843048096,7.499921798706055,0.287045955657959,0.0036275696475058794,0.017533253878355026,0.0,0.0036275696475058794,False
RN50__stem,500_600,1,1,0.01,9.972609476841367e-05,7.632062911987305,7.658596992492676,0.026534080505371094,0.0,0.0036275696475058794,0.0012091898825019598,0.0018137848237529397,True
RN50__stem,500_600,1,2,0.01,9.890738003669029e-05,7.496726989746094,7.555673122406006,0.05894613265991211,0.0,0.004836759530007839,0.0012091898825019598,0.0018137848237529397,True
RN50__stem,500_600,1,3,0.01,9.755282581475769e-05,7.4388041496276855,7.518543243408203,0.07973909378051758,0.0,0.004836759530007839,0.0006045949412509799,0.0024183797650039196,True
RN50__stem,500_600,1,4,0.01,9.567727288213003e-05,7.402390480041504,7.498054504394531,0.09566402435302734,0.0006045949412509799,0.006650544237345457,0.0006045949412509799,0.0018137848237529397,True
RN50__stem,500_600,1,5,0.01,9.330127018922194e-05,7.376160621643066,7.489126205444336,0.11296558380126953,0.0006045949412509799,0.007859733887016773,0.0006045949412509799,0.0018137848237529397,True
RN50__stem,500_600,1,6,0.01,9.045084971874738e-05,7.356017589569092,7.483572483062744,0.12755489349365234,0.0006045949412509799,0.008464328944683075,0.0012091898825019598,0.0018137848237529397,True
RN50__stem,500_600,1,7,0.01,8.715724127386972e-05,7.339445114135742,7.477278232574463,0.1378331184387207,0.0006045949412509799,0.009673519060015678,0.0012091898825019598,0.0018137848237529397,True
RN50__stem,500_600,1,8,0.01,8.345653031794292e-05,7.324261665344238,7.476100444793701,0.1518387794494629,0.0006045949412509799,0.010882709175348282,0.0012091898825019598,0.0024183797650039196,True
RN50__stem,500_600,1,9,0.01,7.938926261462366e-05,7.310169219970703,7.475795269012451,0.16562604904174805,0.0006045949412509799,0.012091899290680885,0.0012091898825019598,0.0018137848237529397,True
RN50__stem,500_600,1,10,0.01,7.500000000000001e-05,7.298306465148926,7.475699424743652,0.17739295959472656,0.0024183797650039196,0.012696493417024612,0.0012091898825019598,0.0018137848237529397,True
RN50__stem,500_600,1,11,0.01,7.033683215379003e-05,7.286029815673828,7.476658821105957,0.1906290054321289,0.0024183797650039196,0.013301088474690914,0.0012091898825019598,0.0018137848237529397,False
RN50__stem,500_600,1,12,0.01,6.545084971874738e-05,7.274169445037842,7.4785003662109375,0.2043309211730957,0.0030229748226702213,0.015719467774033546,0.0012091898825019598,0.0012091898825019598,False
RN50__stem,500_600,1,13,0.01,6.039558454088797e-05,7.264708518981934,7.4819135665893555,0.21720504760742188,0.0042321644723415375,0.01874244399368763,0.0012091898825019598,0.0030229748226702213,False
RN50__stem,500_600,1,14,0.01,5.522642316338269e-05,7.2548980712890625,7.484283447265625,0.2293853759765625,0.0042321644723415375,0.01874244399368763,0.0012091898825019598,0.0024183797650039196,False
RN50__stem,500_600,1,15,0.01,5.000000000000002e-05,7.246109962463379,7.486649513244629,0.24053955078125,0.0042321644723415375,0.018137848004698753,0.0012091898825019598,0.0018137848237529397,False
RN50__stem,500_600,1,16,0.01,4.4773576836617344e-05,7.237966537475586,7.4900102615356445,0.2520437240600586,0.004836759530007839,0.01874244399368763,0.0012091898825019598,0.0018137848237529397,False
RN50__stem,500_600,1,17,0.01,3.9604415459112035e-05,7.229342937469482,7.492577075958252,0.26323413848876953,0.0042321644723415375,0.02055622823536396,0.0012091898825019598,0.0018137848237529397,False
RN50__stem,500_600,1,18,0.01,3.4549150281252636e-05,7.222260475158691,7.49560546875,0.2733449935913086,0.004836759530007839,0.021160822361707687,0.0012091898825019598,0.0018137848237529397,False
RN50__stem,500_600,1,1,0.0001,9.972609476841367e-05,7.632069110870361,7.658601760864258,0.026532649993896484,0.0,0.0036275696475058794,0.0012091898825019598,0.0018137848237529397,True
RN50__stem,500_600,1,2,0.0001,9.890738003669029e-05,7.4967360496521,7.555680274963379,0.0589442253112793,0.0,0.004836759530007839,0.0012091898825019598,0.0018137848237529397,True
RN50__stem,500_600,1,3,0.0001,9.755282581475769e-05,7.438816070556641,7.518548965454102,0.07973289489746094,0.0,0.004836759530007839,0.0006045949412509799,0.0024183797650039196,True
RN50__stem,500_600,1,4,0.0001,9.567727288213003e-05,7.402403831481934,7.49806022644043,0.0956563949584961,0.0006045949412509799,0.006650544237345457,0.0006045949412509799,0.0018137848237529397,True
RN50__stem,500_600,1,5,0.0001,9.330127018922194e-05,7.3761773109436035,7.489132881164551,0.11295557022094727,0.0006045949412509799,0.007859733887016773,0.0006045949412509799,0.0018137848237529397,True
RN50__stem,500_600,1,6,0.0001,9.045084971874738e-05,7.356036186218262,7.483578205108643,0.12754201889038086,0.0006045949412509799,0.008464328944683075,0.0012091898825019598,0.0018137848237529397,True
RN50__stem,500_600,1,7,0.0001,8.715724127386972e-05,7.339468002319336,7.477285385131836,0.1378173828125,0.0006045949412509799,0.009673519060015678,0.0012091898825019598,0.0018137848237529397,True
RN50__stem,500_600,1,8,0.0001,8.345653031794292e-05,7.324286937713623,7.476104736328125,0.15181779861450195,0.0006045949412509799,0.010882709175348282,0.0012091898825019598,0.0024183797650039196,True
RN50__stem,500_600,1,9,0.0001,7.938926261462366e-05,7.310199737548828,7.475795269012451,0.16559553146362305,0.0006045949412509799,0.012091899290680885,0.0012091898825019598,0.0018137848237529397,True
RN50__stem,500_600,1,10,0.0001,7.500000000000001e-05,7.298341751098633,7.475699424743652,0.17735767364501953,0.0024183797650039196,0.012696493417024612,0.0012091898825019598,0.0018137848237529397,True
RN50__stem,500_600,1,11,0.0001,7.033683215379003e-05,7.286068916320801,7.476655960083008,0.19058704376220703,0.0024183797650039196,0.013301088474690914,0.0012091898825019598,0.0018137848237529397,False
RN50__stem,500_600,1,12,0.0001,6.545084971874738e-05,7.2742156982421875,7.47849178314209,0.20427608489990234,0.0030229748226702213,0.015719467774033546,0.0012091898825019598,0.0012091898825019598,False
RN50__stem,500_600,1,13,0.0001,6.039558454088797e-05,7.264760971069336,7.481902122497559,0.21714115142822266,0.0042321644723415375,0.01874244399368763,0.0012091898825019598,0.0030229748226702213,False
RN50__stem,500_600,1,14,0.0001,5.522642316338269e-05,7.254955291748047,7.484270095825195,0.22931480407714844,0.0042321644723415375,0.01874244399368763,0.0012091898825019598,0.0024183797650039196,False
RN50__stem,500_600,1,15,0.0001,5.000000000000002e-05,7.246173858642578,7.486631870269775,0.24045801162719727,0.0042321644723415375,0.018137848004698753,0.0012091898825019598,0.0018137848237529397,False
RN50__stem,500_600,1,16,0.0001,4.4773576836617344e-05,7.238035678863525,7.489987850189209,0.2519521713256836,0.004836759530007839,0.01874244399368763,0.0012091898825019598,0.0018137848237529397,False
RN50__stem,500_600,1,17,0.0001,3.9604415459112035e-05,7.2294206619262695,7.492550849914551,0.26313018798828125,0.0042321644723415375,0.02055622823536396,0.0012091898825019598,0.0018137848237529397,False
RN50__stem,500_600,1,18,0.0001,3.4549150281252636e-05,7.222341537475586,7.495574474334717,0.27323293685913086,0.004836759530007839,0.021160822361707687,0.0012091898825019598,0.0018137848237529397,False
RN50__attnpool,100_200,0,1,0.01,9.972609476841367e-05,7.109499454498291,7.287074089050293,0.17757463455200195,0.0036275696475058794,0.019347038120031357,0.0012091898825019598,0.010882709175348282,True
RN50__attnpool,100_200,0,2,0.01,9.890738003669029e-05,6.819039344787598,7.135072708129883,0.31603336334228516,0.011487304233014584,0.03990326449275017,0.0036275696475058794,0.019951632246375084,True
RN50__attnpool,100_200,0,3,0.01,9.755282581475769e-05,6.586888313293457,7.036498069763184,0.44960975646972656,0.02418379858136177,0.07436517626047134,0.007255139295011759,0.024788392707705498,True
RN50__attnpool,100_200,0,4,0.01,9.567727288213003e-05,6.401823043823242,6.96824836730957,0.5664253234863281,0.034461911767721176,0.10519952327013016,0.007859733887016773,0.02660217694938183,True
RN50__attnpool,100_200,0,5,0.01,9.330127018922194e-05,6.244646072387695,6.916828632354736,0.672182559967041,0.0417170524597168,0.13482467830181122,0.010882709175348282,0.029625151306390762,True
RN50__attnpool,100_200,0,6,0.01,9.045084971874738e-05,6.108944892883301,6.8794097900390625,0.7704648971557617,0.05441354587674141,0.16505442559719086,0.01027811411768198,0.0338573157787323,True
RN50__attnpool,100_200,0,7,0.01,8.715724127386972e-05,5.992831230163574,6.849491119384766,0.8566598892211914,0.06831923127174377,0.19105200469493866,0.011487304233014584,0.0338573157787323,True
RN50__attnpool,100_200,0,8,0.01,8.345653031794292e-05,5.893241882324219,6.828347682952881,0.9351058006286621,0.08162032067775726,0.22249093651771545,0.011487304233014584,0.03506650775671005,True
RN50__attnpool,100_200,0,9,0.01,7.938926261462366e-05,5.806099891662598,6.810697555541992,1.0045976638793945,0.09794437885284424,0.2448609471321106,0.011487304233014584,0.03688029199838638,True
RN50__attnpool,100_200,0,10,0.01,7.500000000000001e-05,5.723735809326172,6.795587539672852,1.0718517303466797,0.10459492355585098,0.2714631259441376,0.011487304233014584,0.040507860481739044,True
RN50__attnpool,100_200,0,11,0.01,7.033683215379003e-05,5.653316020965576,6.785472393035889,1.1321563720703125,0.12273277342319489,0.2968561053276062,0.008464328944683075,0.03990326449275017,True
RN50__attnpool,100_200,0,12,0.01,6.545084971874738e-05,5.588644981384277,6.7776899337768555,1.1890449523925781,0.13603386282920837,0.32466748356819153,0.009068924002349377,0.0417170524597168,True
RN50__attnpool,100_200,0,13,0.01,6.039558454088797e-05,5.531332015991211,6.768210411071777,1.2368783950805664,0.14691656827926636,0.34280532598495483,0.01027811411768198,0.04292624071240425,True
RN50__attnpool,100_200,0,14,0.01,5.522642316338269e-05,5.481533050537109,6.7627105712890625,1.2811775207519531,0.16505442559719086,0.36033859848976135,0.009673519060015678,0.04715840518474579,True
RN50__attnpool,100_200,0,15,0.01,5.000000000000002e-05,5.433980941772461,6.758959770202637,1.3249788284301758,0.17533253133296967,0.37666264176368713,0.009673519060015678,0.04655380919575691,True
RN50__attnpool,100_200,0,16,0.01,4.4773576836617344e-05,5.397531509399414,6.754926681518555,1.3573951721191406,0.18681983649730682,0.3881499469280243,0.008464328944683075,0.04655380919575691,True
RN50__attnpool,100_200,0,17,0.01,3.9604415459112035e-05,5.358647346496582,6.748601913452148,1.3899545669555664,0.19830714166164398,0.4002418518066406,0.009673519060015678,0.04534462094306946,True
RN50__attnpool,100_200,0,18,0.01,3.4549150281252636e-05,5.331274509429932,6.749881744384766,1.418607234954834,0.20495767891407013,0.4189842939376831,0.01027811411768198,0.04474002495408058,False
RN50__attnpool,100_200,0,19,0.01,2.966316784621e-05,5.304272651672363,6.747992515563965,1.4437198638916016,0.2079806625843048,0.4238210618495941,0.009673519060015678,0.04474002495408058,True
RN50__attnpool,100_200,0,20,0.01,2.5000000000000015e-05,5.281242370605469,6.745988845825195,1.4647464752197266,0.2188633680343628,0.43349456787109375,0.010882709175348282,0.045949216932058334,True
RN50__attnpool,100_200,0,21,0.01,2.0610737385376352e-05,5.26228141784668,6.7440900802612305,1.4818086624145508,0.22188633680343628,0.4419589042663574,0.009068924002349377,0.045949216932058334,True
RN50__attnpool,100_200,0,22,0.01,1.654346968205711e-05,5.247163772583008,6.743516445159912,1.4963526725769043,0.22188633680343628,0.44377267360687256,0.009673519060015678,0.04474002495408058,True
RN50__attnpool,100_200,0,23,0.01,1.2842758726130304e-05,5.234827995300293,6.742449760437012,1.5076217651367188,0.22611850500106812,0.44921404123306274,0.009673519060015678,0.04655380919575691,True
RN50__attnpool,100_200,0,24,0.01,9.549150281252636e-06,5.226299285888672,6.742203712463379,1.515904426574707,0.2267231047153473,0.4528416097164154,0.01027811411768198,0.04534462094306946,True
RN50__attnpool,100_200,0,25,0.01,6.698729810778068e-06,5.218774795532227,6.7419281005859375,1.523153305053711,0.2291414886713028,0.4528416097164154,0.009673519060015678,0.044135428965091705,True
RN50__attnpool,100_200,0,26,0.01,4.322727117869953e-06,5.213869094848633,6.741565704345703,1.5276966094970703,0.23216445744037628,0.45405080914497375,0.01027811411768198,0.045949216932058334,True
RN50__attnpool,100_200,0,27,0.01,2.447174185242324e-06,5.210975646972656,6.741598129272461,1.5306224822998047,0.2339782416820526,0.4552599787712097,0.009673519060015678,0.04534462094306946,False
RN50__attnpool,100_200,0,28,0.01,1.092619963309716e-06,5.209115982055664,6.741490364074707,1.532374382019043,0.23579202592372894,0.4558645784854889,0.01027811411768198,0.045949216932058334,True
RN50__attnpool,100_200,0,29,0.01,2.7390523158633003e-07,5.208399772644043,6.741456985473633,1.5330572128295898,0.23518742620944977,0.45646917819976807,0.009673519060015678,0.045949216932058334,True
RN50__attnpool,100_200,0,30,0.01,0.0,5.208200931549072,6.741447448730469,1.5332465171813965,0.23579202592372894,0.45707377791404724,0.009673519060015678,0.045949216932058334,True
RN50__attnpool,100_200,0,1,0.0001,9.972609476841367e-05,7.1095075607299805,7.287077903747559,0.17757034301757812,0.0036275696475058794,0.019347038120031357,0.0012091898825019598,0.010882709175348282,True
RN50__attnpool,100_200,0,2,0.0001,9.890738003669029e-05,6.819064140319824,7.135083198547363,0.31601905822753906,0.011487304233014584,0.03990326449275017,0.0036275696475058794,0.019951632246375084,True
RN50__attnpool,100_200,0,3,0.0001,9.755282581475769e-05,6.5869364738464355,7.0365142822265625,0.44957780838012695,0.02418379858136177,0.07436517626047134,0.007255139295011759,0.024788392707705498,True
RN50__attnpool,100_200,0,4,0.0001,9.567727288213003e-05,6.401895999908447,6.9682698249816895,0.5663738250732422,0.034461911767721176,0.10519952327013016,0.007859733887016773,0.02660217694938183,True
RN50__attnpool,100_200,0,5,0.0001,9.330127018922194e-05,6.244746208190918,6.916853427886963,0.6721072196960449,0.0417170524597168,0.13482467830181122,0.010882709175348282,0.029625151306390762,True
RN50__attnpool,100_200,0,6,0.0001,9.045084971874738e-05,6.109070777893066,6.879436492919922,0.7703657150268555,0.05441354587674141,0.16505442559719086,0.01027811411768198,0.0338573157787323,True
RN50__attnpool,100_200,0,7,0.0001,8.715724127386972e-05,5.992981910705566,6.849518775939941,0.856536865234375,0.06831923127174377,0.19105200469493866,0.011487304233014584,0.0338573157787323,True
RN50__attnpool,100_200,0,8,0.0001,8.345653031794292e-05,5.8934173583984375,6.828375816345215,0.9349584579467773,0.08162032067775726,0.22249093651771545,0.011487304233014584,0.03506650775671005,True
RN50__attnpool,100_200,0,9,0.0001,7.938926261462366e-05,5.806299209594727,6.810726165771484,1.0044269561767578,0.09794437885284424,0.2448609471321106,0.011487304233014584,0.03688029199838638,True
RN50__attnpool,100_200,0,10,0.0001,7.500000000000001e-05,5.723960876464844,6.79561710357666,1.0716562271118164,0.10459492355585098,0.2714631259441376,0.011487304233014584,0.040507860481739044,True
RN50__attnpool,100_200,0,11,0.0001,7.033683215379003e-05,5.653563499450684,6.785500526428223,1.131937026977539,0.12273277342319489,0.2968561053276062,0.008464328944683075,0.03990326449275017,True
RN50__attnpool,100_200,0,12,0.0001,6.545084971874738e-05,5.588915824890137,6.7777180671691895,1.1888022422790527,0.13603386282920837,0.32466748356819153,0.009068924002349377,0.0417170524597168,True
RN50__attnpool,100_200,0,13,0.0001,6.039558454088797e-05,5.531625747680664,6.768237113952637,1.2366113662719727,0.14691656827926636,0.34280532598495483,0.01027811411768198,0.04292624071240425,True
RN50__attnpool,100_200,0,14,0.0001,5.522642316338269e-05,5.481846332550049,6.762736797332764,1.2808904647827148,0.16505442559719086,0.36033859848976135,0.009673519060015678,0.04715840518474579,True
RN50__attnpool,100_200,0,15,0.0001,5.000000000000002e-05,5.43431282043457,6.7589826583862305,1.3246698379516602,0.17533253133296967,0.37666264176368713,0.009673519060015678,0.04655380919575691,True
RN50__attnpool,100_200,0,16,0.0001,4.4773576836617344e-05,5.397879600524902,6.754949569702148,1.357069969177246,0.18681983649730682,0.3881499469280243,0.008464328944683075,0.04655380919575691,True
RN50__attnpool,100_200,0,17,0.0001,3.9604415459112035e-05,5.359014511108398,6.748623847961426,1.3896093368530273,0.19830714166164398,0.4002418518066406,0.009673519060015678,0.04534462094306946,True
RN50__attnpool,100_200,0,18,0.0001,3.4549150281252636e-05,5.33165168762207,6.749901294708252,1.4182496070861816,0.20495767891407013,0.4189842939376831,0.01027811411768198,0.04474002495408058,False
RN50__attnpool,100_200,0,19,0.0001,2.966316784621e-05,5.30466365814209,6.748010635375977,1.4433469772338867,0.2079806625843048,0.42321646213531494,0.009673519060015678,0.04474002495408058,True
RN50__attnpool,100_200,0,20,0.0001,2.5000000000000015e-05,5.281642913818359,6.746004581451416,1.4643616676330566,0.2188633680343628,0.4322853684425354,0.010882709175348282,0.045949216932058334,True
RN50__attnpool,100_200,0,21,0.0001,2.0610737385376352e-05,5.26269006729126,6.744106769561768,1.4814167022705078,0.22188633680343628,0.4419589042663574,0.009068924002349377,0.045949216932058334,True
RN50__attnpool,100_200,0,22,0.0001,1.654346968205711e-05,5.247580051422119,6.743531227111816,1.4959511756896973,0.2212817519903183,0.44377267360687256,0.009673519060015678,0.04474002495408058,True
RN50__attnpool,100_200,0,23,0.0001,1.2842758726130304e-05,5.235247611999512,6.7424635887146,1.507215976715088,0.22611850500106812,0.44921404123306274,0.009673519060015678,0.04655380919575691,True
RN50__attnpool,100_200,0,24,0.0001,9.549150281252636e-06,5.226722717285156,6.742218017578125,1.5154953002929688,0.2267231047153473,0.45223701000213623,0.01027811411768198,0.04534462094306946,True
RN50__attnpool,100_200,0,25,0.0001,6.698729810778068e-06,5.219202041625977,6.741939544677734,1.5227375030517578,0.22853688895702362,0.4528416097164154,0.009673519060015678,0.04474002495408058,True
RN50__attnpool,100_200,0,26,0.0001,4.322727117869953e-06,5.214297294616699,6.741577625274658,1.527280330657959,0.23216445744037628,0.45405080914497375,0.01027811411768198,0.045949216932058334,True
RN50__attnpool,100_200,0,27,0.0001,2.447174185242324e-06,5.2114033699035645,6.741610050201416,1.5302066802978516,0.2339782416820526,0.4552599787712097,0.009673519060015678,0.04534462094306946,False
RN50__attnpool,100_200,0,28,0.0001,1.092619963309716e-06,5.209544658660889,6.74150276184082,1.5319581031799316,0.23579202592372894,0.4558645784854889,0.01027811411768198,0.045949216932058334,True
RN50__attnpool,100_200,0,29,0.0001,2.7390523158633003e-07,5.208829879760742,6.741468906402588,1.5326390266418457,0.23579202592372894,0.45646917819976807,0.009673519060015678,0.04534462094306946,True
RN50__attnpool,100_200,0,30,0.0001,0.0,5.208630561828613,6.741458892822266,1.5328283309936523,0.23579202592372894,0.45646917819976807,0.009673519060015678,0.045949216932058334,True
RN50__attnpool,100_200,1,1,0.01,9.972609476841367e-05,7.127537727355957,7.308074474334717,0.18053674697875977,0.0042321644723415375,0.019347038120031357,0.0018137848237529397,0.008464328944683075,True
RN50__attnpool,100_200,1,2,0.01,9.890738003669029e-05,6.823330402374268,7.148194789886475,0.32486438751220703,0.014510278590023518,0.04655380919575691,0.0030229748226702213,0.012696493417024612,True
RN50__attnpool,100_200,1,3,0.01,9.755282581475769e-05,6.584814071655273,7.044162750244141,0.4593486785888672,0.022974608466029167,0.077992744743824,0.0036275696475058794,0.015719467774033546,True
RN50__attnpool,100_200,1,4,0.01,9.567727288213003e-05,6.394235610961914,6.968964576721191,0.5747289657592773,0.03688029199838638,0.1118500605225563,0.0042321644723415375,0.022974608466029167,True
RN50__attnpool,100_200,1,5,0.01,9.330127018922194e-05,6.234680652618408,6.91959810256958,0.6849174499511719,0.04897218942642212,0.1457073837518692,0.006045949645340443,0.02660217694938183,True
RN50__attnpool,100_200,1,6,0.01,9.045084971874738e-05,6.097848892211914,6.876685619354248,0.778836727142334,0.06408706307411194,0.18379686772823334,0.006045949645340443,0.027206772938370705,True
RN50__attnpool,100_200,1,7,0.01,8.715724127386972e-05,5.980183124542236,6.8463544845581055,0.8661713600158691,0.07134220004081726,0.2031438946723938,0.007859733887016773,0.03325272351503372,True
RN50__attnpool,100_200,1,8,0.01,8.345653031794292e-05,5.880305290222168,6.824419021606445,0.9441137313842773,0.08766626566648483,0.22309553623199463,0.009673519060015678,0.034461911767721176,True
RN50__attnpool,100_200,1,9,0.01,7.938926261462366e-05,5.790057182312012,6.807045936584473,1.016988754272461,0.10761789977550507,0.2472793310880661,0.010882709175348282,0.0338573157787323,True
RN50__attnpool,100_200,1,10,0.01,7.500000000000001e-05,5.710549831390381,6.793802261352539,1.0832524299621582,0.11850060522556305,0.27932286262512207,0.010882709175348282,0.03627569600939751,True
RN50__attnpool,100_200,1,11,0.01,7.033683215379003e-05,5.637880325317383,6.784686088562012,1.146805763244629,0.1354292631149292,0.2962515354156494,0.009673519060015678,0.03748488798737526,True
RN50__attnpool,100_200,1,12,0.01,6.545084971874738e-05,5.57661247253418,6.776339530944824,1.1997270584106445,0.14389359951019287,0.3198307156562805,0.01027811411768198,0.03688029199838638,True
RN50__attnpool,100_200,1,13,0.01,6.039558454088797e-05,5.51961612701416,6.767169952392578,1.247553825378418,0.15538090467453003,0.3403869569301605,0.009068924002349377,0.03748488798737526,True
RN50__attnpool,100_200,1,14,0.01,5.522642316338269e-05,5.467807769775391,6.765316009521484,1.2975082397460938,0.16868199408054352,0.3567110300064087,0.009068924002349377,0.03808948025107384,True
RN50__attnpool,100_200,1,15,0.01,5.000000000000002e-05,5.420564651489258,6.760562896728516,1.3399982452392578,0.17654171586036682,0.3694075047969818,0.01027811411768198,0.040507860481739044,True
RN50__attnpool,100_200,1,16,0.01,4.4773576836617344e-05,5.381512641906738,6.756781578063965,1.3752689361572266,0.18561065196990967,0.38452237844467163,0.01027811411768198,0.0417170524597168,True
RN50__attnpool,100_200,1,17,0.01,3.9604415459112035e-05,5.346091270446777,6.7563042640686035,1.4102129936218262,0.19226118922233582,0.4038694202899933,0.009068924002349377,0.03990326449275017,True
RN50__attnpool,100_200,1,18,0.01,3.4549150281252636e-05,5.315834999084473,6.754268646240234,1.4384336471557617,0.20374849438667297,0.4159613251686096,0.009068924002349377,0.042321644723415375,True
RN50__attnpool,100_200,1,19,0.01,2.966316784621e-05,5.289868354797363,6.753067970275879,1.4631996154785156,0.2158403992652893,0.42865779995918274,0.01027811411768198,0.03990326449275017,True
RN50__attnpool,100_200,1,20,0.01,2.5000000000000015e-05,5.268896102905273,6.752477645874023,1.48358154296875,0.21946796774864197,0.4347037672996521,0.009068924002349377,0.0417170524597168,True
RN50__attnpool,100_200,1,21,0.01,2.0610737385376352e-05,5.250479698181152,6.751094818115234,1.500615119934082,0.22853688895702362,0.44619107246398926,0.01027811411768198,0.03990326449275017,True
RN50__attnpool,100_200,1,22,0.01,1.654346968205711e-05,5.234128952026367,6.751859664916992,1.517730712890625,0.23276905715465546,0.45102784037590027,0.009673519060015678,0.042321644723415375,False
RN50__attnpool,100_200,1,23,0.01,1.2842758726130304e-05,5.222032070159912,6.751236915588379,1.5292048454284668,0.23337364196777344,0.4600967466831207,0.010882709175348282,0.0417170524597168,False
RN50__attnpool,100_200,1,24,0.01,9.549150281252636e-06,5.213138580322266,6.750767707824707,1.5376291275024414,0.2339782416820526,0.4607013463973999,0.01027811411768198,0.040507860481739044,True
RN50__attnpool,100_200,1,25,0.01,6.698729810778068e-06,5.205941200256348,6.751011371612549,1.5450701713562012,0.2370012104511261,0.4667472839355469,0.010882709175348282,0.0417170524597168,False
RN50__attnpool,100_200,1,26,0.01,4.322727117869953e-06,5.2008256912231445,6.750996112823486,1.5501704216003418,0.23821040987968445,0.46735188364982605,0.010882709175348282,0.042321644723415375,False
RN50__attnpool,100_200,1,27,0.01,2.447174185242324e-06,5.1978607177734375,6.750922203063965,1.5530614852905273,0.2418379783630371,0.4679564833641052,0.011487304233014584,0.0417170524597168,False
RN50__attnpool,100_200,1,28,0.01,1.092619963309716e-06,5.1962666511535645,6.750865936279297,1.5545992851257324,0.24002419412136078,0.4691656827926636,0.011487304233014584,0.04111245647072792,False
RN50__attnpool,100_200,1,29,0.01,2.7390523158633003e-07,5.195499420166016,6.750870704650879,1.5553712844848633,0.24002419412136078,0.47037485241889954,0.010882709175348282,0.04111245647072792,False
RN50__attnpool,100_200,1,30,0.01,0.0,5.1953125,6.7508745193481445,1.5555620193481445,0.24002419412136078,0.47037485241889954,0.010882709175348282,0.04111245647072792,False
RN50__attnpool,100_200,1,1,0.0001,9.972609476841367e-05,7.12754487991333,7.308076858520508,0.18053197860717773,0.0042321644723415375,0.019347038120031357,0.0018137848237529397,0.008464328944683075,True
RN50__attnpool,100_200,1,2,0.0001,9.890738003669029e-05,6.823355674743652,7.1482062339782715,0.32485055923461914,0.014510278590023518,0.04655380919575691,0.0030229748226702213,0.012696493417024612,True
RN50__attnpool,100_200,1,3,0.0001,9.755282581475769e-05,6.584861755371094,7.0441789627075195,0.4593172073364258,0.022974608466029167,0.077992744743824,0.0036275696475058794,0.015719467774033546,True
RN50__attnpool,100_200,1,4,0.0001,9.567727288213003e-05,6.3943095207214355,6.9689860343933105,0.574676513671875,0.03688029199838638,0.1118500605225563,0.0042321644723415375,0.022974608466029167,True
RN50__attnpool,100_200,1,5,0.0001,9.330127018922194e-05,6.2347798347473145,6.919624328613281,0.6848444938659668,0.04897218942642212,0.1457073837518692,0.006045949645340443,0.02660217694938183,True
RN50__attnpool,100_200,1,6,0.0001,9.045084971874738e-05,6.0979743003845215,6.876712799072266,0.7787384986877441,0.06408706307411194,0.18379686772823334,0.006045949645340443,0.027206772938370705,True
RN50__attnpool,100_200,1,7,0.0001,8.715724127386972e-05,5.980334281921387,6.846382141113281,0.8660478591918945,0.07134220004081726,0.20253930985927582,0.007859733887016773,0.03325272351503372,True
RN50__attnpool,100_200,1,8,0.0001,8.345653031794292e-05,5.880481719970703,6.8244476318359375,0.9439659118652344,0.08766626566648483,0.22309553623199463,0.009673519060015678,0.034461911767721176,True
RN50__attnpool,100_200,1,9,0.0001,7.938926261462366e-05,5.790257453918457,6.80707311630249,1.0168156623840332,0.10761789977550507,0.2472793310880661,0.010882709175348282,0.0338573157787323,True
RN50__attnpool,100_200,1,10,0.0001,7.500000000000001e-05,5.710775375366211,6.793828964233398,1.0830535888671875,0.11850060522556305,0.27932286262512207,0.010882709175348282,0.03627569600939751,True
RN50__attnpool,100_200,1,11,0.0001,7.033683215379003e-05,5.638127326965332,6.7847089767456055,1.1465816497802734,0.13482467830181122,0.2962515354156494,0.009673519060015678,0.03748488798737526,True
RN50__attnpool,100_200,1,12,0.0001,6.545084971874738e-05,5.576882362365723,6.776361465454102,1.199479103088379,0.14389359951019287,0.3198307156562805,0.01027811411768198,0.03688029199838638,True
RN50__attnpool,100_200,1,13,0.0001,6.039558454088797e-05,5.519906997680664,6.767190456390381,1.2472834587097168,0.15538090467453003,0.3403869569301605,0.009068924002349377,0.03748488798737526,True
RN50__attnpool,100_200,1,14,0.0001,5.522642316338269e-05,5.468118667602539,6.765332221984863,1.2972135543823242,0.16868199408054352,0.3567110300064087,0.009068924002349377,0.03808948025107384,True
RN50__attnpool,100_200,1,15,0.0001,5.000000000000002e-05,5.420896530151367,6.760577201843262,1.3396806716918945,0.17654171586036682,0.3694075047969818,0.01027811411768198,0.040507860481739044,True
RN50__attnpool,100_200,1,16,0.0001,4.4773576836617344e-05,5.38185977935791,6.756793975830078,1.374934196472168,0.18561065196990967,0.38452237844467163,0.01027811411768198,0.0417170524597168,True
RN50__attnpool,100_200,1,17,0.0001,3.9604415459112035e-05,5.346454620361328,6.756312847137451,1.409858226776123,0.19226118922233582,0.4032648205757141,0.009068924002349377,0.03990326449275017,True
RN50__attnpool,100_200,1,18,0.0001,3.4549150281252636e-05,5.31620979309082,6.754276275634766,1.4380664825439453,0.2031438946723938,0.41535672545433044,0.009068924002349377,0.042321644723415375,True
RN50__attnpool,100_200,1,19,0.0001,2.966316784621e-05,5.290255546569824,6.753072738647461,1.4628171920776367,0.2158403992652893,0.42865779995918274,0.01027811411768198,0.03990326449275017,True
RN50__attnpool,100_200,1,20,0.0001,2.5000000000000015e-05,5.269292831420898,6.752478122711182,1.4831852912902832,0.21946796774864197,0.4347037672996521,0.009068924002349377,0.0417170524597168,True
RN50__attnpool,100_200,1,21,0.0001,2.0610737385376352e-05,5.250885009765625,6.751093864440918,1.500208854675293,0.22853688895702362,0.44619107246398926,0.01027811411768198,0.03990326449275017,True
RN50__attnpool,100_200,1,22,0.0001,1.654346968205711e-05,5.2345404624938965,6.751858711242676,1.5173182487487793,0.23216445744037628,0.45102784037590027,0.009673519060015678,0.042321644723415375,False
RN50__attnpool,100_200,1,23,0.0001,1.2842758726130304e-05,5.22244930267334,6.75123405456543,1.5287847518920898,0.23337364196777344,0.45949214696884155,0.010882709175348282,0.0417170524597168,False
RN50__attnpool,100_200,1,24,0.0001,9.549150281252636e-06,5.213558673858643,6.750762939453125,1.5372042655944824,0.2339782416820526,0.4607013463973999,0.01027811411768198,0.040507860481739044,True
RN50__attnpool,100_200,1,25,0.0001,6.698729810778068e-06,5.206364631652832,6.751005172729492,1.5446405410766602,0.2370012104511261,0.4667472839355469,0.010882709175348282,0.0417170524597168,False
RN50__attnpool,100_200,1,26,0.0001,4.322727117869953e-06,5.201250076293945,6.750988960266113,1.549738883972168,0.23760581016540527,0.4667472839355469,0.010882709175348282,0.042321644723415375,False
RN50__attnpool,100_200,1,27,0.0001,2.447174185242324e-06,5.198284149169922,6.750913619995117,1.5526294708251953,0.2418379783630371,0.4679564833641052,0.011487304233014584,0.042321644723415375,False
RN50__attnpool,100_200,1,28,0.0001,1.092619963309716e-06,5.196691513061523,6.750860214233398,1.554168701171875,0.24002419412136078,0.4691656827926636,0.011487304233014584,0.04111245647072792,False
RN50__attnpool,100_200,1,29,0.0001,2.7390523158633003e-07,5.195924282073975,6.750864028930664,1.5549397468566895,0.2394195944070816,0.47037485241889954,0.010882709175348282,0.04111245647072792,False
RN50__attnpool,100_200,1,30,0.0001,0.0,5.195737838745117,6.75086784362793,1.5551300048828125,0.24002419412136078,0.47037485241889954,0.010882709175348282,0.0417170524597168,False
RN50__attnpool,300_400,0,1,0.01,9.972609476841367e-05,7.250463008880615,7.40878963470459,0.1583266258239746,0.0024183797650039196,0.01027811411768198,0.0012091898825019598,0.008464328944683075,True
RN50__attnpool,300_400,0,2,0.01,9.890738003669029e-05,7.034641742706299,7.322994709014893,0.28835296630859375,0.004836759530007839,0.02055622823536396,0.0,0.007859733887016773,True
RN50__attnpool,300_400,0,3,0.01,9.755282581475769e-05,6.842758655548096,7.266092300415039,0.42333364486694336,0.008464328944683075,0.04474002495408058,0.0012091898825019598,0.007859733887016773,True
RN50__attnpool,300_400,0,4,0.01,9.567727288213003e-05,6.6810503005981445,7.223597526550293,0.5425472259521484,0.01511487364768982,0.0755743682384491,0.0012091898825019598,0.01027811411768198,True
RN50__attnpool,300_400,0,5,0.01,9.330127018922194e-05,6.542579174041748,7.193457126617432,0.6508779525756836,0.0259975828230381,0.09673519432544708,0.0012091898825019598,0.011487304233014584,True
RN50__attnpool,300_400,0,6,0.01,9.045084971874738e-05,6.419609546661377,7.166319847106934,0.7467103004455566,0.028415963053703308,0.11366385221481323,0.0012091898825019598,0.013301088474690914,True
RN50__attnpool,300_400,0,7,0.01,8.715724127386972e-05,6.312566757202148,7.146523475646973,0.8339567184448242,0.045949216932058334,0.14510278403759003,0.0012091898825019598,0.015719467774033546,True
RN50__attnpool,300_400,0,8,0.01,8.345653031794292e-05,6.22208309173584,7.1303019523620605,0.9082188606262207,0.055622734129428864,0.16444982588291168,0.0018137848237529397,0.014510278590023518,True
RN50__attnpool,300_400,0,9,0.01,7.938926261462366e-05,6.142045497894287,7.119711875915527,0.9776663780212402,0.06469165533781052,0.182587668299675,0.0018137848237529397,0.015719467774033546,True
RN50__attnpool,300_400,0,10,0.01,7.500000000000001e-05,6.06580924987793,7.10539436340332,1.0395851135253906,0.08041112869977951,0.2085852473974228,0.0018137848237529397,0.017533253878355026,True
RN50__attnpool,300_400,0,11,0.01,7.033683215379003e-05,5.997890472412109,7.098639488220215,1.1007490158081055,0.09068924188613892,0.2237001210451126,0.0030229748226702213,0.016324063763022423,True
RN50__attnpool,300_400,0,12,0.01,6.545084971874738e-05,5.940993309020996,7.0921125411987305,1.1511192321777344,0.10036276280879974,0.24244257807731628,0.0030229748226702213,0.017533253878355026,True
RN50__attnpool,300_400,0,13,0.01,6.039558454088797e-05,5.889252662658691,7.088403224945068,1.199150562286377,0.11245466023683548,0.2654171884059906,0.0030229748226702213,0.013905683532357216,True
RN50__attnpool,300_400,0,14,0.01,5.522642316338269e-05,5.841856479644775,7.082942962646484,1.241086483001709,0.12091898918151855,0.2805320620536804,0.004836759530007839,0.016324063763022423,True
RN50__attnpool,300_400,0,15,0.01,5.000000000000002e-05,5.7976226806640625,7.081862449645996,1.2842397689819336,0.13119709491729736,0.2968561053276062,0.004836759530007839,0.015719467774033546,True
RN50__attnpool,300_400,0,16,0.01,4.4773576836617344e-05,5.763930320739746,7.0785393714904785,1.3146090507507324,0.14510278403759003,0.30350667238235474,0.0036275696475058794,0.015719467774033546,True
RN50__attnpool,300_400,0,17,0.01,3.9604415459112035e-05,5.729904651641846,7.073996543884277,1.3440918922424316,0.1487303525209427,0.30834341049194336,0.005441354587674141,0.014510278590023518,True
RN50__attnpool,300_400,0,18,0.01,3.4549150281252636e-05,5.703424453735352,7.07666015625,1.3732357025146484,0.15538090467453003,0.32103991508483887,0.005441354587674141,0.015719467774033546,False
RN50__attnpool,300_400,0,19,0.01,2.966316784621e-05,5.67844295501709,7.075085639953613,1.3966426849365234,0.15779927372932434,0.3234582841396332,0.005441354587674141,0.015719467774033546,False
RN50__attnpool,300_400,0,20,0.01,2.5000000000000015e-05,5.657005310058594,7.0740509033203125,1.4170455932617188,0.1638452261686325,0.3307134211063385,0.004836759530007839,0.015719467774033546,False
RN50__attnpool,300_400,0,21,0.01,2.0610737385376352e-05,5.639723777770996,7.0735273361206055,1.4338035583496094,0.17110036313533783,0.33736398816108704,0.005441354587674141,0.014510278590023518,True
RN50__attnpool,300_400,0,22,0.01,1.654346968205711e-05,5.626349449157715,7.072938919067383,1.446589469909668,0.1747279316186905,0.34461912512779236,0.005441354587674141,0.01511487364768982,True
RN50__attnpool,300_400,0,23,0.01,1.2842758726130304e-05,5.615056991577148,7.072836875915527,1.457779884338379,0.17896009981632233,0.348246693611145,0.005441354587674141,0.016324063763022423,True
RN50__attnpool,300_400,0,24,0.01,9.549150281252636e-06,5.606801509857178,7.073472023010254,1.4666705131530762,0.17896009981632233,0.35247886180877686,0.005441354587674141,0.015719467774033546,False
RN50__attnpool,300_400,0,25,0.01,6.698729810778068e-06,5.600121021270752,7.072809219360352,1.4726881980895996,0.18077388405799866,0.354292631149292,0.004836759530007839,0.014510278590023518,True
RN50__attnpool,300_400,0,26,0.01,4.322727117869953e-06,5.595747947692871,7.072559833526611,1.4768118858337402,0.18137848377227783,0.3561064302921295,0.004836759530007839,0.01511487364768982,True
RN50__attnpool,300_400,0,27,0.01,2.447174185242324e-06,5.592862129211426,7.072610855102539,1.4797487258911133,0.18016929924488068,0.3561064302921295,0.004836759530007839,0.01511487364768982,False
RN50__attnpool,300_400,0,28,0.01,1.092619963309716e-06,5.591224670410156,7.072623252868652,1.481398582458496,0.18077388405799866,0.3573155999183655,0.004836759530007839,0.015719467774033546,False
RN50__attnpool,300_400,0,29,0.01,2.7390523158633003e-07,5.590590953826904,7.0725932121276855,1.4820022583007812,0.18077388405799866,0.3561064302921295,0.004836759530007839,0.01511487364768982,False
RN50__attnpool,300_400,0,30,0.01,0.0,5.5904130935668945,7.072587013244629,1.4821739196777344,0.18077388405799866,0.3561064302921295,0.004836759530007839,0.01511487364768982,False
RN50__attnpool,300_400,0,1,0.0001,9.972609476841367e-05,7.250469207763672,7.408792495727539,0.1583232879638672,0.0024183797650039196,0.01027811411768198,0.0012091898825019598,0.008464328944683075,True
RN50__attnpool,300_400,0,2,0.0001,9.890738003669029e-05,7.034663200378418,7.323000907897949,0.28833770751953125,0.004836759530007839,0.02055622823536396,0.0,0.007859733887016773,True
RN50__attnpool,300_400,0,3,0.0001,9.755282581475769e-05,6.84280252456665,7.266101837158203,0.42329931259155273,0.008464328944683075,0.04474002495408058,0.0012091898825019598,0.007859733887016773,True
RN50__attnpool,300_400,0,4,0.0001,9.567727288213003e-05,6.681119918823242,7.223611831665039,0.5424919128417969,0.01511487364768982,0.0755743682384491,0.0012091898825019598,0.01027811411768198,True
RN50__attnpool,300_400,0,5,0.0001,9.330127018922194e-05,6.542672157287598,7.193475246429443,0.6508030891418457,0.0259975828230381,0.09673519432544708,0.0012091898825019598,0.011487304233014584,True
RN50__attnpool,300_400,0,6,0.0001,9.045084971874738e-05,6.419727325439453,7.1663408279418945,0.7466135025024414,0.028415963053703308,0.11305925250053406,0.0012091898825019598,0.013301088474690914,True
RN50__attnpool,300_400,0,7,0.0001,8.715724127386972e-05,6.312708854675293,7.146544456481934,0.8338356018066406,0.045949216932058334,0.14510278403759003,0.0012091898825019598,0.015719467774033546,True
RN50__attnpool,300_400,0,8,0.0001,8.345653031794292e-05,6.222246170043945,7.130324363708496,0.9080781936645508,0.055622734129428864,0.16444982588291168,0.0018137848237529397,0.014510278590023518,True
RN50__attnpool,300_400,0,9,0.0001,7.938926261462366e-05,6.142229080200195,7.119732856750488,0.977503776550293,0.06469165533781052,0.182587668299675,0.0018137848237529397,0.015719467774033546,True
RN50__attnpool,300_400,0,10,0.0001,7.500000000000001e-05,6.066015243530273,7.105419158935547,1.0394039154052734,0.08041112869977951,0.2085852473974228,0.0018137848237529397,0.017533253878355026,True
RN50__attnpool,300_400,0,11,0.0001,7.033683215379003e-05,5.998120307922363,7.098662376403809,1.1005420684814453,0.09068924188613892,0.2237001210451126,0.0030229748226702213,0.016324063763022423,True
RN50__attnpool,300_400,0,12,0.0001,6.545084971874738e-05,5.941242218017578,7.092136383056641,1.1508941650390625,0.10036276280879974,0.24244257807731628,0.0030229748226702213,0.017533253878355026,True
RN50__attnpool,300_400,0,13,0.0001,6.039558454088797e-05,5.889523506164551,7.0884246826171875,1.1989011764526367,0.11245466023683548,0.2654171884059906,0.0030229748226702213,0.013905683532357216,True
RN50__attnpool,300_400,0,14,0.0001,5.522642316338269e-05,5.842145919799805,7.082962989807129,1.2408170700073242,0.12031439691781998,0.2805320620536804,0.004836759530007839,0.016324063763022423,True
RN50__attnpool,300_400,0,15,0.0001,5.000000000000002e-05,5.79793119430542,7.081878662109375,1.283947467803955,0.13119709491729736,0.2968561053276062,0.004836759530007839,0.015719467774033546,True
RN50__attnpool,300_400,0,16,0.0001,4.4773576836617344e-05,5.764252662658691,7.078556537628174,1.3143038749694824,0.14510278403759003,0.30350667238235474,0.0036275696475058794,0.015719467774033546,True
RN50__attnpool,300_400,0,17,0.0001,3.9604415459112035e-05,5.7302446365356445,7.074012279510498,1.3437676429748535,0.1487303525209427,0.30834341049194336,0.005441354587674141,0.014510278590023518,True
RN50__attnpool,300_400,0,18,0.0001,3.4549150281252636e-05,5.7037763595581055,7.076672554016113,1.3728961944580078,0.15538090467453003,0.32103991508483887,0.005441354587674141,0.015719467774033546,False
RN50__attnpool,300_400,0,19,0.0001,2.966316784621e-05,5.678804397583008,7.075098037719727,1.3962936401367188,0.15719468891620636,0.322853684425354,0.005441354587674141,0.015719467774033546,False
RN50__attnpool,300_400,0,20,0.0001,2.5000000000000015e-05,5.65737771987915,7.074062347412109,1.416684627532959,0.1638452261686325,0.3307134211063385,0.004836759530007839,0.015719467774033546,False
RN50__attnpool,300_400,0,21,0.0001,2.0610737385376352e-05,5.640103816986084,7.0735368728637695,1.4334330558776855,0.17110036313533783,0.33736398816108704,0.005441354587674141,0.014510278590023518,True
RN50__attnpool,300_400,0,22,0.0001,1.654346968205711e-05,5.626734733581543,7.0729475021362305,1.4462127685546875,0.1741233468055725,0.3440145254135132,0.005441354587674141,0.01511487364768982,True
RN50__attnpool,300_400,0,23,0.0001,1.2842758726130304e-05,5.615447998046875,7.072845458984375,1.4573974609375,0.17896009981632233,0.348246693611145,0.005441354587674141,0.016324063763022423,True
RN50__attnpool,300_400,0,24,0.0001,9.549150281252636e-06,5.607196807861328,7.073477745056152,1.4662809371948242,0.17896009981632233,0.35247886180877686,0.005441354587674141,0.015719467774033546,False
RN50__attnpool,300_400,0,25,0.0001,6.698729810778068e-06,5.600520133972168,7.072815418243408,1.4722952842712402,0.18077388405799866,0.354292631149292,0.004836759530007839,0.014510278590023518,True
RN50__attnpool,300_400,0,26,0.0001,4.322727117869953e-06,5.596148490905762,7.072566032409668,1.4764175415039062,0.18137848377227783,0.3561064302921295,0.004836759530007839,0.01511487364768982,True
RN50__attnpool,300_400,0,27,0.0001,2.447174185242324e-06,5.593262672424316,7.0726165771484375,1.479353904724121,0.1795646995306015,0.3561064302921295,0.004836759530007839,0.01511487364768982,False
RN50__attnpool,300_400,0,28,0.0001,1.092619963309716e-06,5.591626167297363,7.072628974914551,1.4810028076171875,0.18077388405799866,0.3573155999183655,0.005441354587674141,0.015719467774033546,False
RN50__attnpool,300_400,0,29,0.0001,2.7390523158633003e-07,5.590991497039795,7.072599411010742,1.4816079139709473,0.18077388405799866,0.3561064302921295,0.004836759530007839,0.01511487364768982,False
RN50__attnpool,300_400,0,30,0.0001,0.0,5.590814590454102,7.072592735290527,1.4817781448364258,0.18077388405799866,0.3561064302921295,0.004836759530007839,0.01511487364768982,False
RN50__attnpool,300_400,1,1,0.01,9.972609476841367e-05,7.243528366088867,7.381393909454346,0.13786554336547852,0.0024183797650039196,0.011487304233014584,0.0024183797650039196,0.009673519060015678,True
RN50__attnpool,300_400,1,2,0.01,9.890738003669029e-05,7.026773452758789,7.2938690185546875,0.26709556579589844,0.006045949645340443,0.02660217694938183,0.004836759530007839,0.009673519060015678,True
RN50__attnpool,300_400,1,3,0.01,9.755282581475769e-05,6.840804100036621,7.238446235656738,0.3976421356201172,0.015719467774033546,0.05320435389876366,0.0018137848237529397,0.009673519060015678,True
RN50__attnpool,300_400,1,4,0.01,9.567727288213003e-05,6.683382511138916,7.197912216186523,0.5145297050476074,0.02660217694938183,0.07496977597475052,0.0018137848237529397,0.016324063763022423,True
RN50__attnpool,300_400,1,5,0.01,9.330127018922194e-05,6.544737815856934,7.169530868530273,0.6247930526733398,0.03567110002040863,0.1039903312921524,0.0036275696475058794,0.018137848004698753,True
RN50__attnpool,300_400,1,6,0.01,9.045084971874738e-05,6.425522804260254,7.146258354187012,0.7207355499267578,0.04353083670139313,0.1330108940601349,0.0042321644723415375,0.019951632246375084,True
RN50__attnpool,300_400,1,7,0.01,8.715724127386972e-05,6.323051452636719,7.128992080688477,0.8059406280517578,0.05864571034908295,0.16082225739955902,0.006650544237345457,0.01874244399368763,True
RN50__attnpool,300_400,1,8,0.01,8.345653031794292e-05,6.233241081237793,7.117148399353027,0.8839073181152344,0.07073760777711868,0.17896009981632233,0.006045949645340443,0.019951632246375084,True
RN50__attnpool,300_400,1,9,0.01,7.938926261462366e-05,6.151683807373047,7.105860710144043,0.9541769027709961,0.08041112869977951,0.19951632618904114,0.006045949645340443,0.021765418350696564,True
RN50__attnpool,300_400,1,10,0.01,7.500000000000001e-05,6.0792341232299805,7.097370147705078,1.0181360244750977,0.09310761839151382,0.2212817519903183,0.004836759530007839,0.021160822361707687,True
RN50__attnpool,300_400,1,11,0.01,7.033683215379003e-05,6.01554012298584,7.089871406555176,1.074331283569336,0.1015719473361969,0.23639662563800812,0.005441354587674141,0.021765418350696564,True
RN50__attnpool,300_400,1,12,0.01,6.545084971874738e-05,5.958460330963135,7.082639694213867,1.1241793632507324,0.11245466023683548,0.24909311532974243,0.004836759530007839,0.021160822361707687,True
RN50__attnpool,300_400,1,13,0.01,6.039558454088797e-05,5.90609073638916,7.079992771148682,1.1739020347595215,0.11789601296186447,0.2623941898345947,0.004836759530007839,0.021765418350696564,True
RN50__attnpool,300_400,1,14,0.01,5.522642316338269e-05,5.859582901000977,7.077868461608887,1.2182855606079102,0.13119709491729736,0.2726723253726959,0.005441354587674141,0.021765418350696564,True
RN50__attnpool,300_400,1,15,0.01,5.000000000000002e-05,5.814788341522217,7.073406219482422,1.258617877960205,0.13845224678516388,0.2859733998775482,0.0042321644723415375,0.021765418350696564,True
RN50__attnpool,300_400,1,16,0.01,4.4773576836617344e-05,5.778843879699707,7.071794509887695,1.2929506301879883,0.14631196856498718,0.2974607050418854,0.0042321644723415375,0.021160822361707687,True
RN50__attnpool,300_400,1,17,0.01,3.9604415459112035e-05,5.745168685913086,7.070487976074219,1.3253192901611328,0.1481257677078247,0.3125755786895752,0.005441354587674141,0.02055622823536396,True
RN50__attnpool,300_400,1,18,0.01,3.4549150281252636e-05,5.718092441558838,7.068499565124512,1.3504071235656738,0.1535671204328537,0.32406288385391235,0.004836759530007839,0.021160822361707687,True
RN50__attnpool,300_400,1,19,0.01,2.966316784621e-05,5.6934332847595215,7.069000720977783,1.3755674362182617,0.16021765768527985,0.3301088511943817,0.0042321644723415375,0.019347038120031357,False
RN50__attnpool,300_400,1,20,0.01,2.5000000000000015e-05,5.674309253692627,7.0700907707214355,1.3957815170288086,0.16565901041030884,0.33494558930397034,0.0042321644723415375,0.02055622823536396,False
RN50__attnpool,300_400,1,21,0.01,2.0610737385376352e-05,5.656040191650391,7.067529201507568,1.4114890098571777,0.1668682098388672,0.3403869569301605,0.0036275696475058794,0.02055622823536396,True
RN50__attnpool,300_400,1,22,0.01,1.654346968205711e-05,5.6413116455078125,7.067738056182861,1.4264264106750488,0.16747279465198517,0.34461912512779236,0.0042321644723415375,0.019951632246375084,False
RN50__attnpool,300_400,1,23,0.01,1.2842758726130304e-05,5.630485534667969,7.067599296569824,1.4371137619018555,0.17291414737701416,0.35006046295166016,0.0042321644723415375,0.019951632246375084,False
RN50__attnpool,300_400,1,24,0.01,9.549150281252636e-06,5.622248649597168,7.066799163818359,1.4445505142211914,0.17049577832221985,0.34764209389686584,0.0036275696475058794,0.02055622823536396,True
RN50__attnpool,300_400,1,25,0.01,6.698729810778068e-06,5.615439414978027,7.067056655883789,1.4516172409057617,0.17291414737701416,0.35006046295166016,0.0036275696475058794,0.021160822361707687,False
RN50__attnpool,300_400,1,26,0.01,4.322727117869953e-06,5.610860824584961,7.0671491622924805,1.4562883377075195,0.17593713104724884,0.349455863237381,0.0036275696475058794,0.02055622823536396,False
RN50__attnpool,300_400,1,27,0.01,2.447174185242324e-06,5.6083784103393555,7.067022323608398,1.458643913269043,0.17533253133296967,0.349455863237381,0.0030229748226702213,0.02055622823536396,False
RN50__attnpool,300_400,1,28,0.01,1.092619963309716e-06,5.60688591003418,7.067134380340576,1.4602484703063965,0.17593713104724884,0.35066506266593933,0.0030229748226702213,0.02055622823536396,False
RN50__attnpool,300_400,1,29,0.01,2.7390523158633003e-07,5.606091022491455,7.06716251373291,1.461071491241455,0.17593713104724884,0.3512696623802185,0.0030229748226702213,0.02055622823536396,False
RN50__attnpool,300_400,1,30,0.01,0.0,5.6059112548828125,7.067165851593018,1.461254596710205,0.17593713104724884,0.35066506266593933,0.0030229748226702213,0.02055622823536396,False
RN50__attnpool,300_400,1,1,0.0001,9.972609476841367e-05,7.243533134460449,7.381396770477295,0.1378636360168457,0.0024183797650039196,0.011487304233014584,0.0024183797650039196,0.009673519060015678,True
RN50__attnpool,300_400,1,2,0.0001,9.890738003669029e-05,7.026793956756592,7.293874263763428,0.26708030700683594,0.006045949645340443,0.02660217694938183,0.004836759530007839,0.009673519060015678,True
RN50__attnpool,300_400,1,3,0.0001,9.755282581475769e-05,6.840846061706543,7.238454818725586,0.39760875701904297,0.015719467774033546,0.05320435389876366,0.0018137848237529397,0.009673519060015678,True
RN50__attnpool,300_400,1,4,0.0001,9.567727288213003e-05,6.683448314666748,7.19792366027832,0.5144753456115723,0.02660217694938183,0.07496977597475052,0.0018137848237529397,0.016324063763022423,True
RN50__attnpool,300_400,1,5,0.0001,9.330127018922194e-05,6.544826507568359,7.169544696807861,0.624718189239502,0.03567110002040863,0.1039903312921524,0.0036275696475058794,0.01874244399368763,True
RN50__attnpool,300_400,1,6,0.0001,9.045084971874738e-05,6.425633430480957,7.146273612976074,0.7206401824951172,0.04353083670139313,0.1330108940601349,0.0042321644723415375,0.019951632246375084,True
RN50__attnpool,300_400,1,7,0.0001,8.715724127386972e-05,6.323185443878174,7.1290082931518555,0.8058228492736816,0.05864571034908295,0.16021765768527985,0.006650544237345457,0.01874244399368763,True
RN50__attnpool,300_400,1,8,0.0001,8.345653031794292e-05,6.233396530151367,7.11716365814209,0.8837671279907227,0.07073760777711868,0.17896009981632233,0.006045949645340443,0.019951632246375084,True
RN50__attnpool,300_400,1,9,0.0001,7.938926261462366e-05,6.151861190795898,7.105878829956055,0.9540176391601562,0.08041112869977951,0.19951632618904114,0.006045949645340443,0.021765418350696564,True
RN50__attnpool,300_400,1,10,0.0001,7.500000000000001e-05,6.079434394836426,7.097387313842773,1.0179529190063477,0.09310761839151382,0.2212817519903183,0.004836759530007839,0.021160822361707687,True
RN50__attnpool,300_400,1,11,0.0001,7.033683215379003e-05,6.0157623291015625,7.0898895263671875,1.074127197265625,0.1015719473361969,0.23639662563800812,0.005441354587674141,0.021765418350696564,True
RN50__attnpool,300_400,1,12,0.0001,6.545084971874738e-05,5.958703517913818,7.082656383514404,1.123952865600586,0.11245466023683548,0.24909311532974243,0.004836759530007839,0.021160822361707687,True
RN50__attnpool,300_400,1,13,0.0001,6.039558454088797e-05,5.906356334686279,7.080008506774902,1.173652172088623,0.11789601296186447,0.2623941898345947,0.004836759530007839,0.021765418350696564,True
RN50__attnpool,300_400,1,14,0.0001,5.522642316338269e-05,5.859866619110107,7.077883720397949,1.2180171012878418,0.13119709491729736,0.27206772565841675,0.005441354587674141,0.021765418350696564,True
RN50__attnpool,300_400,1,15,0.0001,5.000000000000002e-05,5.815091133117676,7.073419570922852,1.2583284378051758,0.13845224678516388,0.2859733998775482,0.0042321644723415375,0.021765418350696564,True
RN50__attnpool,300_400,1,16,0.0001,4.4773576836617344e-05,5.7791643142700195,7.071805953979492,1.2926416397094727,0.14631196856498718,0.2974607050418854,0.0042321644723415375,0.021160822361707687,True
RN50__attnpool,300_400,1,17,0.0001,3.9604415459112035e-05,5.745505332946777,7.070496559143066,1.324991226196289,0.1481257677078247,0.3125755786895752,0.005441354587674141,0.02055622823536396,True
RN50__attnpool,300_400,1,18,0.0001,3.4549150281252636e-05,5.718440055847168,7.068507194519043,1.350067138671875,0.1535671204328537,0.3234582841396332,0.004836759530007839,0.021160822361707687,True
RN50__attnpool,300_400,1,19,0.0001,2.966316784621e-05,5.693794250488281,7.069005966186523,1.3752117156982422,0.15961305797100067,0.3301088511943817,0.0042321644723415375,0.019347038120031357,False
RN50__attnpool,300_400,1,20,0.0001,2.5000000000000015e-05,5.674681663513184,7.070093154907227,1.395411491394043,0.16565901041030884,0.33494558930397034,0.0042321644723415375,0.02055622823536396,False
RN50__attnpool,300_400,1,21,0.0001,2.0610737385376352e-05,5.656420707702637,7.067531585693359,1.4111108779907227,0.1668682098388672,0.3403869569301605,0.0036275696475058794,0.02055622823536396,True
RN50__attnpool,300_400,1,22,0.0001,1.654346968205711e-05,5.641698837280273,7.067739486694336,1.4260406494140625,0.16747279465198517,0.34461912512779236,0.0042321644723415375,0.019951632246375084,False
RN50__attnpool,300_400,1,23,0.0001,1.2842758726130304e-05,5.630877494812012,7.067598342895508,1.436720848083496,0.17291414737701416,0.349455863237381,0.0042321644723415375,0.019951632246375084,False
RN50__attnpool,300_400,1,24,0.0001,9.549150281252636e-06,5.622645378112793,7.066797733306885,1.4441523551940918,0.17049577832221985,0.34764209389686584,0.0036275696475058794,0.02055622823536396,True
RN50__attnpool,300_400,1,25,0.0001,6.698729810778068e-06,5.615839004516602,7.067054271697998,1.4512152671813965,0.17230956256389618,0.35006046295166016,0.0036275696475058794,0.021160822361707687,False
RN50__attnpool,300_400,1,26,0.0001,4.322727117869953e-06,5.611261367797852,7.067147254943848,1.455885887145996,0.17593713104724884,0.349455863237381,0.0036275696475058794,0.02055622823536396,False
RN50__attnpool,300_400,1,27,0.0001,2.447174185242324e-06,5.6087799072265625,7.067020416259766,1.4582405090332031,0.17533253133296967,0.349455863237381,0.0030229748226702213,0.02055622823536396,False
RN50__attnpool,300_400,1,28,0.0001,1.092619963309716e-06,5.607287406921387,7.067131042480469,1.459843635559082,0.17593713104724884,0.35066506266593933,0.0030229748226702213,0.02055622823536396,False
RN50__attnpool,300_400,1,29,0.0001,2.7390523158633003e-07,5.606493949890137,7.067159652709961,1.4606657028198242,0.17593713104724884,0.3512696623802185,0.0030229748226702213,0.02055622823536396,False
RN50__attnpool,300_400,1,30,0.0001,0.0,5.606314659118652,7.067162036895752,1.4608473777770996,0.17593713104724884,0.3512696623802185,0.0030229748226702213,0.02055622823536396,False
RN50__attnpool,500_600,0,1,0.01,9.972609476841367e-05,7.360230445861816,7.513101577758789,0.15287113189697266,0.0024183797650039196,0.007859733887016773,0.0006045949412509799,0.005441354587674141,True
RN50__attnpool,500_600,0,2,0.01,9.890738003669029e-05,7.222027778625488,7.491311073303223,0.2692832946777344,0.006045949645340443,0.016324063763022423,0.0006045949412509799,0.004836759530007839,True
RN50__attnpool,500_600,0,3,0.01,9.755282581475769e-05,7.102998733520508,7.487196445465088,0.3841977119445801,0.010882709175348282,0.0338573157787323,0.0006045949412509799,0.006650544237345457,True
RN50__attnpool,500_600,0,4,0.01,9.567727288213003e-05,6.994573593139648,7.492581367492676,0.49800777435302734,0.01692865788936615,0.051390569657087326,0.0006045949412509799,0.006045949645340443,False
RN50__attnpool,500_600,0,5,0.01,9.330127018922194e-05,6.895567893981934,7.49815559387207,0.6025876998901367,0.02418379858136177,0.06711003929376602,0.0006045949412509799,0.005441354587674141,False
RN50__attnpool,500_600,0,6,0.01,9.045084971874738e-05,6.806577205657959,7.504544258117676,0.6979670524597168,0.027206772938370705,0.08282950520515442,0.0012091898825019598,0.004836759530007839,False
RN50__attnpool,500_600,0,7,0.01,8.715724127386972e-05,6.7259416580200195,7.510783672332764,0.7848420143127441,0.03688029199838638,0.09975816309452057,0.0018137848237529397,0.0042321644723415375,False
RN50__attnpool,500_600,0,8,0.01,8.345653031794292e-05,6.657770156860352,7.517641544342041,0.8598713874816895,0.04534462094306946,0.10761789977550507,0.0012091898825019598,0.0036275696475058794,False
RN50__attnpool,500_600,0,9,0.01,7.938926261462366e-05,6.594885349273682,7.525362968444824,0.9304776191711426,0.04836759716272354,0.12091898918151855,0.0012091898825019598,0.0030229748226702213,False
RN50__attnpool,500_600,0,10,0.01,7.500000000000001e-05,6.533360004425049,7.530613899230957,0.9972538948059082,0.05622733011841774,0.13361547887325287,0.0018137848237529397,0.0030229748226702213,False
RN50__attnpool,500_600,0,11,0.01,7.033683215379003e-05,6.478663444519043,7.53297758102417,1.054314136505127,0.06529625505208969,0.15054413676261902,0.0018137848237529397,0.0024183797650039196,False
RN50__attnpool,500_600,0,1,0.0001,9.972609476841367e-05,7.360235214233398,7.513103008270264,0.15286779403686523,0.0024183797650039196,0.007859733887016773,0.0006045949412509799,0.005441354587674141,True
RN50__attnpool,500_600,0,2,0.0001,9.890738003669029e-05,7.222042083740234,7.491313934326172,0.2692718505859375,0.006045949645340443,0.016324063763022423,0.0006045949412509799,0.004836759530007839,True
RN50__attnpool,500_600,0,3,0.0001,9.755282581475769e-05,7.103028774261475,7.4871978759765625,0.3841691017150879,0.010882709175348282,0.0338573157787323,0.0006045949412509799,0.006650544237345457,True
RN50__attnpool,500_600,0,4,0.0001,9.567727288213003e-05,6.994623184204102,7.492580413818359,0.4979572296142578,0.01692865788936615,0.051390569657087326,0.0006045949412509799,0.006045949645340443,False
RN50__attnpool,500_600,0,5,0.0001,9.330127018922194e-05,6.895636081695557,7.498154163360596,0.6025180816650391,0.02418379858136177,0.06711003929376602,0.0006045949412509799,0.005441354587674141,False
RN50__attnpool,500_600,0,6,0.0001,9.045084971874738e-05,6.806666374206543,7.50454044342041,0.6978740692138672,0.027206772938370705,0.08282950520515442,0.0012091898825019598,0.004836759530007839,False
RN50__attnpool,500_600,0,7,0.0001,8.715724127386972e-05,6.726051330566406,7.510777473449707,0.7847261428833008,0.03688029199838638,0.09975816309452057,0.0018137848237529397,0.0042321644723415375,False
RN50__attnpool,500_600,0,8,0.0001,8.345653031794292e-05,6.65789794921875,7.517632484436035,0.8597345352172852,0.04534462094306946,0.10761789977550507,0.0012091898825019598,0.0036275696475058794,False
RN50__attnpool,500_600,0,9,0.0001,7.938926261462366e-05,6.595034599304199,7.525351524353027,0.9303169250488281,0.04836759716272354,0.12091898918151855,0.0012091898825019598,0.0030229748226702213,False
RN50__attnpool,500_600,0,10,0.0001,7.500000000000001e-05,6.533533096313477,7.530600547790527,0.9970674514770508,0.05622733011841774,0.13361547887325287,0.0018137848237529397,0.0030229748226702213,False
RN50__attnpool,500_600,0,11,0.0001,7.033683215379003e-05,6.47885799407959,7.532962799072266,1.0541048049926758,0.06529625505208969,0.15054413676261902,0.0018137848237529397,0.0024183797650039196,False
RN50__attnpool,500_600,1,1,0.01,9.972609476841367e-05,7.338836669921875,7.520347595214844,0.18151092529296875,0.0018137848237529397,0.007859733887016773,0.0018137848237529397,0.007859733887016773,True
RN50__attnpool,500_600,1,2,0.01,9.890738003669029e-05,7.195254325866699,7.495089530944824,0.299835205078125,0.004836759530007839,0.01692865788936615,0.0018137848237529397,0.005441354587674141,True
RN50__attnpool,500_600,1,3,0.01,9.755282581475769e-05,7.077542304992676,7.495038986206055,0.4174966812133789,0.006045949645340443,0.027206772938370705,0.0018137848237529397,0.004836759530007839,True
RN50__attnpool,500_600,1,4,0.01,9.567727288213003e-05,6.9697113037109375,7.499027252197266,0.5293159484863281,0.013905683532357216,0.04897218942642212,0.0012091898825019598,0.0030229748226702213,False
RN50__attnpool,500_600,1,5,0.01,9.330127018922194e-05,6.86884880065918,7.504697799682617,0.6358489990234375,0.021160822361707687,0.06831923127174377,0.0012091898825019598,0.0030229748226702213,False
RN50__attnpool,500_600,1,6,0.01,9.045084971874738e-05,6.781383037567139,7.509227752685547,0.7278447151184082,0.032648127526044846,0.08887545764446259,0.0006045949412509799,0.0030229748226702213,False
RN50__attnpool,500_600,1,7,0.01,8.715724127386972e-05,6.702713966369629,7.513763427734375,0.8110494613647461,0.03627569600939751,0.10519952327013016,0.0006045949412509799,0.0024183797650039196,False
RN50__attnpool,500_600,1,8,0.01,8.345653031794292e-05,6.633305549621582,7.5194091796875,0.886103630065918,0.042321644723415375,0.12031439691781998,0.0006045949412509799,0.0024183797650039196,False
RN50__attnpool,500_600,1,9,0.01,7.938926261462366e-05,6.569713115692139,7.523443222045898,0.9537301063537598,0.051390569657087326,0.1324062943458557,0.0006045949412509799,0.0024183797650039196,False
RN50__attnpool,500_600,1,10,0.01,7.500000000000001e-05,6.511480331420898,7.52743673324585,1.0159564018249512,0.05864571034908295,0.15477630496025085,0.0006045949412509799,0.0024183797650039196,False
RN50__attnpool,500_600,1,11,0.01,7.033683215379003e-05,6.455877304077148,7.532397747039795,1.0765204429626465,0.07134220004081726,0.1668682098388672,0.0006045949412509799,0.0024183797650039196,False
RN50__attnpool,500_600,1,1,0.0001,9.972609476841367e-05,7.338840007781982,7.520348072052002,0.18150806427001953,0.0018137848237529397,0.007859733887016773,0.0018137848237529397,0.007859733887016773,True
RN50__attnpool,500_600,1,2,0.0001,9.890738003669029e-05,7.195266246795654,7.495090484619141,0.29982423782348633,0.004836759530007839,0.01692865788936615,0.0018137848237529397,0.005441354587674141,True
RN50__attnpool,500_600,1,3,0.0001,9.755282581475769e-05,7.077570915222168,7.495037078857422,0.4174661636352539,0.006045949645340443,0.027206772938370705,0.0018137848237529397,0.004836759530007839,True
RN50__attnpool,500_600,1,4,0.0001,9.567727288213003e-05,6.969757080078125,7.499023914337158,0.5292668342590332,0.013905683532357216,0.04897218942642212,0.0012091898825019598,0.0030229748226702213,False
RN50__attnpool,500_600,1,5,0.0001,9.330127018922194e-05,6.868913650512695,7.504695415496826,0.6357817649841309,0.021160822361707687,0.06831923127174377,0.0012091898825019598,0.0030229748226702213,False
RN50__attnpool,500_600,1,6,0.0001,9.045084971874738e-05,6.781465530395508,7.5092267990112305,0.7277612686157227,0.03204353153705597,0.08827085793018341,0.0006045949412509799,0.0030229748226702213,False
RN50__attnpool,500_600,1,7,0.0001,8.715724127386972e-05,6.702815055847168,7.513760566711426,0.8109455108642578,0.03627569600939751,0.10519952327013016,0.0006045949412509799,0.0024183797650039196,False
RN50__attnpool,500_600,1,8,0.0001,8.345653031794292e-05,6.633423805236816,7.519403457641602,0.8859796524047852,0.042321644723415375,0.12031439691781998,0.0006045949412509799,0.0024183797650039196,False
RN50__attnpool,500_600,1,9,0.0001,7.938926261462366e-05,6.569852828979492,7.5234375,0.9535846710205078,0.051390569657087326,0.1324062943458557,0.0006045949412509799,0.0024183797650039196,False
RN50__attnpool,500_600,1,10,0.0001,7.500000000000001e-05,6.511641025543213,7.527429580688477,1.0157885551452637,0.05864571034908295,0.15477630496025085,0.0006045949412509799,0.0024183797650039196,False
RN50__attnpool,500_600,1,11,0.0001,7.033683215379003e-05,6.456061363220215,7.532388687133789,1.0763273239135742,0.07134220004081726,0.1668682098388672,0.0006045949412509799,0.0024183797650039196,False
ViT-B-16__block2,100_200,0,1,0.01,9.972609476841367e-05,7.050541400909424,7.139264106750488,0.08872270584106445,0.006045949645340443,0.015719467774033546,0.0024183797650039196,0.01027811411768198,True
ViT-B-16__block2,100_200,0,2,0.01,9.890738003669029e-05,6.802738666534424,6.982644557952881,0.17990589141845703,0.012091899290680885,0.034461911767721176,0.0024183797650039196,0.017533253878355026,True
ViT-B-16__block2,100_200,0,3,0.01,9.755282581475769e-05,6.616726875305176,6.883497714996338,0.2667708396911621,0.01692865788936615,0.059250302612781525,0.0024183797650039196,0.021765418350696564,True
ViT-B-16__block2,100_200,0,4,0.01,9.567727288213003e-05,6.458451271057129,6.804560661315918,0.34610939025878906,0.025392986834049225,0.08222491294145584,0.005441354587674141,0.0259975828230381,True
ViT-B-16__block2,100_200,0,5,0.01,9.330127018922194e-05,6.321523666381836,6.7428202629089355,0.4212965965270996,0.029625151306390762,0.10217654705047607,0.006045949645340443,0.029020557180047035,True
ViT-B-16__block2,100_200,0,6,0.01,9.045084971874738e-05,6.201268196105957,6.696676731109619,0.4954085350036621,0.03990326449275017,0.12575574219226837,0.009068924002349377,0.032648127526044846,True
ViT-B-16__block2,100_200,0,7,0.01,8.715724127386972e-05,6.101088523864746,6.658517837524414,0.557429313659668,0.05259976163506508,0.1378476470708847,0.008464328944683075,0.03567110002040863,True
ViT-B-16__block2,100_200,0,8,0.01,8.345653031794292e-05,6.00490665435791,6.618868827819824,0.6139621734619141,0.06045949459075928,0.15477630496025085,0.008464328944683075,0.040507860481739044,True
ViT-B-16__block2,100_200,0,9,0.01,7.938926261462366e-05,5.920365810394287,6.586277961730957,0.6659121513366699,0.06952841579914093,0.16807739436626434,0.007859733887016773,0.04292624071240425,True
ViT-B-16__block2,100_200,0,10,0.01,7.500000000000001e-05,5.844081878662109,6.5643510818481445,0.7202692031860352,0.07920193672180176,0.18561065196990967,0.009673519060015678,0.04292624071240425,True
ViT-B-16__block2,100_200,0,11,0.01,7.033683215379003e-05,5.779114246368408,6.546460151672363,0.7673459053039551,0.08464328944683075,0.19891174137592316,0.009068924002349377,0.047763001173734665,True
ViT-B-16__block2,100_200,0,12,0.01,6.545084971874738e-05,5.719667434692383,6.531484127044678,0.8118166923522949,0.09189843386411667,0.21463119983673096,0.01027811411768198,0.051390569657087326,True
ViT-B-16__block2,100_200,0,13,0.01,6.039558454088797e-05,5.66824197769165,6.514364719390869,0.8461227416992188,0.093712218105793,0.22490932047367096,0.011487304233014584,0.049576785415410995,True
ViT-B-16__block2,100_200,0,14,0.01,5.522642316338269e-05,5.623516082763672,6.498505115509033,0.8749890327453613,0.09915357083082199,0.2394195944070816,0.012696493417024612,0.05441354587674141,True
ViT-B-16__block2,100_200,0,15,0.01,5.000000000000002e-05,5.583235740661621,6.4918060302734375,0.9085702896118164,0.09915357083082199,0.2472793310880661,0.011487304233014584,0.0519951656460762,True
ViT-B-16__block2,100_200,0,16,0.01,4.4773576836617344e-05,5.5463714599609375,6.47993278503418,0.9335613250732422,0.10640870779752731,0.2527206838130951,0.012091899290680885,0.05380894988775253,True
ViT-B-16__block2,100_200,0,17,0.01,3.9604415459112035e-05,5.5165252685546875,6.476670265197754,0.9601449966430664,0.1118500605225563,0.25937122106552124,0.012091899290680885,0.05441354587674141,True
ViT-B-16__block2,100_200,0,18,0.01,3.4549150281252636e-05,5.493374824523926,6.467952251434326,0.9745774269104004,0.11305925250053406,0.2654171884059906,0.012696493417024612,0.05441354587674141,True
ViT-B-16__block2,100_200,0,19,0.01,2.966316784621e-05,5.466132164001465,6.46640682220459,1.000274658203125,0.11608222872018814,0.27206772565841675,0.01511487364768982,0.05441354587674141,True
ViT-B-16__block2,100_200,0,20,0.01,2.5000000000000015e-05,5.449274063110352,6.462896347045898,1.0136222839355469,0.11789601296186447,0.2805320620536804,0.014510278590023518,0.057436518371105194,True
ViT-B-16__block2,100_200,0,21,0.01,2.0610737385376352e-05,5.433835029602051,6.4574079513549805,1.0235729217529297,0.12091898918151855,0.27992746233940125,0.013301088474690914,0.059250302612781525,True
ViT-B-16__block2,100_200,0,22,0.01,1.654346968205711e-05,5.422242641448975,6.456242561340332,1.0339999198913574,0.11850060522556305,0.2835550308227539,0.014510278590023518,0.055622734129428864,True
ViT-B-16__block2,100_200,0,23,0.01,1.2842758726130304e-05,5.411820411682129,6.454487323760986,1.0426669120788574,0.12152358144521713,0.2817412316799164,0.013905683532357216,0.06045949459075928,True
ViT-B-16__block2,100_200,0,24,0.01,9.549150281252636e-06,5.404528617858887,6.453287124633789,1.0487585067749023,0.12333736568689346,0.28476423025131226,0.013905683532357216,0.057436518371105194,True
ViT-B-16__block2,100_200,0,25,0.01,6.698729810778068e-06,5.39922571182251,6.451620101928711,1.0523943901062012,0.1251511573791504,0.28234583139419556,0.013301088474690914,0.055622734129428864,True
ViT-B-16__block2,100_200,0,26,0.01,4.322727117869953e-06,5.394857406616211,6.450206279754639,1.0553488731384277,0.12454655766487122,0.2841596305370331,0.014510278590023518,0.05804111436009407,True
ViT-B-16__block2,100_200,0,27,0.01,2.447174185242324e-06,5.391813278198242,6.449589729309082,1.0577764511108398,0.12696494162082672,0.28718259930610657,0.014510278590023518,0.056831926107406616,True
ViT-B-16__block2,100_200,0,28,0.01,1.092619963309716e-06,5.390451431274414,6.449344635009766,1.0588932037353516,0.12877872586250305,0.2859733998775482,0.01511487364768982,0.056831926107406616,True
ViT-B-16__block2,100_200,0,29,0.01,2.7390523158633003e-07,5.38979434967041,6.449339866638184,1.0595455169677734,0.1275695264339447,0.2859733998775482,0.01511487364768982,0.056831926107406616,True
ViT-B-16__block2,100_200,0,30,0.01,0.0,5.389623641967773,6.4492950439453125,1.059671401977539,0.1275695264339447,0.2859733998775482,0.01511487364768982,0.056831926107406616,True
ViT-B-16__block2,100_200,0,1,0.0001,9.972609476841367e-05,7.050545692443848,7.1392645835876465,0.08871889114379883,0.006045949645340443,0.015719467774033546,0.0024183797650039196,0.01027811411768198,True
ViT-B-16__block2,100_200,0,2,0.0001,9.890738003669029e-05,6.802751541137695,6.982649803161621,0.17989826202392578,0.012091899290680885,0.034461911767721176,0.0024183797650039196,0.017533253878355026,True
ViT-B-16__block2,100_200,0,3,0.0001,9.755282581475769e-05,6.6167497634887695,6.883505344390869,0.2667555809020996,0.01692865788936615,0.059250302612781525,0.0018137848237529397,0.021765418350696564,True
ViT-B-16__block2,100_200,0,4,0.0001,9.567727288213003e-05,6.458486557006836,6.804574489593506,0.3460879325866699,0.025392986834049225,0.08222491294145584,0.005441354587674141,0.0259975828230381,True
ViT-B-16__block2,100_200,0,5,0.0001,9.330127018922194e-05,6.321573257446289,6.742836952209473,0.4212636947631836,0.029625151306390762,0.10217654705047607,0.006045949645340443,0.029020557180047035,True
ViT-B-16__block2,100_200,0,6,0.0001,9.045084971874738e-05,6.201333045959473,6.696695804595947,0.4953627586364746,0.03990326449275017,0.12575574219226837,0.009068924002349377,0.032648127526044846,True
ViT-B-16__block2,100_200,0,7,0.0001,8.715724127386972e-05,6.101163864135742,6.65854024887085,0.5573763847351074,0.05259976163506508,0.1378476470708847,0.008464328944683075,0.03567110002040863,True
ViT-B-16__block2,100_200,0,8,0.0001,8.345653031794292e-05,6.004995346069336,6.618892192840576,0.6138968467712402,0.06045949459075928,0.15477630496025085,0.008464328944683075,0.040507860481739044,True
ViT-B-16__block2,100_200,0,9,0.0001,7.938926261462366e-05,5.920464038848877,6.586304664611816,0.6658406257629395,0.06952841579914093,0.16807739436626434,0.007859733887016773,0.04292624071240425,True
ViT-B-16__block2,100_200,0,10,0.0001,7.500000000000001e-05,5.844191074371338,6.564377784729004,0.720186710357666,0.07920193672180176,0.1850060522556305,0.009673519060015678,0.04292624071240425,True
ViT-B-16__block2,100_200,0,11,0.0001,7.033683215379003e-05,5.779232978820801,6.54648494720459,0.7672519683837891,0.08464328944683075,0.19891174137592316,0.009068924002349377,0.047763001173734665,True
ViT-B-16__block2,100_200,0,12,0.0001,6.545084971874738e-05,5.719797134399414,6.531512260437012,0.8117151260375977,0.09189843386411667,0.21463119983673096,0.01027811411768198,0.051390569657087326,True
ViT-B-16__block2,100_200,0,13,0.0001,6.039558454088797e-05,5.668379306793213,6.514391899108887,0.8460125923156738,0.093712218105793,0.22490932047367096,0.011487304233014584,0.049576785415410995,True
ViT-B-16__block2,100_200,0,14,0.0001,5.522642316338269e-05,5.623660087585449,6.498536109924316,0.8748760223388672,0.09915357083082199,0.2394195944070816,0.012696493417024612,0.05441354587674141,True
ViT-B-16__block2,100_200,0,15,0.0001,5.000000000000002e-05,5.5833868980407715,6.4918341636657715,0.908447265625,0.09915357083082199,0.2472793310880661,0.011487304233014584,0.0519951656460762,True
ViT-B-16__block2,100_200,0,16,0.0001,4.4773576836617344e-05,5.5465288162231445,6.479957580566406,0.9334287643432617,0.10640870779752731,0.2521160840988159,0.012091899290680885,0.05380894988775253,True
ViT-B-16__block2,100_200,0,17,0.0001,3.9604415459112035e-05,5.51668643951416,6.476695537567139,0.9600090980529785,0.1118500605225563,0.25937122106552124,0.012091899290680885,0.05441354587674141,True
ViT-B-16__block2,100_200,0,18,0.0001,3.4549150281252636e-05,5.4935407638549805,6.467979431152344,0.9744386672973633,0.11305925250053406,0.2654171884059906,0.012696493417024612,0.05441354587674141,True
ViT-B-16__block2,100_200,0,19,0.0001,2.966316784621e-05,5.466304779052734,6.466431140899658,1.0001263618469238,0.11608222872018814,0.27206772565841675,0.01511487364768982,0.05441354587674141,True
ViT-B-16__block2,100_200,0,20,0.0001,2.5000000000000015e-05,5.449446201324463,6.462920188903809,1.0134739875793457,0.11789601296186447,0.2805320620536804,0.014510278590023518,0.057436518371105194,True
ViT-B-16__block2,100_200,0,21,0.0001,2.0610737385376352e-05,5.434013366699219,6.457432746887207,1.0234193801879883,0.12091898918151855,0.27992746233940125,0.013301088474690914,0.059250302612781525,True
ViT-B-16__block2,100_200,0,22,0.0001,1.654346968205711e-05,5.422420501708984,6.456268310546875,1.0338478088378906,0.11850060522556305,0.2835550308227539,0.014510278590023518,0.055622734129428864,True
ViT-B-16__block2,100_200,0,23,0.0001,1.2842758726130304e-05,5.412001609802246,6.454512119293213,1.0425105094909668,0.12152358144521713,0.2817412316799164,0.013905683532357216,0.0598548986017704,True
ViT-B-16__block2,100_200,0,24,0.0001,9.549150281252636e-06,5.404709815979004,6.453310966491699,1.0486011505126953,0.12333736568689346,0.28476423025131226,0.013905683532357216,0.057436518371105194,True
ViT-B-16__block2,100_200,0,25,0.0001,6.698729810778068e-06,5.399408340454102,6.451643943786621,1.0522356033325195,0.1251511573791504,0.28234583139419556,0.013301088474690914,0.055622734129428864,True
ViT-B-16__block2,100_200,0,26,0.0001,4.322727117869953e-06,5.395040512084961,6.450231552124023,1.0551910400390625,0.12454655766487122,0.2841596305370331,0.014510278590023518,0.05804111436009407,True
ViT-B-16__block2,100_200,0,27,0.0001,2.447174185242324e-06,5.391994476318359,6.44961404800415,1.057619571685791,0.12636034190654755,0.28718259930610657,0.014510278590023518,0.056831926107406616,True
ViT-B-16__block2,100_200,0,28,0.0001,1.092619963309716e-06,5.390632629394531,6.44936990737915,1.0587372779846191,0.12817412614822388,0.2859733998775482,0.01511487364768982,0.056831926107406616,True
ViT-B-16__block2,100_200,0,29,0.0001,2.7390523158633003e-07,5.389974594116211,6.44936466217041,1.0593900680541992,0.12696494162082672,0.2859733998775482,0.01511487364768982,0.056831926107406616,True
ViT-B-16__block2,100_200,0,30,0.0001,0.0,5.389804840087891,6.449319839477539,1.0595149993896484,0.1275695264339447,0.2859733998775482,0.01511487364768982,0.056831926107406616,True
ViT-B-16__block2,100_200,1,1,0.01,9.972609476841367e-05,7.023510932922363,7.124157905578613,0.10064697265625,0.0036275696475058794,0.02418379858136177,0.006045949645340443,0.02237001247704029,True
ViT-B-16__block2,100_200,1,2,0.01,9.890738003669029e-05,6.785192489624023,6.977927207946777,0.1927347183227539,0.011487304233014584,0.04111245647072792,0.009673519060015678,0.025392986834049225,True
ViT-B-16__block2,100_200,1,3,0.01,9.755282581475769e-05,6.603940486907959,6.884481430053711,0.28054094314575195,0.016324063763022423,0.06469165533781052,0.008464328944683075,0.027811367064714432,True
ViT-B-16__block2,100_200,1,4,0.01,9.567727288213003e-05,6.4516496658325195,6.815751552581787,0.3641018867492676,0.02418379858136177,0.08403869718313217,0.007859733887016773,0.03022974729537964,True
ViT-B-16__block2,100_200,1,5,0.01,9.330127018922194e-05,6.315436363220215,6.758111000061035,0.4426746368408203,0.03325272351503372,0.09854897856712341,0.007859733887016773,0.03506650775671005,True
ViT-B-16__block2,100_200,1,6,0.01,9.045084971874738e-05,6.200821876525879,6.712345123291016,0.5115232467651367,0.04111245647072792,0.12273277342319489,0.009068924002349377,0.03748488798737526,True
ViT-B-16__block2,100_200,1,7,0.01,8.715724127386972e-05,6.09316349029541,6.677818298339844,0.5846548080444336,0.047763001173734665,0.1354292631149292,0.009673519060015678,0.044135428965091705,True
ViT-B-16__block2,100_200,1,8,0.01,8.345653031794292e-05,6.00002384185791,6.646038055419922,0.6460142135620117,0.059250302612781525,0.15235792100429535,0.012091899290680885,0.04836759716272354,True
ViT-B-16__block2,100_200,1,9,0.01,7.938926261462366e-05,5.918520927429199,6.618955612182617,0.700434684753418,0.06650544703006744,0.16324064135551453,0.012091899290680885,0.04715840518474579,True
ViT-B-16__block2,100_200,1,10,0.01,7.500000000000001e-05,5.844642639160156,6.599328517913818,0.7546858787536621,0.0755743682384491,0.177146315574646,0.012696493417024612,0.04655380919575691,True
ViT-B-16__block2,100_200,1,11,0.01,7.033683215379003e-05,5.77916955947876,6.583356857299805,0.8041872978210449,0.0755743682384491,0.19044740498065948,0.013301088474690914,0.04474002495408058,True
ViT-B-16__block2,100_200,1,12,0.01,6.545084971874738e-05,5.720317840576172,6.562613487243652,0.8422956466674805,0.0834341049194336,0.20435309410095215,0.011487304233014584,0.045949216932058334,True
ViT-B-16__block2,100_200,1,13,0.01,6.039558454088797e-05,5.667497158050537,6.552361011505127,0.8848638534545898,0.08766626566648483,0.2164449840784073,0.01027811411768198,0.05259976163506508,True
ViT-B-16__block2,100_200,1,14,0.01,5.522642316338269e-05,5.621744155883789,6.548553466796875,0.9268093109130859,0.09189843386411667,0.23337364196777344,0.012696493417024612,0.05259976163506508,True
ViT-B-16__block2,100_200,1,15,0.01,5.000000000000002e-05,5.576848983764648,6.534341812133789,0.9574928283691406,0.09310761839151382,0.2339782416820526,0.014510278590023518,0.05501813814043999,True
ViT-B-16__block2,100_200,1,16,0.01,4.4773576836617344e-05,5.542546272277832,6.527491569519043,0.9849452972412109,0.09431681036949158,0.24546554684638977,0.013301088474690914,0.05441354587674141,True
ViT-B-16__block2,100_200,1,17,0.01,3.9604415459112035e-05,5.511261940002441,6.5226731300354,1.011411190032959,0.09733978658914566,0.2496977150440216,0.013905683532357216,0.055622734129428864,True
ViT-B-16__block2,100_200,1,18,0.01,3.4549150281252636e-05,5.485529899597168,6.514914512634277,1.0293846130371094,0.10036276280879974,0.2557436525821686,0.014510278590023518,0.057436518371105194,True
ViT-B-16__block2,100_200,1,19,0.01,2.966316784621e-05,5.463057994842529,6.512096405029297,1.0490384101867676,0.10338573157787323,0.2654171884059906,0.015719467774033546,0.05804111436009407,True
ViT-B-16__block2,100_200,1,20,0.01,2.5000000000000015e-05,5.445054054260254,6.510653495788574,1.0655994415283203,0.10640870779752731,0.2684401571750641,0.01511487364768982,0.05804111436009407,True
ViT-B-16__block2,100_200,1,21,0.01,2.0610737385376352e-05,5.428463935852051,6.506814479827881,1.07835054397583,0.1094316840171814,0.2732769250869751,0.014510278590023518,0.057436518371105194,True
ViT-B-16__block2,100_200,1,22,0.01,1.654346968205711e-05,5.414896011352539,6.504530906677246,1.089634895324707,0.11245466023683548,0.2738814949989319,0.013301088474690914,0.059250302612781525,True
ViT-B-16__block2,100_200,1,23,0.01,1.2842758726130304e-05,5.406498908996582,6.502801895141602,1.0963029861450195,0.11305925250053406,0.2781136631965637,0.013905683532357216,0.0598548986017704,True
ViT-B-16__block2,100_200,1,24,0.01,9.549150281252636e-06,5.396908283233643,6.5011982917785645,1.1042900085449219,0.11305925250053406,0.2859733998775482,0.013905683532357216,0.0598548986017704,True
ViT-B-16__block2,100_200,1,25,0.01,6.698729810778068e-06,5.391064643859863,6.50100564956665,1.109941005706787,0.1172914206981659,0.2817412316799164,0.013301088474690914,0.0598548986017704,True
ViT-B-16__block2,100_200,1,26,0.01,4.322727117869953e-06,5.3871049880981445,6.499507427215576,1.1124024391174316,0.11668682098388672,0.2841596305370331,0.013905683532357216,0.0598548986017704,True
ViT-B-16__block2,100_200,1,27,0.01,2.447174185242324e-06,5.384101390838623,6.499216079711914,1.115114688873291,0.1197097972035408,0.28476423025131226,0.013301088474690914,0.061064090579748154,True
ViT-B-16__block2,100_200,1,28,0.01,1.092619963309716e-06,5.3828125,6.498913764953613,1.1161012649536133,0.11850060522556305,0.28536880016326904,0.014510278590023518,0.059250302612781525,True
ViT-B-16__block2,100_200,1,29,0.01,2.7390523158633003e-07,5.382299423217773,6.498892784118652,1.116593360900879,0.1197097972035408,0.2841596305370331,0.013905683532357216,0.059250302612781525,True
ViT-B-16__block2,100_200,1,30,0.01,0.0,5.382126808166504,6.498845100402832,1.1167182922363281,0.1197097972035408,0.2835550308227539,0.013905683532357216,0.059250302612781525,True
ViT-B-16__block2,100_200,1,1,0.0001,9.972609476841367e-05,7.023513317108154,7.124159336090088,0.1006460189819336,0.0036275696475058794,0.02418379858136177,0.006045949645340443,0.02237001247704029,True
ViT-B-16__block2,100_200,1,2,0.0001,9.890738003669029e-05,6.785202980041504,6.977931976318359,0.19272899627685547,0.011487304233014584,0.04111245647072792,0.009673519060015678,0.025392986834049225,True
ViT-B-16__block2,100_200,1,3,0.0001,9.755282581475769e-05,6.603960990905762,6.884490489959717,0.2805294990539551,0.016324063763022423,0.06469165533781052,0.008464328944683075,0.027811367064714432,True
ViT-B-16__block2,100_200,1,4,0.0001,9.567727288213003e-05,6.451685905456543,6.815765380859375,0.36407947540283203,0.02418379858136177,0.08403869718313217,0.007859733887016773,0.03022974729537964,True
ViT-B-16__block2,100_200,1,5,0.0001,9.330127018922194e-05,6.315487861633301,6.758127689361572,0.4426398277282715,0.03325272351503372,0.09854897856712341,0.007859733887016773,0.03506650775671005,True
ViT-B-16__block2,100_200,1,6,0.0001,9.045084971874738e-05,6.2008867263793945,6.712365627288818,0.5114789009094238,0.04111245647072792,0.12273277342319489,0.009068924002349377,0.03748488798737526,True
ViT-B-16__block2,100_200,1,7,0.0001,8.715724127386972e-05,6.093242645263672,6.677839756011963,0.584597110748291,0.047763001173734665,0.1354292631149292,0.009673519060015678,0.044135428965091705,True
ViT-B-16__block2,100_200,1,8,0.0001,8.345653031794292e-05,6.000114917755127,6.646061897277832,0.6459469795227051,0.059250302612781525,0.15235792100429535,0.012091899290680885,0.047763001173734665,True
ViT-B-16__block2,100_200,1,9,0.0001,7.938926261462366e-05,5.918622970581055,6.618983745574951,0.7003607749938965,0.06650544703006744,0.16324064135551453,0.012091899290680885,0.04715840518474579,True
ViT-B-16__block2,100_200,1,10,0.0001,7.500000000000001e-05,5.844759464263916,6.599358558654785,0.7545990943908691,0.0755743682384491,0.177146315574646,0.012696493417024612,0.04655380919575691,True
ViT-B-16__block2,100_200,1,11,0.0001,7.033683215379003e-05,5.779294967651367,6.583384990692139,0.8040900230407715,0.0755743682384491,0.19044740498065948,0.013301088474690914,0.04474002495408058,True
ViT-B-16__block2,100_200,1,12,0.0001,6.545084971874738e-05,5.720454216003418,6.562644958496094,0.8421907424926758,0.0834341049194336,0.20435309410095215,0.011487304233014584,0.045949216932058334,True
ViT-B-16__block2,100_200,1,13,0.0001,6.039558454088797e-05,5.667637825012207,6.552391052246094,0.8847532272338867,0.08766626566648483,0.2158403992652893,0.01027811411768198,0.05259976163506508,True
ViT-B-16__block2,100_200,1,14,0.0001,5.522642316338269e-05,5.621894836425781,6.548580169677734,0.9266853332519531,0.09068924188613892,0.23337364196777344,0.012696493417024612,0.05259976163506508,True
ViT-B-16__block2,100_200,1,15,0.0001,5.000000000000002e-05,5.577013969421387,6.534372329711914,0.9573583602905273,0.09310761839151382,0.2339782416820526,0.014510278590023518,0.05501813814043999,True
ViT-B-16__block2,100_200,1,16,0.0001,4.4773576836617344e-05,5.542713642120361,6.527521133422852,0.9848074913024902,0.09431681036949158,0.24546554684638977,0.013301088474690914,0.05441354587674141,True
ViT-B-16__block2,100_200,1,17,0.0001,3.9604415459112035e-05,5.511435031890869,6.522702693939209,1.0112676620483398,0.09733978658914566,0.2496977150440216,0.013905683532357216,0.055622734129428864,True
ViT-B-16__block2,100_200,1,18,0.0001,3.4549150281252636e-05,5.485706329345703,6.514945030212402,1.0292387008666992,0.10036276280879974,0.2557436525821686,0.014510278590023518,0.057436518371105194,True
ViT-B-16__block2,100_200,1,19,0.0001,2.966316784621e-05,5.4632391929626465,6.512125015258789,1.0488858222961426,0.10338573157787323,0.2648125886917114,0.015719467774033546,0.05804111436009407,True
ViT-B-16__block2,100_200,1,20,0.0001,2.5000000000000015e-05,5.44523811340332,6.51068115234375,1.0654430389404297,0.10640870779752731,0.2684401571750641,0.01511487364768982,0.05804111436009407,True
ViT-B-16__block2,100_200,1,21,0.0001,2.0610737385376352e-05,5.428651809692383,6.506843566894531,1.0781917572021484,0.1094316840171814,0.2732769250869751,0.014510278590023518,0.057436518371105194,True
ViT-B-16__block2,100_200,1,22,0.0001,1.654346968205711e-05,5.415087699890137,6.5045599937438965,1.0894722938537598,0.11245466023683548,0.2732769250869751,0.013301088474690914,0.059250302612781525,True
ViT-B-16__block2,100_200,1,23,0.0001,1.2842758726130304e-05,5.40669059753418,6.502830982208252,1.0961403846740723,0.11305925250053406,0.2781136631965637,0.013905683532357216,0.0598548986017704,True
ViT-B-16__block2,100_200,1,24,0.0001,9.549150281252636e-06,5.397102355957031,6.501226425170898,1.1041240692138672,0.11305925250053406,0.2859733998775482,0.013905683532357216,0.0598548986017704,True
ViT-B-16__block2,100_200,1,25,0.0001,6.698729810778068e-06,5.391260147094727,6.501032829284668,1.1097726821899414,0.1172914206981659,0.28234583139419556,0.013301088474690914,0.0598548986017704,True
ViT-B-16__block2,100_200,1,26,0.0001,4.322727117869953e-06,5.387299060821533,6.499534606933594,1.1122355461120605,0.11668682098388672,0.2841596305370331,0.013905683532357216,0.0598548986017704,True
ViT-B-16__block2,100_200,1,27,0.0001,2.447174185242324e-06,5.384293556213379,6.49924373626709,1.114950180053711,0.1197097972035408,0.28476423025131226,0.013301088474690914,0.061064090579748154,True
ViT-B-16__block2,100_200,1,28,0.0001,1.092619963309716e-06,5.383005619049072,6.4989399909973145,1.1159343719482422,0.11850060522556305,0.28536880016326904,0.014510278590023518,0.059250302612781525,True
ViT-B-16__block2,100_200,1,29,0.0001,2.7390523158633003e-07,5.38249397277832,6.498920917510986,1.116426944732666,0.1197097972035408,0.2841596305370331,0.013905683532357216,0.059250302612781525,True
ViT-B-16__block2,100_200,1,30,0.0001,0.0,5.382319927215576,6.498871803283691,1.1165518760681152,0.1197097972035408,0.2835550308227539,0.013905683532357216,0.059250302612781525,True
ViT-B-16__block2,300_400,0,1,0.01,9.972609476841367e-05,7.2799882888793945,7.362299919128418,0.08231163024902344,0.0018137848237529397,0.009068924002349377,0.0024183797650039196,0.0042321644723415375,True
ViT-B-16__block2,300_400,0,2,0.01,9.890738003669029e-05,7.146100044250488,7.296353340148926,0.1502532958984375,0.0036275696475058794,0.015719467774033546,0.0024183797650039196,0.007859733887016773,True
ViT-B-16__block2,300_400,0,3,0.01,9.755282581475769e-05,7.038710117340088,7.260505199432373,0.22179508209228516,0.005441354587674141,0.024788392707705498,0.0024183797650039196,0.007859733887016773,True
ViT-B-16__block2,300_400,0,4,0.01,9.567727288213003e-05,6.94063663482666,7.242067337036133,0.30143070220947266,0.007255139295011759,0.032648127526044846,0.0018137848237529397,0.009068924002349377,True
ViT-B-16__block2,300_400,0,5,0.01,9.330127018922194e-05,6.855443000793457,7.226717948913574,0.3712749481201172,0.012091899290680885,0.044135428965091705,0.0024183797650039196,0.007859733887016773,True
ViT-B-16__block2,300_400,0,6,0.01,9.045084971874738e-05,6.7827253341674805,7.216611385345459,0.4338860511779785,0.01511487364768982,0.05259976163506508,0.0018137848237529397,0.009068924002349377,True
ViT-B-16__block2,300_400,0,7,0.01,8.715724127386972e-05,6.719788551330566,7.211156845092773,0.49136829376220703,0.01874244399368763,0.06469165533781052,0.0018137848237529397,0.010882709175348282,True
ViT-B-16__block2,300_400,0,8,0.01,8.345653031794292e-05,6.658489227294922,7.205741882324219,0.5472526550292969,0.022974608466029167,0.07496977597475052,0.0012091898825019598,0.01027811411768198,True
ViT-B-16__block2,300_400,0,9,0.01,7.938926261462366e-05,6.601822853088379,7.206770896911621,0.6049480438232422,0.025392986834049225,0.07980652898550034,0.0018137848237529397,0.009673519060015678,False
ViT-B-16__block2,300_400,0,10,0.01,7.500000000000001e-05,6.555306434631348,7.203679084777832,0.6483726501464844,0.027811367064714432,0.09310761839151382,0.0018137848237529397,0.012091899290680885,True
ViT-B-16__block2,300_400,0,11,0.01,7.033683215379003e-05,6.512287139892578,7.205469608306885,0.6931824684143066,0.030834341421723366,0.10278113931417465,0.0018137848237529397,0.010882709175348282,False
ViT-B-16__block2,300_400,0,12,0.01,6.545084971874738e-05,6.47157096862793,7.203320503234863,0.7317495346069336,0.03748488798737526,0.11487303674221039,0.0024183797650039196,0.011487304233014584,True
ViT-B-16__block2,300_400,0,13,0.01,6.039558454088797e-05,6.4399309158325195,7.206050395965576,0.7661194801330566,0.03567110002040863,0.11547763645648956,0.0018137848237529397,0.012696493417024612,False
ViT-B-16__block2,300_400,0,14,0.01,5.522642316338269e-05,6.405489921569824,7.205551624298096,0.8000617027282715,0.04474002495408058,0.12152358144521713,0.0024183797650039196,0.013301088474690914,False
ViT-B-16__block2,300_400,0,15,0.01,5.000000000000002e-05,6.374107360839844,7.20742654800415,0.8333191871643066,0.045949216932058334,0.12938331067562103,0.0024183797650039196,0.01511487364768982,False
ViT-B-16__block2,300_400,0,16,0.01,4.4773576836617344e-05,6.349853515625,7.20488166809082,0.8550281524658203,0.04715840518474579,0.13180169463157654,0.0024183797650039196,0.017533253878355026,False
ViT-B-16__block2,300_400,0,17,0.01,3.9604415459112035e-05,6.3262128829956055,7.211234092712402,0.8850212097167969,0.049576785415410995,0.13482467830181122,0.0024183797650039196,0.01511487364768982,False
ViT-B-16__block2,300_400,0,18,0.01,3.4549150281252636e-05,6.309233665466309,7.212725639343262,0.9034919738769531,0.04836759716272354,0.13966143131256104,0.0024183797650039196,0.015719467774033546,False
ViT-B-16__block2,300_400,0,19,0.01,2.966316784621e-05,6.291534423828125,7.214916706085205,0.9233822822570801,0.05320435389876366,0.14449818432331085,0.0030229748226702213,0.015719467774033546,False
ViT-B-16__block2,300_400,0,20,0.01,2.5000000000000015e-05,6.275019645690918,7.21774959564209,0.9427299499511719,0.05320435389876366,0.14631196856498718,0.0030229748226702213,0.015719467774033546,False
ViT-B-16__block2,300_400,0,1,0.0001,9.972609476841367e-05,7.279990196228027,7.362300395965576,0.08231019973754883,0.0018137848237529397,0.009068924002349377,0.0024183797650039196,0.0042321644723415375,True
ViT-B-16__block2,300_400,0,2,0.0001,9.890738003669029e-05,7.146106719970703,7.296355724334717,0.15024900436401367,0.0036275696475058794,0.015719467774033546,0.0024183797650039196,0.007859733887016773,True
ViT-B-16__block2,300_400,0,3,0.0001,9.755282581475769e-05,7.038726329803467,7.2605061531066895,0.22177982330322266,0.005441354587674141,0.024788392707705498,0.0024183797650039196,0.007859733887016773,True
ViT-B-16__block2,300_400,0,4,0.0001,9.567727288213003e-05,6.9406633377075195,7.242069244384766,0.3014059066772461,0.007255139295011759,0.032648127526044846,0.0018137848237529397,0.009068924002349377,True
ViT-B-16__block2,300_400,0,5,0.0001,9.330127018922194e-05,6.855478763580322,7.226721286773682,0.3712425231933594,0.012091899290680885,0.044135428965091705,0.0024183797650039196,0.007859733887016773,True
ViT-B-16__block2,300_400,0,6,0.0001,9.045084971874738e-05,6.78277063369751,7.216614723205566,0.43384408950805664,0.01511487364768982,0.05259976163506508,0.0018137848237529397,0.009068924002349377,True
ViT-B-16__block2,300_400,0,7,0.0001,8.715724127386972e-05,6.719841480255127,7.211158752441406,0.4913172721862793,0.01874244399368763,0.06469165533781052,0.0018137848237529397,0.010882709175348282,True
ViT-B-16__block2,300_400,0,8,0.0001,8.345653031794292e-05,6.658551216125488,7.205743789672852,0.5471925735473633,0.022974608466029167,0.07496977597475052,0.0012091898825019598,0.01027811411768198,True
ViT-B-16__block2,300_400,0,9,0.0001,7.938926261462366e-05,6.601890563964844,7.206768989562988,0.6048784255981445,0.025392986834049225,0.07980652898550034,0.0018137848237529397,0.009673519060015678,False
ViT-B-16__block2,300_400,0,10,0.0001,7.500000000000001e-05,6.555379867553711,7.203678607940674,0.6482987403869629,0.027811367064714432,0.09310761839151382,0.0018137848237529397,0.012091899290680885,True
ViT-B-16__block2,300_400,0,11,0.0001,7.033683215379003e-05,6.51236629486084,7.205467700958252,0.6931014060974121,0.030834341421723366,0.10278113931417465,0.0018137848237529397,0.010882709175348282,False
ViT-B-16__block2,300_400,0,12,0.0001,6.545084971874738e-05,6.47165584564209,7.203318119049072,0.7316622734069824,0.03748488798737526,0.11487303674221039,0.0024183797650039196,0.011487304233014584,True
ViT-B-16__block2,300_400,0,13,0.0001,6.039558454088797e-05,6.440020561218262,7.206048965454102,0.7660284042358398,0.03567110002040863,0.11547763645648956,0.0018137848237529397,0.012696493417024612,False
ViT-B-16__block2,300_400,0,14,0.0001,5.522642316338269e-05,6.405585765838623,7.205548286437988,0.7999625205993652,0.04474002495408058,0.12152358144521713,0.0024183797650039196,0.013301088474690914,False
ViT-B-16__block2,300_400,0,15,0.0001,5.000000000000002e-05,6.374207496643066,7.207419395446777,0.8332118988037109,0.045949216932058334,0.12938331067562103,0.0024183797650039196,0.01511487364768982,False
ViT-B-16__block2,300_400,0,16,0.0001,4.4773576836617344e-05,6.3499555587768555,7.204876899719238,0.8549213409423828,0.04715840518474579,0.13180169463157654,0.0024183797650039196,0.017533253878355026,False
ViT-B-16__block2,300_400,0,17,0.0001,3.9604415459112035e-05,6.326318740844727,7.211223602294922,0.8849048614501953,0.04897218942642212,0.13482467830181122,0.0024183797650039196,0.01511487364768982,False
ViT-B-16__block2,300_400,0,18,0.0001,3.4549150281252636e-05,6.3093414306640625,7.212716102600098,0.9033746719360352,0.04836759716272354,0.13966143131256104,0.0024183797650039196,0.015719467774033546,False
ViT-B-16__block2,300_400,0,19,0.0001,2.966316784621e-05,6.291645050048828,7.21490478515625,0.9232597351074219,0.05320435389876366,0.14449818432331085,0.0030229748226702213,0.015719467774033546,False
ViT-B-16__block2,300_400,0,20,0.0001,2.5000000000000015e-05,6.27513313293457,7.217737197875977,0.9426040649414062,0.05320435389876366,0.14631196856498718,0.0030229748226702213,0.015719467774033546,False
ViT-B-16__block2,300_400,1,1,0.01,9.972609476841367e-05,7.285161972045898,7.378453731536865,0.0932917594909668,0.0024183797650039196,0.013905683532357216,0.0006045949412509799,0.009068924002349377,True
ViT-B-16__block2,300_400,1,2,0.01,9.890738003669029e-05,7.14937162399292,7.318636417388916,0.1692647933959961,0.006650544237345457,0.027811367064714432,0.0012091898825019598,0.008464328944683075,True
ViT-B-16__block2,300_400,1,3,0.01,9.755282581475769e-05,7.0395307540893555,7.286307334899902,0.24677658081054688,0.009068924002349377,0.029020557180047035,0.0024183797650039196,0.008464328944683075,True
ViT-B-16__block2,300_400,1,4,0.01,9.567727288213003e-05,6.9426727294921875,7.262409210205078,0.3197364807128906,0.009068924002349377,0.034461911767721176,0.0024183797650039196,0.009068924002349377,True
ViT-B-16__block2,300_400,1,5,0.01,9.330127018922194e-05,6.8542280197143555,7.2436203956604,0.3893923759460449,0.013301088474690914,0.042321644723415375,0.0024183797650039196,0.010882709175348282,True
ViT-B-16__block2,300_400,1,6,0.01,9.045084971874738e-05,6.778876304626465,7.235177040100098,0.4563007354736328,0.01692865788936615,0.051390569657087326,0.0036275696475058794,0.01027811411768198,True
ViT-B-16__block2,300_400,1,7,0.01,8.715724127386972e-05,6.714593410491943,7.228206634521484,0.513613224029541,0.019347038120031357,0.06227327883243561,0.0030229748226702213,0.01027811411768198,True
ViT-B-16__block2,300_400,1,8,0.01,8.345653031794292e-05,6.652235984802246,7.223751068115234,0.5715150833129883,0.021160822361707687,0.07436517626047134,0.0036275696475058794,0.01027811411768198,True
ViT-B-16__block2,300_400,1,9,0.01,7.938926261462366e-05,6.600241661071777,7.220597267150879,0.6203556060791016,0.02418379858136177,0.08041112869977951,0.0030229748226702213,0.012696493417024612,True
ViT-B-16__block2,300_400,1,10,0.01,7.500000000000001e-05,6.5515642166137695,7.215297698974609,0.6637334823608398,0.02660217694938183,0.0834341049194336,0.0036275696475058794,0.013905683532357216,True
ViT-B-16__block2,300_400,1,11,0.01,7.033683215379003e-05,6.507360458374023,7.218854904174805,0.7114944458007812,0.029625151306390762,0.09673519432544708,0.0036275696475058794,0.01511487364768982,False
ViT-B-16__block2,300_400,1,12,0.01,6.545084971874738e-05,6.468103408813477,7.215207576751709,0.7471041679382324,0.0338573157787323,0.09794437885284424,0.0042321644723415375,0.01511487364768982,True
ViT-B-16__block2,300_400,1,13,0.01,6.039558454088797e-05,6.432826042175293,7.215829849243164,0.7830038070678711,0.038694076240062714,0.10822249203920364,0.004836759530007839,0.01511487364768982,False
ViT-B-16__block2,300_400,1,14,0.01,5.522642316338269e-05,6.401338577270508,7.215132713317871,0.8137941360473633,0.03808948025107384,0.11608222872018814,0.0030229748226702213,0.015719467774033546,True
ViT-B-16__block2,300_400,1,15,0.01,5.000000000000002e-05,6.369204521179199,7.2167205810546875,0.8475160598754883,0.044135428965091705,0.12091898918151855,0.0030229748226702213,0.01511487364768982,False
ViT-B-16__block2,300_400,1,16,0.01,4.4773576836617344e-05,6.346611976623535,7.217663764953613,0.8710517883300781,0.04655380919575691,0.12817412614822388,0.0030229748226702213,0.014510278590023518,False
ViT-B-16__block2,300_400,1,17,0.01,3.9604415459112035e-05,6.323817253112793,7.2223639488220215,0.8985466957092285,0.04897218942642212,0.13422007858753204,0.0024183797650039196,0.015719467774033546,False
ViT-B-16__block2,300_400,1,18,0.01,3.4549150281252636e-05,6.303219795227051,7.220602512359619,0.9173827171325684,0.049576785415410995,0.13361547887325287,0.0024183797650039196,0.016324063763022423,False
ViT-B-16__block2,300_400,1,19,0.01,2.966316784621e-05,6.286433219909668,7.222897529602051,0.9364643096923828,0.051390569657087326,0.14207981526851654,0.0030229748226702213,0.012696493417024612,False
ViT-B-16__block2,300_400,1,20,0.01,2.5000000000000015e-05,6.271690368652344,7.225099563598633,0.9534091949462891,0.05259976163506508,0.1487303525209427,0.0030229748226702213,0.012091899290680885,False
ViT-B-16__block2,300_400,1,21,0.01,2.0610737385376352e-05,6.259556770324707,7.222975730895996,0.9634189605712891,0.05441354587674141,0.1511487364768982,0.0024183797650039196,0.013301088474690914,False
ViT-B-16__block2,300_400,1,22,0.01,1.654346968205711e-05,6.24755334854126,7.225029945373535,0.9774765968322754,0.05380894988775253,0.15054413676261902,0.0024183797650039196,0.014510278590023518,False
ViT-B-16__block2,300_400,1,1,0.0001,9.972609476841367e-05,7.285164833068848,7.378453731536865,0.09328889846801758,0.0024183797650039196,0.013905683532357216,0.0006045949412509799,0.009068924002349377,True
ViT-B-16__block2,300_400,1,2,0.0001,9.890738003669029e-05,7.149379253387451,7.318638801574707,0.16925954818725586,0.006650544237345457,0.027811367064714432,0.0012091898825019598,0.008464328944683075,True
ViT-B-16__block2,300_400,1,3,0.0001,9.755282581475769e-05,7.039546012878418,7.286310195922852,0.2467641830444336,0.009068924002349377,0.029020557180047035,0.0024183797650039196,0.008464328944683075,True
ViT-B-16__block2,300_400,1,4,0.0001,9.567727288213003e-05,6.942696571350098,7.26241397857666,0.3197174072265625,0.009068924002349377,0.034461911767721176,0.0024183797650039196,0.009068924002349377,True
ViT-B-16__block2,300_400,1,5,0.0001,9.330127018922194e-05,6.854262351989746,7.243624687194824,0.3893623352050781,0.013301088474690914,0.042321644723415375,0.0024183797650039196,0.010882709175348282,True
ViT-B-16__block2,300_400,1,6,0.0001,9.045084971874738e-05,6.778918743133545,7.235182762145996,0.45626401901245117,0.01692865788936615,0.051390569657087326,0.0036275696475058794,0.01027811411768198,True
ViT-B-16__block2,300_400,1,7,0.0001,8.715724127386972e-05,6.714642524719238,7.228212833404541,0.5135703086853027,0.019347038120031357,0.06227327883243561,0.0030229748226702213,0.01027811411768198,True
ViT-B-16__block2,300_400,1,8,0.0001,8.345653031794292e-05,6.6522932052612305,7.223755359649658,0.5714621543884277,0.021160822361707687,0.07376058399677277,0.0036275696475058794,0.01027811411768198,True
ViT-B-16__block2,300_400,1,9,0.0001,7.938926261462366e-05,6.600303649902344,7.220602989196777,0.6202993392944336,0.02418379858136177,0.08041112869977951,0.0030229748226702213,0.012696493417024612,True
ViT-B-16__block2,300_400,1,10,0.0001,7.500000000000001e-05,6.551631927490234,7.215304851531982,0.663672924041748,0.02660217694938183,0.08282950520515442,0.0036275696475058794,0.013905683532357216,True
ViT-B-16__block2,300_400,1,11,0.0001,7.033683215379003e-05,6.5074310302734375,7.2188568115234375,0.71142578125,0.029625151306390762,0.09673519432544708,0.0036275696475058794,0.01511487364768982,False
ViT-B-16__block2,300_400,1,12,0.0001,6.545084971874738e-05,6.468179702758789,7.215211868286133,0.7470321655273438,0.0338573157787323,0.09794437885284424,0.0042321644723415375,0.01511487364768982,True
ViT-B-16__block2,300_400,1,13,0.0001,6.039558454088797e-05,6.4329047203063965,7.215831756591797,0.7829270362854004,0.038694076240062714,0.10822249203920364,0.004836759530007839,0.01511487364768982,False
ViT-B-16__block2,300_400,1,14,0.0001,5.522642316338269e-05,6.401422023773193,7.215133190155029,0.8137111663818359,0.03808948025107384,0.11608222872018814,0.0030229748226702213,0.015719467774033546,True
ViT-B-16__block2,300_400,1,15,0.0001,5.000000000000002e-05,6.369289875030518,7.216718673706055,0.8474287986755371,0.044135428965091705,0.12091898918151855,0.0030229748226702213,0.01511487364768982,False
ViT-B-16__block2,300_400,1,16,0.0001,4.4773576836617344e-05,6.346702575683594,7.217661380767822,0.8709588050842285,0.04655380919575691,0.12817412614822388,0.0030229748226702213,0.014510278590023518,False
ViT-B-16__block2,300_400,1,17,0.0001,3.9604415459112035e-05,6.323906898498535,7.222356796264648,0.8984498977661133,0.04897218942642212,0.13422007858753204,0.0024183797650039196,0.015719467774033546,False
ViT-B-16__block2,300_400,1,18,0.0001,3.4549150281252636e-05,6.303312301635742,7.220597267150879,0.9172849655151367,0.049576785415410995,0.13361547887325287,0.0024183797650039196,0.016324063763022423,False
ViT-B-16__block2,300_400,1,19,0.0001,2.966316784621e-05,6.28652811050415,7.222893714904785,0.9363656044006348,0.051390569657087326,0.14207981526851654,0.0030229748226702213,0.012696493417024612,False
ViT-B-16__block2,300_400,1,20,0.0001,2.5000000000000015e-05,6.271787166595459,7.225090980529785,0.9533038139343262,0.05259976163506508,0.1487303525209427,0.0030229748226702213,0.012091899290680885,False
ViT-B-16__block2,300_400,1,21,0.0001,2.0610737385376352e-05,6.25965690612793,7.222970008850098,0.963313102722168,0.05441354587674141,0.1511487364768982,0.0024183797650039196,0.013301088474690914,False
ViT-B-16__block2,300_400,1,22,0.0001,1.654346968205711e-05,6.247653961181641,7.225020885467529,0.9773669242858887,0.05380894988775253,0.15054413676261902,0.0024183797650039196,0.014510278590023518,False
ViT-B-16__block2,500_600,0,1,0.01,9.972609476841367e-05,7.384346008300781,7.468683242797852,0.08433723449707031,0.0006045949412509799,0.006650544237345457,0.0,0.0018137848237529397,True
ViT-B-16__block2,500_600,0,2,0.01,9.890738003669029e-05,7.305416584014893,7.447021484375,0.14160490036010742,0.0036275696475058794,0.012696493417024612,0.0,0.0012091898825019598,True
ViT-B-16__block2,500_600,0,3,0.01,9.755282581475769e-05,7.24878454208374,7.444037914276123,0.1952533721923828,0.006045949645340443,0.021765418350696564,0.0,0.0012091898825019598,True
ViT-B-16__block2,500_600,0,4,0.01,9.567727288213003e-05,7.190333843231201,7.450654029846191,0.26032018661499023,0.008464328944683075,0.028415963053703308,0.0,0.0024183797650039196,False
ViT-B-16__block2,500_600,0,5,0.01,9.330127018922194e-05,7.131440162658691,7.455334186553955,0.32389402389526367,0.011487304233014584,0.03688029199838638,0.0006045949412509799,0.0018137848237529397,False
ViT-B-16__block2,500_600,0,6,0.01,9.045084971874738e-05,7.0813398361206055,7.464378833770752,0.3830389976501465,0.012091899290680885,0.040507860481739044,0.0,0.0024183797650039196,False
ViT-B-16__block2,500_600,0,7,0.01,8.715724127386972e-05,7.031368732452393,7.469817638397217,0.4384489059448242,0.01511487364768982,0.04474002495408058,0.0006045949412509799,0.0030229748226702213,False
ViT-B-16__block2,500_600,0,8,0.01,8.345653031794292e-05,6.98687219619751,7.474367141723633,0.48749494552612305,0.01692865788936615,0.05078597366809845,0.0012091898825019598,0.0024183797650039196,False
ViT-B-16__block2,500_600,0,9,0.01,7.938926261462366e-05,6.944563865661621,7.482190132141113,0.5376262664794922,0.021160822361707687,0.06408706307411194,0.0006045949412509799,0.0018137848237529397,False
ViT-B-16__block2,500_600,0,10,0.01,7.500000000000001e-05,6.907546043395996,7.486021041870117,0.5784749984741211,0.022974608466029167,0.06650544703006744,0.0006045949412509799,0.0030229748226702213,False
ViT-B-16__block2,500_600,0,11,0.01,7.033683215379003e-05,6.872086524963379,7.491794586181641,0.6197080612182617,0.027206772938370705,0.07436517626047134,0.0012091898825019598,0.0018137848237529397,False
ViT-B-16__block2,500_600,0,1,0.0001,9.972609476841367e-05,7.384346961975098,7.468684196472168,0.08433723449707031,0.0006045949412509799,0.006650544237345457,0.0,0.0018137848237529397,True
ViT-B-16__block2,500_600,0,2,0.0001,9.890738003669029e-05,7.305420875549316,7.447021961212158,0.1416010856628418,0.0036275696475058794,0.012696493417024612,0.0,0.0012091898825019598,True
ViT-B-16__block2,500_600,0,3,0.0001,9.755282581475769e-05,7.248794078826904,7.444036483764648,0.19524240493774414,0.006045949645340443,0.021765418350696564,0.0,0.0012091898825019598,True
ViT-B-16__block2,500_600,0,4,0.0001,9.567727288213003e-05,7.190349578857422,7.450652122497559,0.2603025436401367,0.008464328944683075,0.028415963053703308,0.0,0.0024183797650039196,False
ViT-B-16__block2,500_600,0,5,0.0001,9.330127018922194e-05,7.131463050842285,7.455330848693848,0.3238677978515625,0.011487304233014584,0.03688029199838638,0.0006045949412509799,0.0018137848237529397,False
ViT-B-16__block2,500_600,0,6,0.0001,9.045084971874738e-05,7.081366539001465,7.46437406539917,0.3830075263977051,0.012091899290680885,0.040507860481739044,0.0,0.0024183797650039196,False
ViT-B-16__block2,500_600,0,7,0.0001,8.715724127386972e-05,7.03140115737915,7.46981143951416,0.43841028213500977,0.01511487364768982,0.04474002495408058,0.0006045949412509799,0.0030229748226702213,False
ViT-B-16__block2,500_600,0,8,0.0001,8.345653031794292e-05,6.986909866333008,7.474359512329102,0.48744964599609375,0.01692865788936615,0.05078597366809845,0.0012091898825019598,0.0024183797650039196,False
ViT-B-16__block2,500_600,0,9,0.0001,7.938926261462366e-05,6.94460391998291,7.482182502746582,0.5375785827636719,0.02055622823536396,0.06408706307411194,0.0006045949412509799,0.0018137848237529397,False
ViT-B-16__block2,500_600,0,10,0.0001,7.500000000000001e-05,6.907589912414551,7.48600959777832,0.5784196853637695,0.022974608466029167,0.06650544703006744,0.0006045949412509799,0.0030229748226702213,False
ViT-B-16__block2,500_600,0,11,0.0001,7.033683215379003e-05,6.87213134765625,7.491781711578369,0.6196503639221191,0.027206772938370705,0.07436517626047134,0.0012091898825019598,0.0018137848237529397,False
ViT-B-16__block2,500_600,1,1,0.01,9.972609476841367e-05,7.3753533363342285,7.453679084777832,0.07832574844360352,0.0018137848237529397,0.007859733887016773,0.0006045949412509799,0.0030229748226702213,True
ViT-B-16__block2,500_600,1,2,0.01,9.890738003669029e-05,7.293891906738281,7.4403886795043945,0.14649677276611328,0.0042321644723415375,0.012091899290680885,0.0006045949412509799,0.0030229748226702213,True
ViT-B-16__block2,500_600,1,3,0.01,9.755282581475769e-05,7.236166000366211,7.441254615783691,0.20508861541748047,0.006650544237345457,0.02237001247704029,0.0012091898825019598,0.0036275696475058794,False
ViT-B-16__block2,500_600,1,4,0.01,9.567727288213003e-05,7.177883148193359,7.4476518630981445,0.26976871490478516,0.008464328944683075,0.027811367064714432,0.0012091898825019598,0.0030229748226702213,False
ViT-B-16__block2,500_600,1,5,0.01,9.330127018922194e-05,7.119973182678223,7.451618194580078,0.33164501190185547,0.014510278590023518,0.0338573157787323,0.0006045949412509799,0.0024183797650039196,False
ViT-B-16__block2,500_600,1,6,0.01,9.045084971874738e-05,7.066130638122559,7.458128452301025,0.3919978141784668,0.01692865788936615,0.045949216932058334,0.0006045949412509799,0.0030229748226702213,False
ViT-B-16__block2,500_600,1,7,0.01,8.715724127386972e-05,7.018874645233154,7.463956356048584,0.4450817108154297,0.01874244399368763,0.05259976163506508,0.0006045949412509799,0.0030229748226702213,False
ViT-B-16__block2,500_600,1,8,0.01,8.345653031794292e-05,6.972581386566162,7.473049163818359,0.5004677772521973,0.019347038120031357,0.057436518371105194,0.0006045949412509799,0.0030229748226702213,False
ViT-B-16__block2,500_600,1,9,0.01,7.938926261462366e-05,6.9312639236450195,7.479816913604736,0.5485529899597168,0.02055622823536396,0.06711003929376602,0.0012091898825019598,0.0030229748226702213,False
ViT-B-16__block2,500_600,1,10,0.01,7.500000000000001e-05,6.891988277435303,7.484217643737793,0.5922293663024902,0.0259975828230381,0.07436517626047134,0.0012091898825019598,0.0024183797650039196,False
ViT-B-16__block2,500_600,1,1,0.0001,9.972609476841367e-05,7.375354766845703,7.453679084777832,0.0783243179321289,0.0018137848237529397,0.007859733887016773,0.0006045949412509799,0.0030229748226702213,True
ViT-B-16__block2,500_600,1,2,0.0001,9.890738003669029e-05,7.293895244598389,7.440387725830078,0.14649248123168945,0.0042321644723415375,0.012091899290680885,0.0006045949412509799,0.0030229748226702213,True
ViT-B-16__block2,500_600,1,3,0.0001,9.755282581475769e-05,7.236174583435059,7.441252708435059,0.205078125,0.006650544237345457,0.02237001247704029,0.0012091898825019598,0.0036275696475058794,False
ViT-B-16__block2,500_600,1,4,0.0001,9.567727288213003e-05,7.177898406982422,7.447649955749512,0.26975154876708984,0.008464328944683075,0.027811367064714432,0.0012091898825019598,0.0030229748226702213,False
ViT-B-16__block2,500_600,1,5,0.0001,9.330127018922194e-05,7.119994640350342,7.451614856719971,0.3316202163696289,0.014510278590023518,0.0338573157787323,0.0006045949412509799,0.0024183797650039196,False
ViT-B-16__block2,500_600,1,6,0.0001,9.045084971874738e-05,7.06615686416626,7.458125114440918,0.3919682502746582,0.01692865788936615,0.045949216932058334,0.0006045949412509799,0.0030229748226702213,False
ViT-B-16__block2,500_600,1,7,0.0001,8.715724127386972e-05,7.018903732299805,7.46395206451416,0.44504833221435547,0.01874244399368763,0.05259976163506508,0.0006045949412509799,0.0030229748226702213,False
ViT-B-16__block2,500_600,1,8,0.0001,8.345653031794292e-05,6.972615718841553,7.473042011260986,0.5004262924194336,0.019347038120031357,0.057436518371105194,0.0006045949412509799,0.0030229748226702213,False
ViT-B-16__block2,500_600,1,9,0.0001,7.938926261462366e-05,6.931301116943359,7.4798078536987305,0.5485067367553711,0.02055622823536396,0.06711003929376602,0.0012091898825019598,0.0030229748226702213,False
ViT-B-16__block2,500_600,1,10,0.0001,7.500000000000001e-05,6.892024993896484,7.484208106994629,0.5921831130981445,0.0259975828230381,0.07436517626047134,0.0012091898825019598,0.0024183797650039196,False
ViT-B-16__block12,100_200,0,1,0.01,9.972609476841367e-05,7.146860122680664,7.315130233764648,0.16827011108398438,0.005441354587674141,0.01692865788936615,0.0018137848237529397,0.013301088474690914,True
ViT-B-16__block12,100_200,0,2,0.01,9.890738003669029e-05,6.845524787902832,7.182240962982178,0.3367161750793457,0.011487304233014584,0.04534462094306946,0.004836759530007839,0.017533253878355026,True
ViT-B-16__block12,100_200,0,3,0.01,9.755282581475769e-05,6.598359107971191,7.092801094055176,0.4944419860839844,0.022974608466029167,0.0912938341498375,0.005441354587674141,0.022974608466029167,True
ViT-B-16__block12,100_200,0,4,0.01,9.567727288213003e-05,6.3966217041015625,7.032339096069336,0.6357173919677734,0.03748488798737526,0.12877872586250305,0.005441354587674141,0.02660217694938183,True
ViT-B-16__block12,100_200,0,5,0.01,9.330127018922194e-05,6.228575706481934,6.987887382507324,0.7593116760253906,0.05804111436009407,0.16989117860794067,0.006045949645340443,0.029625151306390762,True
ViT-B-16__block12,100_200,0,6,0.01,9.045084971874738e-05,6.0859055519104,6.9544677734375,0.8685622215270996,0.08101572096347809,0.2134220153093338,0.007859733887016773,0.03204353153705597,True
ViT-B-16__block12,100_200,0,7,0.01,8.715724127386972e-05,5.962392807006836,6.926319122314453,0.9639263153076172,0.10096735507249832,0.24546554684638977,0.008464328944683075,0.034461911767721176,True
ViT-B-16__block12,100_200,0,8,0.01,8.345653031794292e-05,5.856538772583008,6.905755519866943,1.0492167472839355,0.11850060522556305,0.2865779995918274,0.008464328944683075,0.03929867222905159,True
ViT-B-16__block12,100_200,0,9,0.01,7.938926261462366e-05,5.763933181762695,6.8891496658325195,1.1252164840698242,0.1354292631149292,0.31378477811813354,0.009673519060015678,0.03929867222905159,True
ViT-B-16__block12,100_200,0,10,0.01,7.500000000000001e-05,5.679163932800293,6.875194549560547,1.196030616760254,0.15054413676261902,0.3355501890182495,0.009673519060015678,0.03990326449275017,True
ViT-B-16__block12,100_200,0,11,0.01,7.033683215379003e-05,5.604676723480225,6.865263938903809,1.260587215423584,0.17533253133296967,0.36819830536842346,0.011487304233014584,0.042321644723415375,True
ViT-B-16__block12,100_200,0,12,0.01,6.545084971874738e-05,5.536717414855957,6.85640811920166,1.3196907043457031,0.1977025419473648,0.39419591426849365,0.013301088474690914,0.04353083670139313,True
ViT-B-16__block12,100_200,0,13,0.01,6.039558454088797e-05,5.476216793060303,6.847734451293945,1.3715176582336426,0.21402661502361298,0.4081015884876251,0.013301088474690914,0.044135428965091705,True
ViT-B-16__block12,100_200,0,14,0.01,5.522642316338269e-05,5.423113822937012,6.842857360839844,1.419743537902832,0.2291414886713028,0.4316807985305786,0.014510278590023518,0.04474002495408058,True
ViT-B-16__block12,100_200,0,15,0.01,5.000000000000002e-05,5.373979568481445,6.837749481201172,1.4637699127197266,0.24244257807731628,0.4528416097164154,0.01511487364768982,0.04292624071240425,True
ViT-B-16__block12,100_200,0,16,0.01,4.4773576836617344e-05,5.332573890686035,6.83404541015625,1.5014715194702148,0.2521160840988159,0.4679564833641052,0.014510278590023518,0.044135428965091705,True
ViT-B-16__block12,100_200,0,17,0.01,3.9604415459112035e-05,5.294194221496582,6.83015251159668,1.5359582901000977,0.2678355574607849,0.48488515615463257,0.012696493417024612,0.044135428965091705,True
ViT-B-16__block12,100_200,0,18,0.01,3.4549150281252636e-05,5.265082359313965,6.828795433044434,1.5637130737304688,0.2805320620536804,0.5006046295166016,0.012696493417024612,0.04534462094306946,True
ViT-B-16__block12,100_200,0,19,0.01,2.966316784621e-05,5.236361503601074,6.827115535736084,1.5907540321350098,0.2938331365585327,0.5084643363952637,0.011487304233014584,0.042321644723415375,True
ViT-B-16__block12,100_200,0,20,0.01,2.5000000000000015e-05,5.212828636169434,6.827178478240967,1.6143498420715332,0.30048367381095886,0.5229746103286743,0.012696493417024612,0.042321644723415375,False
ViT-B-16__block12,100_200,0,21,0.01,2.0610737385376352e-05,5.193090915679932,6.824619770050049,1.6315288543701172,0.30350667238235474,0.5308343768119812,0.01027811411768198,0.0417170524597168,True
ViT-B-16__block12,100_200,0,22,0.01,1.654346968205711e-05,5.177178382873535,6.82310676574707,1.6459283828735352,0.3077388107776642,0.5362756848335266,0.010882709175348282,0.04292624071240425,True
ViT-B-16__block12,100_200,0,23,0.01,1.2842758726130304e-05,5.1642327308654785,6.822988510131836,1.6587557792663574,0.31318017840385437,0.5386940836906433,0.011487304233014584,0.0417170524597168,True
ViT-B-16__block12,100_200,0,24,0.01,9.549150281252636e-06,5.155337810516357,6.822739601135254,1.6674017906188965,0.3149939775466919,0.5423216819763184,0.012091899290680885,0.04292624071240425,True
ViT-B-16__block12,100_200,0,25,0.01,6.698729810778068e-06,5.147598743438721,6.8225603103637695,1.6749615669250488,0.31680774688720703,0.5453446507453918,0.011487304233014584,0.04292624071240425,True
ViT-B-16__block12,100_200,0,26,0.01,4.322727117869953e-06,5.142512798309326,6.822174072265625,1.6796612739562988,0.3204353153705597,0.5483676195144653,0.011487304233014584,0.04292624071240425,True
ViT-B-16__block12,100_200,0,27,0.01,2.447174185242324e-06,5.139451026916504,6.822238922119141,1.6827878952026367,0.32164451479911804,0.5513905882835388,0.011487304233014584,0.04292624071240425,False
ViT-B-16__block12,100_200,0,28,0.01,1.092619963309716e-06,5.137507438659668,6.822166442871094,1.6846590042114258,0.3222491145133972,0.5525997877120972,0.011487304233014584,0.04292624071240425,True
ViT-B-16__block12,100_200,0,29,0.01,2.7390523158633003e-07,5.1367692947387695,6.822153091430664,1.6853837966918945,0.3222491145133972,0.5525997877120972,0.011487304233014584,0.04292624071240425,True
ViT-B-16__block12,100_200,0,30,0.01,0.0,5.13654899597168,6.822146415710449,1.6855974197387695,0.3222491145133972,0.5525997877120972,0.011487304233014584,0.04292624071240425,True
ViT-B-16__block12,100_200,0,1,0.0001,9.972609476841367e-05,7.146868705749512,7.3151350021362305,0.16826629638671875,0.005441354587674141,0.01692865788936615,0.0018137848237529397,0.013301088474690914,True
ViT-B-16__block12,100_200,0,2,0.0001,9.890738003669029e-05,6.845556259155273,7.182252407073975,0.33669614791870117,0.011487304233014584,0.04534462094306946,0.004836759530007839,0.017533253878355026,True
ViT-B-16__block12,100_200,0,3,0.0001,9.755282581475769e-05,6.598419189453125,7.092818737030029,0.4943995475769043,0.022974608466029167,0.0912938341498375,0.005441354587674141,0.022974608466029167,True
ViT-B-16__block12,100_200,0,4,0.0001,9.567727288213003e-05,6.396711826324463,7.0323591232299805,0.6356472969055176,0.03748488798737526,0.12877872586250305,0.005441354587674141,0.02660217694938183,True
ViT-B-16__block12,100_200,0,5,0.0001,9.330127018922194e-05,6.228697776794434,6.987912178039551,0.7592144012451172,0.05804111436009407,0.16989117860794067,0.006045949645340443,0.029625151306390762,True
ViT-B-16__block12,100_200,0,6,0.0001,9.045084971874738e-05,6.086059093475342,6.954495429992676,0.868436336517334,0.08101572096347809,0.2134220153093338,0.007859733887016773,0.03204353153705597,True
ViT-B-16__block12,100_200,0,7,0.0001,8.715724127386972e-05,5.962576866149902,6.926349639892578,0.9637727737426758,0.10096735507249832,0.24546554684638977,0.008464328944683075,0.034461911767721176,True
ViT-B-16__block12,100_200,0,8,0.0001,8.345653031794292e-05,5.856752872467041,6.905787467956543,1.049034595489502,0.11850060522556305,0.2865779995918274,0.008464328944683075,0.03929867222905159,True
ViT-B-16__block12,100_200,0,9,0.0001,7.938926261462366e-05,5.764177322387695,6.889182090759277,1.125004768371582,0.1354292631149292,0.31378477811813354,0.009673519060015678,0.03929867222905159,True
ViT-B-16__block12,100_200,0,10,0.0001,7.500000000000001e-05,5.679439067840576,6.875227928161621,1.195788860321045,0.15054413676261902,0.3355501890182495,0.009673519060015678,0.03990326449275017,True
ViT-B-16__block12,100_200,0,11,0.0001,7.033683215379003e-05,5.604981422424316,6.86529541015625,1.2603139877319336,0.17533253133296967,0.36819830536842346,0.011487304233014584,0.042321644723415375,True
ViT-B-16__block12,100_200,0,12,0.0001,6.545084971874738e-05,5.537051200866699,6.856439113616943,1.3193879127502441,0.1977025419473648,0.39419591426849365,0.013301088474690914,0.04353083670139313,True
ViT-B-16__block12,100_200,0,13,0.0001,6.039558454088797e-05,5.476576805114746,6.847765922546387,1.3711891174316406,0.21402661502361298,0.4081015884876251,0.013301088474690914,0.044135428965091705,True
ViT-B-16__block12,100_200,0,14,0.0001,5.522642316338269e-05,5.423500061035156,6.842885971069336,1.4193859100341797,0.2291414886713028,0.4316807985305786,0.014510278590023518,0.04474002495408058,True
ViT-B-16__block12,100_200,0,15,0.0001,5.000000000000002e-05,5.374390602111816,6.837776184082031,1.4633855819702148,0.24244257807731628,0.4528416097164154,0.01511487364768982,0.04292624071240425,True
ViT-B-16__block12,100_200,0,16,0.0001,4.4773576836617344e-05,5.333005428314209,6.834071159362793,1.501065731048584,0.2521160840988159,0.4679564833641052,0.014510278590023518,0.044135428965091705,True
ViT-B-16__block12,100_200,0,17,0.0001,3.9604415459112035e-05,5.294647216796875,6.83017635345459,1.5355291366577148,0.26723095774650574,0.4842805564403534,0.012696493417024612,0.044135428965091705,True
ViT-B-16__block12,100_200,0,18,0.0001,3.4549150281252636e-05,5.265549659729004,6.828818321228027,1.5632686614990234,0.27992746233940125,0.5006046295166016,0.012696493417024612,0.04534462094306946,True
ViT-B-16__block12,100_200,0,19,0.0001,2.966316784621e-05,5.236845016479492,6.8271331787109375,1.5902881622314453,0.29322853684425354,0.5084643363952637,0.011487304233014584,0.042321644723415375,True
ViT-B-16__block12,100_200,0,20,0.0001,2.5000000000000015e-05,5.213323593139648,6.827195167541504,1.6138715744018555,0.30048367381095886,0.5229746103286743,0.012696493417024612,0.042321644723415375,False
ViT-B-16__block12,100_200,0,21,0.0001,2.0610737385376352e-05,5.193596839904785,6.824637413024902,1.6310405731201172,0.30350667238235474,0.5308343768119812,0.01027811411768198,0.0417170524597168,True
ViT-B-16__block12,100_200,0,22,0.0001,1.654346968205711e-05,5.177692413330078,6.823121070861816,1.6454286575317383,0.3071342408657074,0.5362756848335266,0.010882709175348282,0.04292624071240425,True
ViT-B-16__block12,100_200,0,23,0.0001,1.2842758726130304e-05,5.164752960205078,6.823000907897949,1.658247947692871,0.311970978975296,0.5386940836906433,0.011487304233014584,0.0417170524597168,True
ViT-B-16__block12,100_200,0,24,0.0001,9.549150281252636e-06,5.155862808227539,6.822751045227051,1.6668882369995117,0.3149939775466919,0.5423216819763184,0.012091899290680885,0.04292624071240425,True
ViT-B-16__block12,100_200,0,25,0.0001,6.698729810778068e-06,5.148128032684326,6.822571277618408,1.674443244934082,0.31680774688720703,0.5453446507453918,0.011487304233014584,0.04292624071240425,True
ViT-B-16__block12,100_200,0,26,0.0001,4.322727117869953e-06,5.143043518066406,6.822185516357422,1.6791419982910156,0.3204353153705597,0.5483676195144653,0.011487304233014584,0.04292624071240425,True
ViT-B-16__block12,100_200,0,27,0.0001,2.447174185242324e-06,5.139981269836426,6.822249412536621,1.6822681427001953,0.3204353153705597,0.5513905882835388,0.011487304233014584,0.04292624071240425,False
ViT-B-16__block12,100_200,0,28,0.0001,1.092619963309716e-06,5.138039588928223,6.822175979614258,1.6841363906860352,0.3222491145133972,0.5525997877120972,0.011487304233014584,0.04292624071240425,True
ViT-B-16__block12,100_200,0,29,0.0001,2.7390523158633003e-07,5.137302398681641,6.822162628173828,1.6848602294921875,0.3222491145133972,0.5525997877120972,0.011487304233014584,0.04292624071240425,True
ViT-B-16__block12,100_200,0,30,0.0001,0.0,5.137082099914551,6.82215690612793,1.685074806213379,0.3222491145133972,0.5525997877120972,0.011487304233014584,0.04292624071240425,True
ViT-B-16__block12,100_200,1,1,0.01,9.972609476841367e-05,7.143530368804932,7.321926116943359,0.17839574813842773,0.004836759530007839,0.019951632246375084,0.0018137848237529397,0.007255139295011759,True
ViT-B-16__block12,100_200,1,2,0.01,9.890738003669029e-05,6.837496757507324,7.183534145355225,0.3460373878479004,0.011487304233014584,0.05380894988775253,0.0030229748226702213,0.013905683532357216,True
ViT-B-16__block12,100_200,1,3,0.01,9.755282581475769e-05,6.587413311004639,7.0915679931640625,0.5041546821594238,0.029625151306390762,0.09552600234746933,0.004836759530007839,0.018137848004698753,True
ViT-B-16__block12,100_200,1,4,0.01,9.567727288213003e-05,6.389692306518555,7.0246262550354,0.6349339485168457,0.04474002495408058,0.13663846254348755,0.007859733887016773,0.025392986834049225,True
ViT-B-16__block12,100_200,1,5,0.01,9.330127018922194e-05,6.22081184387207,6.978794574737549,0.7579827308654785,0.06650544703006744,0.17593713104724884,0.010882709175348282,0.027206772938370705,True
ViT-B-16__block12,100_200,1,6,0.01,9.045084971874738e-05,6.078392028808594,6.944554328918457,0.8661623001098633,0.08282950520515442,0.22067715227603912,0.01027811411768198,0.029625151306390762,True
ViT-B-16__block12,100_200,1,7,0.01,8.715724127386972e-05,5.954520225524902,6.918233871459961,0.9637136459350586,0.11366385221481323,0.26118502020835876,0.011487304233014584,0.0338573157787323,True
ViT-B-16__block12,100_200,1,8,0.01,8.345653031794292e-05,5.84855842590332,6.899751663208008,1.0511932373046875,0.13180169463157654,0.30108827352523804,0.013905683532357216,0.03627569600939751,True
ViT-B-16__block12,100_200,1,9,0.01,7.938926261462366e-05,5.754445552825928,6.884243965148926,1.129798412322998,0.15175333619117737,0.32648128271102905,0.013301088474690914,0.03929867222905159,True
ViT-B-16__block12,100_200,1,10,0.01,7.500000000000001e-05,5.670562744140625,6.871283531188965,1.2007207870483398,0.16807739436626434,0.3597339987754822,0.013905683532357216,0.038694076240062714,True
ViT-B-16__block12,100_200,1,11,0.01,7.033683215379003e-05,5.593745231628418,6.860997200012207,1.267251968383789,0.1898428052663803,0.3851269781589508,0.012696493417024612,0.040507860481739044,True
ViT-B-16__block12,100_200,1,12,0.01,6.545084971874738e-05,5.528714179992676,6.855142116546631,1.326427936553955,0.21221283078193665,0.41233375668525696,0.011487304233014584,0.040507860481739044,True
ViT-B-16__block12,100_200,1,13,0.01,6.039558454088797e-05,5.467677116394043,6.848442077636719,1.3807649612426758,0.22490932047367096,0.4371221363544464,0.012091899290680885,0.03929867222905159,True
ViT-B-16__block12,100_200,1,14,0.01,5.522642316338269e-05,5.4123311042785645,6.845937728881836,1.4336066246032715,0.24123337864875793,0.45405080914497375,0.011487304233014584,0.04353083670139313,True
ViT-B-16__block12,100_200,1,15,0.01,5.000000000000002e-05,5.362929344177246,6.8421430587768555,1.4792137145996094,0.24848851561546326,0.4764208197593689,0.011487304233014584,0.0417170524597168,True
ViT-B-16__block12,100_200,1,16,0.01,4.4773576836617344e-05,5.3220672607421875,6.8380022048950195,1.515934944152832,0.26118502020835876,0.49032649397850037,0.011487304233014584,0.04474002495408058,True
ViT-B-16__block12,100_200,1,17,0.01,3.9604415459112035e-05,5.283880233764648,6.835060119628906,1.5511798858642578,0.2732769250869751,0.5,0.012696493417024612,0.04292624071240425,True
ViT-B-16__block12,100_200,1,18,0.01,3.4549150281252636e-05,5.252260208129883,6.8335137367248535,1.5812535285949707,0.2859733998775482,0.5120919346809387,0.012696493417024612,0.04474002495408058,True
ViT-B-16__block12,100_200,1,19,0.01,2.966316784621e-05,5.224941253662109,6.832576751708984,1.607635498046875,0.29564693570137024,0.5247883796691895,0.012696493417024612,0.04353083670139313,True
ViT-B-16__block12,100_200,1,20,0.01,2.5000000000000015e-05,5.2028937339782715,6.83195686340332,1.6290631294250488,0.2992745041847229,0.5308343768119812,0.012696493417024612,0.04111245647072792,True
ViT-B-16__block12,100_200,1,21,0.01,2.0610737385376352e-05,5.183221340179443,6.830730438232422,1.6475090980529785,0.311970978975296,0.5368803143501282,0.012696493417024612,0.044135428965091705,True
ViT-B-16__block12,100_200,1,22,0.01,1.654346968205711e-05,5.167242050170898,6.8304595947265625,1.663217544555664,0.31318017840385437,0.5380895137786865,0.012696493417024612,0.04353083670139313,True
ViT-B-16__block12,100_200,1,23,0.01,1.2842758726130304e-05,5.154537200927734,6.829776287078857,1.675239086151123,0.3198307156562805,0.5477629899978638,0.012696493417024612,0.03990326449275017,True
ViT-B-16__block12,100_200,1,24,0.01,9.549150281252636e-06,5.1449456214904785,6.829249382019043,1.6843037605285645,0.32708585262298584,0.550786018371582,0.012696493417024612,0.04111245647072792,True
ViT-B-16__block12,100_200,1,25,0.01,6.698729810778068e-06,5.137763977050781,6.829282283782959,1.6915183067321777,0.327690452337265,0.5519951581954956,0.012696493417024612,0.04292624071240425,False
ViT-B-16__block12,100_200,1,26,0.01,4.322727117869953e-06,5.13249397277832,6.828980445861816,1.696486473083496,0.3282950520515442,0.5544135570526123,0.012091899290680885,0.04353083670139313,True
ViT-B-16__block12,100_200,1,27,0.01,2.447174185242324e-06,5.1294755935668945,6.829049110412598,1.6995735168457031,0.3301088511943817,0.5562273263931274,0.012696493417024612,0.04353083670139313,False
ViT-B-16__block12,100_200,1,28,0.01,1.092619963309716e-06,5.127771377563477,6.829067230224609,1.7012958526611328,0.3307134211063385,0.5562273263931274,0.012091899290680885,0.04353083670139313,False
ViT-B-16__block12,100_200,1,29,0.01,2.7390523158633003e-07,5.126967430114746,6.829044818878174,1.7020773887634277,0.3307134211063385,0.5562273263931274,0.012091899290680885,0.04353083670139313,False
ViT-B-16__block12,100_200,1,30,0.01,0.0,5.126768589019775,6.829042434692383,1.7022738456726074,0.3313180208206177,0.5562273263931274,0.012091899290680885,0.04353083670139313,False
ViT-B-16__block12,100_200,1,1,0.0001,9.972609476841367e-05,7.143540382385254,7.321930408477783,0.1783900260925293,0.004836759530007839,0.019951632246375084,0.0018137848237529397,0.007255139295011759,True
ViT-B-16__block12,100_200,1,2,0.0001,9.890738003669029e-05,6.837529182434082,7.1835455894470215,0.34601640701293945,0.011487304233014584,0.05380894988775253,0.0030229748226702213,0.013905683532357216,True
ViT-B-16__block12,100_200,1,3,0.0001,9.755282581475769e-05,6.587474822998047,7.091585159301758,0.5041103363037109,0.029625151306390762,0.09552600234746933,0.004836759530007839,0.018137848004698753,True
ViT-B-16__block12,100_200,1,4,0.0001,9.567727288213003e-05,6.389782428741455,7.024649143218994,0.6348667144775391,0.04474002495408058,0.13663846254348755,0.007859733887016773,0.025392986834049225,True
ViT-B-16__block12,100_200,1,5,0.0001,9.330127018922194e-05,6.22093391418457,6.978819370269775,0.7578854560852051,0.06650544703006744,0.17593713104724884,0.010882709175348282,0.027206772938370705,True
ViT-B-16__block12,100_200,1,6,0.0001,9.045084971874738e-05,6.078545570373535,6.944581508636475,0.8660359382629395,0.08282950520515442,0.22067715227603912,0.01027811411768198,0.029625151306390762,True
ViT-B-16__block12,100_200,1,7,0.0001,8.715724127386972e-05,5.954704284667969,6.91826057434082,0.9635562896728516,0.11366385221481323,0.26118502020835876,0.011487304233014584,0.0338573157787323,True
ViT-B-16__block12,100_200,1,8,0.0001,8.345653031794292e-05,5.8487725257873535,6.8997802734375,1.0510077476501465,0.13180169463157654,0.30108827352523804,0.013905683532357216,0.03627569600939751,True
ViT-B-16__block12,100_200,1,9,0.0001,7.938926261462366e-05,5.754689693450928,6.884269714355469,1.129580020904541,0.15175333619117737,0.32648128271102905,0.013301088474690914,0.03929867222905159,True
ViT-B-16__block12,100_200,1,10,0.0001,7.500000000000001e-05,5.670836448669434,6.87130880355835,1.200472354888916,0.16807739436626434,0.3597339987754822,0.013905683532357216,0.038694076240062714,True
ViT-B-16__block12,100_200,1,11,0.0001,7.033683215379003e-05,5.594050407409668,6.861021041870117,1.2669706344604492,0.1898428052663803,0.3851269781589508,0.012696493417024612,0.040507860481739044,True
ViT-B-16__block12,100_200,1,12,0.0001,6.545084971874738e-05,5.529045104980469,6.855165481567383,1.326120376586914,0.21221283078193665,0.4117291569709778,0.011487304233014584,0.040507860481739044,True
ViT-B-16__block12,100_200,1,13,0.0001,6.039558454088797e-05,5.4680352210998535,6.848464012145996,1.3804287910461426,0.22490932047367096,0.4371221363544464,0.012091899290680885,0.03929867222905159,True
ViT-B-16__block12,100_200,1,14,0.0001,5.522642316338269e-05,5.412715911865234,6.845956802368164,1.4332408905029297,0.24123337864875793,0.45405080914497375,0.011487304233014584,0.04353083670139313,True
ViT-B-16__block12,100_200,1,15,0.0001,5.000000000000002e-05,5.363337993621826,6.842160224914551,1.4788222312927246,0.24848851561546326,0.4764208197593689,0.011487304233014584,0.0417170524597168,True
ViT-B-16__block12,100_200,1,16,0.0001,4.4773576836617344e-05,5.32249641418457,6.838017463684082,1.5155210494995117,0.26118502020835876,0.49032649397850037,0.011487304233014584,0.04474002495408058,True
ViT-B-16__block12,100_200,1,17,0.0001,3.9604415459112035e-05,5.284328460693359,6.835072994232178,1.5507445335388184,0.27206772565841675,0.4993954300880432,0.012696493417024612,0.04353083670139313,True
ViT-B-16__block12,100_200,1,18,0.0001,3.4549150281252636e-05,5.252722263336182,6.83352518081665,1.5808029174804688,0.2859733998775482,0.5114873051643372,0.012696493417024612,0.04474002495408058,True
ViT-B-16__block12,100_200,1,19,0.0001,2.966316784621e-05,5.2254180908203125,6.832585334777832,1.6071672439575195,0.29564693570137024,0.5241838097572327,0.012696493417024612,0.04353083670139313,True
ViT-B-16__block12,100_200,1,20,0.0001,2.5000000000000015e-05,5.203381538391113,6.831963062286377,1.6285815238952637,0.2986699044704437,0.5308343768119812,0.012696493417024612,0.04111245647072792,True
ViT-B-16__block12,100_200,1,21,0.0001,2.0610737385376352e-05,5.183719635009766,6.830735206604004,1.6470155715942383,0.311970978975296,0.5368803143501282,0.012696493417024612,0.044135428965091705,True
ViT-B-16__block12,100_200,1,22,0.0001,1.654346968205711e-05,5.167749881744385,6.830462455749512,1.662712574005127,0.31318017840385437,0.537484884262085,0.012696493417024612,0.04353083670139313,True
ViT-B-16__block12,100_200,1,23,0.0001,1.2842758726130304e-05,5.155050277709961,6.829777717590332,1.674727439880371,0.3198307156562805,0.5477629899978638,0.012696493417024612,0.03990326449275017,True
ViT-B-16__block12,100_200,1,24,0.0001,9.549150281252636e-06,5.145463466644287,6.829250335693359,1.6837868690490723,0.32648128271102905,0.550786018371582,0.012696493417024612,0.04111245647072792,True
ViT-B-16__block12,100_200,1,25,0.0001,6.698729810778068e-06,5.1382856369018555,6.829283714294434,1.6909980773925781,0.327690452337265,0.5519951581954956,0.012696493417024612,0.04292624071240425,False
ViT-B-16__block12,100_200,1,26,0.0001,4.322727117869953e-06,5.133016586303711,6.8289794921875,1.695962905883789,0.3282950520515442,0.5538089871406555,0.012091899290680885,0.04353083670139313,True
ViT-B-16__block12,100_200,1,27,0.0001,2.447174185242324e-06,5.129999160766602,6.829047203063965,1.6990480422973633,0.3301088511943817,0.5562273263931274,0.012696493417024612,0.04353083670139313,False
ViT-B-16__block12,100_200,1,28,0.0001,1.092619963309716e-06,5.1282958984375,6.829065322875977,1.7007694244384766,0.3301088511943817,0.5562273263931274,0.012091899290680885,0.04353083670139313,False
ViT-B-16__block12,100_200,1,29,0.0001,2.7390523158633003e-07,5.127492904663086,6.829042911529541,1.701550006866455,0.3301088511943817,0.5562273263931274,0.012091899290680885,0.04353083670139313,False
ViT-B-16__block12,100_200,1,30,0.0001,0.0,5.127293586730957,6.829040050506592,1.7017464637756348,0.3307134211063385,0.5562273263931274,0.012091899290680885,0.04353083670139313,False
ViT-B-16__block12,300_400,0,1,0.01,9.972609476841367e-05,7.2674150466918945,7.447879791259766,0.1804647445678711,0.0036275696475058794,0.014510278590023518,0.0006045949412509799,0.007255139295011759,True
ViT-B-16__block12,300_400,0,2,0.01,9.890738003669029e-05,7.026965618133545,7.373467922210693,0.34650230407714844,0.009673519060015678,0.029625151306390762,0.0018137848237529397,0.008464328944683075,True
ViT-B-16__block12,300_400,0,3,0.01,9.755282581475769e-05,6.81675910949707,7.320943832397461,0.5041847229003906,0.01511487364768982,0.05259976163506508,0.0024183797650039196,0.008464328944683075,True
ViT-B-16__block12,300_400,0,4,0.01,9.567727288213003e-05,6.637269973754883,7.279675483703613,0.6424055099487305,0.027206772938370705,0.0834341049194336,0.0024183797650039196,0.010882709175348282,True
ViT-B-16__block12,300_400,0,5,0.01,9.330127018922194e-05,6.487211227416992,7.249321937561035,0.762110710144043,0.042321644723415375,0.13059251010417938,0.0024183797650039196,0.012696493417024612,True
ViT-B-16__block12,300_400,0,6,0.01,9.045084971874738e-05,6.357845306396484,7.221944808959961,0.8640995025634766,0.061064090579748154,0.15659008920192719,0.0018137848237529397,0.012696493417024612,True
ViT-B-16__block12,300_400,0,7,0.01,8.715724127386972e-05,6.242597579956055,7.20234489440918,0.959747314453125,0.08403869718313217,0.187424436211586,0.0024183797650039196,0.012696493417024612,True
ViT-B-16__block12,300_400,0,8,0.01,8.345653031794292e-05,6.145482063293457,7.185234546661377,1.03975248336792,0.09915357083082199,0.21402661502361298,0.0024183797650039196,0.012696493417024612,True
ViT-B-16__block12,300_400,0,9,0.01,7.938926261462366e-05,6.060636520385742,7.172270774841309,1.1116342544555664,0.11547763645648956,0.23760581016540527,0.0030229748226702213,0.013905683532357216,True
ViT-B-16__block12,300_400,0,10,0.01,7.500000000000001e-05,5.981144905090332,7.1592864990234375,1.1781415939331055,0.12152358144521713,0.2738814949989319,0.0018137848237529397,0.018137848004698753,True
ViT-B-16__block12,300_400,0,11,0.01,7.033683215379003e-05,5.911351203918457,7.15086555480957,1.2395143508911133,0.1354292631149292,0.3016928732395172,0.0036275696475058794,0.01692865788936615,True
ViT-B-16__block12,300_400,0,12,0.01,6.545084971874738e-05,5.850239276885986,7.141236305236816,1.29099702835083,0.15417170524597168,0.32889965176582336,0.0030229748226702213,0.017533253878355026,True
ViT-B-16__block12,300_400,0,13,0.01,6.039558454088797e-05,5.795391082763672,7.136862277984619,1.3414711952209473,0.16807739436626434,0.3488512933254242,0.0036275696475058794,0.01692865788936615,True
ViT-B-16__block12,300_400,0,14,0.01,5.522642316338269e-05,5.747228622436523,7.132322311401367,1.3850936889648438,0.17775091528892517,0.3694075047969818,0.0042321644723415375,0.01692865788936615,True
ViT-B-16__block12,300_400,0,15,0.01,5.000000000000002e-05,5.701573848724365,7.12886905670166,1.427295207977295,0.18923822045326233,0.38452237844467163,0.0036275696475058794,0.019347038120031357,True
ViT-B-16__block12,300_400,0,16,0.01,4.4773576836617344e-05,5.663547039031982,7.125543117523193,1.461996078491211,0.20495767891407013,0.3978234827518463,0.004836759530007839,0.01874244399368763,True
ViT-B-16__block12,300_400,0,17,0.01,3.9604415459112035e-05,5.628286361694336,7.122187614440918,1.493901252746582,0.20979444682598114,0.41475212574005127,0.004836759530007839,0.018137848004698753,True
ViT-B-16__block12,300_400,0,18,0.01,3.4549150281252636e-05,5.600151062011719,7.121817111968994,1.5216660499572754,0.2237001210451126,0.4195888936519623,0.0042321644723415375,0.018137848004698753,True
ViT-B-16__block12,300_400,0,19,0.01,2.966316784621e-05,5.573915481567383,7.1201276779174805,1.5462121963500977,0.22490932047367096,0.4316807985305786,0.0042321644723415375,0.017533253878355026,True
ViT-B-16__block12,300_400,0,20,0.01,2.5000000000000015e-05,5.551015853881836,7.118936538696289,1.5679206848144531,0.2394195944070816,0.43833133578300476,0.0042321644723415375,0.017533253878355026,True
ViT-B-16__block12,300_400,0,21,0.01,2.0610737385376352e-05,5.532959938049316,7.117669582366943,1.584709644317627,0.2448609471321106,0.44679567217826843,0.0036275696475058794,0.017533253878355026,True
ViT-B-16__block12,300_400,0,22,0.01,1.654346968205711e-05,5.51869010925293,7.116987228393555,1.598297119140625,0.24788393080234528,0.45405080914497375,0.0036275696475058794,0.017533253878355026,True
ViT-B-16__block12,300_400,0,23,0.01,1.2842758726130304e-05,5.50663423538208,7.117278099060059,1.6106438636779785,0.2521160840988159,0.4576783776283264,0.0036275696475058794,0.018137848004698753,False
ViT-B-16__block12,300_400,0,24,0.01,9.549150281252636e-06,5.497854709625244,7.11714506149292,1.6192903518676758,0.25392988324165344,0.46493351459503174,0.0036275696475058794,0.019347038120031357,False
ViT-B-16__block12,300_400,0,25,0.01,6.698729810778068e-06,5.490506172180176,7.116768836975098,1.6262626647949219,0.2581620514392853,0.4661427140235901,0.0036275696475058794,0.01874244399368763,True
ViT-B-16__block12,300_400,0,26,0.01,4.322727117869953e-06,5.485701560974121,7.116354465484619,1.630652904510498,0.2581620514392853,0.46735188364982605,0.0030229748226702213,0.019347038120031357,True
ViT-B-16__block12,300_400,0,27,0.01,2.447174185242324e-06,5.482716083526611,7.116235733032227,1.6335196495056152,0.2599758207798004,0.4685610830783844,0.0030229748226702213,0.01874244399368763,True
ViT-B-16__block12,300_400,0,28,0.01,1.092619963309716e-06,5.480954170227051,7.116206169128418,1.6352519989013672,0.2605804204940796,0.4691656827926636,0.0030229748226702213,0.01874244399368763,True
ViT-B-16__block12,300_400,0,29,0.01,2.7390523158633003e-07,5.480219841003418,7.116163730621338,1.63594388961792,0.26118502020835876,0.46735188364982605,0.0030229748226702213,0.019347038120031357,True
ViT-B-16__block12,300_400,0,30,0.01,0.0,5.480023384094238,7.116154193878174,1.6361308097839355,0.26118502020835876,0.46735188364982605,0.0030229748226702213,0.019347038120031357,True
ViT-B-16__block12,300_400,0,1,0.0001,9.972609476841367e-05,7.267423629760742,7.447881698608398,0.18045806884765625,0.0036275696475058794,0.014510278590023518,0.0006045949412509799,0.007255139295011759,True
ViT-B-16__block12,300_400,0,2,0.0001,9.890738003669029e-05,7.02699089050293,7.373473644256592,0.3464827537536621,0.009673519060015678,0.029625151306390762,0.0018137848237529397,0.008464328944683075,True
ViT-B-16__block12,300_400,0,3,0.0001,9.755282581475769e-05,6.816812515258789,7.320956230163574,0.5041437149047852,0.01511487364768982,0.05259976163506508,0.0024183797650039196,0.008464328944683075,True
ViT-B-16__block12,300_400,0,4,0.0001,9.567727288213003e-05,6.637350559234619,7.27969217300415,0.6423416137695312,0.027206772938370705,0.0834341049194336,0.0024183797650039196,0.010882709175348282,True
ViT-B-16__block12,300_400,0,5,0.0001,9.330127018922194e-05,6.487320899963379,7.249341011047363,0.7620201110839844,0.042321644723415375,0.13059251010417938,0.0024183797650039196,0.012696493417024612,True
ViT-B-16__block12,300_400,0,6,0.0001,9.045084971874738e-05,6.357982635498047,7.221969127655029,0.8639864921569824,0.061064090579748154,0.15659008920192719,0.0018137848237529397,0.012696493417024612,True
ViT-B-16__block12,300_400,0,7,0.0001,8.715724127386972e-05,6.242763042449951,7.202369689941406,0.9596066474914551,0.08403869718313217,0.187424436211586,0.0024183797650039196,0.012696493417024612,True
ViT-B-16__block12,300_400,0,8,0.0001,8.345653031794292e-05,6.145672798156738,7.185262680053711,1.0395898818969727,0.09915357083082199,0.21402661502361298,0.0024183797650039196,0.012696493417024612,True
ViT-B-16__block12,300_400,0,9,0.0001,7.938926261462366e-05,6.060853958129883,7.172299385070801,1.111445426940918,0.11547763645648956,0.23760581016540527,0.0030229748226702213,0.013905683532357216,True
ViT-B-16__block12,300_400,0,10,0.0001,7.500000000000001e-05,5.98138952255249,7.159317970275879,1.1779284477233887,0.12152358144521713,0.2738814949989319,0.0018137848237529397,0.018137848004698753,True
ViT-B-16__block12,300_400,0,11,0.0001,7.033683215379003e-05,5.91162109375,7.150895595550537,1.239274501800537,0.1354292631149292,0.30108827352523804,0.0036275696475058794,0.01692865788936615,True
ViT-B-16__block12,300_400,0,12,0.0001,6.545084971874738e-05,5.850534439086914,7.141268730163574,1.2907342910766602,0.15417170524597168,0.3282950520515442,0.0030229748226702213,0.017533253878355026,True
ViT-B-16__block12,300_400,0,13,0.0001,6.039558454088797e-05,5.795710563659668,7.136894226074219,1.3411836624145508,0.16747279465198517,0.3488512933254242,0.0036275696475058794,0.01692865788936615,True
ViT-B-16__block12,300_400,0,14,0.0001,5.522642316338269e-05,5.747572898864746,7.132352828979492,1.384779930114746,0.17775091528892517,0.3694075047969818,0.0042321644723415375,0.01692865788936615,True
ViT-B-16__block12,300_400,0,15,0.0001,5.000000000000002e-05,5.70194149017334,7.1288981437683105,1.4269566535949707,0.18923822045326233,0.38452237844467163,0.0036275696475058794,0.019347038120031357,True
ViT-B-16__block12,300_400,0,16,0.0001,4.4773576836617344e-05,5.663934707641602,7.125572681427002,1.4616379737854004,0.20495767891407013,0.3978234827518463,0.004836759530007839,0.01874244399368763,True
ViT-B-16__block12,300_400,0,17,0.0001,3.9604415459112035e-05,5.628693580627441,7.122216701507568,1.493523120880127,0.20979444682598114,0.4141475260257721,0.004836759530007839,0.018137848004698753,True
ViT-B-16__block12,300_400,0,18,0.0001,3.4549150281252636e-05,5.600573539733887,7.121844291687012,1.521270751953125,0.22309553623199463,0.4195888936519623,0.0042321644723415375,0.018137848004698753,True
ViT-B-16__block12,300_400,0,19,0.0001,2.966316784621e-05,5.5743536949157715,7.120152950286865,1.5457992553710938,0.22490932047367096,0.43107619881629944,0.0042321644723415375,0.017533253878355026,True
ViT-B-16__block12,300_400,0,20,0.0001,2.5000000000000015e-05,5.551466941833496,7.118963241577148,1.5674962997436523,0.23881499469280243,0.4377267360687256,0.0042321644723415375,0.017533253878355026,True
ViT-B-16__block12,300_400,0,21,0.0001,2.0610737385376352e-05,5.533421516418457,7.1176958084106445,1.5842742919921875,0.2448609471321106,0.44679567217826843,0.0036275696475058794,0.017533253878355026,True
ViT-B-16__block12,300_400,0,22,0.0001,1.654346968205711e-05,5.519159317016602,7.117011547088623,1.5978522300720215,0.24788393080234528,0.45405080914497375,0.0036275696475058794,0.017533253878355026,True
ViT-B-16__block12,300_400,0,23,0.0001,1.2842758726130304e-05,5.507111072540283,7.117302894592285,1.610191822052002,0.2527206838130951,0.4576783776283264,0.0036275696475058794,0.018137848004698753,False
ViT-B-16__block12,300_400,0,24,0.0001,9.549150281252636e-06,5.498336315155029,7.117168426513672,1.6188321113586426,0.25332528352737427,0.46493351459503174,0.0036275696475058794,0.019347038120031357,False
ViT-B-16__block12,300_400,0,25,0.0001,6.698729810778068e-06,5.490991592407227,7.116792678833008,1.6258010864257812,0.25876662135124207,0.4661427140235901,0.0036275696475058794,0.01874244399368763,True
ViT-B-16__block12,300_400,0,26,0.0001,4.322727117869953e-06,5.486188888549805,7.116377830505371,1.6301889419555664,0.2581620514392853,0.4667472839355469,0.0030229748226702213,0.019347038120031357,True
ViT-B-16__block12,300_400,0,27,0.0001,2.447174185242324e-06,5.483203887939453,7.116259574890137,1.6330556869506836,0.2599758207798004,0.4685610830783844,0.0030229748226702213,0.01874244399368763,True
ViT-B-16__block12,300_400,0,28,0.0001,1.092619963309716e-06,5.481442451477051,7.1162285804748535,1.6347861289978027,0.2599758207798004,0.4691656827926636,0.0030229748226702213,0.01874244399368763,True
ViT-B-16__block12,300_400,0,29,0.0001,2.7390523158633003e-07,5.480709075927734,7.116186141967773,1.635477066040039,0.26118502020835876,0.46735188364982605,0.0030229748226702213,0.019347038120031357,True
ViT-B-16__block12,300_400,0,30,0.0001,0.0,5.480512619018555,7.116177082061768,1.635664463043213,0.26118502020835876,0.46735188364982605,0.0030229748226702213,0.019347038120031357,True
ViT-B-16__block12,300_400,1,1,0.01,9.972609476841367e-05,7.266974449157715,7.4347405433654785,0.16776609420776367,0.0018137848237529397,0.017533253878355026,0.0012091898825019598,0.006650544237345457,True
ViT-B-16__block12,300_400,1,2,0.01,9.890738003669029e-05,7.031772613525391,7.354731559753418,0.32295894622802734,0.011487304233014584,0.03627569600939751,0.0036275696475058794,0.006650544237345457,True
ViT-B-16__block12,300_400,1,3,0.01,9.755282581475769e-05,6.8255109786987305,7.301633358001709,0.4761223793029785,0.02418379858136177,0.06227327883243561,0.004836759530007839,0.008464328944683075,True
ViT-B-16__block12,300_400,1,4,0.01,9.567727288213003e-05,6.655370712280273,7.259190559387207,0.6038198471069336,0.03990326449275017,0.09189843386411667,0.0042321644723415375,0.01027811411768198,True
ViT-B-16__block12,300_400,1,5,0.01,9.330127018922194e-05,6.502324104309082,7.230594158172607,0.7282700538635254,0.05018138140439987,0.1172914206981659,0.0036275696475058794,0.012696493417024612,True
ViT-B-16__block12,300_400,1,6,0.01,9.045084971874738e-05,6.374791145324707,7.20729923248291,0.8325080871582031,0.06166868284344673,0.15235792100429535,0.0024183797650039196,0.012696493417024612,True
ViT-B-16__block12,300_400,1,7,0.01,8.715724127386972e-05,6.261725425720215,7.186165809631348,0.9244403839111328,0.077992744743824,0.18863362073898315,0.0012091898825019598,0.014510278590023518,True
ViT-B-16__block12,300_400,1,8,0.01,8.345653031794292e-05,6.165752410888672,7.1705322265625,1.0047798156738281,0.093712218105793,0.21765418350696564,0.0018137848237529397,0.013301088474690914,True
ViT-B-16__block12,300_400,1,9,0.01,7.938926261462366e-05,6.078129768371582,7.158833980560303,1.0807042121887207,0.10519952327013016,0.2394195944070816,0.0012091898825019598,0.01692865788936615,True
ViT-B-16__block12,300_400,1,10,0.01,7.500000000000001e-05,5.997426986694336,7.149460315704346,1.1520333290100098,0.11487303674221039,0.2684401571750641,0.0018137848237529397,0.018137848004698753,True
ViT-B-16__block12,300_400,1,11,0.01,7.033683215379003e-05,5.926589012145996,7.140040397644043,1.2134513854980469,0.13361547887325287,0.2974607050418854,0.0024183797650039196,0.017533253878355026,True
ViT-B-16__block12,300_400,1,12,0.01,6.545084971874738e-05,5.86842155456543,7.134876728057861,1.2664551734924316,0.15054413676261902,0.31136640906333923,0.0018137848237529397,0.019951632246375084,True
ViT-B-16__block12,300_400,1,13,0.01,6.039558454088797e-05,5.810420513153076,7.130469799041748,1.3200492858886719,0.1638452261686325,0.3331318199634552,0.0036275696475058794,0.01874244399368763,True
ViT-B-16__block12,300_400,1,14,0.01,5.522642316338269e-05,5.760842323303223,7.126799583435059,1.365957260131836,0.17896009981632233,0.35308343172073364,0.0024183797650039196,0.019951632246375084,True
ViT-B-16__block12,300_400,1,15,0.01,5.000000000000002e-05,5.713128566741943,7.123755931854248,1.4106273651123047,0.192865788936615,0.3663845360279083,0.0024183797650039196,0.019951632246375084,True
ViT-B-16__block12,300_400,1,16,0.01,4.4773576836617344e-05,5.675935745239258,7.120335578918457,1.4443998336791992,0.20133011043071747,0.37908104062080383,0.0024183797650039196,0.02055622823536396,True
ViT-B-16__block12,300_400,1,17,0.01,3.9604415459112035e-05,5.638586521148682,7.118260383605957,1.4796738624572754,0.20979444682598114,0.3935913145542145,0.0030229748226702213,0.019951632246375084,True
ViT-B-16__block12,300_400,1,18,0.01,3.4549150281252636e-05,5.609060287475586,7.115940570831299,1.506880283355713,0.2164449840784073,0.4111245572566986,0.0030229748226702213,0.02055622823536396,True
ViT-B-16__block12,300_400,1,19,0.01,2.966316784621e-05,5.581720352172852,7.11566162109375,1.5339412689208984,0.2212817519903183,0.4220072627067566,0.0030229748226702213,0.021765418350696564,True
ViT-B-16__block12,300_400,1,20,0.01,2.5000000000000015e-05,5.5614094734191895,7.115706443786621,1.5542969703674316,0.22732770442962646,0.43047159910202026,0.0030229748226702213,0.021765418350696564,False
ViT-B-16__block12,300_400,1,21,0.01,2.0610737385376352e-05,5.542258262634277,7.11483097076416,1.5725727081298828,0.23518742620944977,0.4371221363544464,0.0030229748226702213,0.021765418350696564,True
ViT-B-16__block12,300_400,1,22,0.01,1.654346968205711e-05,5.526665687561035,7.114477157592773,1.5878114700317383,0.23881499469280243,0.44619107246398926,0.0030229748226702213,0.021765418350696564,True
ViT-B-16__block12,300_400,1,23,0.01,1.2842758726130304e-05,5.514640808105469,7.1135430335998535,1.5989022254943848,0.2418379783630371,0.4480048418045044,0.0036275696475058794,0.021765418350696564,True
ViT-B-16__block12,300_400,1,24,0.01,9.549150281252636e-06,5.50545597076416,7.113428115844727,1.6079721450805664,0.24425636231899261,0.4504232406616211,0.0036275696475058794,0.02237001247704029,True
ViT-B-16__block12,300_400,1,25,0.01,6.698729810778068e-06,5.498421669006348,7.113521575927734,1.6150999069213867,0.24667473137378693,0.4558645784854889,0.0036275696475058794,0.021765418350696564,False
ViT-B-16__block12,300_400,1,26,0.01,4.322727117869953e-06,5.4934282302856445,7.113491058349609,1.6200628280639648,0.2472793310880661,0.4552599787712097,0.0036275696475058794,0.021765418350696564,False
ViT-B-16__block12,300_400,1,27,0.01,2.447174185242324e-06,5.490665435791016,7.113261699676514,1.622596263885498,0.2503023147583008,0.45646917819976807,0.0036275696475058794,0.021765418350696564,True
ViT-B-16__block12,300_400,1,28,0.01,1.092619963309716e-06,5.489031791687012,7.1132659912109375,1.6242341995239258,0.25090691447257996,0.45707377791404724,0.0036275696475058794,0.021765418350696564,False
ViT-B-16__block12,300_400,1,29,0.01,2.7390523158633003e-07,5.488264083862305,7.113277435302734,1.6250133514404297,0.25090691447257996,0.4576783776283264,0.0036275696475058794,0.021765418350696564,False
ViT-B-16__block12,300_400,1,30,0.01,0.0,5.488075256347656,7.113278388977051,1.6252031326293945,0.25090691447257996,0.4576783776283264,0.0036275696475058794,0.021765418350696564,False
ViT-B-16__block12,300_400,1,1,0.0001,9.972609476841367e-05,7.266982078552246,7.434743404388428,0.16776132583618164,0.0018137848237529397,0.017533253878355026,0.0012091898825019598,0.006650544237345457,True
ViT-B-16__block12,300_400,1,2,0.0001,9.890738003669029e-05,7.031800270080566,7.354739189147949,0.3229389190673828,0.011487304233014584,0.03627569600939751,0.0036275696475058794,0.006650544237345457,True
ViT-B-16__block12,300_400,1,3,0.0001,9.755282581475769e-05,6.825564861297607,7.301642417907715,0.4760775566101074,0.02418379858136177,0.06227327883243561,0.004836759530007839,0.008464328944683075,True
ViT-B-16__block12,300_400,1,4,0.0001,9.567727288213003e-05,6.655452251434326,7.259204864501953,0.603752613067627,0.03990326449275017,0.09189843386411667,0.0042321644723415375,0.01027811411768198,True
ViT-B-16__block12,300_400,1,5,0.0001,9.330127018922194e-05,6.50243616104126,7.230610370635986,0.7281742095947266,0.05018138140439987,0.1172914206981659,0.0036275696475058794,0.012696493417024612,True
ViT-B-16__block12,300_400,1,6,0.0001,9.045084971874738e-05,6.374931812286377,7.207318305969238,0.8323864936828613,0.06166868284344673,0.15235792100429535,0.0024183797650039196,0.012696493417024612,True
ViT-B-16__block12,300_400,1,7,0.0001,8.715724127386972e-05,6.261896133422852,7.186186790466309,0.924290657043457,0.077992744743824,0.18863362073898315,0.0012091898825019598,0.014510278590023518,True
ViT-B-16__block12,300_400,1,8,0.0001,8.345653031794292e-05,6.16594934463501,7.170554161071777,1.0046048164367676,0.093712218105793,0.21765418350696564,0.0018137848237529397,0.013301088474690914,True
ViT-B-16__block12,300_400,1,9,0.0001,7.938926261462366e-05,6.0783562660217285,7.158855438232422,1.0804991722106934,0.10519952327013016,0.2394195944070816,0.0012091898825019598,0.01692865788936615,True
ViT-B-16__block12,300_400,1,10,0.0001,7.500000000000001e-05,5.997682571411133,7.149481773376465,1.151799201965332,0.11487303674221039,0.2684401571750641,0.0018137848237529397,0.018137848004698753,True
ViT-B-16__block12,300_400,1,11,0.0001,7.033683215379003e-05,5.926872253417969,7.140060901641846,1.213188648223877,0.13361547887325287,0.2968561053276062,0.0024183797650039196,0.017533253878355026,True
ViT-B-16__block12,300_400,1,12,0.0001,6.545084971874738e-05,5.868731498718262,7.134894371032715,1.2661628723144531,0.15054413676261902,0.31136640906333923,0.0018137848237529397,0.019951632246375084,True
ViT-B-16__block12,300_400,1,13,0.0001,6.039558454088797e-05,5.810756206512451,7.130485534667969,1.3197293281555176,0.1638452261686325,0.3331318199634552,0.0036275696475058794,0.01874244399368763,True
ViT-B-16__block12,300_400,1,14,0.0001,5.522642316338269e-05,5.761204719543457,7.126814842224121,1.365610122680664,0.17896009981632233,0.35308343172073364,0.0024183797650039196,0.019951632246375084,True
ViT-B-16__block12,300_400,1,15,0.0001,5.000000000000002e-05,5.7135162353515625,7.123770713806152,1.4102544784545898,0.192865788936615,0.36577993631362915,0.0024183797650039196,0.019951632246375084,True
ViT-B-16__block12,300_400,1,16,0.0001,4.4773576836617344e-05,5.676342964172363,7.120349884033203,1.4440069198608398,0.20133011043071747,0.37908104062080383,0.0024183797650039196,0.02055622823536396,True
ViT-B-16__block12,300_400,1,17,0.0001,3.9604415459112035e-05,5.639015197753906,7.11827278137207,1.479257583618164,0.20979444682598114,0.3929867148399353,0.0030229748226702213,0.019951632246375084,True
ViT-B-16__block12,300_400,1,18,0.0001,3.4549150281252636e-05,5.609504699707031,7.115952491760254,1.5064477920532227,0.2164449840784073,0.4111245572566986,0.0030229748226702213,0.02055622823536396,True
ViT-B-16__block12,300_400,1,19,0.0001,2.966316784621e-05,5.582181930541992,7.115668296813965,1.5334863662719727,0.2212817519903183,0.4220072627067566,0.0030229748226702213,0.021765418350696564,True
ViT-B-16__block12,300_400,1,20,0.0001,2.5000000000000015e-05,5.5618815422058105,7.115711688995361,1.5538301467895508,0.22732770442962646,0.43047159910202026,0.0030229748226702213,0.021765418350696564,False
ViT-B-16__block12,300_400,1,21,0.0001,2.0610737385376352e-05,5.542742729187012,7.114835262298584,1.5720925331115723,0.2345828413963318,0.4371221363544464,0.0030229748226702213,0.02237001247704029,True
ViT-B-16__block12,300_400,1,22,0.0001,1.654346968205711e-05,5.527159690856934,7.114480018615723,1.587320327758789,0.23821040987968445,0.4455864727497101,0.0030229748226702213,0.021765418350696564,True
ViT-B-16__block12,300_400,1,23,0.0001,1.2842758726130304e-05,5.515140056610107,7.1135454177856445,1.598405361175537,0.2418379783630371,0.4480048418045044,0.0036275696475058794,0.021765418350696564,True
ViT-B-16__block12,300_400,1,24,0.0001,9.549150281252636e-06,5.505959510803223,7.113429546356201,1.6074700355529785,0.24425636231899261,0.4504232406616211,0.0036275696475058794,0.02237001247704029,True
ViT-B-16__block12,300_400,1,25,0.0001,6.698729810778068e-06,5.498929500579834,7.113521575927734,1.6145920753479004,0.24667473137378693,0.4558645784854889,0.0036275696475058794,0.021765418350696564,False
ViT-B-16__block12,300_400,1,26,0.0001,4.322727117869953e-06,5.493938446044922,7.113490581512451,1.6195521354675293,0.2472793310880661,0.4552599787712097,0.0036275696475058794,0.021765418350696564,False
ViT-B-16__block12,300_400,1,27,0.0001,2.447174185242324e-06,5.491175651550293,7.113262176513672,1.622086524963379,0.2503023147583008,0.45646917819976807,0.0036275696475058794,0.021765418350696564,True
ViT-B-16__block12,300_400,1,28,0.0001,1.092619963309716e-06,5.489543437957764,7.1132659912109375,1.6237225532531738,0.25090691447257996,0.45707377791404724,0.0036275696475058794,0.021765418350696564,False
ViT-B-16__block12,300_400,1,29,0.0001,2.7390523158633003e-07,5.488775730133057,7.113276481628418,1.6245007514953613,0.2503023147583008,0.4576783776283264,0.0036275696475058794,0.021765418350696564,False
ViT-B-16__block12,300_400,1,30,0.0001,0.0,5.488587379455566,7.113277912139893,1.6246905326843262,0.2503023147583008,0.4576783776283264,0.0036275696475058794,0.021765418350696564,False
ViT-B-16__block12,500_600,0,1,0.01,9.972609476841367e-05,7.366742134094238,7.546455383300781,0.17971324920654297,0.0042321644723415375,0.010882709175348282,0.0012091898825019598,0.0012091898825019598,True
ViT-B-16__block12,500_600,0,2,0.01,9.890738003669029e-05,7.196634292602539,7.5300140380859375,0.33337974548339844,0.007255139295011759,0.018137848004698753,0.0006045949412509799,0.0024183797650039196,True
ViT-B-16__block12,500_600,0,3,0.01,9.755282581475769e-05,7.049489974975586,7.527707099914551,0.47821712493896484,0.011487304233014584,0.03325272351503372,0.0,0.0036275696475058794,True
ViT-B-16__block12,500_600,0,4,0.01,9.567727288213003e-05,6.919142723083496,7.532685279846191,0.6135425567626953,0.018137848004698753,0.05078597366809845,0.0,0.0024183797650039196,False
ViT-B-16__block12,500_600,0,5,0.01,9.330127018922194e-05,6.802642822265625,7.5356903076171875,0.7330474853515625,0.025392986834049225,0.07980652898550034,0.0,0.0024183797650039196,False
ViT-B-16__block12,500_600,0,6,0.01,9.045084971874738e-05,6.704239845275879,7.541055679321289,0.8368158340454102,0.034461911767721176,0.09492140263319016,0.0,0.0018137848237529397,False
ViT-B-16__block12,500_600,0,7,0.01,8.715724127386972e-05,6.6139326095581055,7.545584678649902,0.9316520690917969,0.04715840518474579,0.11850060522556305,0.0,0.0018137848237529397,False
ViT-B-16__block12,500_600,0,8,0.01,8.345653031794292e-05,6.537425994873047,7.5493316650390625,1.0119056701660156,0.05864571034908295,0.1354292631149292,0.0,0.0012091898825019598,False
ViT-B-16__block12,500_600,0,9,0.01,7.938926261462366e-05,6.4664812088012695,7.555855751037598,1.0893745422363281,0.06590084731578827,0.16807739436626434,0.0,0.0012091898825019598,False
ViT-B-16__block12,500_600,0,10,0.01,7.500000000000001e-05,6.401091575622559,7.560466766357422,1.1593751907348633,0.07617896050214767,0.18863362073898315,0.0,0.0018137848237529397,False
ViT-B-16__block12,500_600,0,11,0.01,7.033683215379003e-05,6.341506004333496,7.562565803527832,1.221059799194336,0.08887545764446259,0.21221283078193665,0.0,0.0018137848237529397,False
ViT-B-16__block12,500_600,0,1,0.0001,9.972609476841367e-05,7.3667473793029785,7.546456336975098,0.17970895767211914,0.0042321644723415375,0.010882709175348282,0.0012091898825019598,0.0012091898825019598,True
ViT-B-16__block12,500_600,0,2,0.0001,9.890738003669029e-05,7.196652412414551,7.53001594543457,0.33336353302001953,0.007255139295011759,0.018137848004698753,0.0006045949412509799,0.0024183797650039196,True
ViT-B-16__block12,500_600,0,3,0.0001,9.755282581475769e-05,7.049529075622559,7.527708053588867,0.4781789779663086,0.011487304233014584,0.03325272351503372,0.0,0.0036275696475058794,True
ViT-B-16__block12,500_600,0,4,0.0001,9.567727288213003e-05,6.919205665588379,7.532683372497559,0.6134777069091797,0.018137848004698753,0.05078597366809845,0.0,0.0024183797650039196,False
ViT-B-16__block12,500_600,0,5,0.0001,9.330127018922194e-05,6.802727222442627,7.535688877105713,0.7329616546630859,0.025392986834049225,0.07980652898550034,0.0,0.0024183797650039196,False
ViT-B-16__block12,500_600,0,6,0.0001,9.045084971874738e-05,6.704346656799316,7.541051387786865,0.8367047309875488,0.034461911767721176,0.09492140263319016,0.0,0.0018137848237529397,False
ViT-B-16__block12,500_600,0,7,0.0001,8.715724127386972e-05,6.6140642166137695,7.54557991027832,0.9315156936645508,0.04715840518474579,0.11850060522556305,0.0,0.0018137848237529397,False
ViT-B-16__block12,500_600,0,8,0.0001,8.345653031794292e-05,6.5375776290893555,7.549323081970215,1.0117454528808594,0.05864571034908295,0.1354292631149292,0.0,0.0012091898825019598,False
ViT-B-16__block12,500_600,0,9,0.0001,7.938926261462366e-05,6.466658592224121,7.555842399597168,1.0891838073730469,0.06590084731578827,0.16807739436626434,0.0,0.0012091898825019598,False
ViT-B-16__block12,500_600,0,10,0.0001,7.500000000000001e-05,6.401293754577637,7.560454845428467,1.15916109085083,0.07617896050214767,0.18863362073898315,0.0,0.0018137848237529397,False
ViT-B-16__block12,500_600,0,11,0.0001,7.033683215379003e-05,6.341733455657959,7.562551498413086,1.220818042755127,0.08887545764446259,0.21160823106765747,0.0,0.0018137848237529397,False
ViT-B-16__block12,500_600,1,1,0.01,9.972609476841367e-05,7.351907253265381,7.55388069152832,0.20197343826293945,0.0024183797650039196,0.009068924002349377,0.0006045949412509799,0.0024183797650039196,True
ViT-B-16__block12,500_600,1,2,0.01,9.890738003669029e-05,7.179642677307129,7.528735160827637,0.3490924835205078,0.005441354587674141,0.01874244399368763,0.0018137848237529397,0.0030229748226702213,True
ViT-B-16__block12,500_600,1,3,0.01,9.755282581475769e-05,7.032748699188232,7.523749351501465,0.4910006523132324,0.01027811411768198,0.03990326449275017,0.0018137848237529397,0.0042321644723415375,True
ViT-B-16__block12,500_600,1,4,0.01,9.567727288213003e-05,6.905455589294434,7.5238776206970215,0.6184220314025879,0.02055622823536396,0.0598548986017704,0.0006045949412509799,0.006045949645340443,False
ViT-B-16__block12,500_600,1,5,0.01,9.330127018922194e-05,6.7880120277404785,7.524416446685791,0.7364044189453125,0.0259975828230381,0.0834341049194336,0.0006045949412509799,0.006045949645340443,False
ViT-B-16__block12,500_600,1,6,0.01,9.045084971874738e-05,6.688743591308594,7.527322292327881,0.8385787010192871,0.03204353153705597,0.10580411553382874,0.0,0.004836759530007839,False
ViT-B-16__block12,500_600,1,7,0.01,8.715724127386972e-05,6.599272727966309,7.529990196228027,0.9307174682617188,0.04111245647072792,0.12817412614822388,0.0006045949412509799,0.007255139295011759,False
ViT-B-16__block12,500_600,1,8,0.01,8.345653031794292e-05,6.520164489746094,7.532854080200195,1.0126895904541016,0.06469165533781052,0.15719468891620636,0.0006045949412509799,0.004836759530007839,False
ViT-B-16__block12,500_600,1,9,0.01,7.938926261462366e-05,6.44816780090332,7.53648567199707,1.08831787109375,0.07859734445810318,0.17593713104724884,0.0012091898825019598,0.006045949645340443,False
ViT-B-16__block12,500_600,1,10,0.01,7.500000000000001e-05,6.382802963256836,7.540196895599365,1.1573939323425293,0.09189843386411667,0.19588875770568848,0.0018137848237529397,0.006045949645340443,False
ViT-B-16__block12,500_600,1,11,0.01,7.033683215379003e-05,6.320004463195801,7.542070388793945,1.2220659255981445,0.10096735507249832,0.22490932047367096,0.0024183797650039196,0.006045949645340443,False
ViT-B-16__block12,500_600,1,1,0.0001,9.972609476841367e-05,7.3519134521484375,7.5538811683654785,0.20196771621704102,0.0024183797650039196,0.009068924002349377,0.0006045949412509799,0.0024183797650039196,True
ViT-B-16__block12,500_600,1,2,0.0001,9.890738003669029e-05,7.179661750793457,7.528736591339111,0.3490748405456543,0.005441354587674141,0.01874244399368763,0.0018137848237529397,0.0030229748226702213,True
ViT-B-16__block12,500_600,1,3,0.0001,9.755282581475769e-05,7.03278923034668,7.5237507820129395,0.49096155166625977,0.01027811411768198,0.03990326449275017,0.0018137848237529397,0.0042321644723415375,True
ViT-B-16__block12,500_600,1,4,0.0001,9.567727288213003e-05,6.905518531799316,7.523875713348389,0.6183571815490723,0.02055622823536396,0.0598548986017704,0.0006045949412509799,0.006045949645340443,False
ViT-B-16__block12,500_600,1,5,0.0001,9.330127018922194e-05,6.788095474243164,7.524413108825684,0.7363176345825195,0.0259975828230381,0.0834341049194336,0.0006045949412509799,0.006045949645340443,False
ViT-B-16__block12,500_600,1,6,0.0001,9.045084971874738e-05,6.688851356506348,7.527318477630615,0.8384671211242676,0.03204353153705597,0.10580411553382874,0.0,0.004836759530007839,False
ViT-B-16__block12,500_600,1,7,0.0001,8.715724127386972e-05,6.599405288696289,7.5299835205078125,0.9305782318115234,0.04111245647072792,0.12817412614822388,0.0006045949412509799,0.007255139295011759,False
ViT-B-16__block12,500_600,1,8,0.0001,8.345653031794292e-05,6.520321846008301,7.5328450202941895,1.0125231742858887,0.06469165533781052,0.15719468891620636,0.0006045949412509799,0.004836759530007839,False
ViT-B-16__block12,500_600,1,9,0.0001,7.938926261462366e-05,6.448351860046387,7.536473751068115,1.0881218910217285,0.07859734445810318,0.17593713104724884,0.0012091898825019598,0.006045949645340443,False
ViT-B-16__block12,500_600,1,10,0.0001,7.500000000000001e-05,6.3830156326293945,7.540184020996094,1.1571683883666992,0.09189843386411667,0.1952841728925705,0.0018137848237529397,0.006045949645340443,False
ViT-B-16__block12,500_600,1,11,0.0001,7.033683215379003e-05,6.32024621963501,7.542054176330566,1.2218079566955566,0.10096735507249832,0.22490932047367096,0.0024183797650039196,0.006045949645340443,False
ViT-L-14__block4,100_200,0,1,0.01,9.972609476841367e-05,7.047324180603027,7.15703010559082,0.10970592498779297,0.0018137848237529397,0.01692865788936615,0.0018137848237529397,0.01027811411768198,True
ViT-L-14__block4,100_200,0,2,0.01,9.890738003669029e-05,6.790755271911621,6.991084098815918,0.20032882690429688,0.009068924002349377,0.044135428965091705,0.006045949645340443,0.023579202592372894,True
ViT-L-14__block4,100_200,0,3,0.01,9.755282581475769e-05,6.594475746154785,6.88129997253418,0.28682422637939453,0.019951632246375084,0.07255139201879501,0.009068924002349377,0.030834341421723366,True
ViT-L-14__block4,100_200,0,4,0.01,9.567727288213003e-05,6.429125785827637,6.795008182525635,0.36588239669799805,0.034461911767721176,0.10096735507249832,0.008464328944683075,0.03567110002040863,True
ViT-L-14__block4,100_200,0,5,0.01,9.330127018922194e-05,6.285974502563477,6.726901531219482,0.44092702865600586,0.040507860481739044,0.11547763645648956,0.01027811411768198,0.03929867222905159,True
ViT-L-14__block4,100_200,0,6,0.01,9.045084971874738e-05,6.161877155303955,6.671546936035156,0.5096697807312012,0.04897218942642212,0.13482467830181122,0.01027811411768198,0.045949216932058334,True
ViT-L-14__block4,100_200,0,7,0.01,8.715724127386972e-05,6.055431365966797,6.629368305206299,0.573936939239502,0.055622734129428864,0.14752116799354553,0.011487304233014584,0.045949216932058334,True
ViT-L-14__block4,100_200,0,8,0.01,8.345653031794292e-05,5.959914207458496,6.5911688804626465,0.6312546730041504,0.06529625505208969,0.1638452261686325,0.013301088474690914,0.045949216932058334,True
ViT-L-14__block4,100_200,0,9,0.01,7.938926261462366e-05,5.87453556060791,6.556074142456055,0.6815385818481445,0.0755743682384491,0.19105200469493866,0.012696493417024612,0.04897218942642212,True
ViT-L-14__block4,100_200,0,10,0.01,7.500000000000001e-05,5.797689437866211,6.5300068855285645,0.7323174476623535,0.08101572096347809,0.20979444682598114,0.013301088474690914,0.05501813814043999,True
ViT-L-14__block4,100_200,0,11,0.01,7.033683215379003e-05,5.735378265380859,6.508632659912109,0.77325439453125,0.08887545764446259,0.21825876832008362,0.014510278590023518,0.05259976163506508,True
ViT-L-14__block4,100_200,0,12,0.01,6.545084971874738e-05,5.675736904144287,6.489926815032959,0.8141899108886719,0.09854897856712341,0.2339782416820526,0.017533253878355026,0.05380894988775253,True
ViT-L-14__block4,100_200,0,13,0.01,6.039558454088797e-05,5.622509002685547,6.476520538330078,0.8540115356445312,0.09854897856712341,0.2448609471321106,0.014510278590023518,0.05501813814043999,True
ViT-L-14__block4,100_200,0,14,0.01,5.522642316338269e-05,5.579415321350098,6.456933975219727,0.8775186538696289,0.10338573157787323,0.25876662135124207,0.016324063763022423,0.05622733011841774,True
ViT-L-14__block4,100_200,0,15,0.01,5.000000000000002e-05,5.539791107177734,6.449817180633545,0.9100260734558105,0.11245466023683548,0.2726723253726959,0.017533253878355026,0.05622733011841774,True
ViT-L-14__block4,100_200,0,16,0.01,4.4773576836617344e-05,5.504732608795166,6.438016891479492,0.9332842826843262,0.11910520493984222,0.28234583139419556,0.018137848004698753,0.057436518371105194,True
ViT-L-14__block4,100_200,0,17,0.01,3.9604415459112035e-05,5.473457336425781,6.431026458740234,0.9575691223144531,0.1251511573791504,0.29262393712997437,0.01692865788936615,0.057436518371105194,True
ViT-L-14__block4,100_200,0,18,0.01,3.4549150281252636e-05,5.449408531188965,6.421978950500488,0.9725704193115234,0.1275695264339447,0.2962515354156494,0.015719467774033546,0.05804111436009407,True
ViT-L-14__block4,100_200,0,19,0.01,2.966316784621e-05,5.424490928649902,6.417488098144531,0.9929971694946289,0.12696494162082672,0.3065296411514282,0.01874244399368763,0.06045949459075928,True
ViT-L-14__block4,100_200,0,20,0.01,2.5000000000000015e-05,5.40576171875,6.412572860717773,1.0068111419677734,0.1330108940601349,0.30592504143714905,0.017533253878355026,0.06348247081041336,True
ViT-L-14__block4,100_200,0,21,0.01,2.0610737385376352e-05,5.391122817993164,6.407635688781738,1.0165128707885742,0.1330108940601349,0.3095526099205017,0.019347038120031357,0.06166868284344673,True
ViT-L-14__block4,100_200,0,22,0.01,1.654346968205711e-05,5.378983497619629,6.404239654541016,1.0252561569213867,0.13905683159828186,0.3155985474586487,0.019347038120031357,0.06227327883243561,True
ViT-L-14__block4,100_200,0,23,0.01,1.2842758726130304e-05,5.368124008178711,6.402647018432617,1.0345230102539062,0.1408706158399582,0.3155985474586487,0.019347038120031357,0.06227327883243561,True
ViT-L-14__block4,100_200,0,24,0.01,9.549150281252636e-06,5.361240386962891,6.400653839111328,1.0394134521484375,0.1432889997959137,0.3180169463157654,0.01874244399368763,0.06287787109613419,True
ViT-L-14__block4,100_200,0,25,0.01,6.698729810778068e-06,5.355443954467773,6.399206638336182,1.0437626838684082,0.14207981526851654,0.3174123466014862,0.019347038120031357,0.06469165533781052,True
ViT-L-14__block4,100_200,0,26,0.01,4.322727117869953e-06,5.351646423339844,6.397950172424316,1.0463037490844727,0.14389359951019287,0.32103991508483887,0.019347038120031357,0.06408706307411194,True
ViT-L-14__block4,100_200,0,27,0.01,2.447174185242324e-06,5.348821640014648,6.397475242614746,1.0486536026000977,0.14449818432331085,0.31922611594200134,0.01874244399368763,0.06348247081041336,True
ViT-L-14__block4,100_200,0,28,0.01,1.092619963309716e-06,5.34732723236084,6.397339820861816,1.0500125885009766,0.1432889997959137,0.3198307156562805,0.019347038120031357,0.06408706307411194,True
ViT-L-14__block4,100_200,0,29,0.01,2.7390523158633003e-07,5.3467936515808105,6.397243499755859,1.0504498481750488,0.14389359951019287,0.31862154603004456,0.019347038120031357,0.06348247081041336,True
ViT-L-14__block4,100_200,0,30,0.01,0.0,5.346662521362305,6.397214889526367,1.0505523681640625,0.14389359951019287,0.31862154603004456,0.019347038120031357,0.06348247081041336,True
ViT-L-14__block4,100_200,0,1,0.0001,9.972609476841367e-05,7.047329902648926,7.157032489776611,0.10970258712768555,0.0018137848237529397,0.01692865788936615,0.0018137848237529397,0.01027811411768198,True
ViT-L-14__block4,100_200,0,2,0.0001,9.890738003669029e-05,6.790771484375,6.991091728210449,0.20032024383544922,0.009068924002349377,0.044135428965091705,0.006045949645340443,0.023579202592372894,True
ViT-L-14__block4,100_200,0,3,0.0001,9.755282581475769e-05,6.5945024490356445,6.881312847137451,0.28681039810180664,0.019951632246375084,0.07255139201879501,0.009068924002349377,0.030834341421723366,True
ViT-L-14__block4,100_200,0,4,0.0001,9.567727288213003e-05,6.429168701171875,6.7950263023376465,0.3658576011657715,0.034461911767721176,0.10096735507249832,0.008464328944683075,0.03567110002040863,True
ViT-L-14__block4,100_200,0,5,0.0001,9.330127018922194e-05,6.286032676696777,6.726924896240234,0.44089221954345703,0.040507860481739044,0.11547763645648956,0.01027811411768198,0.03929867222905159,True
ViT-L-14__block4,100_200,0,6,0.0001,9.045084971874738e-05,6.161952018737793,6.671573162078857,0.5096211433410645,0.04897218942642212,0.13482467830181122,0.01027811411768198,0.045949216932058334,True
ViT-L-14__block4,100_200,0,7,0.0001,8.715724127386972e-05,6.055520057678223,6.629397392272949,0.5738773345947266,0.055622734129428864,0.14752116799354553,0.011487304233014584,0.045949216932058334,True
ViT-L-14__block4,100_200,0,8,0.0001,8.345653031794292e-05,5.960017204284668,6.591203212738037,0.6311860084533691,0.06529625505208969,0.1638452261686325,0.013301088474690914,0.045949216932058334,True
ViT-L-14__block4,100_200,0,9,0.0001,7.938926261462366e-05,5.874648094177246,6.556113243103027,0.6814651489257812,0.0755743682384491,0.19105200469493866,0.012696493417024612,0.04897218942642212,True
ViT-L-14__block4,100_200,0,10,0.0001,7.500000000000001e-05,5.797815799713135,6.530046463012695,0.7322306632995605,0.08101572096347809,0.20979444682598114,0.013301088474690914,0.05501813814043999,True
ViT-L-14__block4,100_200,0,11,0.0001,7.033683215379003e-05,5.7355146408081055,6.508671760559082,0.7731571197509766,0.08887545764446259,0.21825876832008362,0.014510278590023518,0.05259976163506508,True
ViT-L-14__block4,100_200,0,12,0.0001,6.545084971874738e-05,5.675882816314697,6.489968299865723,0.8140854835510254,0.09854897856712341,0.2339782416820526,0.017533253878355026,0.05380894988775253,True
ViT-L-14__block4,100_200,0,13,0.0001,6.039558454088797e-05,5.62266731262207,6.476560115814209,0.8538928031921387,0.09854897856712341,0.2448609471321106,0.014510278590023518,0.05501813814043999,True
ViT-L-14__block4,100_200,0,14,0.0001,5.522642316338269e-05,5.579580307006836,6.4569807052612305,0.8774003982543945,0.10338573157787323,0.25876662135124207,0.016324063763022423,0.05622733011841774,True
ViT-L-14__block4,100_200,0,15,0.0001,5.000000000000002e-05,5.539961814880371,6.449860572814941,0.9098987579345703,0.11245466023683548,0.2726723253726959,0.017533253878355026,0.05622733011841774,True
ViT-L-14__block4,100_200,0,16,0.0001,4.4773576836617344e-05,5.504910469055176,6.43806266784668,0.9331521987915039,0.11910520493984222,0.28295043110847473,0.018137848004698753,0.057436518371105194,True
ViT-L-14__block4,100_200,0,17,0.0001,3.9604415459112035e-05,5.4736433029174805,6.4310712814331055,0.957427978515625,0.1251511573791504,0.29262393712997437,0.01692865788936615,0.057436518371105194,True
ViT-L-14__block4,100_200,0,18,0.0001,3.4549150281252636e-05,5.449596881866455,6.422025203704834,0.9724283218383789,0.1275695264339447,0.29564693570137024,0.015719467774033546,0.05804111436009407,True
ViT-L-14__block4,100_200,0,19,0.0001,2.966316784621e-05,5.424685478210449,6.417534828186035,0.9928493499755859,0.12696494162082672,0.3065296411514282,0.01874244399368763,0.06045949459075928,True
ViT-L-14__block4,100_200,0,20,0.0001,2.5000000000000015e-05,5.405957221984863,6.412619590759277,1.006662368774414,0.1330108940601349,0.30592504143714905,0.017533253878355026,0.06348247081041336,True
ViT-L-14__block4,100_200,0,21,0.0001,2.0610737385376352e-05,5.391324996948242,6.407683372497559,1.0163583755493164,0.1330108940601349,0.3095526099205017,0.019347038120031357,0.06166868284344673,True
ViT-L-14__block4,100_200,0,22,0.0001,1.654346968205711e-05,5.379186630249023,6.404286861419678,1.0251002311706543,0.13845224678516388,0.3149939775466919,0.019347038120031357,0.06227327883243561,True
ViT-L-14__block4,100_200,0,23,0.0001,1.2842758726130304e-05,5.368329048156738,6.4026947021484375,1.0343656539916992,0.1408706158399582,0.3155985474586487,0.019347038120031357,0.06227327883243561,True
ViT-L-14__block4,100_200,0,24,0.0001,9.549150281252636e-06,5.361446857452393,6.400701522827148,1.0392546653747559,0.1432889997959137,0.3180169463157654,0.01874244399368763,0.06287787109613419,True
ViT-L-14__block4,100_200,0,25,0.0001,6.698729810778068e-06,5.355650901794434,6.399254322052002,1.0436034202575684,0.14207981526851654,0.31680774688720703,0.019347038120031357,0.06469165533781052,True
ViT-L-14__block4,100_200,0,26,0.0001,4.322727117869953e-06,5.351851940155029,6.397997856140137,1.0461459159851074,0.1432889997959137,0.32103991508483887,0.019347038120031357,0.06408706307411194,True
ViT-L-14__block4,100_200,0,27,0.0001,2.447174185242324e-06,5.349026679992676,6.397521495819092,1.048494815826416,0.14389359951019287,0.31922611594200134,0.01874244399368763,0.06348247081041336,True
ViT-L-14__block4,100_200,0,28,0.0001,1.092619963309716e-06,5.347532272338867,6.397385597229004,1.0498533248901367,0.1432889997959137,0.3198307156562805,0.019347038120031357,0.06408706307411194,True
ViT-L-14__block4,100_200,0,29,0.0001,2.7390523158633003e-07,5.3470001220703125,6.397290229797363,1.0502901077270508,0.14389359951019287,0.31862154603004456,0.019347038120031357,0.06348247081041336,True
ViT-L-14__block4,100_200,0,30,0.0001,0.0,5.346868515014648,6.397261619567871,1.0503931045532227,0.14389359951019287,0.31862154603004456,0.019347038120031357,0.06348247081041336,True
ViT-L-14__block4,100_200,1,1,0.01,9.972609476841367e-05,7.054533958435059,7.159615516662598,0.10508155822753906,0.005441354587674141,0.016324063763022423,0.0024183797650039196,0.009068924002349377,True
ViT-L-14__block4,100_200,1,2,0.01,9.890738003669029e-05,6.7949090003967285,6.990021705627441,0.1951127052307129,0.011487304233014584,0.03506650775671005,0.0030229748226702213,0.017533253878355026,True
ViT-L-14__block4,100_200,1,3,0.01,9.755282581475769e-05,6.6023664474487305,6.8770904541015625,0.27472400665283203,0.021160822361707687,0.06287787109613419,0.004836759530007839,0.022974608466029167,True
ViT-L-14__block4,100_200,1,4,0.01,9.567727288213003e-05,6.43936824798584,6.795088768005371,0.35572052001953125,0.027206772938370705,0.08222491294145584,0.006045949645340443,0.027811367064714432,True
ViT-L-14__block4,100_200,1,5,0.01,9.330127018922194e-05,6.300281524658203,6.730600357055664,0.43031883239746094,0.040507860481739044,0.10459492355585098,0.0042321644723415375,0.03204353153705597,True
ViT-L-14__block4,100_200,1,6,0.01,9.045084971874738e-05,6.178493499755859,6.674768924713135,0.4962754249572754,0.04715840518474579,0.1299879103899002,0.009068924002349377,0.03627569600939751,True
ViT-L-14__block4,100_200,1,7,0.01,8.715724127386972e-05,6.0689473152160645,6.636192321777344,0.5672450065612793,0.055622734129428864,0.14752116799354553,0.009068924002349377,0.04534462094306946,True
ViT-L-14__block4,100_200,1,8,0.01,8.345653031794292e-05,5.973752975463867,6.602591514587402,0.6288385391235352,0.06287787109613419,0.16505442559719086,0.011487304233014584,0.04534462094306946,True
ViT-L-14__block4,100_200,1,9,0.01,7.938926261462366e-05,5.889547348022461,6.57236385345459,0.6828165054321289,0.07436517626047134,0.18561065196990967,0.014510278590023518,0.047763001173734665,True
ViT-L-14__block4,100_200,1,10,0.01,7.500000000000001e-05,5.814670562744141,6.5453877449035645,0.7307171821594238,0.08222491294145584,0.19165658950805664,0.015719467774033546,0.051390569657087326,True
ViT-L-14__block4,100_200,1,11,0.01,7.033683215379003e-05,5.7460761070251465,6.527906894683838,0.7818307876586914,0.08403869718313217,0.20979444682598114,0.012696493417024612,0.05441354587674141,True
ViT-L-14__block4,100_200,1,12,0.01,6.545084971874738e-05,5.6877970695495605,6.509241104125977,0.821444034576416,0.09492140263319016,0.22067715227603912,0.01874244399368763,0.057436518371105194,True
ViT-L-14__block4,100_200,1,13,0.01,6.039558454088797e-05,5.632667064666748,6.4953413009643555,0.8626742362976074,0.10096735507249832,0.24304716289043427,0.015719467774033546,0.056831926107406616,True
ViT-L-14__block4,100_200,1,14,0.01,5.522642316338269e-05,5.585506439208984,6.488614082336426,0.9031076431274414,0.10580411553382874,0.24788393080234528,0.01874244399368763,0.05804111436009407,True
ViT-L-14__block4,100_200,1,15,0.01,5.000000000000002e-05,5.543370246887207,6.473819255828857,0.9304490089416504,0.10882709175348282,0.25151148438453674,0.01874244399368763,0.06348247081041336,True
ViT-L-14__block4,100_200,1,16,0.01,4.4773576836617344e-05,5.507287979125977,6.466526031494141,0.9592380523681641,0.11305925250053406,0.26723095774650574,0.019951632246375084,0.059250302612781525,True
ViT-L-14__block4,100_200,1,17,0.01,3.9604415459112035e-05,5.477982521057129,6.459718227386475,0.9817357063293457,0.11487303674221039,0.2702539265155792,0.018137848004698753,0.06045949459075928,True
ViT-L-14__block4,100_200,1,18,0.01,3.4549150281252636e-05,5.448216438293457,6.448742866516113,1.0005264282226562,0.1251511573791504,0.2835550308227539,0.018137848004698753,0.06469165533781052,True
ViT-L-14__block4,100_200,1,19,0.01,2.966316784621e-05,5.424660682678223,6.4465131759643555,1.0218524932861328,0.12877872586250305,0.2859733998775482,0.019347038120031357,0.06287787109613419,True
ViT-L-14__block4,100_200,1,20,0.01,2.5000000000000015e-05,5.405706405639648,6.443859577178955,1.0381531715393066,0.12938331067562103,0.2920193672180176,0.021160822361707687,0.06348247081041336,True
ViT-L-14__block4,100_200,1,21,0.01,2.0610737385376352e-05,5.391666412353516,6.439589500427246,1.0479230880737305,0.12938331067562103,0.2974607050418854,0.02055622823536396,0.06590084731578827,True
ViT-L-14__block4,100_200,1,22,0.01,1.654346968205711e-05,5.376543045043945,6.437669277191162,1.0611262321472168,0.13059251010417938,0.29262393712997437,0.02055622823536396,0.06529625505208969,True
ViT-L-14__block4,100_200,1,23,0.01,1.2842758726130304e-05,5.366391181945801,6.435125350952148,1.0687341690063477,0.13663846254348755,0.2986699044704437,0.01874244399368763,0.061064090579748154,True
ViT-L-14__block4,100_200,1,24,0.01,9.549150281252636e-06,5.3585968017578125,6.433263778686523,1.074666976928711,0.1354292631149292,0.3022974729537964,0.019347038120031357,0.06287787109613419,True
ViT-L-14__block4,100_200,1,25,0.01,6.698729810778068e-06,5.352207183837891,6.433171272277832,1.0809640884399414,0.13361547887325287,0.3053204417228699,0.019347038120031357,0.06469165533781052,True
ViT-L-14__block4,100_200,1,26,0.01,4.322727117869953e-06,5.3480072021484375,6.431917190551758,1.0839099884033203,0.13422007858753204,0.3047158420085907,0.01874244399368763,0.06408706307411194,True
ViT-L-14__block4,100_200,1,27,0.01,2.447174185242324e-06,5.345114707946777,6.431450843811035,1.0863361358642578,0.13482467830181122,0.3053204417228699,0.019951632246375084,0.06348247081041336,True
ViT-L-14__block4,100_200,1,28,0.01,1.092619963309716e-06,5.343589782714844,6.431103706359863,1.0875139236450195,0.13482467830181122,0.3053204417228699,0.019951632246375084,0.06287787109613419,True
ViT-L-14__block4,100_200,1,29,0.01,2.7390523158633003e-07,5.343101978302002,6.431118965148926,1.0880169868469238,0.1354292631149292,0.30592504143714905,0.019951632246375084,0.06408706307411194,False
ViT-L-14__block4,100_200,1,30,0.01,0.0,5.34294319152832,6.431070327758789,1.0881271362304688,0.13603386282920837,0.30592504143714905,0.019951632246375084,0.06408706307411194,True
ViT-L-14__block4,100_200,1,1,0.0001,9.972609476841367e-05,7.054537773132324,7.1596174240112305,0.10507965087890625,0.005441354587674141,0.016324063763022423,0.0024183797650039196,0.009068924002349377,True
ViT-L-14__block4,100_200,1,2,0.0001,9.890738003669029e-05,6.794920921325684,6.990028381347656,0.19510746002197266,0.011487304233014584,0.03506650775671005,0.0030229748226702213,0.017533253878355026,True
ViT-L-14__block4,100_200,1,3,0.0001,9.755282581475769e-05,6.602391242980957,6.877101898193359,0.27471065521240234,0.021160822361707687,0.06287787109613419,0.004836759530007839,0.022974608466029167,True
ViT-L-14__block4,100_200,1,4,0.0001,9.567727288213003e-05,6.439408302307129,6.795105934143066,0.3556976318359375,0.027206772938370705,0.08162032067775726,0.006045949645340443,0.027811367064714432,True
ViT-L-14__block4,100_200,1,5,0.0001,9.330127018922194e-05,6.300339698791504,6.730623245239258,0.4302835464477539,0.040507860481739044,0.10459492355585098,0.0042321644723415375,0.03204353153705597,True
ViT-L-14__block4,100_200,1,6,0.0001,9.045084971874738e-05,6.178567886352539,6.674795627593994,0.4962277412414551,0.04715840518474579,0.13059251010417938,0.009068924002349377,0.03627569600939751,True
ViT-L-14__block4,100_200,1,7,0.0001,8.715724127386972e-05,6.069036960601807,6.6362223625183105,0.5671854019165039,0.055622734129428864,0.14752116799354553,0.009068924002349377,0.04534462094306946,True
ViT-L-14__block4,100_200,1,8,0.0001,8.345653031794292e-05,5.973858833312988,6.602624893188477,0.6287660598754883,0.06287787109613419,0.16505442559719086,0.011487304233014584,0.04534462094306946,True
ViT-L-14__block4,100_200,1,9,0.0001,7.938926261462366e-05,5.889665603637695,6.572403430938721,0.6827378273010254,0.07436517626047134,0.18561065196990967,0.014510278590023518,0.047763001173734665,True
ViT-L-14__block4,100_200,1,10,0.0001,7.500000000000001e-05,5.814800262451172,6.545427322387695,0.7306270599365234,0.08222491294145584,0.19165658950805664,0.015719467774033546,0.051390569657087326,True
ViT-L-14__block4,100_200,1,11,0.0001,7.033683215379003e-05,5.746220588684082,6.527945518493652,0.7817249298095703,0.08403869718313217,0.20979444682598114,0.012696493417024612,0.05441354587674141,True
ViT-L-14__block4,100_200,1,12,0.0001,6.545084971874738e-05,5.687950611114502,6.509283542633057,0.8213329315185547,0.09492140263319016,0.22067715227603912,0.01874244399368763,0.057436518371105194,True
ViT-L-14__block4,100_200,1,13,0.0001,6.039558454088797e-05,5.632832050323486,6.495385646820068,0.862553596496582,0.10036276280879974,0.24304716289043427,0.015719467774033546,0.056831926107406616,True
ViT-L-14__block4,100_200,1,14,0.0001,5.522642316338269e-05,5.58568000793457,6.4886579513549805,0.9029779434204102,0.10580411553382874,0.24788393080234528,0.01874244399368763,0.05804111436009407,True
ViT-L-14__block4,100_200,1,15,0.0001,5.000000000000002e-05,5.543554306030273,6.473865985870361,0.9303116798400879,0.10882709175348282,0.25151148438453674,0.01874244399368763,0.06348247081041336,True
ViT-L-14__block4,100_200,1,16,0.0001,4.4773576836617344e-05,5.507477760314941,6.4665727615356445,0.9590950012207031,0.11305925250053406,0.26723095774650574,0.019951632246375084,0.059250302612781525,True
ViT-L-14__block4,100_200,1,17,0.0001,3.9604415459112035e-05,5.478178977966309,6.459765434265137,0.9815864562988281,0.11487303674221039,0.2702539265155792,0.018137848004698753,0.06045949459075928,True
ViT-L-14__block4,100_200,1,18,0.0001,3.4549150281252636e-05,5.448416233062744,6.448792457580566,1.0003762245178223,0.1251511573791504,0.2835550308227539,0.018137848004698753,0.06469165533781052,True
ViT-L-14__block4,100_200,1,19,0.0001,2.966316784621e-05,5.424866676330566,6.446558952331543,1.0216922760009766,0.12877872586250305,0.2859733998775482,0.019347038120031357,0.06287787109613419,True
ViT-L-14__block4,100_200,1,20,0.0001,2.5000000000000015e-05,5.4059157371521,6.443905353546143,1.037989616394043,0.12938331067562103,0.2920193672180176,0.021160822361707687,0.06348247081041336,True
ViT-L-14__block4,100_200,1,21,0.0001,2.0610737385376352e-05,5.391879081726074,6.439637184143066,1.0477581024169922,0.12938331067562103,0.2968561053276062,0.02055622823536396,0.06590084731578827,True
ViT-L-14__block4,100_200,1,22,0.0001,1.654346968205711e-05,5.376761436462402,6.437716484069824,1.0609550476074219,0.13059251010417938,0.29262393712997437,0.02055622823536396,0.06529625505208969,True
ViT-L-14__block4,100_200,1,23,0.0001,1.2842758726130304e-05,5.366607666015625,6.435173034667969,1.0685653686523438,0.13663846254348755,0.29806530475616455,0.01874244399368763,0.061064090579748154,True
ViT-L-14__block4,100_200,1,24,0.0001,9.549150281252636e-06,5.358814716339111,6.433310508728027,1.074495792388916,0.1354292631149292,0.3022974729537964,0.019347038120031357,0.06348247081041336,True
ViT-L-14__block4,100_200,1,25,0.0001,6.698729810778068e-06,5.352426528930664,6.433218002319336,1.0807914733886719,0.13361547887325287,0.3053204417228699,0.019347038120031357,0.06469165533781052,True
ViT-L-14__block4,100_200,1,26,0.0001,4.322727117869953e-06,5.348226547241211,6.4319634437561035,1.0837368965148926,0.13422007858753204,0.3047158420085907,0.01874244399368763,0.06408706307411194,True
ViT-L-14__block4,100_200,1,27,0.0001,2.447174185242324e-06,5.345331192016602,6.431497573852539,1.0861663818359375,0.13482467830181122,0.3053204417228699,0.019951632246375084,0.06348247081041336,True
ViT-L-14__block4,100_200,1,28,0.0001,1.092619963309716e-06,5.343808174133301,6.431150436401367,1.0873422622680664,0.13482467830181122,0.3053204417228699,0.019951632246375084,0.06348247081041336,True
ViT-L-14__block4,100_200,1,29,0.0001,2.7390523158633003e-07,5.343319892883301,6.431166172027588,1.087846279144287,0.1354292631149292,0.30592504143714905,0.019951632246375084,0.06408706307411194,False
ViT-L-14__block4,100_200,1,30,0.0001,0.0,5.343161582946777,6.43111515045166,1.0879535675048828,0.1354292631149292,0.30592504143714905,0.019951632246375084,0.06408706307411194,True
ViT-L-14__block4,300_400,0,1,0.01,9.972609476841367e-05,7.284305572509766,7.373149871826172,0.08884429931640625,0.0012091898825019598,0.006045949645340443,0.0,0.006045949645340443,True
ViT-L-14__block4,300_400,0,2,0.01,9.890738003669029e-05,7.14615535736084,7.307794094085693,0.16163873672485352,0.0042321644723415375,0.015719467774033546,0.0006045949412509799,0.007255139295011759,True
ViT-L-14__block4,300_400,0,3,0.01,9.755282581475769e-05,7.033801078796387,7.2697858810424805,0.23598480224609375,0.008464328944683075,0.03022974729537964,0.0018137848237529397,0.009068924002349377,True
ViT-L-14__block4,300_400,0,4,0.01,9.567727288213003e-05,6.934466361999512,7.2472615242004395,0.31279516220092773,0.013905683532357216,0.044135428965091705,0.0024183797650039196,0.009673519060015678,True
ViT-L-14__block4,300_400,0,5,0.01,9.330127018922194e-05,6.846198081970215,7.229896545410156,0.3836984634399414,0.01874244399368763,0.051390569657087326,0.0018137848237529397,0.009068924002349377,True
ViT-L-14__block4,300_400,0,6,0.01,9.045084971874738e-05,6.770263671875,7.211366653442383,0.4411029815673828,0.023579202592372894,0.06227327883243561,0.0030229748226702213,0.012696493417024612,True
ViT-L-14__block4,300_400,0,7,0.01,8.715724127386972e-05,6.702482223510742,7.201977729797363,0.4994955062866211,0.022974608466029167,0.06831923127174377,0.0024183797650039196,0.014510278590023518,True
ViT-L-14__block4,300_400,0,8,0.01,8.345653031794292e-05,6.642348289489746,7.194477081298828,0.552128791809082,0.029625151306390762,0.08041112869977951,0.0042321644723415375,0.012696493417024612,True
ViT-L-14__block4,300_400,0,9,0.01,7.938926261462366e-05,6.585204601287842,7.1893157958984375,0.6041111946105957,0.034461911767721176,0.08524788916110992,0.0036275696475058794,0.014510278590023518,True
ViT-L-14__block4,300_400,0,10,0.01,7.500000000000001e-05,6.535667419433594,7.185354232788086,0.6496868133544922,0.03506650775671005,0.09068924188613892,0.0030229748226702213,0.014510278590023518,True
ViT-L-14__block4,300_400,0,11,0.01,7.033683215379003e-05,6.493203163146973,7.185208320617676,0.6920051574707031,0.03990326449275017,0.10217654705047607,0.005441354587674141,0.01511487364768982,True
ViT-L-14__block4,300_400,0,12,0.01,6.545084971874738e-05,6.453059673309326,7.180116653442383,0.7270569801330566,0.04292624071240425,0.11124546825885773,0.004836759530007839,0.014510278590023518,True
ViT-L-14__block4,300_400,0,13,0.01,6.039558454088797e-05,6.4182586669921875,7.181330680847168,0.7630720138549805,0.044135428965091705,0.11426844447851181,0.0036275696475058794,0.01511487364768982,False
ViT-L-14__block4,300_400,0,14,0.01,5.522642316338269e-05,6.383718490600586,7.181211948394775,0.7974934577941895,0.04897218942642212,0.12636034190654755,0.0042321644723415375,0.016324063763022423,False
ViT-L-14__block4,300_400,0,15,0.01,5.000000000000002e-05,6.354281425476074,7.181978225708008,0.8276968002319336,0.04655380919575691,0.13966143131256104,0.004836759530007839,0.017533253878355026,False
ViT-L-14__block4,300_400,0,16,0.01,4.4773576836617344e-05,6.331119537353516,7.1772871017456055,0.8461675643920898,0.051390569657087326,0.13724304735660553,0.0036275696475058794,0.01692865788936615,True
ViT-L-14__block4,300_400,0,17,0.01,3.9604415459112035e-05,6.306530952453613,7.180066108703613,0.87353515625,0.056831926107406616,0.13724304735660553,0.0036275696475058794,0.013905683532357216,False
ViT-L-14__block4,300_400,0,18,0.01,3.4549150281252636e-05,6.289731502532959,7.179741859436035,0.8900103569030762,0.056831926107406616,0.14147521555423737,0.0036275696475058794,0.017533253878355026,False
ViT-L-14__block4,300_400,0,19,0.01,2.966316784621e-05,6.272664546966553,7.181954383850098,0.9092898368835449,0.055622734129428864,0.14449818432331085,0.004836759530007839,0.017533253878355026,False
ViT-L-14__block4,300_400,0,20,0.01,2.5000000000000015e-05,6.256596565246582,7.182706356048584,0.926109790802002,0.055622734129428864,0.14993955194950104,0.0030229748226702213,0.01511487364768982,False
ViT-L-14__block4,300_400,0,21,0.01,2.0610737385376352e-05,6.24509859085083,7.181748867034912,0.936650276184082,0.05864571034908295,0.15235792100429535,0.0042321644723415375,0.017533253878355026,False
ViT-L-14__block4,300_400,0,22,0.01,1.654346968205711e-05,6.235437870025635,7.181490898132324,0.9460530281066895,0.06166868284344673,0.15659008920192719,0.0030229748226702213,0.01511487364768982,False
ViT-L-14__block4,300_400,0,23,0.01,1.2842758726130304e-05,6.227865219116211,7.182694435119629,0.954829216003418,0.06166868284344673,0.15840387344360352,0.0036275696475058794,0.015719467774033546,False
ViT-L-14__block4,300_400,0,24,0.01,9.549150281252636e-06,6.221234321594238,7.183387756347656,0.962153434753418,0.06166868284344673,0.1590084731578827,0.0030229748226702213,0.016324063763022423,False
ViT-L-14__block4,300_400,0,1,0.0001,9.972609476841367e-05,7.284307479858398,7.373150825500488,0.08884334564208984,0.0012091898825019598,0.006045949645340443,0.0,0.006045949645340443,True
ViT-L-14__block4,300_400,0,2,0.0001,9.890738003669029e-05,7.146163463592529,7.307797431945801,0.16163396835327148,0.0042321644723415375,0.015719467774033546,0.0006045949412509799,0.007255139295011759,True
ViT-L-14__block4,300_400,0,3,0.0001,9.755282581475769e-05,7.033820152282715,7.269789695739746,0.23596954345703125,0.008464328944683075,0.03022974729537964,0.0018137848237529397,0.009068924002349377,True
ViT-L-14__block4,300_400,0,4,0.0001,9.567727288213003e-05,6.934494972229004,7.247265338897705,0.31277036666870117,0.013905683532357216,0.044135428965091705,0.0024183797650039196,0.009673519060015678,True
ViT-L-14__block4,300_400,0,5,0.0001,9.330127018922194e-05,6.846238613128662,7.229902267456055,0.3836636543273926,0.01874244399368763,0.051390569657087326,0.0018137848237529397,0.009068924002349377,True
ViT-L-14__block4,300_400,0,6,0.0001,9.045084971874738e-05,6.770313262939453,7.2113752365112305,0.44106197357177734,0.023579202592372894,0.06227327883243561,0.0030229748226702213,0.012696493417024612,True
ViT-L-14__block4,300_400,0,7,0.0001,8.715724127386972e-05,6.702542304992676,7.201985836029053,0.49944353103637695,0.022974608466029167,0.06831923127174377,0.0024183797650039196,0.014510278590023518,True
ViT-L-14__block4,300_400,0,8,0.0001,8.345653031794292e-05,6.6424174308776855,7.194486618041992,0.5520691871643066,0.029625151306390762,0.07980652898550034,0.0042321644723415375,0.012696493417024612,True
ViT-L-14__block4,300_400,0,9,0.0001,7.938926261462366e-05,6.585278511047363,7.189322471618652,0.6040439605712891,0.034461911767721176,0.08524788916110992,0.0036275696475058794,0.014510278590023518,True
ViT-L-14__block4,300_400,0,10,0.0001,7.500000000000001e-05,6.5357513427734375,7.185361862182617,0.6496105194091797,0.03506650775671005,0.09068924188613892,0.0030229748226702213,0.014510278590023518,True
ViT-L-14__block4,300_400,0,11,0.0001,7.033683215379003e-05,6.493293285369873,7.185213088989258,0.6919198036193848,0.03990326449275017,0.1015719473361969,0.005441354587674141,0.01511487364768982,True
ViT-L-14__block4,300_400,0,12,0.0001,6.545084971874738e-05,6.453154563903809,7.180123329162598,0.7269687652587891,0.04292624071240425,0.11124546825885773,0.004836759530007839,0.014510278590023518,True
ViT-L-14__block4,300_400,0,13,0.0001,6.039558454088797e-05,6.418363571166992,7.181336402893066,0.7629728317260742,0.044135428965091705,0.11426844447851181,0.0036275696475058794,0.01511487364768982,False
ViT-L-14__block4,300_400,0,14,0.0001,5.522642316338269e-05,6.3838300704956055,7.181217193603516,0.7973871231079102,0.049576785415410995,0.12636034190654755,0.0042321644723415375,0.016324063763022423,False
ViT-L-14__block4,300_400,0,15,0.0001,5.000000000000002e-05,6.354399681091309,7.181981086730957,0.8275814056396484,0.04655380919575691,0.13966143131256104,0.004836759530007839,0.017533253878355026,False
ViT-L-14__block4,300_400,0,16,0.0001,4.4773576836617344e-05,6.331240653991699,7.1772942543029785,0.8460536003112793,0.051390569657087326,0.13724304735660553,0.0036275696475058794,0.01692865788936615,True
ViT-L-14__block4,300_400,0,17,0.0001,3.9604415459112035e-05,6.306656360626221,7.180065155029297,0.8734087944030762,0.056831926107406616,0.13724304735660553,0.0036275696475058794,0.013905683532357216,False
ViT-L-14__block4,300_400,0,18,0.0001,3.4549150281252636e-05,6.289860725402832,7.179742813110352,0.8898820877075195,0.056831926107406616,0.14147521555423737,0.0036275696475058794,0.017533253878355026,False
ViT-L-14__block4,300_400,0,19,0.0001,2.966316784621e-05,6.272799015045166,7.181953430175781,0.9091544151306152,0.055622734129428864,0.14449818432331085,0.004836759530007839,0.017533253878355026,False
ViT-L-14__block4,300_400,0,20,0.0001,2.5000000000000015e-05,6.256732940673828,7.182704925537109,0.9259719848632812,0.055622734129428864,0.14993955194950104,0.0030229748226702213,0.014510278590023518,False
ViT-L-14__block4,300_400,0,21,0.0001,2.0610737385376352e-05,6.245236873626709,7.181746959686279,0.9365100860595703,0.05864571034908295,0.15175333619117737,0.0042321644723415375,0.017533253878355026,False
ViT-L-14__block4,300_400,0,22,0.0001,1.654346968205711e-05,6.235577583312988,7.181487083435059,0.9459095001220703,0.06166868284344673,0.15659008920192719,0.0030229748226702213,0.01511487364768982,False
ViT-L-14__block4,300_400,0,23,0.0001,1.2842758726130304e-05,6.228006362915039,7.182689666748047,0.9546833038330078,0.06166868284344673,0.15840387344360352,0.0036275696475058794,0.015719467774033546,False
ViT-L-14__block4,300_400,0,24,0.0001,9.549150281252636e-06,6.221377372741699,7.183382987976074,0.962005615234375,0.06166868284344673,0.1590084731578827,0.0030229748226702213,0.016324063763022423,False
ViT-L-14__block4,300_400,1,1,0.01,9.972609476841367e-05,7.281603813171387,7.35830545425415,0.07670164108276367,0.0,0.007255139295011759,0.0,0.0042321644723415375,True
ViT-L-14__block4,300_400,1,2,0.01,9.890738003669029e-05,7.14700984954834,7.300863265991211,0.1538534164428711,0.0018137848237529397,0.017533253878355026,0.0006045949412509799,0.004836759530007839,True
ViT-L-14__block4,300_400,1,3,0.01,9.755282581475769e-05,7.030354022979736,7.26077938079834,0.23042535781860352,0.009068924002349377,0.029020557180047035,0.0006045949412509799,0.008464328944683075,True
ViT-L-14__block4,300_400,1,4,0.01,9.567727288213003e-05,6.929624557495117,7.23334264755249,0.30371809005737305,0.012696493417024612,0.03929867222905159,0.0018137848237529397,0.009673519060015678,True
ViT-L-14__block4,300_400,1,5,0.01,9.330127018922194e-05,6.839339256286621,7.213650703430176,0.3743114471435547,0.019347038120031357,0.05441354587674141,0.0030229748226702213,0.01027811411768198,True
ViT-L-14__block4,300_400,1,6,0.01,9.045084971874738e-05,6.761562347412109,7.201115608215332,0.43955326080322266,0.024788392707705498,0.06529625505208969,0.0024183797650039196,0.009068924002349377,True
ViT-L-14__block4,300_400,1,7,0.01,8.715724127386972e-05,6.693872451782227,7.192729473114014,0.4988570213317871,0.027811367064714432,0.07376058399677277,0.0018137848237529397,0.01027811411768198,True
ViT-L-14__block4,300_400,1,8,0.01,8.345653031794292e-05,6.630219459533691,7.184946060180664,0.5547266006469727,0.03204353153705597,0.07859734445810318,0.0012091898825019598,0.010882709175348282,True
ViT-L-14__block4,300_400,1,9,0.01,7.938926261462366e-05,6.576266288757324,7.1770830154418945,0.6008167266845703,0.03688029199838638,0.093712218105793,0.0030229748226702213,0.01027811411768198,True
ViT-L-14__block4,300_400,1,10,0.01,7.500000000000001e-05,6.529940605163574,7.174238204956055,0.6442975997924805,0.042321644723415375,0.09794437885284424,0.0012091898825019598,0.012091899290680885,True
ViT-L-14__block4,300_400,1,11,0.01,7.033683215379003e-05,6.48345422744751,7.174037933349609,0.6905837059020996,0.04655380919575691,0.10580411553382874,0.0018137848237529397,0.012091899290680885,True
ViT-L-14__block4,300_400,1,12,0.01,6.545084971874738e-05,6.445136070251465,7.168827056884766,0.7236909866333008,0.049576785415410995,0.11547763645648956,0.0024183797650039196,0.009068924002349377,True
ViT-L-14__block4,300_400,1,13,0.01,6.039558454088797e-05,6.4087677001953125,7.167285919189453,0.7585182189941406,0.04836759716272354,0.12394196540117264,0.0012091898825019598,0.013301088474690914,True
ViT-L-14__block4,300_400,1,14,0.01,5.522642316338269e-05,6.373404502868652,7.167275905609131,0.7938714027404785,0.05259976163506508,0.13180169463157654,0.0018137848237529397,0.01027811411768198,True
ViT-L-14__block4,300_400,1,15,0.01,5.000000000000002e-05,6.34261417388916,7.169160842895508,0.8265466690063477,0.055622734129428864,0.14207981526851654,0.0018137848237529397,0.012091899290680885,False
ViT-L-14__block4,300_400,1,16,0.01,4.4773576836617344e-05,6.318267822265625,7.168932914733887,0.8506650924682617,0.06045949459075928,0.14510278403759003,0.0012091898825019598,0.012696493417024612,False
ViT-L-14__block4,300_400,1,17,0.01,3.9604415459112035e-05,6.295928955078125,7.171820640563965,0.8758916854858398,0.06408706307411194,0.14752116799354553,0.0006045949412509799,0.013905683532357216,False
ViT-L-14__block4,300_400,1,18,0.01,3.4549150281252636e-05,6.2749481201171875,7.1707353591918945,0.895787239074707,0.0677146315574646,0.155985489487648,0.0012091898825019598,0.016324063763022423,False
ViT-L-14__block4,300_400,1,19,0.01,2.966316784621e-05,6.256553649902344,7.171680450439453,0.9151268005371094,0.06590084731578827,0.15961305797100067,0.0012091898825019598,0.013905683532357216,False
ViT-L-14__block4,300_400,1,20,0.01,2.5000000000000015e-05,6.242432117462158,7.173887252807617,0.931455135345459,0.06711003929376602,0.16203144192695618,0.0006045949412509799,0.013301088474690914,False
ViT-L-14__block4,300_400,1,21,0.01,2.0610737385376352e-05,6.230857849121094,7.171246528625488,0.9403886795043945,0.0677146315574646,0.161426842212677,0.0012091898825019598,0.013301088474690914,False
ViT-L-14__block4,300_400,1,22,0.01,1.654346968205711e-05,6.2191362380981445,7.171631813049316,0.9524955749511719,0.06952841579914093,0.16807739436626434,0.0012091898825019598,0.013301088474690914,False
ViT-L-14__block4,300_400,1,1,0.0001,9.972609476841367e-05,7.2816057205200195,7.358305931091309,0.07670021057128906,0.0,0.007255139295011759,0.0,0.0042321644723415375,True
ViT-L-14__block4,300_400,1,2,0.0001,9.890738003669029e-05,7.147016525268555,7.300863742828369,0.15384721755981445,0.0018137848237529397,0.017533253878355026,0.0006045949412509799,0.004836759530007839,True
ViT-L-14__block4,300_400,1,3,0.0001,9.755282581475769e-05,7.030370712280273,7.2607831954956055,0.23041248321533203,0.009068924002349377,0.029020557180047035,0.0006045949412509799,0.008464328944683075,True
ViT-L-14__block4,300_400,1,4,0.0001,9.567727288213003e-05,6.929652214050293,7.2333478927612305,0.3036956787109375,0.012696493417024612,0.03929867222905159,0.0018137848237529397,0.009673519060015678,True
ViT-L-14__block4,300_400,1,5,0.0001,9.330127018922194e-05,6.839376449584961,7.213655948638916,0.3742794990539551,0.019347038120031357,0.05441354587674141,0.0030229748226702213,0.01027811411768198,True
ViT-L-14__block4,300_400,1,6,0.0001,9.045084971874738e-05,6.761607646942139,7.2011213302612305,0.4395136833190918,0.024788392707705498,0.06529625505208969,0.0024183797650039196,0.009068924002349377,True
ViT-L-14__block4,300_400,1,7,0.0001,8.715724127386972e-05,6.693929672241211,7.192734718322754,0.49880504608154297,0.027811367064714432,0.07376058399677277,0.0018137848237529397,0.01027811411768198,True
ViT-L-14__block4,300_400,1,8,0.0001,8.345653031794292e-05,6.630283832550049,7.184947967529297,0.554664134979248,0.03204353153705597,0.07859734445810318,0.0012091898825019598,0.010882709175348282,True
ViT-L-14__block4,300_400,1,9,0.0001,7.938926261462366e-05,6.576338768005371,7.177088260650635,0.6007494926452637,0.03688029199838638,0.093712218105793,0.0030229748226702213,0.01027811411768198,True
ViT-L-14__block4,300_400,1,10,0.0001,7.500000000000001e-05,6.530020713806152,7.174241065979004,0.6442203521728516,0.042321644723415375,0.09794437885284424,0.0012091898825019598,0.012091899290680885,True
ViT-L-14__block4,300_400,1,11,0.0001,7.033683215379003e-05,6.4835405349731445,7.174038410186768,0.690497875213623,0.04655380919575691,0.10580411553382874,0.0018137848237529397,0.012091899290680885,True
ViT-L-14__block4,300_400,1,12,0.0001,6.545084971874738e-05,6.4452314376831055,7.168828010559082,0.7235965728759766,0.049576785415410995,0.11608222872018814,0.0024183797650039196,0.009068924002349377,True
ViT-L-14__block4,300_400,1,13,0.0001,6.039558454088797e-05,6.408869743347168,7.167283058166504,0.7584133148193359,0.04836759716272354,0.12394196540117264,0.0012091898825019598,0.013301088474690914,True
ViT-L-14__block4,300_400,1,14,0.0001,5.522642316338269e-05,6.3735151290893555,7.167269706726074,0.7937545776367188,0.05259976163506508,0.13180169463157654,0.0018137848237529397,0.01027811411768198,True
ViT-L-14__block4,300_400,1,15,0.0001,5.000000000000002e-05,6.342729568481445,7.169152736663818,0.826423168182373,0.055622734129428864,0.14207981526851654,0.0018137848237529397,0.012091899290680885,False
ViT-L-14__block4,300_400,1,16,0.0001,4.4773576836617344e-05,6.318387985229492,7.168923377990723,0.8505353927612305,0.06045949459075928,0.14510278403759003,0.0012091898825019598,0.012696493417024612,False
ViT-L-14__block4,300_400,1,17,0.0001,3.9604415459112035e-05,6.296052932739258,7.171809196472168,0.8757562637329102,0.06408706307411194,0.14752116799354553,0.0006045949412509799,0.013905683532357216,False
ViT-L-14__block4,300_400,1,18,0.0001,3.4549150281252636e-05,6.2750749588012695,7.170724391937256,0.8956494331359863,0.0677146315574646,0.155985489487648,0.0012091898825019598,0.016324063763022423,False
ViT-L-14__block4,300_400,1,19,0.0001,2.966316784621e-05,6.25668478012085,7.1716694831848145,0.9149847030639648,0.06590084731578827,0.15961305797100067,0.0012091898825019598,0.013905683532357216,False
ViT-L-14__block4,300_400,1,20,0.0001,2.5000000000000015e-05,6.242565631866455,7.173869609832764,0.9313039779663086,0.06711003929376602,0.16203144192695618,0.0006045949412509799,0.013301088474690914,False
ViT-L-14__block4,300_400,1,21,0.0001,2.0610737385376352e-05,6.230994701385498,7.171231746673584,0.9402370452880859,0.0677146315574646,0.161426842212677,0.0012091898825019598,0.013301088474690914,False
ViT-L-14__block4,300_400,1,22,0.0001,1.654346968205711e-05,6.21927547454834,7.1716156005859375,0.9523401260375977,0.06952841579914093,0.16807739436626434,0.0012091898825019598,0.013301088474690914,False
ViT-L-14__block4,500_600,0,1,0.01,9.972609476841367e-05,7.378915786743164,7.465521812438965,0.08660602569580078,0.0006045949412509799,0.008464328944683075,0.0,0.0018137848237529397,True
ViT-L-14__block4,500_600,0,2,0.01,9.890738003669029e-05,7.294709205627441,7.447247505187988,0.15253829956054688,0.0030229748226702213,0.013905683532357216,0.0,0.0012091898825019598,True
ViT-L-14__block4,500_600,0,3,0.01,9.755282581475769e-05,7.233297348022461,7.444952011108398,0.2116546630859375,0.006650544237345457,0.019951632246375084,0.0006045949412509799,0.0030229748226702213,True
ViT-L-14__block4,500_600,0,4,0.01,9.567727288213003e-05,7.171225547790527,7.45188570022583,0.28066015243530273,0.007255139295011759,0.02660217694938183,0.0006045949412509799,0.0018137848237529397,False
ViT-L-14__block4,500_600,0,5,0.01,9.330127018922194e-05,7.113430976867676,7.458362579345703,0.34493160247802734,0.012696493417024612,0.03808948025107384,0.0018137848237529397,0.0036275696475058794,False
ViT-L-14__block4,500_600,0,6,0.01,9.045084971874738e-05,7.063284397125244,7.463466167449951,0.40018177032470703,0.016324063763022423,0.04534462094306946,0.0006045949412509799,0.0036275696475058794,False
ViT-L-14__block4,500_600,0,7,0.01,8.715724127386972e-05,7.013388156890869,7.466955184936523,0.4535670280456543,0.017533253878355026,0.05078597366809845,0.0018137848237529397,0.0042321644723415375,False
ViT-L-14__block4,500_600,0,8,0.01,8.345653031794292e-05,6.969953536987305,7.473994255065918,0.5040407180786133,0.021765418350696564,0.05320435389876366,0.0024183797650039196,0.0042321644723415375,False
ViT-L-14__block4,500_600,0,9,0.01,7.938926261462366e-05,6.928861141204834,7.48075532913208,0.5518941879272461,0.023579202592372894,0.06348247081041336,0.0030229748226702213,0.0030229748226702213,False
ViT-L-14__block4,500_600,0,10,0.01,7.500000000000001e-05,6.889564037322998,7.485990047454834,0.5964260101318359,0.02660217694938183,0.07073760777711868,0.0024183797650039196,0.004836759530007839,False
ViT-L-14__block4,500_600,0,11,0.01,7.033683215379003e-05,6.855152606964111,7.491992950439453,0.6368403434753418,0.029020557180047035,0.07436517626047134,0.0024183797650039196,0.0036275696475058794,False
ViT-L-14__block4,500_600,0,1,0.0001,9.972609476841367e-05,7.3789167404174805,7.465522766113281,0.08660602569580078,0.0006045949412509799,0.008464328944683075,0.0,0.0018137848237529397,True
ViT-L-14__block4,500_600,0,2,0.0001,9.890738003669029e-05,7.294713020324707,7.447248458862305,0.15253543853759766,0.0030229748226702213,0.013905683532357216,0.0,0.0012091898825019598,True
ViT-L-14__block4,500_600,0,3,0.0001,9.755282581475769e-05,7.233307838439941,7.444952011108398,0.21164417266845703,0.006650544237345457,0.019951632246375084,0.0006045949412509799,0.0030229748226702213,True
ViT-L-14__block4,500_600,0,4,0.0001,9.567727288213003e-05,7.1712422370910645,7.451883316040039,0.2806410789489746,0.007255139295011759,0.02660217694938183,0.0006045949412509799,0.0018137848237529397,False
ViT-L-14__block4,500_600,0,5,0.0001,9.330127018922194e-05,7.113456726074219,7.458359718322754,0.34490299224853516,0.012696493417024612,0.03808948025107384,0.0018137848237529397,0.0036275696475058794,False
ViT-L-14__block4,500_600,0,6,0.0001,9.045084971874738e-05,7.0633134841918945,7.46346378326416,0.4001502990722656,0.016324063763022423,0.04534462094306946,0.0006045949412509799,0.0036275696475058794,False
ViT-L-14__block4,500_600,0,7,0.0001,8.715724127386972e-05,7.013422966003418,7.466948986053467,0.45352602005004883,0.017533253878355026,0.05078597366809845,0.0018137848237529397,0.0042321644723415375,False
ViT-L-14__block4,500_600,0,8,0.0001,8.345653031794292e-05,6.9699907302856445,7.4739885330200195,0.503997802734375,0.021765418350696564,0.05320435389876366,0.0024183797650039196,0.0042321644723415375,False
ViT-L-14__block4,500_600,0,9,0.0001,7.938926261462366e-05,6.928902626037598,7.480747222900391,0.551844596862793,0.022974608466029167,0.06348247081041336,0.0030229748226702213,0.0030229748226702213,False
ViT-L-14__block4,500_600,0,10,0.0001,7.500000000000001e-05,6.889609336853027,7.48598051071167,0.5963711738586426,0.02660217694938183,0.07073760777711868,0.0024183797650039196,0.004836759530007839,False
ViT-L-14__block4,500_600,0,11,0.0001,7.033683215379003e-05,6.855200290679932,7.491979598999023,0.6367793083190918,0.029020557180047035,0.07436517626047134,0.0024183797650039196,0.0036275696475058794,False
ViT-L-14__block4,500_600,1,1,0.01,9.972609476841367e-05,7.37788200378418,7.457924842834473,0.08004283905029297,0.0018137848237529397,0.004836759530007839,0.0,0.0012091898825019598,True
ViT-L-14__block4,500_600,1,2,0.01,9.890738003669029e-05,7.2958478927612305,7.447939872741699,0.15209197998046875,0.0018137848237529397,0.009068924002349377,0.0006045949412509799,0.0024183797650039196,True
ViT-L-14__block4,500_600,1,3,0.01,9.755282581475769e-05,7.234269142150879,7.444699764251709,0.21043062210083008,0.0024183797650039196,0.013905683532357216,0.0006045949412509799,0.0030229748226702213,True
ViT-L-14__block4,500_600,1,4,0.01,9.567727288213003e-05,7.171613693237305,7.451208114624023,0.27959442138671875,0.004836759530007839,0.029020557180047035,0.0006045949412509799,0.006045949645340443,False
ViT-L-14__block4,500_600,1,5,0.01,9.330127018922194e-05,7.111917972564697,7.453804969787598,0.3418869972229004,0.012091899290680885,0.03688029199838638,0.0006045949412509799,0.004836759530007839,False
ViT-L-14__block4,500_600,1,6,0.01,9.045084971874738e-05,7.0567121505737305,7.45925235748291,0.4025402069091797,0.016324063763022423,0.047763001173734665,0.0006045949412509799,0.0042321644723415375,False
ViT-L-14__block4,500_600,1,7,0.01,8.715724127386972e-05,7.00762939453125,7.464417457580566,0.4567880630493164,0.02237001247704029,0.06045949459075928,0.0012091898825019598,0.004836759530007839,False
ViT-L-14__block4,500_600,1,8,0.01,8.345653031794292e-05,6.960949897766113,7.470958709716797,0.5100088119506836,0.028415963053703308,0.06711003929376602,0.0,0.004836759530007839,False
ViT-L-14__block4,500_600,1,9,0.01,7.938926261462366e-05,6.918787956237793,7.476884841918945,0.5580968856811523,0.030834341421723366,0.07134220004081726,0.0006045949412509799,0.0042321644723415375,False
ViT-L-14__block4,500_600,1,10,0.01,7.500000000000001e-05,6.881514549255371,7.482151031494141,0.6006364822387695,0.03143893554806709,0.07738815248012543,0.0006045949412509799,0.0042321644723415375,False
ViT-L-14__block4,500_600,1,11,0.01,7.033683215379003e-05,6.843823432922363,7.48809814453125,0.6442747116088867,0.03567110002040863,0.08766626566648483,0.0006045949412509799,0.0042321644723415375,False
ViT-L-14__block4,500_600,1,1,0.0001,9.972609476841367e-05,7.377882957458496,7.457924842834473,0.08004188537597656,0.0018137848237529397,0.004836759530007839,0.0,0.0012091898825019598,True
ViT-L-14__block4,500_600,1,2,0.0001,9.890738003669029e-05,7.295853614807129,7.447939872741699,0.1520862579345703,0.0018137848237529397,0.009068924002349377,0.0006045949412509799,0.0024183797650039196,True
ViT-L-14__block4,500_600,1,3,0.0001,9.755282581475769e-05,7.234279632568359,7.444699287414551,0.2104196548461914,0.0024183797650039196,0.013905683532357216,0.0006045949412509799,0.0030229748226702213,True
ViT-L-14__block4,500_600,1,4,0.0001,9.567727288213003e-05,7.171631813049316,7.451205253601074,0.2795734405517578,0.004836759530007839,0.029020557180047035,0.0006045949412509799,0.006045949645340443,False
ViT-L-14__block4,500_600,1,5,0.0001,9.330127018922194e-05,7.111943244934082,7.453802108764648,0.3418588638305664,0.012091899290680885,0.03688029199838638,0.0006045949412509799,0.004836759530007839,False
ViT-L-14__block4,500_600,1,6,0.0001,9.045084971874738e-05,7.056741714477539,7.459247589111328,0.40250587463378906,0.016324063763022423,0.047763001173734665,0.0006045949412509799,0.0042321644723415375,False
ViT-L-14__block4,500_600,1,7,0.0001,8.715724127386972e-05,7.007665634155273,7.464411735534668,0.45674610137939453,0.02237001247704029,0.06045949459075928,0.0012091898825019598,0.004836759530007839,False
ViT-L-14__block4,500_600,1,8,0.0001,8.345653031794292e-05,6.9609904289245605,7.470947265625,0.5099568367004395,0.028415963053703308,0.06650544703006744,0.0,0.004836759530007839,False
ViT-L-14__block4,500_600,1,9,0.0001,7.938926261462366e-05,6.918830871582031,7.476872444152832,0.5580415725708008,0.030834341421723366,0.07134220004081726,0.0006045949412509799,0.0042321644723415375,False
ViT-L-14__block4,500_600,1,10,0.0001,7.500000000000001e-05,6.881561279296875,7.482137203216553,0.6005759239196777,0.03143893554806709,0.07738815248012543,0.0006045949412509799,0.0042321644723415375,False
ViT-L-14__block4,500_600,1,11,0.0001,7.033683215379003e-05,6.843873023986816,7.488080978393555,0.6442079544067383,0.03567110002040863,0.08766626566648483,0.0006045949412509799,0.0042321644723415375,False
ViT-L-14__block24,100_200,0,1,0.01,9.972609476841367e-05,7.183559417724609,7.363436698913574,0.17987728118896484,0.009068924002349377,0.021765418350696564,0.0018137848237529397,0.009673519060015678,True
ViT-L-14__block24,100_200,0,2,0.01,9.890738003669029e-05,6.8849945068359375,7.235023498535156,0.35002899169921875,0.015719467774033546,0.04474002495408058,0.0030229748226702213,0.014510278590023518,True
ViT-L-14__block24,100_200,0,3,0.01,9.755282581475769e-05,6.634416103363037,7.150076866149902,0.5156607627868652,0.030834341421723366,0.07738815248012543,0.004836759530007839,0.013905683532357216,True
ViT-L-14__block24,100_200,0,4,0.01,9.567727288213003e-05,6.432661056518555,7.091128349304199,0.6584672927856445,0.04534462094306946,0.12696494162082672,0.0042321644723415375,0.018137848004698753,True
ViT-L-14__block24,100_200,0,5,0.01,9.330127018922194e-05,6.263949871063232,7.044618606567383,0.7806687355041504,0.061064090579748154,0.17110036313533783,0.0042321644723415375,0.019347038120031357,True
ViT-L-14__block24,100_200,0,6,0.01,9.045084971874738e-05,6.122139930725098,7.012590408325195,0.8904504776000977,0.08403869718313217,0.21523579955101013,0.0042321644723415375,0.021765418350696564,True
ViT-L-14__block24,100_200,0,7,0.01,8.715724127386972e-05,5.997666358947754,6.985558032989502,0.987891674041748,0.1015719473361969,0.25392988324165344,0.004836759530007839,0.02237001247704029,True
ViT-L-14__block24,100_200,0,8,0.01,8.345653031794292e-05,5.891390323638916,6.96671199798584,1.0753216743469238,0.12091898918151855,0.2865779995918274,0.004836759530007839,0.023579202592372894,True
ViT-L-14__block24,100_200,0,9,0.01,7.938926261462366e-05,5.797097206115723,6.9518208503723145,1.1547236442565918,0.1511487364768982,0.3252720832824707,0.0030229748226702213,0.027811367064714432,True
ViT-L-14__block24,100_200,0,10,0.01,7.500000000000001e-05,5.709384918212891,6.938473701477051,1.2290887832641602,0.17593713104724884,0.3621523678302765,0.0030229748226702213,0.029625151306390762,True
ViT-L-14__block24,100_200,0,11,0.01,7.033683215379003e-05,5.634570121765137,6.930295467376709,1.2957253456115723,0.20133011043071747,0.39721888303756714,0.0042321644723415375,0.03022974729537964,True
ViT-L-14__block24,100_200,0,12,0.01,6.545084971874738e-05,5.567386627197266,6.922306060791016,1.35491943359375,0.21281741559505463,0.4244256615638733,0.0042321644723415375,0.030834341421723366,True
ViT-L-14__block24,100_200,0,13,0.01,6.039558454088797e-05,5.506174087524414,6.914931297302246,1.408757209777832,0.23760581016540527,0.4480048418045044,0.004836759530007839,0.03022974729537964,True
ViT-L-14__block24,100_200,0,14,0.01,5.522642316338269e-05,5.452126502990723,6.910324573516846,1.458198070526123,0.2581620514392853,0.47037485241889954,0.0042321644723415375,0.03204353153705597,True
ViT-L-14__block24,100_200,0,15,0.01,5.000000000000002e-05,5.401767730712891,6.9076128005981445,1.505845069885254,0.2738814949989319,0.4866989254951477,0.006650544237345457,0.03143893554806709,True
ViT-L-14__block24,100_200,0,16,0.01,4.4773576836617344e-05,5.361494064331055,6.904538154602051,1.543044090270996,0.2883917987346649,0.506045937538147,0.007859733887016773,0.03022974729537964,True
ViT-L-14__block24,100_200,0,17,0.01,3.9604415459112035e-05,5.322606563568115,6.901291370391846,1.5786848068237305,0.3077388107776642,0.521765410900116,0.007255139295011759,0.030834341421723366,True
ViT-L-14__block24,100_200,0,18,0.01,3.4549150281252636e-05,5.2918291091918945,6.900346755981445,1.6085176467895508,0.31680774688720703,0.535066545009613,0.007859733887016773,0.030834341421723366,True
ViT-L-14__block24,100_200,0,19,0.01,2.966316784621e-05,5.263296604156494,6.898564338684082,1.635267734527588,0.327690452337265,0.550786018371582,0.007255139295011759,0.030834341421723366,True
ViT-L-14__block24,100_200,0,20,0.01,2.5000000000000015e-05,5.23934268951416,6.898161888122559,1.6588191986083984,0.3337364196777344,0.5604594945907593,0.007859733887016773,0.03204353153705597,True
ViT-L-14__block24,100_200,0,21,0.01,2.0610737385376352e-05,5.2200422286987305,6.896961212158203,1.6769189834594727,0.3403869569301605,0.5773881673812866,0.008464328944683075,0.03325272351503372,True
ViT-L-14__block24,100_200,0,22,0.01,1.654346968205711e-05,5.2040910720825195,6.896219253540039,1.6921281814575195,0.35006046295166016,0.5846433043479919,0.008464328944683075,0.03204353153705597,True
ViT-L-14__block24,100_200,0,23,0.01,1.2842758726130304e-05,5.191200256347656,6.896289825439453,1.7050895690917969,0.35792019963264465,0.5906892418861389,0.008464328944683075,0.03204353153705597,False
ViT-L-14__block24,100_200,0,24,0.01,9.549150281252636e-06,5.182168483734131,6.896073341369629,1.713904857635498,0.3621523678302765,0.5925030708312988,0.008464328944683075,0.032648127526044846,True
ViT-L-14__block24,100_200,0,25,0.01,6.698729810778068e-06,5.174557209014893,6.8962721824646,1.721714973449707,0.36577993631362915,0.5955260396003723,0.008464328944683075,0.032648127526044846,False
ViT-L-14__block24,100_200,0,26,0.01,4.322727117869953e-06,5.1695098876953125,6.895943641662598,1.7264337539672852,0.36577993631362915,0.5985490083694458,0.008464328944683075,0.03325272351503372,True
ViT-L-14__block24,100_200,0,27,0.01,2.447174185242324e-06,5.166402816772461,6.896059513092041,1.72965669631958,0.3675937354564667,0.5979443788528442,0.008464328944683075,0.0338573157787323,False
ViT-L-14__block24,100_200,0,28,0.01,1.092619963309716e-06,5.164468765258789,6.8960089683532715,1.7315402030944824,0.36880290508270264,0.6003627777099609,0.008464328944683075,0.0338573157787323,False
ViT-L-14__block24,100_200,0,29,0.01,2.7390523158633003e-07,5.163722991943359,6.896003723144531,1.7322807312011719,0.36819830536842346,0.6003627777099609,0.008464328944683075,0.0338573157787323,False
ViT-L-14__block24,100_200,0,30,0.01,0.0,5.163518905639648,6.895991325378418,1.7324724197387695,0.36819830536842346,0.6003627777099609,0.008464328944683075,0.0338573157787323,False
ViT-L-14__block24,100_200,0,1,0.0001,9.972609476841367e-05,7.183568954467773,7.36344051361084,0.1798715591430664,0.009068924002349377,0.021765418350696564,0.0018137848237529397,0.009673519060015678,True
ViT-L-14__block24,100_200,0,2,0.0001,9.890738003669029e-05,6.885026931762695,7.235033988952637,0.3500070571899414,0.015719467774033546,0.04474002495408058,0.0030229748226702213,0.014510278590023518,True
ViT-L-14__block24,100_200,0,3,0.0001,9.755282581475769e-05,6.6344804763793945,7.150094032287598,0.5156135559082031,0.030834341421723366,0.07738815248012543,0.004836759530007839,0.013905683532357216,True
ViT-L-14__block24,100_200,0,4,0.0001,9.567727288213003e-05,6.432756423950195,7.091151237487793,0.6583948135375977,0.04534462094306946,0.12696494162082672,0.0042321644723415375,0.018137848004698753,True
ViT-L-14__block24,100_200,0,5,0.0001,9.330127018922194e-05,6.264077186584473,7.044644355773926,0.7805671691894531,0.061064090579748154,0.17110036313533783,0.0042321644723415375,0.019347038120031357,True
ViT-L-14__block24,100_200,0,6,0.0001,9.045084971874738e-05,6.122299671173096,7.012617588043213,0.8903179168701172,0.08403869718313217,0.21523579955101013,0.0042321644723415375,0.021765418350696564,True
ViT-L-14__block24,100_200,0,7,0.0001,8.715724127386972e-05,5.997858047485352,6.985588073730469,0.9877300262451172,0.1015719473361969,0.25392988324165344,0.004836759530007839,0.02237001247704029,True
ViT-L-14__block24,100_200,0,8,0.0001,8.345653031794292e-05,5.891613483428955,6.966740608215332,1.075127124786377,0.12091898918151855,0.2865779995918274,0.004836759530007839,0.023579202592372894,True
ViT-L-14__block24,100_200,0,9,0.0001,7.938926261462366e-05,5.7973527908325195,6.951848983764648,1.154496192932129,0.1511487364768982,0.3252720832824707,0.0030229748226702213,0.027811367064714432,True
ViT-L-14__block24,100_200,0,10,0.0001,7.500000000000001e-05,5.709671497344971,6.938503265380859,1.2288317680358887,0.17593713104724884,0.3621523678302765,0.0030229748226702213,0.029625151306390762,True
ViT-L-14__block24,100_200,0,11,0.0001,7.033683215379003e-05,5.6348876953125,6.93032169342041,1.2954339981079102,0.20133011043071747,0.39721888303756714,0.0042321644723415375,0.03022974729537964,True
ViT-L-14__block24,100_200,0,12,0.0001,6.545084971874738e-05,5.567734718322754,6.922330856323242,1.3545961380004883,0.21221283078193665,0.4244256615638733,0.0042321644723415375,0.030834341421723366,True
ViT-L-14__block24,100_200,0,13,0.0001,6.039558454088797e-05,5.506551742553711,6.914955139160156,1.4084033966064453,0.23760581016540527,0.4480048418045044,0.004836759530007839,0.03022974729537964,True
ViT-L-14__block24,100_200,0,14,0.0001,5.522642316338269e-05,5.4525299072265625,6.910346031188965,1.4578161239624023,0.2581620514392853,0.47037485241889954,0.0042321644723415375,0.03204353153705597,True
ViT-L-14__block24,100_200,0,15,0.0001,5.000000000000002e-05,5.402196407318115,6.90762996673584,1.5054335594177246,0.2732769250869751,0.4866989254951477,0.006650544237345457,0.03143893554806709,True
ViT-L-14__block24,100_200,0,16,0.0001,4.4773576836617344e-05,5.361943244934082,6.904555320739746,1.542612075805664,0.28778719902038574,0.506045937538147,0.007859733887016773,0.03022974729537964,True
ViT-L-14__block24,100_200,0,17,0.0001,3.9604415459112035e-05,5.3230791091918945,6.901305198669434,1.578226089477539,0.3077388107776642,0.521765410900116,0.007255139295011759,0.030834341421723366,True
ViT-L-14__block24,100_200,0,18,0.0001,3.4549150281252636e-05,5.292315483093262,6.900357723236084,1.6080422401428223,0.31620314717292786,0.535066545009613,0.007859733887016773,0.030834341421723366,True
ViT-L-14__block24,100_200,0,19,0.0001,2.966316784621e-05,5.263800621032715,6.8985748291015625,1.6347742080688477,0.327690452337265,0.550786018371582,0.007255139295011759,0.030834341421723366,True
ViT-L-14__block24,100_200,0,20,0.0001,2.5000000000000015e-05,5.239859580993652,6.898168563842773,1.658308982849121,0.3337364196777344,0.5604594945907593,0.007859733887016773,0.03204353153705597,True
ViT-L-14__block24,100_200,0,21,0.0001,2.0610737385376352e-05,5.220568656921387,6.896966934204102,1.6763982772827148,0.33978235721588135,0.5773881673812866,0.008464328944683075,0.03325272351503372,True
ViT-L-14__block24,100_200,0,22,0.0001,1.654346968205711e-05,5.20462703704834,6.896224021911621,1.6915969848632812,0.35006046295166016,0.5846433043479919,0.008464328944683075,0.03204353153705597,True
ViT-L-14__block24,100_200,0,23,0.0001,1.2842758726130304e-05,5.191742897033691,6.896292209625244,1.7045493125915527,0.3573155999183655,0.5906892418861389,0.008464328944683075,0.03204353153705597,False
ViT-L-14__block24,100_200,0,24,0.0001,9.549150281252636e-06,5.182715892791748,6.89607572555542,1.7133598327636719,0.3621523678302765,0.5925030708312988,0.008464328944683075,0.032648127526044846,True
ViT-L-14__block24,100_200,0,25,0.0001,6.698729810778068e-06,5.175108909606934,6.896272659301758,1.7211637496948242,0.36577993631362915,0.5955260396003723,0.008464328944683075,0.03325272351503372,False
ViT-L-14__block24,100_200,0,26,0.0001,4.322727117869953e-06,5.170063018798828,6.895944595336914,1.725881576538086,0.3645707368850708,0.5979443788528442,0.008464328944683075,0.03325272351503372,True
ViT-L-14__block24,100_200,0,27,0.0001,2.447174185242324e-06,5.166956424713135,6.896059036254883,1.729102611541748,0.3669891357421875,0.5979443788528442,0.008464328944683075,0.0338573157787323,False
ViT-L-14__block24,100_200,0,28,0.0001,1.092619963309716e-06,5.165022850036621,6.8960089683532715,1.7309861183166504,0.36819830536842346,0.5997582077980042,0.008464328944683075,0.0338573157787323,False
ViT-L-14__block24,100_200,0,29,0.0001,2.7390523158633003e-07,5.164278507232666,6.896002769470215,1.7317242622375488,0.3675937354564667,0.6003627777099609,0.008464328944683075,0.0338573157787323,False
ViT-L-14__block24,100_200,0,30,0.0001,0.0,5.164073944091797,6.895991325378418,1.731917381286621,0.36819830536842346,0.6003627777099609,0.008464328944683075,0.0338573157787323,False
ViT-L-14__block24,100_200,1,1,0.01,9.972609476841367e-05,7.175967216491699,7.378173828125,0.20220661163330078,0.004836759530007839,0.021765418350696564,0.0018137848237529397,0.007255139295011759,True
ViT-L-14__block24,100_200,1,2,0.01,9.890738003669029e-05,6.87386417388916,7.254933834075928,0.3810696601867676,0.015719467774033546,0.04715840518474579,0.0036275696475058794,0.010882709175348282,True
ViT-L-14__block24,100_200,1,3,0.01,9.755282581475769e-05,6.628466606140137,7.173625946044922,0.5451593399047852,0.03204353153705597,0.09189843386411667,0.0042321644723415375,0.01511487364768982,True
ViT-L-14__block24,100_200,1,4,0.01,9.567727288213003e-05,6.43179988861084,7.113462448120117,0.6816625595092773,0.05078597366809845,0.1330108940601349,0.0042321644723415375,0.019347038120031357,True
ViT-L-14__block24,100_200,1,5,0.01,9.330127018922194e-05,6.2660136222839355,7.070755958557129,0.8047423362731934,0.06348247081041336,0.177146315574646,0.005441354587674141,0.021160822361707687,True
ViT-L-14__block24,100_200,1,6,0.01,9.045084971874738e-05,6.125061988830566,7.039739608764648,0.914677619934082,0.0912938341498375,0.2164449840784073,0.0042321644723415375,0.021765418350696564,True
ViT-L-14__block24,100_200,1,7,0.01,8.715724127386972e-05,6.000484466552734,7.0155158042907715,1.015031337738037,0.11487303674221039,0.26118502020835876,0.006650544237345457,0.021765418350696564,True
ViT-L-14__block24,100_200,1,8,0.01,8.345653031794292e-05,5.895233154296875,6.99481201171875,1.099578857421875,0.13724304735660553,0.2968561053276062,0.006650544237345457,0.02237001247704029,True
ViT-L-14__block24,100_200,1,9,0.01,7.938926261462366e-05,5.802546501159668,6.981719970703125,1.179173469543457,0.161426842212677,0.33978235721588135,0.007859733887016773,0.021160822361707687,True
ViT-L-14__block24,100_200,1,10,0.01,7.500000000000001e-05,5.717317581176758,6.968201637268066,1.2508840560913086,0.17593713104724884,0.37061670422554016,0.007859733887016773,0.021765418350696564,True
ViT-L-14__block24,100_200,1,11,0.01,7.033683215379003e-05,5.640055179595947,6.958845615386963,1.3187904357910156,0.2001209259033203,0.4087061882019043,0.007255139295011759,0.021765418350696564,True
ViT-L-14__block24,100_200,1,12,0.01,6.545084971874738e-05,5.575987815856934,6.951815128326416,1.3758273124694824,0.22249093651771545,0.43651753664016724,0.006650544237345457,0.02237001247704029,True
ViT-L-14__block24,100_200,1,13,0.01,6.039558454088797e-05,5.513825416564941,6.943896293640137,1.4300708770751953,0.23821040987968445,0.46735188364982605,0.007859733887016773,0.02237001247704029,True
ViT-L-14__block24,100_200,1,14,0.01,5.522642316338269e-05,5.459559440612793,6.940207481384277,1.4806480407714844,0.2575574517250061,0.4921402931213379,0.007255139295011759,0.021160822361707687,True
ViT-L-14__block24,100_200,1,15,0.01,5.000000000000002e-05,5.410189628601074,6.935600280761719,1.5254106521606445,0.2762998938560486,0.5072551369667053,0.007255139295011759,0.023579202592372894,True
ViT-L-14__block24,100_200,1,16,0.01,4.4773576836617344e-05,5.3692755699157715,6.932051658630371,1.5627760887145996,0.29322853684425354,0.5229746103286743,0.006650544237345457,0.02418379858136177,True
ViT-L-14__block24,100_200,1,17,0.01,3.9604415459112035e-05,5.331504821777344,6.929076194763184,1.5975713729858398,0.3065296411514282,0.535066545009613,0.006045949645340443,0.022974608466029167,True
ViT-L-14__block24,100_200,1,18,0.01,3.4549150281252636e-05,5.298287391662598,6.926826477050781,1.6285390853881836,0.3204353153705597,0.5501813888549805,0.007255139295011759,0.023579202592372894,True
ViT-L-14__block24,100_200,1,19,0.01,2.966316784621e-05,5.271031379699707,6.92494010925293,1.6539087295532227,0.3307134211063385,0.5580411553382874,0.006650544237345457,0.023579202592372894,True
ViT-L-14__block24,100_200,1,20,0.01,2.5000000000000015e-05,5.248591423034668,6.924652099609375,1.676060676574707,0.3379685580730438,0.5701330304145813,0.007859733887016773,0.02418379858136177,True
ViT-L-14__block24,100_200,1,21,0.01,2.0610737385376352e-05,5.228871822357178,6.923325538635254,1.6944537162780762,0.3409915566444397,0.5737606287002563,0.007859733887016773,0.023579202592372894,True
ViT-L-14__block24,100_200,1,22,0.01,1.654346968205711e-05,5.212579727172852,6.922605037689209,1.7100253105163574,0.348246693611145,0.5834341049194336,0.007859733887016773,0.02418379858136177,True
ViT-L-14__block24,100_200,1,23,0.01,1.2842758726130304e-05,5.200109004974365,6.922032356262207,1.7219233512878418,0.35066506266593933,0.5870617032051086,0.007255139295011759,0.024788392707705498,True
ViT-L-14__block24,100_200,1,24,0.01,9.549150281252636e-06,5.190596580505371,6.92152214050293,1.7309255599975586,0.3518742620944977,0.5925030708312988,0.007255139295011759,0.025392986834049225,True
ViT-L-14__block24,100_200,1,25,0.01,6.698729810778068e-06,5.183144569396973,6.921339988708496,1.7381954193115234,0.3573155999183655,0.5937122106552124,0.007255139295011759,0.024788392707705498,True
ViT-L-14__block24,100_200,1,26,0.01,4.322727117869953e-06,5.178059101104736,6.920995712280273,1.742936611175537,0.35852479934692383,0.5949214100837708,0.007255139295011759,0.025392986834049225,True
ViT-L-14__block24,100_200,1,27,0.01,2.447174185242324e-06,5.17487096786499,6.921089172363281,1.746218204498291,0.3621523678302765,0.5961306095123291,0.007255139295011759,0.024788392707705498,False
ViT-L-14__block24,100_200,1,28,0.01,1.092619963309716e-06,5.1731767654418945,6.921077728271484,1.7479009628295898,0.3615477681159973,0.5961306095123291,0.007255139295011759,0.024788392707705498,False
ViT-L-14__block24,100_200,1,29,0.01,2.7390523158633003e-07,5.172340393066406,6.9210309982299805,1.7486906051635742,0.3621523678302765,0.5967351794242859,0.007255139295011759,0.024788392707705498,False
ViT-L-14__block24,100_200,1,30,0.01,0.0,5.172140121459961,6.921021461486816,1.7488813400268555,0.3621523678302765,0.5967351794242859,0.007255139295011759,0.024788392707705498,False
ViT-L-14__block24,100_200,1,1,0.0001,9.972609476841367e-05,7.1759748458862305,7.378178596496582,0.20220375061035156,0.004836759530007839,0.021765418350696564,0.0018137848237529397,0.007255139295011759,True
ViT-L-14__block24,100_200,1,2,0.0001,9.890738003669029e-05,6.873896598815918,7.254944801330566,0.38104820251464844,0.015719467774033546,0.04715840518474579,0.0036275696475058794,0.010882709175348282,True
ViT-L-14__block24,100_200,1,3,0.0001,9.755282581475769e-05,6.628528594970703,7.173644542694092,0.5451159477233887,0.03204353153705597,0.09189843386411667,0.0042321644723415375,0.01511487364768982,True
ViT-L-14__block24,100_200,1,4,0.0001,9.567727288213003e-05,6.431892395019531,7.113485813140869,0.6815934181213379,0.05078597366809845,0.1324062943458557,0.0042321644723415375,0.019347038120031357,True
ViT-L-14__block24,100_200,1,5,0.0001,9.330127018922194e-05,6.266138076782227,7.070782661437988,0.8046445846557617,0.06348247081041336,0.177146315574646,0.005441354587674141,0.021160822361707687,True
ViT-L-14__block24,100_200,1,6,0.0001,9.045084971874738e-05,6.125218868255615,7.039768695831299,0.9145498275756836,0.0912938341498375,0.2164449840784073,0.0042321644723415375,0.021765418350696564,True
ViT-L-14__block24,100_200,1,7,0.0001,8.715724127386972e-05,6.000674724578857,7.015547275543213,1.0148725509643555,0.11487303674221039,0.26118502020835876,0.006650544237345457,0.021765418350696564,True
ViT-L-14__block24,100_200,1,8,0.0001,8.345653031794292e-05,5.895452976226807,6.994844436645508,1.0993914604187012,0.13724304735660553,0.2962515354156494,0.006650544237345457,0.02237001247704029,True
ViT-L-14__block24,100_200,1,9,0.0001,7.938926261462366e-05,5.802798748016357,6.981753349304199,1.1789546012878418,0.161426842212677,0.338573157787323,0.007859733887016773,0.021160822361707687,True
ViT-L-14__block24,100_200,1,10,0.0001,7.500000000000001e-05,5.717602729797363,6.968236446380615,1.250633716583252,0.17593713104724884,0.37061670422554016,0.007859733887016773,0.021765418350696564,True
ViT-L-14__block24,100_200,1,11,0.0001,7.033683215379003e-05,5.640371322631836,6.9588799476623535,1.3185086250305176,0.2001209259033203,0.4081015884876251,0.007255139295011759,0.021765418350696564,True
ViT-L-14__block24,100_200,1,12,0.0001,6.545084971874738e-05,5.576332092285156,6.95184850692749,1.375516414642334,0.22249093651771545,0.43651753664016724,0.006650544237345457,0.022974608466029167,True
ViT-L-14__block24,100_200,1,13,0.0001,6.039558454088797e-05,5.5142011642456055,6.943929195404053,1.4297280311584473,0.23821040987968445,0.4667472839355469,0.007859733887016773,0.02237001247704029,True
ViT-L-14__block24,100_200,1,14,0.0001,5.522642316338269e-05,5.459961414337158,6.940239429473877,1.4802780151367188,0.2575574517250061,0.4921402931213379,0.007255139295011759,0.021160822361707687,True
ViT-L-14__block24,100_200,1,15,0.0001,5.000000000000002e-05,5.410617828369141,6.935630798339844,1.5250129699707031,0.2762998938560486,0.5072551369667053,0.007255139295011759,0.023579202592372894,True
ViT-L-14__block24,100_200,1,16,0.0001,4.4773576836617344e-05,5.369725227355957,6.9320807456970215,1.5623555183410645,0.2920193672180176,0.5229746103286743,0.006650544237345457,0.02418379858136177,True
ViT-L-14__block24,100_200,1,17,0.0001,3.9604415459112035e-05,5.331977844238281,6.929101943969727,1.5971240997314453,0.3065296411514282,0.535066545009613,0.006045949645340443,0.022974608466029167,True
ViT-L-14__block24,100_200,1,18,0.0001,3.4549150281252636e-05,5.2987775802612305,6.926851272583008,1.6280736923217773,0.3198307156562805,0.5501813888549805,0.007255139295011759,0.023579202592372894,True
ViT-L-14__block24,100_200,1,19,0.0001,2.966316784621e-05,5.271536350250244,6.924962520599365,1.653426170349121,0.3307134211063385,0.5574365258216858,0.006650544237345457,0.023579202592372894,True
ViT-L-14__block24,100_200,1,20,0.0001,2.5000000000000015e-05,5.24910831451416,6.924671173095703,1.675562858581543,0.3379685580730438,0.5695284605026245,0.007859733887016773,0.02418379858136177,True
ViT-L-14__block24,100_200,1,21,0.0001,2.0610737385376352e-05,5.229399681091309,6.923344612121582,1.6939449310302734,0.3409915566444397,0.5737606287002563,0.007859733887016773,0.023579202592372894,True
ViT-L-14__block24,100_200,1,22,0.0001,1.654346968205711e-05,5.213117599487305,6.922623634338379,1.7095060348510742,0.348246693611145,0.5834341049194336,0.007859733887016773,0.02418379858136177,True
ViT-L-14__block24,100_200,1,23,0.0001,1.2842758726130304e-05,5.200653076171875,6.922048568725586,1.721395492553711,0.35066506266593933,0.5864570736885071,0.007255139295011759,0.024788392707705498,True
ViT-L-14__block24,100_200,1,24,0.0001,9.549150281252636e-06,5.191145896911621,6.921537399291992,1.730391502380371,0.3518742620944977,0.5925030708312988,0.007255139295011759,0.025392986834049225,True
ViT-L-14__block24,100_200,1,25,0.0001,6.698729810778068e-06,5.183697700500488,6.921354293823242,1.737656593322754,0.3567110300064087,0.5925030708312988,0.007255139295011759,0.024788392707705498,True
ViT-L-14__block24,100_200,1,26,0.0001,4.322727117869953e-06,5.178615570068359,6.921008586883545,1.7423930168151855,0.35852479934692383,0.5949214100837708,0.007255139295011759,0.025392986834049225,True
ViT-L-14__block24,100_200,1,27,0.0001,2.447174185242324e-06,5.175427436828613,6.9211039543151855,1.7456765174865723,0.3615477681159973,0.5955260396003723,0.007255139295011759,0.024788392707705498,False
ViT-L-14__block24,100_200,1,28,0.0001,1.092619963309716e-06,5.173734188079834,6.921090126037598,1.7473559379577637,0.3615477681159973,0.5961306095123291,0.007255139295011759,0.024788392707705498,False
ViT-L-14__block24,100_200,1,29,0.0001,2.7390523158633003e-07,5.17289924621582,6.921043395996094,1.7481441497802734,0.3615477681159973,0.5967351794242859,0.007255139295011759,0.024788392707705498,False
ViT-L-14__block24,100_200,1,30,0.0001,0.0,5.172698974609375,6.92103385925293,1.7483348846435547,0.3621523678302765,0.5967351794242859,0.007255139295011759,0.024788392707705498,False
ViT-L-14__block24,300_400,0,1,0.01,9.972609476841367e-05,7.274937629699707,7.474850654602051,0.19991302490234375,0.0018137848237529397,0.008464328944683075,0.0006045949412509799,0.004836759530007839,True
ViT-L-14__block24,300_400,0,2,0.01,9.890738003669029e-05,7.026581764221191,7.407631874084473,0.38105010986328125,0.005441354587674141,0.022974608466029167,0.0006045949412509799,0.008464328944683075,True
ViT-L-14__block24,300_400,0,3,0.01,9.755282581475769e-05,6.809629440307617,7.35949182510376,0.5498623847961426,0.013301088474690914,0.05259976163506508,0.0012091898825019598,0.009673519060015678,True
ViT-L-14__block24,300_400,0,4,0.01,9.567727288213003e-05,6.62523078918457,7.320807456970215,0.6955766677856445,0.03022974729537964,0.09492140263319016,0.0024183797650039196,0.009068924002349377,True
ViT-L-14__block24,300_400,0,5,0.01,9.330127018922194e-05,6.471080780029297,7.289008617401123,0.8179278373718262,0.04897218942642212,0.12636034190654755,0.0024183797650039196,0.010882709175348282,True
ViT-L-14__block24,300_400,0,6,0.01,9.045084971874738e-05,6.340519428253174,7.263615608215332,0.9230961799621582,0.06590084731578827,0.15840387344360352,0.0018137848237529397,0.013301088474690914,True
ViT-L-14__block24,300_400,0,7,0.01,8.715724127386972e-05,6.2259626388549805,7.242612838745117,1.0166501998901367,0.08222491294145584,0.19830714166164398,0.0024183797650039196,0.013905683532357216,True
ViT-L-14__block24,300_400,0,8,0.01,8.345653031794292e-05,6.126533508300781,7.227554798126221,1.1010212898254395,0.09915357083082199,0.22611850500106812,0.0018137848237529397,0.015719467774033546,True
ViT-L-14__block24,300_400,0,9,0.01,7.938926261462366e-05,6.040671348571777,7.213737487792969,1.1730661392211914,0.11366385221481323,0.25332528352737427,0.0024183797650039196,0.01692865788936615,True
ViT-L-14__block24,300_400,0,10,0.01,7.500000000000001e-05,5.95897102355957,7.199765205383301,1.2407941818237305,0.1354292631149292,0.29262393712997437,0.0006045949412509799,0.017533253878355026,True
ViT-L-14__block24,300_400,0,11,0.01,7.033683215379003e-05,5.88918399810791,7.192572593688965,1.3033885955810547,0.155985489487648,0.31136640906333923,0.0030229748226702213,0.017533253878355026,True
ViT-L-14__block24,300_400,0,12,0.01,6.545084971874738e-05,5.8284101486206055,7.185327529907227,1.356917381286621,0.17593713104724884,0.34220072627067566,0.0036275696475058794,0.019951632246375084,True
ViT-L-14__block24,300_400,0,13,0.01,6.039558454088797e-05,5.772390842437744,7.178393840789795,1.4060029983520508,0.19105200469493866,0.3615477681159973,0.0036275696475058794,0.021160822361707687,True
ViT-L-14__block24,300_400,0,14,0.01,5.522642316338269e-05,5.724328994750977,7.17534065246582,1.4510116577148438,0.2134220153093338,0.38391777873039246,0.0036275696475058794,0.019951632246375084,True
ViT-L-14__block24,300_400,0,15,0.01,5.000000000000002e-05,5.677160263061523,7.17171573638916,1.4945554733276367,0.22430472075939178,0.4068923890590668,0.0036275696475058794,0.023579202592372894,True
ViT-L-14__block24,300_400,0,16,0.01,4.4773576836617344e-05,5.63987922668457,7.169314384460449,1.529435157775879,0.2394195944070816,0.41051995754241943,0.0036275696475058794,0.02418379858136177,True
ViT-L-14__block24,300_400,0,17,0.01,3.9604415459112035e-05,5.6039299964904785,7.166262626647949,1.5623326301574707,0.24607014656066895,0.42805323004722595,0.0042321644723415375,0.02418379858136177,True
ViT-L-14__block24,300_400,0,18,0.01,3.4549150281252636e-05,5.574897766113281,7.164153575897217,1.5892558097839355,0.2581620514392853,0.4401451051235199,0.0042321644723415375,0.023579202592372894,True
ViT-L-14__block24,300_400,0,19,0.01,2.966316784621e-05,5.548484802246094,7.163288593292236,1.6148037910461426,0.2678355574607849,0.4528416097164154,0.0036275696475058794,0.023579202592372894,True
ViT-L-14__block24,300_400,0,20,0.01,2.5000000000000015e-05,5.525786399841309,7.163036346435547,1.6372499465942383,0.27992746233940125,0.4631197154521942,0.0036275696475058794,0.02237001247704029,True
ViT-L-14__block24,300_400,0,21,0.01,2.0610737385376352e-05,5.5069499015808105,7.162362575531006,1.6554126739501953,0.28476423025131226,0.4709794521331787,0.0036275696475058794,0.02237001247704029,True
ViT-L-14__block24,300_400,0,22,0.01,1.654346968205711e-05,5.492012023925781,7.161377906799316,1.6693658828735352,0.2883917987346649,0.47823458909988403,0.004836759530007839,0.022974608466029167,True
ViT-L-14__block24,300_400,0,23,0.01,1.2842758726130304e-05,5.480229377746582,7.16166877746582,1.6814393997192383,0.2962515354156494,0.48004838824272156,0.004836759530007839,0.024788392707705498,False
ViT-L-14__block24,300_400,0,24,0.01,9.549150281252636e-06,5.471397876739502,7.161462783813477,1.6900649070739746,0.2974607050418854,0.48065298795700073,0.004836759530007839,0.022974608466029167,False
ViT-L-14__block24,300_400,0,25,0.01,6.698729810778068e-06,5.464476108551025,7.1613616943359375,1.696885585784912,0.3022974729537964,0.4818621575832367,0.004836759530007839,0.022974608466029167,True
ViT-L-14__block24,300_400,0,26,0.01,4.322727117869953e-06,5.459537506103516,7.1612114906311035,1.701673984527588,0.3022974729537964,0.48488515615463257,0.004836759530007839,0.023579202592372894,True
ViT-L-14__block24,300_400,0,27,0.01,2.447174185242324e-06,5.456562042236328,7.161080837249756,1.7045187950134277,0.3041112422943115,0.4866989254951477,0.004836759530007839,0.023579202592372894,True
ViT-L-14__block24,300_400,0,28,0.01,1.092619963309716e-06,5.454761981964111,7.161064147949219,1.7063021659851074,0.3047158420085907,0.48790812492370605,0.004836759530007839,0.023579202592372894,True
ViT-L-14__block24,300_400,0,29,0.01,2.7390523158633003e-07,5.454037666320801,7.161041259765625,1.7070035934448242,0.30592504143714905,0.48790812492370605,0.004836759530007839,0.023579202592372894,True
ViT-L-14__block24,300_400,0,30,0.01,0.0,5.453849792480469,7.161032676696777,1.7071828842163086,0.30592504143714905,0.48790812492370605,0.004836759530007839,0.023579202592372894,True
ViT-L-14__block24,300_400,0,1,0.0001,9.972609476841367e-05,7.274946212768555,7.474851608276367,0.1999053955078125,0.0018137848237529397,0.008464328944683075,0.0006045949412509799,0.004836759530007839,True
ViT-L-14__block24,300_400,0,2,0.0001,9.890738003669029e-05,7.026612281799316,7.407637596130371,0.3810253143310547,0.005441354587674141,0.022974608466029167,0.0006045949412509799,0.008464328944683075,True
ViT-L-14__block24,300_400,0,3,0.0001,9.755282581475769e-05,6.809688568115234,7.35950231552124,0.5498137474060059,0.013301088474690914,0.05259976163506508,0.0012091898825019598,0.009673519060015678,True
ViT-L-14__block24,300_400,0,4,0.0001,9.567727288213003e-05,6.6253204345703125,7.320822715759277,0.6955022811889648,0.03022974729537964,0.09492140263319016,0.0024183797650039196,0.009068924002349377,True
ViT-L-14__block24,300_400,0,5,0.0001,9.330127018922194e-05,6.471199035644531,7.289028167724609,0.8178291320800781,0.04897218942642212,0.12636034190654755,0.0024183797650039196,0.010882709175348282,True
ViT-L-14__block24,300_400,0,6,0.0001,9.045084971874738e-05,6.340666770935059,7.263637542724609,0.9229707717895508,0.06590084731578827,0.15840387344360352,0.0018137848237529397,0.013301088474690914,True
ViT-L-14__block24,300_400,0,7,0.0001,8.715724127386972e-05,6.226138114929199,7.24263858795166,1.016500473022461,0.08222491294145584,0.19830714166164398,0.0024183797650039196,0.013905683532357216,True
ViT-L-14__block24,300_400,0,8,0.0001,8.345653031794292e-05,6.126739501953125,7.2275800704956055,1.1008405685424805,0.09915357083082199,0.22551392018795013,0.0018137848237529397,0.015719467774033546,True
ViT-L-14__block24,300_400,0,9,0.0001,7.938926261462366e-05,6.040904998779297,7.213764190673828,1.1728591918945312,0.11366385221481323,0.25332528352737427,0.0024183797650039196,0.01692865788936615,True
ViT-L-14__block24,300_400,0,10,0.0001,7.500000000000001e-05,5.959233283996582,7.199792861938477,1.2405595779418945,0.13482467830181122,0.29262393712997437,0.0006045949412509799,0.017533253878355026,True
ViT-L-14__block24,300_400,0,11,0.0001,7.033683215379003e-05,5.889473915100098,7.192599773406982,1.3031258583068848,0.155985489487648,0.31136640906333923,0.0030229748226702213,0.017533253878355026,True
ViT-L-14__block24,300_400,0,12,0.0001,6.545084971874738e-05,5.828728675842285,7.1853556632995605,1.3566269874572754,0.17593713104724884,0.34220072627067566,0.0036275696475058794,0.019951632246375084,True
ViT-L-14__block24,300_400,0,13,0.0001,6.039558454088797e-05,5.772737503051758,7.1784186363220215,1.4056811332702637,0.19165658950805664,0.36094316840171814,0.0036275696475058794,0.021160822361707687,True
ViT-L-14__block24,300_400,0,14,0.0001,5.522642316338269e-05,5.724700927734375,7.175364017486572,1.4506630897521973,0.2134220153093338,0.3827086091041565,0.0036275696475058794,0.019951632246375084,True
ViT-L-14__block24,300_400,0,15,0.0001,5.000000000000002e-05,5.677557468414307,7.171738624572754,1.4941811561584473,0.22430472075939178,0.4068923890590668,0.0036275696475058794,0.023579202592372894,True
ViT-L-14__block24,300_400,0,16,0.0001,4.4773576836617344e-05,5.640297889709473,7.16933536529541,1.5290374755859375,0.2394195944070816,0.41051995754241943,0.0036275696475058794,0.02418379858136177,True
ViT-L-14__block24,300_400,0,17,0.0001,3.9604415459112035e-05,5.6043701171875,7.166280746459961,1.561910629272461,0.24607014656066895,0.4274486303329468,0.0042321644723415375,0.02418379858136177,True
ViT-L-14__block24,300_400,0,18,0.0001,3.4549150281252636e-05,5.575354099273682,7.164170742034912,1.5888166427612305,0.2575574517250061,0.4401451051235199,0.0042321644723415375,0.023579202592372894,True
ViT-L-14__block24,300_400,0,19,0.0001,2.966316784621e-05,5.5489583015441895,7.163304328918457,1.6143460273742676,0.26723095774650574,0.4528416097164154,0.0036275696475058794,0.023579202592372894,True
ViT-L-14__block24,300_400,0,20,0.0001,2.5000000000000015e-05,5.526272773742676,7.163049221038818,1.6367764472961426,0.27992746233940125,0.46251511573791504,0.0036275696475058794,0.02237001247704029,True
ViT-L-14__block24,300_400,0,21,0.0001,2.0610737385376352e-05,5.507447242736816,7.162374496459961,1.6549272537231445,0.28476423025131226,0.4709794521331787,0.0036275696475058794,0.02237001247704029,True
ViT-L-14__block24,300_400,0,22,0.0001,1.654346968205711e-05,5.492518424987793,7.161389350891113,1.6688709259033203,0.2883917987346649,0.47762998938560486,0.004836759530007839,0.022974608466029167,True
ViT-L-14__block24,300_400,0,23,0.0001,1.2842758726130304e-05,5.480742454528809,7.161678314208984,1.6809358596801758,0.29564693570137024,0.48004838824272156,0.004836759530007839,0.024788392707705498,False
ViT-L-14__block24,300_400,0,24,0.0001,9.549150281252636e-06,5.4719157218933105,7.161472320556641,1.68955659866333,0.2974607050418854,0.48004838824272156,0.004836759530007839,0.022974608466029167,False
ViT-L-14__block24,300_400,0,25,0.0001,6.698729810778068e-06,5.464998245239258,7.161370277404785,1.6963720321655273,0.3022974729537964,0.4812575876712799,0.004836759530007839,0.022974608466029167,True
ViT-L-14__block24,300_400,0,26,0.0001,4.322727117869953e-06,5.4600629806518555,7.161220073699951,1.7011570930480957,0.3022974729537964,0.48488515615463257,0.004836759530007839,0.023579202592372894,True
ViT-L-14__block24,300_400,0,27,0.0001,2.447174185242324e-06,5.457087516784668,7.161088943481445,1.7040014266967773,0.3041112422943115,0.4866989254951477,0.004836759530007839,0.023579202592372894,True
ViT-L-14__block24,300_400,0,28,0.0001,1.092619963309716e-06,5.455289840698242,7.16107177734375,1.7057819366455078,0.3041112422943115,0.48790812492370605,0.004836759530007839,0.023579202592372894,True
ViT-L-14__block24,300_400,0,29,0.0001,2.7390523158633003e-07,5.454564094543457,7.16104793548584,1.7064838409423828,0.3053204417228699,0.48790812492370605,0.004836759530007839,0.023579202592372894,True
ViT-L-14__block24,300_400,0,30,0.0001,0.0,5.454378128051758,7.161040306091309,1.7066621780395508,0.3053204417228699,0.48790812492370605,0.004836759530007839,0.023579202592372894,True
ViT-L-14__block24,300_400,1,1,0.01,9.972609476841367e-05,7.270602226257324,7.462796211242676,0.19219398498535156,0.004836759530007839,0.021160822361707687,0.0012091898825019598,0.0036275696475058794,True
ViT-L-14__block24,300_400,1,2,0.01,9.890738003669029e-05,7.029993057250977,7.390876770019531,0.3608837127685547,0.014510278590023518,0.044135428965091705,0.0012091898825019598,0.0042321644723415375,True
ViT-L-14__block24,300_400,1,3,0.01,9.755282581475769e-05,6.8194580078125,7.343015670776367,0.5235576629638672,0.028415963053703308,0.07255139201879501,0.0012091898825019598,0.007255139295011759,True
ViT-L-14__block24,300_400,1,4,0.01,9.567727288213003e-05,6.646463394165039,7.303767204284668,0.6573038101196289,0.03688029199838638,0.10096735507249832,0.0012091898825019598,0.01027811411768198,True
ViT-L-14__block24,300_400,1,5,0.01,9.330127018922194e-05,6.494855880737305,7.274078845977783,0.7792229652404785,0.05259976163506508,0.14207981526851654,0.0018137848237529397,0.01027811411768198,True
ViT-L-14__block24,300_400,1,6,0.01,9.045084971874738e-05,6.368902683258057,7.250446319580078,0.8815436363220215,0.06711003929376602,0.17291414737701416,0.0006045949412509799,0.01027811411768198,True
ViT-L-14__block24,300_400,1,7,0.01,8.715724127386972e-05,6.257968902587891,7.230251789093018,0.972282886505127,0.08524788916110992,0.2110036313533783,0.0006045949412509799,0.011487304233014584,True
ViT-L-14__block24,300_400,1,8,0.01,8.345653031794292e-05,6.1634111404418945,7.214311122894287,1.0508999824523926,0.10278113931417465,0.24244257807731628,0.0012091898825019598,0.011487304233014584,True
ViT-L-14__block24,300_400,1,9,0.01,7.938926261462366e-05,6.0766143798828125,7.202707290649414,1.1260929107666016,0.12454655766487122,0.2654171884059906,0.0012091898825019598,0.012091899290680885,True
ViT-L-14__block24,300_400,1,10,0.01,7.500000000000001e-05,5.999768257141113,7.193221569061279,1.193453311920166,0.1402660310268402,0.28536880016326904,0.0018137848237529397,0.013905683532357216,True
ViT-L-14__block24,300_400,1,11,0.01,7.033683215379003e-05,5.929884910583496,7.184453964233398,1.2545690536499023,0.15779927372932434,0.3125755786895752,0.0018137848237529397,0.011487304233014584,True
ViT-L-14__block24,300_400,1,12,0.01,6.545084971874738e-05,5.871098518371582,7.177203178405762,1.3061046600341797,0.17351874709129333,0.3313180208206177,0.0024183797650039196,0.015719467774033546,True
ViT-L-14__block24,300_400,1,13,0.01,6.039558454088797e-05,5.813177108764648,7.173151016235352,1.3599739074707031,0.182587668299675,0.36094316840171814,0.0018137848237529397,0.01511487364768982,True
ViT-L-14__block24,300_400,1,14,0.01,5.522642316338269e-05,5.765405654907227,7.168354034423828,1.4029483795166016,0.2007255256175995,0.3802902102470398,0.0018137848237529397,0.013905683532357216,True
ViT-L-14__block24,300_400,1,15,0.01,5.000000000000002e-05,5.717502593994141,7.164716720581055,1.447214126586914,0.21402661502361298,0.4008464515209198,0.0018137848237529397,0.014510278590023518,True
ViT-L-14__block24,300_400,1,16,0.01,4.4773576836617344e-05,5.680361747741699,7.161474704742432,1.4811129570007324,0.22430472075939178,0.40507861971855164,0.0018137848237529397,0.01692865788936615,True
ViT-L-14__block24,300_400,1,17,0.01,3.9604415459112035e-05,5.6438140869140625,7.159023284912109,1.5152091979980469,0.23579202592372894,0.42865779995918274,0.0024183797650039196,0.017533253878355026,True
ViT-L-14__block24,300_400,1,18,0.01,3.4549150281252636e-05,5.61301326751709,7.15749454498291,1.5444812774658203,0.24667473137378693,0.4395405352115631,0.0030229748226702213,0.01692865788936615,True
ViT-L-14__block24,300_400,1,19,0.01,2.966316784621e-05,5.586587905883789,7.155434608459473,1.5688467025756836,0.25151148438453674,0.4474002420902252,0.0030229748226702213,0.01692865788936615,True
ViT-L-14__block24,300_400,1,20,0.01,2.5000000000000015e-05,5.566479682922363,7.155113697052002,1.5886340141296387,0.2629987895488739,0.45646917819976807,0.0030229748226702213,0.01692865788936615,True
ViT-L-14__block24,300_400,1,21,0.01,2.0610737385376352e-05,5.547395706176758,7.15455436706543,1.6071586608886719,0.2678355574607849,0.46735188364982605,0.0030229748226702213,0.017533253878355026,True
ViT-L-14__block24,300_400,1,22,0.01,1.654346968205711e-05,5.531858444213867,7.153485298156738,1.621626853942871,0.27448609471321106,0.4733978509902954,0.0030229748226702213,0.017533253878355026,True
ViT-L-14__block24,300_400,1,23,0.01,1.2842758726130304e-05,5.5204949378967285,7.152709007263184,1.632214069366455,0.2781136631965637,0.4758162200450897,0.0030229748226702213,0.017533253878355026,True
ViT-L-14__block24,300_400,1,24,0.01,9.549150281252636e-06,5.511404991149902,7.1528120040893555,1.6414070129394531,0.28536880016326904,0.4788391888141632,0.0036275696475058794,0.017533253878355026,False
ViT-L-14__block24,300_400,1,25,0.01,6.698729810778068e-06,5.504284381866455,7.152620792388916,1.648336410522461,0.28295043110847473,0.48246675729751587,0.0030229748226702213,0.017533253878355026,True
ViT-L-14__block24,300_400,1,26,0.01,4.322727117869953e-06,5.499381065368652,7.152468204498291,1.6530871391296387,0.2841596305370331,0.4842805564403534,0.0030229748226702213,0.018137848004698753,True
ViT-L-14__block24,300_400,1,27,0.01,2.447174185242324e-06,5.496613025665283,7.152292251586914,1.6556792259216309,0.28536880016326904,0.48609432578086853,0.0030229748226702213,0.018137848004698753,True
ViT-L-14__block24,300_400,1,28,0.01,1.092619963309716e-06,5.4950056076049805,7.1522016525268555,1.657196044921875,0.2865779995918274,0.48790812492370605,0.0030229748226702213,0.018137848004698753,True
ViT-L-14__block24,300_400,1,29,0.01,2.7390523158633003e-07,5.49420166015625,7.152202129364014,1.6580004692077637,0.2865779995918274,0.48790812492370605,0.0030229748226702213,0.018137848004698753,False
ViT-L-14__block24,300_400,1,30,0.01,0.0,5.494014263153076,7.152193069458008,1.6581788063049316,0.2865779995918274,0.48790812492370605,0.0030229748226702213,0.018137848004698753,True
ViT-L-14__block24,300_400,1,1,0.0001,9.972609476841367e-05,7.2706098556518555,7.462798118591309,0.19218826293945312,0.004836759530007839,0.021160822361707687,0.0012091898825019598,0.0036275696475058794,True
ViT-L-14__block24,300_400,1,2,0.0001,9.890738003669029e-05,7.030020713806152,7.39088249206543,0.36086177825927734,0.014510278590023518,0.044135428965091705,0.0012091898825019598,0.0042321644723415375,True
ViT-L-14__block24,300_400,1,3,0.0001,9.755282581475769e-05,6.819514274597168,7.3430280685424805,0.5235137939453125,0.028415963053703308,0.07255139201879501,0.0012091898825019598,0.007255139295011759,True
ViT-L-14__block24,300_400,1,4,0.0001,9.567727288213003e-05,6.646546363830566,7.303784370422363,0.6572380065917969,0.03688029199838638,0.10096735507249832,0.0012091898825019598,0.01027811411768198,True
ViT-L-14__block24,300_400,1,5,0.0001,9.330127018922194e-05,6.494968414306641,7.274097919464111,0.7791295051574707,0.05259976163506508,0.14207981526851654,0.0018137848237529397,0.01027811411768198,True
ViT-L-14__block24,300_400,1,6,0.0001,9.045084971874738e-05,6.369045257568359,7.250467300415039,0.8814220428466797,0.06711003929376602,0.17291414737701416,0.0006045949412509799,0.01027811411768198,True
ViT-L-14__block24,300_400,1,7,0.0001,8.715724127386972e-05,6.25814151763916,7.230275630950928,0.9721341133117676,0.08524788916110992,0.2110036313533783,0.0006045949412509799,0.011487304233014584,True
ViT-L-14__block24,300_400,1,8,0.0001,8.345653031794292e-05,6.163610458374023,7.214338302612305,1.0507278442382812,0.10278113931417465,0.24244257807731628,0.0012091898825019598,0.011487304233014584,True
ViT-L-14__block24,300_400,1,9,0.0001,7.938926261462366e-05,6.07684326171875,7.202734470367432,1.1258912086486816,0.12454655766487122,0.2654171884059906,0.0012091898825019598,0.012091899290680885,True
ViT-L-14__block24,300_400,1,10,0.0001,7.500000000000001e-05,6.000026702880859,7.19325065612793,1.1932239532470703,0.13966143131256104,0.28536880016326904,0.0018137848237529397,0.013905683532357216,True
ViT-L-14__block24,300_400,1,11,0.0001,7.033683215379003e-05,5.930171966552734,7.184483528137207,1.2543115615844727,0.15779927372932434,0.311970978975296,0.0018137848237529397,0.011487304233014584,True
ViT-L-14__block24,300_400,1,12,0.0001,6.545084971874738e-05,5.871413230895996,7.177232265472412,1.305819034576416,0.17351874709129333,0.3301088511943817,0.0024183797650039196,0.015719467774033546,True
ViT-L-14__block24,300_400,1,13,0.0001,6.039558454088797e-05,5.813520431518555,7.173180103302002,1.3596596717834473,0.182587668299675,0.36094316840171814,0.0018137848237529397,0.01511487364768982,True
ViT-L-14__block24,300_400,1,14,0.0001,5.522642316338269e-05,5.765774726867676,7.16838264465332,1.4026079177856445,0.2007255256175995,0.3802902102470398,0.0018137848237529397,0.013905683532357216,True
ViT-L-14__block24,300_400,1,15,0.0001,5.000000000000002e-05,5.717899799346924,7.164746284484863,1.4468464851379395,0.21402661502361298,0.4008464515209198,0.0018137848237529397,0.014510278590023518,True
ViT-L-14__block24,300_400,1,16,0.0001,4.4773576836617344e-05,5.680780410766602,7.161502361297607,1.4807219505310059,0.22430472075939178,0.40507861971855164,0.0018137848237529397,0.01692865788936615,True
ViT-L-14__block24,300_400,1,17,0.0001,3.9604415459112035e-05,5.644253730773926,7.159049034118652,1.5147953033447266,0.23579202592372894,0.42865779995918274,0.0024183797650039196,0.017533253878355026,True
ViT-L-14__block24,300_400,1,18,0.0001,3.4549150281252636e-05,5.613471031188965,7.157519340515137,1.5440483093261719,0.24667473137378693,0.4395405352115631,0.0030229748226702213,0.01692865788936615,True
ViT-L-14__block24,300_400,1,19,0.0001,2.966316784621e-05,5.587062358856201,7.15545654296875,1.5683941841125488,0.25151148438453674,0.4474002420902252,0.0030229748226702213,0.01692865788936615,True
ViT-L-14__block24,300_400,1,20,0.0001,2.5000000000000015e-05,5.566965579986572,7.1551337242126465,1.5881681442260742,0.2629987895488739,0.45646917819976807,0.0030229748226702213,0.01692865788936615,True
ViT-L-14__block24,300_400,1,21,0.0001,2.0610737385376352e-05,5.5478949546813965,7.154572486877441,1.606677532196045,0.26723095774650574,0.4667472839355469,0.0030229748226702213,0.017533253878355026,True
ViT-L-14__block24,300_400,1,22,0.0001,1.654346968205711e-05,5.532365798950195,7.15350341796875,1.6211376190185547,0.2738814949989319,0.4733978509902954,0.0030229748226702213,0.017533253878355026,True
ViT-L-14__block24,300_400,1,23,0.0001,1.2842758726130304e-05,5.5210089683532715,7.152727127075195,1.6317181587219238,0.2781136631965637,0.47521162033081055,0.0030229748226702213,0.017533253878355026,True
ViT-L-14__block24,300_400,1,24,0.0001,9.549150281252636e-06,5.5119242668151855,7.152830123901367,1.6409058570861816,0.28476423025131226,0.4788391888141632,0.0036275696475058794,0.017533253878355026,False
ViT-L-14__block24,300_400,1,25,0.0001,6.698729810778068e-06,5.5048089027404785,7.1526384353637695,1.647829532623291,0.28234583139419556,0.48246675729751587,0.0030229748226702213,0.017533253878355026,True
ViT-L-14__block24,300_400,1,26,0.0001,4.322727117869953e-06,5.499906539916992,7.152482986450195,1.6525764465332031,0.2841596305370331,0.4842805564403534,0.0030229748226702213,0.018137848004698753,True
ViT-L-14__block24,300_400,1,27,0.0001,2.447174185242324e-06,5.497138977050781,7.152308464050293,1.6551694869995117,0.28536880016326904,0.48548972606658936,0.0030229748226702213,0.018137848004698753,True
ViT-L-14__block24,300_400,1,28,0.0001,1.092619963309716e-06,5.495532989501953,7.152217388153076,1.656684398651123,0.2865779995918274,0.48790812492370605,0.0030229748226702213,0.018137848004698753,True
ViT-L-14__block24,300_400,1,29,0.0001,2.7390523158633003e-07,5.494731426239014,7.152216911315918,1.6574854850769043,0.2859733998775482,0.48790812492370605,0.0030229748226702213,0.018137848004698753,True
ViT-L-14__block24,300_400,1,30,0.0001,0.0,5.494542121887207,7.1522088050842285,1.6576666831970215,0.2865779995918274,0.48790812492370605,0.0030229748226702213,0.018137848004698753,True
ViT-L-14__block24,500_600,0,1,0.01,9.972609476841367e-05,7.365279674530029,7.563164234161377,0.19788455963134766,0.0012091898825019598,0.007859733887016773,0.0,0.0012091898825019598,True
ViT-L-14__block24,500_600,0,2,0.01,9.890738003669029e-05,7.185973167419434,7.544594764709473,0.35862159729003906,0.0030229748226702213,0.018137848004698753,0.0,0.0018137848237529397,True
ViT-L-14__block24,500_600,0,3,0.01,9.755282581475769e-05,7.029447078704834,7.539565086364746,0.5101180076599121,0.007255139295011759,0.030834341421723366,0.0006045949412509799,0.0018137848237529397,True
ViT-L-14__block24,500_600,0,4,0.01,9.567727288213003e-05,6.891473770141602,7.539273262023926,0.6477994918823242,0.015719467774033546,0.056831926107406616,0.0006045949412509799,0.0012091898825019598,True
ViT-L-14__block24,500_600,0,5,0.01,9.330127018922194e-05,6.770197868347168,7.538115501403809,0.7679176330566406,0.025392986834049225,0.08282950520515442,0.0012091898825019598,0.0018137848237529397,True
ViT-L-14__block24,500_600,0,6,0.01,9.045084971874738e-05,6.668704032897949,7.539477825164795,0.8707737922668457,0.03688029199838638,0.11064087599515915,0.0012091898825019598,0.0018137848237529397,False
ViT-L-14__block24,500_600,0,7,0.01,8.715724127386972e-05,6.576571464538574,7.539608478546143,0.9630370140075684,0.042321644723415375,0.12817412614822388,0.0006045949412509799,0.0030229748226702213,False
ViT-L-14__block24,500_600,0,8,0.01,8.345653031794292e-05,6.494036674499512,7.541048049926758,1.047011375427246,0.06166868284344673,0.1638452261686325,0.0006045949412509799,0.0030229748226702213,False
ViT-L-14__block24,500_600,0,9,0.01,7.938926261462366e-05,6.419859886169434,7.541810989379883,1.1219511032104492,0.07134220004081726,0.1850060522556305,0.0006045949412509799,0.0036275696475058794,False
ViT-L-14__block24,500_600,0,10,0.01,7.500000000000001e-05,6.35137939453125,7.542422294616699,1.1910429000854492,0.08827085793018341,0.20616687834262848,0.0006045949412509799,0.0030229748226702213,False
ViT-L-14__block24,500_600,0,11,0.01,7.033683215379003e-05,6.288760185241699,7.54441499710083,1.2556548118591309,0.10278113931417465,0.22793228924274445,0.0006045949412509799,0.0036275696475058794,False
ViT-L-14__block24,500_600,0,12,0.01,6.545084971874738e-05,6.231518745422363,7.546662330627441,1.3151435852050781,0.11608222872018814,0.25090691447257996,0.0006045949412509799,0.0042321644723415375,False
ViT-L-14__block24,500_600,0,13,0.01,6.039558454088797e-05,6.181824684143066,7.5486907958984375,1.366866111755371,0.1299879103899002,0.2678355574607849,0.0006045949412509799,0.005441354587674141,False
ViT-L-14__block24,500_600,0,1,0.0001,9.972609476841367e-05,7.365285873413086,7.563165664672852,0.19787979125976562,0.0012091898825019598,0.007859733887016773,0.0,0.0012091898825019598,True
ViT-L-14__block24,500_600,0,2,0.0001,9.890738003669029e-05,7.185993194580078,7.544595718383789,0.35860252380371094,0.0030229748226702213,0.018137848004698753,0.0,0.0018137848237529397,True
ViT-L-14__block24,500_600,0,3,0.0001,9.755282581475769e-05,7.029489994049072,7.539566516876221,0.5100765228271484,0.007255139295011759,0.030834341421723366,0.0006045949412509799,0.0018137848237529397,True
ViT-L-14__block24,500_600,0,4,0.0001,9.567727288213003e-05,6.891541481018066,7.539276123046875,0.6477346420288086,0.015719467774033546,0.056831926107406616,0.0006045949412509799,0.0012091898825019598,True
ViT-L-14__block24,500_600,0,5,0.0001,9.330127018922194e-05,6.770291328430176,7.538117408752441,0.7678260803222656,0.025392986834049225,0.08282950520515442,0.0012091898825019598,0.0018137848237529397,True
ViT-L-14__block24,500_600,0,6,0.0001,9.045084971874738e-05,6.668822765350342,7.5394792556762695,0.8706564903259277,0.03688029199838638,0.11064087599515915,0.0012091898825019598,0.0018137848237529397,False
ViT-L-14__block24,500_600,0,7,0.0001,8.715724127386972e-05,6.576715469360352,7.539608955383301,0.9628934860229492,0.042321644723415375,0.12817412614822388,0.0006045949412509799,0.0024183797650039196,False
ViT-L-14__block24,500_600,0,8,0.0001,8.345653031794292e-05,6.494205474853516,7.541048049926758,1.0468425750732422,0.06166868284344673,0.1638452261686325,0.0006045949412509799,0.0030229748226702213,False
ViT-L-14__block24,500_600,0,9,0.0001,7.938926261462366e-05,6.420057773590088,7.541808128356934,1.1217503547668457,0.07134220004081726,0.1850060522556305,0.0006045949412509799,0.0036275696475058794,False
ViT-L-14__block24,500_600,0,10,0.0001,7.500000000000001e-05,6.3516035079956055,7.542418956756592,1.1908154487609863,0.08827085793018341,0.20677146315574646,0.0006045949412509799,0.0030229748226702213,False
ViT-L-14__block24,500_600,0,11,0.0001,7.033683215379003e-05,6.289013862609863,7.544408798217773,1.2553949356079102,0.10278113931417465,0.22732770442962646,0.0006045949412509799,0.0036275696475058794,False
ViT-L-14__block24,500_600,0,12,0.0001,6.545084971874738e-05,6.2318034172058105,7.546653747558594,1.3148503303527832,0.11608222872018814,0.25090691447257996,0.0006045949412509799,0.0042321644723415375,False
ViT-L-14__block24,500_600,0,13,0.0001,6.039558454088797e-05,6.182137489318848,7.548681735992432,1.366544246673584,0.12938331067562103,0.2678355574607849,0.0006045949412509799,0.005441354587674141,False
ViT-L-14__block24,500_600,1,1,0.01,9.972609476841367e-05,7.370664119720459,7.557282447814941,0.18661832809448242,0.0024183797650039196,0.01027811411768198,0.0018137848237529397,0.006045949645340443,True
ViT-L-14__block24,500_600,1,2,0.01,9.890738003669029e-05,7.187434673309326,7.537827968597412,0.35039329528808594,0.009068924002349377,0.022974608466029167,0.0018137848237529397,0.006045949645340443,True
ViT-L-14__block24,500_600,1,3,0.01,9.755282581475769e-05,7.030936241149902,7.533568382263184,0.5026321411132812,0.012091899290680885,0.04655380919575691,0.0018137848237529397,0.005441354587674141,True
ViT-L-14__block24,500_600,1,4,0.01,9.567727288213003e-05,6.895646095275879,7.531800270080566,0.6361541748046875,0.019951632246375084,0.061064090579748154,0.0006045949412509799,0.006650544237345457,True
ViT-L-14__block24,500_600,1,5,0.01,9.330127018922194e-05,6.776667594909668,7.530072212219238,0.7534046173095703,0.03143893554806709,0.07980652898550034,0.0,0.005441354587674141,True
ViT-L-14__block24,500_600,1,6,0.01,9.045084971874738e-05,6.674513816833496,7.529621124267578,0.855107307434082,0.03990326449275017,0.11003627628087997,0.0,0.004836759530007839,True
ViT-L-14__block24,500_600,1,7,0.01,8.715724127386972e-05,6.583116054534912,7.52896785736084,0.9458518028259277,0.04836759716272354,0.1378476470708847,0.0,0.0036275696475058794,True
ViT-L-14__block24,500_600,1,8,0.01,8.345653031794292e-05,6.504384994506836,7.530827522277832,1.026442527770996,0.06227327883243561,0.15961305797100067,0.0,0.0030229748226702213,False
ViT-L-14__block24,500_600,1,9,0.01,7.938926261462366e-05,6.432209014892578,7.531326770782471,1.0991177558898926,0.07738815248012543,0.1850060522556305,0.0,0.0024183797650039196,False
ViT-L-14__block24,500_600,1,10,0.01,7.500000000000001e-05,6.367073059082031,7.532532215118408,1.165459156036377,0.0834341049194336,0.20435309410095215,0.0,0.0030229748226702213,False
ViT-L-14__block24,500_600,1,11,0.01,7.033683215379003e-05,6.3058247566223145,7.535362243652344,1.2295374870300293,0.09673519432544708,0.22853688895702362,0.0,0.0036275696475058794,False
ViT-L-14__block24,500_600,1,12,0.01,6.545084971874738e-05,6.252336502075195,7.534950256347656,1.282613754272461,0.10761789977550507,0.24123337864875793,0.0,0.0030229748226702213,False
ViT-L-14__block24,500_600,1,13,0.01,6.039558454088797e-05,6.200491905212402,7.537079334259033,1.3365874290466309,0.12091898918151855,0.26118502020835876,0.0,0.0030229748226702213,False
ViT-L-14__block24,500_600,1,14,0.01,5.522642316338269e-05,6.1546831130981445,7.538873672485352,1.384190559387207,0.1402660310268402,0.28718259930610657,0.0,0.0030229748226702213,False
ViT-L-14__block24,500_600,1,15,0.01,5.000000000000002e-05,6.110508918762207,7.540834903717041,1.430325984954834,0.15054413676261902,0.3077388107776642,0.0,0.0030229748226702213,False
ViT-L-14__block24,500_600,1,1,0.0001,9.972609476841367e-05,7.370671272277832,7.557282447814941,0.18661117553710938,0.0024183797650039196,0.01027811411768198,0.0018137848237529397,0.006045949645340443,True
ViT-L-14__block24,500_600,1,2,0.0001,9.890738003669029e-05,7.187458038330078,7.537829399108887,0.3503713607788086,0.009068924002349377,0.022974608466029167,0.0018137848237529397,0.006045949645340443,True
ViT-L-14__block24,500_600,1,3,0.0001,9.755282581475769e-05,7.030980587005615,7.533570289611816,0.5025897026062012,0.012091899290680885,0.04655380919575691,0.0018137848237529397,0.005441354587674141,True
ViT-L-14__block24,500_600,1,4,0.0001,9.567727288213003e-05,6.89571475982666,7.531803131103516,0.6360883712768555,0.019951632246375084,0.061064090579748154,0.0006045949412509799,0.006650544237345457,True
ViT-L-14__block24,500_600,1,5,0.0001,9.330127018922194e-05,6.776759624481201,7.530074596405029,0.7533149719238281,0.03143893554806709,0.07980652898550034,0.0,0.005441354587674141,True
ViT-L-14__block24,500_600,1,6,0.0001,9.045084971874738e-05,6.674631118774414,7.529623508453369,0.8549923896789551,0.03990326449275017,0.11003627628087997,0.0,0.004836759530007839,True
ViT-L-14__block24,500_600,1,7,0.0001,8.715724127386972e-05,6.583256721496582,7.528970718383789,0.945713996887207,0.04836759716272354,0.1378476470708847,0.0,0.0036275696475058794,True
ViT-L-14__block24,500_600,1,8,0.0001,8.345653031794292e-05,6.504550933837891,7.530827522277832,1.0262765884399414,0.06227327883243561,0.15961305797100067,0.0,0.0030229748226702213,False
ViT-L-14__block24,500_600,1,9,0.0001,7.938926261462366e-05,6.432402610778809,7.5313262939453125,1.098923683166504,0.07738815248012543,0.1850060522556305,0.0,0.0024183797650039196,False
ViT-L-14__block24,500_600,1,10,0.0001,7.500000000000001e-05,6.367295265197754,7.532530784606934,1.1652355194091797,0.0834341049194336,0.20435309410095215,0.0,0.0030229748226702213,False
ViT-L-14__block24,500_600,1,11,0.0001,7.033683215379003e-05,6.306077003479004,7.5353593826293945,1.2292823791503906,0.09673519432544708,0.22853688895702362,0.0,0.0036275696475058794,False
ViT-L-14__block24,500_600,1,12,0.0001,6.545084971874738e-05,6.252616882324219,7.534947872161865,1.2823309898376465,0.10761789977550507,0.24123337864875793,0.0,0.0030229748226702213,False
ViT-L-14__block24,500_600,1,13,0.0001,6.039558454088797e-05,6.200803756713867,7.537075042724609,1.3362712860107422,0.12091898918151855,0.26118502020835876,0.0,0.0030229748226702213,False
ViT-L-14__block24,500_600,1,14,0.0001,5.522642316338269e-05,6.155024528503418,7.538866996765137,1.3838424682617188,0.1402660310268402,0.28718259930610657,0.0,0.0030229748226702213,False
ViT-L-14__block24,500_600,1,15,0.0001,5.000000000000002e-05,6.1108808517456055,7.540826797485352,1.429945945739746,0.15054413676261902,0.3065296411514282,0.0,0.0030229748226702213,False
